{"type":"FeatureCollection","bbox":[9.87698,50.17175,15.04179,54.68501],"features":[{"type":"Feature","id":"berlin","bbox":[13.08833,52.33824,13.76047,52.67538],"properties":{"id":"berlin","name":"Berlin","typ":"Bisheriger Bezirk","sitz":"Berlin","kreise":["Kreisfreie Stadt Berlin"],"quelle":"Bezirkseinführungsgesetz, aus VG250-Kreisgrenzen abgeleitet"},"geometry":{"type":"MultiPolygon","coordinates":[[[[13.08833,52.41961],[13.09064,52.41181],[13.09729,52.40938],[13.09722,52.41245],[13.10083,52.41249],[13.10323,52.41022],[13.10587,52.41257],[13.11157,52.41314],[13.1126,52.41002],[13.10793,52.40948],[13.11164,52.40422],[13.12488,52.39688],[13.1334,52.39944],[13.13639,52.39818],[13.13812,52.39539],[13.13241,52.39142],[13.12746,52.39159],[13.12709,52.38928],[13.13099,52.38722],[13.13359,52.38692],[13.13225,52.3894],[13.14261,52.39654],[13.15889,52.39391],[13.17152,52.39583],[13.17136,52.39776],[13.15783,52.39636],[13.15935,52.40288],[13.19557,52.41509],[13.22229,52.42036],[13.2458,52.4208],[13.24984,52.40496],[13.25656,52.40656],[13.27446,52.40514],[13.29613,52.41645],[13.31193,52.39919],[13.34325,52.41162],[13.34303,52.40767],[13.3592,52.39843],[13.37214,52.39382],[13.37045,52.38846],[13.38722,52.38858],[13.38852,52.37797],[13.42098,52.37625],[13.42759,52.38682],[13.41877,52.40992],[13.46232,52.42062],[13.46834,52.41943],[13.47989,52.396],[13.51517,52.40143],[13.52148,52.40147],[13.52826,52.3984],[13.53838,52.40068],[13.53566,52.38901],[13.56491,52.38829],[13.59276,52.39417],[13.59523,52.38682],[13.6063,52.37964],[13.60444,52.37421],[13.62795,52.38179],[13.63339,52.37628],[13.64336,52.37739],[13.6417,52.37095],[13.64681,52.37016],[13.64711,52.36688],[13.63864,52.36016],[13.63629,52.34704],[13.64265,52.34001],[13.6484,52.33824],[13.65172,52.33946],[13.65108,52.34267],[13.65698,52.35157],[13.66589,52.35839],[13.67108,52.36636],[13.68193,52.36957],[13.69157,52.36771],[13.7,52.37512],[13.70051,52.37795],[13.69688,52.37755],[13.69863,52.38159],[13.68806,52.38291],[13.68671,52.38582],[13.69066,52.38557],[13.69777,52.39191],[13.69899,52.39016],[13.71644,52.39953],[13.72334,52.39859],[13.73454,52.40198],[13.73517,52.406],[13.73875,52.40732],[13.72951,52.41739],[13.73791,52.42687],[13.74138,52.42692],[13.73796,52.43414],[13.74312,52.434],[13.74406,52.43807],[13.75054,52.44146],[13.75422,52.44161],[13.7523,52.43708],[13.75959,52.43627],[13.76047,52.43848],[13.75766,52.43879],[13.75903,52.44258],[13.75411,52.44317],[13.75322,52.4476],[13.72911,52.4506],[13.71645,52.46219],[13.70132,52.46815],[13.69919,52.4682],[13.70405,52.46424],[13.70444,52.45426],[13.69843,52.45508],[13.69683,52.46416],[13.6826,52.46618],[13.67066,52.47306],[13.66,52.47412],[13.64822,52.47878],[13.64061,52.47948],[13.6349,52.47579],[13.62581,52.47371],[13.62551,52.46836],[13.61713,52.47119],[13.61517,52.46976],[13.61152,52.47063],[13.6164,52.47489],[13.61354,52.47575],[13.61501,52.48083],[13.6308,52.49412],[13.62467,52.49518],[13.63332,52.51183],[13.65857,52.52581],[13.6569,52.52987],[13.62591,52.53015],[13.62673,52.53775],[13.63194,52.53814],[13.63536,52.54163],[13.58539,52.54847],[13.58749,52.55527],[13.58154,52.57088],[13.57805,52.57104],[13.57556,52.57376],[13.56757,52.57374],[13.55986,52.58178],[13.54711,52.58788],[13.52243,52.59285],[13.50815,52.59218],[13.499,52.60516],[13.49675,52.60509],[13.50535,52.61956],[13.50582,52.62583],[13.5177,52.62964],[13.5231,52.64543],[13.51887,52.64747],[13.51278,52.64556],[13.49083,52.65473],[13.48529,52.65913],[13.48822,52.67055],[13.47565,52.66628],[13.47937,52.67538],[13.47708,52.67391],[13.47539,52.67492],[13.46597,52.66715],[13.45951,52.66894],[13.45084,52.66272],[13.46233,52.65746],[13.47389,52.65661],[13.47,52.65207],[13.45985,52.6481],[13.45396,52.64863],[13.45455,52.65004],[13.44093,52.64912],[13.4399,52.64533],[13.4341,52.64429],[13.43378,52.63798],[13.42437,52.63563],[13.41283,52.64359],[13.407,52.64242],[13.39671,52.6483],[13.38868,52.63761],[13.37438,52.63152],[13.37599,52.62929],[13.3573,52.62317],[13.34461,52.62477],[13.33648,52.62267],[13.31312,52.62838],[13.30242,52.62756],[13.30831,52.62969],[13.30311,52.63667],[13.30786,52.63762],[13.30926,52.64314],[13.30038,52.65347],[13.31003,52.65738],[13.30757,52.65931],[13.28288,52.66078],[13.28244,52.6413],[13.26216,52.64075],[13.26523,52.63442],[13.26427,52.62693],[13.22068,52.62818],[13.21698,52.62012],[13.20161,52.60638],[13.20872,52.59864],[13.21782,52.59322],[13.21734,52.58746],[13.20737,52.58845],[13.20663,52.58674],[13.16426,52.5989],[13.1571,52.59761],[13.14399,52.58974],[13.12899,52.58744],[13.1281,52.5831],[13.13043,52.58313],[13.13209,52.5797],[13.1496,52.58331],[13.15295,52.57278],[13.14596,52.56008],[13.14566,52.55291],[13.1363,52.55275],[13.13062,52.55635],[13.11973,52.53104],[13.11739,52.517],[13.14301,52.51968],[13.16646,52.51012],[13.12528,52.48022],[13.1178,52.47897],[13.11692,52.47245],[13.1108,52.46606],[13.11258,52.4592],[13.10922,52.45062],[13.12318,52.43936],[13.11199,52.43232],[13.11254,52.42922],[13.10462,52.42405],[13.0996,52.4253],[13.08833,52.41961]]]]}},{"type":"Feature","id":"brandenburg","bbox":[11.26573,51.36762,14.75836,53.55858],"properties":{"id":"brandenburg","name":"Brandenburg","typ":"Bisheriger Bezirk","sitz":"Potsdam","kreise":["Kreisfreie Stadt Brandenburg an der Havel","Kreisfreie Stadt Frankfurt (Oder)","Kreisfreie Stadt Potsdam","Landkreis Barnim","Landkreis Elbe-Elster","Landkreis Havelland","Landkreis Märkisch-Oderland","Landkreis Oberhavel","Landkreis Oder-Spree","Landkreis Ostprignitz-Ruppin","Landkreis Potsdam-Mittelmark","Landkreis Prignitz","Landkreis Teltow-Fläming","Landkreis Uckermark"],"quelle":"Bezirkseinführungsgesetz, aus VG250-Kreisgrenzen abgeleitet"},"geometry":{"type":"MultiPolygon","coordinates":[[[[11.26573,53.12198],[11.26841,53.11705],[11.26775,53.10419],[11.27316,53.09722],[11.28769,53.08676],[11.30977,53.07786],[11.3285,53.06084],[11.3402,53.05476],[11.35758,53.05594],[11.40259,53.07237],[11.44838,53.07838],[11.46377,53.07442],[11.4936,53.05465],[11.51117,53.04793],[11.52378,53.04714],[11.5481,53.05239],[11.56535,53.04101],[11.58466,53.03531],[11.59639,53.03566],[11.622,53.0417],[11.63758,53.0395],[11.6414,53.03656],[11.6415,53.03285],[11.62703,53.02166],[11.62633,53.01265],[11.63327,53.00789],[11.64575,53.00538],[11.66774,53.00968],[11.67717,53.00814],[11.68406,52.99974],[11.68302,52.98616],[11.69024,52.97913],[11.70257,52.97781],[11.73202,52.98857],[11.74379,52.98854],[11.76419,52.98141],[11.7863,52.96096],[11.81112,52.9571],[11.8289,52.95727],[11.84603,52.9516],[11.84938,52.94726],[11.84793,52.94103],[11.82952,52.9306],[11.82309,52.92326],[11.82501,52.91577],[11.834,52.91036],[11.87151,52.90887],[11.87809,52.90609],[11.88662,52.89791],[11.89734,52.89336],[11.93225,52.89158],[11.94898,52.88768],[11.95944,52.87993],[11.96192,52.88099],[11.98155,52.87603],[11.98725,52.87673],[11.99048,52.88122],[12.00532,52.8818],[12.00612,52.88746],[12.01879,52.88831],[12.02261,52.89037],[12.02923,52.88815],[12.043,52.88885],[12.04815,52.88591],[12.05547,52.88895],[12.06087,52.88817],[12.06754,52.88614],[12.06628,52.88373],[12.07648,52.8864],[12.08115,52.88248],[12.08138,52.87708],[12.09768,52.87764],[12.11262,52.87573],[12.1147,52.88213],[12.1246,52.89359],[12.12849,52.89265],[12.12262,52.8885],[12.12021,52.87551],[12.13312,52.86578],[12.12371,52.8538],[12.17219,52.8647],[12.18498,52.87095],[12.19265,52.87746],[12.19694,52.87798],[12.19995,52.87088],[12.20839,52.8665],[12.20996,52.86242],[12.21406,52.86167],[12.21739,52.86598],[12.23406,52.85938],[12.23188,52.85067],[12.23968,52.84368],[12.23726,52.83929],[12.24367,52.82069],[12.25754,52.80491],[12.25249,52.80373],[12.25558,52.7986],[12.24772,52.79652],[12.2492,52.79186],[12.24389,52.78653],[12.23053,52.78981],[12.2208,52.78974],[12.22356,52.78705],[12.22351,52.7757],[12.22061,52.77371],[12.21313,52.77361],[12.21185,52.76602],[12.21487,52.764],[12.20838,52.76367],[12.20596,52.76091],[12.20916,52.75318],[12.21775,52.75258],[12.21945,52.75091],[12.22129,52.74522],[12.21842,52.74353],[12.22317,52.73975],[12.22055,52.73648],[12.20944,52.7352],[12.20936,52.73204],[12.20129,52.729],[12.20596,52.72651],[12.20277,52.72599],[12.20471,52.72497],[12.19755,52.71838],[12.19986,52.7172],[12.2048,52.71982],[12.20984,52.71762],[12.21018,52.71547],[12.20392,52.71335],[12.21049,52.70872],[12.21655,52.70846],[12.22419,52.70279],[12.21754,52.69982],[12.22088,52.69044],[12.22277,52.68845],[12.23288,52.68904],[12.23282,52.68691],[12.22681,52.6838],[12.23538,52.68036],[12.23935,52.67174],[12.2393,52.66582],[12.23458,52.66436],[12.23794,52.6625],[12.23379,52.65967],[12.23551,52.65445],[12.23252,52.65361],[12.23789,52.64556],[12.23668,52.64098],[12.231,52.63989],[12.23085,52.62976],[12.23687,52.62888],[12.21265,52.6251],[12.20354,52.61875],[12.17197,52.62595],[12.16913,52.61675],[12.17557,52.61733],[12.17077,52.61233],[12.17029,52.6077],[12.17657,52.60647],[12.1734,52.5996],[12.17338,52.58225],[12.17673,52.5765],[12.18108,52.57518],[12.15931,52.56099],[12.14944,52.54055],[12.14349,52.53687],[12.14492,52.53328],[12.14181,52.52839],[12.15464,52.5297],[12.1582,52.53422],[12.17389,52.53869],[12.1796,52.53366],[12.18869,52.53242],[12.18547,52.52702],[12.17779,52.52389],[12.16729,52.51499],[12.17037,52.50697],[12.1847,52.49578],[12.19058,52.49887],[12.20397,52.49788],[12.2115,52.50313],[12.21746,52.50021],[12.22168,52.50067],[12.22776,52.50595],[12.224,52.51153],[12.23218,52.51692],[12.23105,52.52188],[12.23612,52.52372],[12.24498,52.52152],[12.24677,52.51886],[12.25822,52.51789],[12.25992,52.50423],[12.27008,52.501],[12.26245,52.49547],[12.27001,52.49367],[12.27145,52.48748],[12.27844,52.48718],[12.2853,52.4926],[12.29437,52.49246],[12.29714,52.49614],[12.31069,52.49087],[12.32076,52.49551],[12.32989,52.49686],[12.32767,52.49141],[12.31305,52.48971],[12.3083,52.48029],[12.31686,52.47504],[12.32746,52.47949],[12.33078,52.47856],[12.32526,52.47209],[12.32512,52.46423],[12.31508,52.46046],[12.31668,52.45238],[12.30434,52.4505],[12.30325,52.44596],[12.30757,52.44431],[12.30229,52.43881],[12.30268,52.43449],[12.28925,52.43069],[12.29699,52.42378],[12.27447,52.41606],[12.27484,52.41227],[12.29234,52.40754],[12.2994,52.40911],[12.30233,52.40501],[12.30329,52.39755],[12.29537,52.39242],[12.29181,52.38614],[12.29427,52.38142],[12.30599,52.37743],[12.30065,52.37109],[12.28609,52.36888],[12.28381,52.36425],[12.29798,52.35328],[12.29775,52.3508],[12.30813,52.3447],[12.29006,52.323],[12.28438,52.32153],[12.28153,52.31842],[12.27298,52.30477],[12.26277,52.29507],[12.25108,52.27243],[12.2511,52.26423],[12.25467,52.26189],[12.24465,52.24844],[12.26154,52.24609],[12.25801,52.24315],[12.27068,52.24172],[12.27526,52.23627],[12.26424,52.23689],[12.26175,52.2361],[12.26453,52.23355],[12.28378,52.23451],[12.28862,52.22922],[12.2942,52.22967],[12.27883,52.21704],[12.26767,52.21451],[12.26026,52.21645],[12.24892,52.21174],[12.24525,52.20739],[12.25368,52.20565],[12.2418,52.19428],[12.24829,52.18422],[12.24156,52.18198],[12.22859,52.18598],[12.21678,52.17007],[12.22047,52.16667],[12.234,52.16279],[12.2313,52.15495],[12.24532,52.13873],[12.26511,52.13066],[12.27196,52.11005],[12.27672,52.10402],[12.29224,52.10138],[12.30014,52.09622],[12.31582,52.09237],[12.32903,52.06963],[12.34809,52.0593],[12.35978,52.0465],[12.3896,52.04357],[12.39822,52.03565],[12.40929,52.02907],[12.4202,52.02652],[12.43023,52.01831],[12.45,52.01621],[12.45302,52.02605],[12.46076,52.03472],[12.48062,52.03334],[12.48496,52.01715],[12.49883,52.00892],[12.53631,52.00288],[12.54084,51.98817],[12.53939,51.98489],[12.60302,51.98109],[12.61516,51.98228],[12.6144,51.99172],[12.64475,51.99438],[12.6486,52.00831],[12.6565,52.01294],[12.66919,52.01288],[12.68252,52.00332],[12.69792,52.00298],[12.71194,51.99987],[12.71167,51.99727],[12.72964,51.98896],[12.74344,51.98905],[12.75548,51.98639],[12.75925,51.98218],[12.77433,51.97836],[12.77761,51.96459],[12.79406,51.96231],[12.81127,51.96257],[12.84415,51.96773],[12.84528,51.96271],[12.85025,51.9587],[12.85273,51.93501],[12.88817,51.93477],[12.89042,51.92838],[12.91746,51.93269],[12.91837,51.93936],[12.93568,51.93615],[12.96057,51.93491],[12.95597,51.92266],[12.97654,51.91986],[12.97266,51.90088],[12.98608,51.90411],[13.00986,51.90278],[13.02178,51.89685],[13.02277,51.90323],[13.04541,51.90052],[13.04854,51.89186],[13.03757,51.89088],[13.03944,51.88247],[13.03729,51.88026],[13.02916,51.88104],[13.03924,51.87091],[13.08055,51.86748],[13.08501,51.87402],[13.09624,51.87288],[13.10701,51.87541],[13.11356,51.8749],[13.11361,51.87659],[13.11899,51.87654],[13.11908,51.88283],[13.12447,51.88295],[13.13234,51.88249],[13.13203,51.87955],[13.13895,51.87951],[13.14223,51.87256],[13.1496,51.87233],[13.15091,51.85961],[13.12348,51.85782],[13.12354,51.85459],[13.13555,51.8328],[13.13946,51.82863],[13.14216,51.82859],[13.14251,51.8263],[13.13914,51.82469],[13.14209,51.82065],[13.14852,51.82054],[13.14753,51.81794],[13.15368,51.81491],[13.16301,51.80202],[13.1607,51.79718],[13.15847,51.79761],[13.16269,51.79307],[13.15799,51.78845],[13.1701,51.78702],[13.16871,51.78277],[13.16004,51.78393],[13.1598,51.77459],[13.14748,51.76664],[13.15583,51.76457],[13.14985,51.75927],[13.16329,51.75494],[13.16271,51.75054],[13.15833,51.75096],[13.15401,51.74425],[13.15688,51.74364],[13.15541,51.74148],[13.16075,51.73987],[13.16413,51.74189],[13.16842,51.7387],[13.16715,51.73538],[13.17551,51.73401],[13.17954,51.73117],[13.18325,51.72324],[13.1865,51.72211],[13.18427,51.71991],[13.18707,51.71562],[13.16869,51.71867],[13.16638,51.71789],[13.17122,51.71253],[13.17011,51.70809],[13.16173,51.71297],[13.1551,51.71079],[13.16126,51.69499],[13.15614,51.69473],[13.16246,51.69182],[13.15508,51.68907],[13.15453,51.68671],[13.05103,51.64768],[13.07741,51.62112],[13.07618,51.61966],[13.08066,51.61773],[13.0863,51.60814],[13.09384,51.60588],[13.09692,51.60922],[13.10487,51.60968],[13.10338,51.61231],[13.09967,51.6115],[13.0971,51.61631],[13.10397,51.61647],[13.10675,51.61163],[13.11168,51.61284],[13.11044,51.61484],[13.11495,51.61575],[13.11486,51.61773],[13.12103,51.61889],[13.1345,51.60567],[13.14384,51.60046],[13.14378,51.59787],[13.15495,51.6002],[13.16177,51.59215],[13.15491,51.5894],[13.15321,51.58241],[13.14104,51.57117],[13.14317,51.56746],[13.14672,51.56345],[13.15861,51.56426],[13.16083,51.55897],[13.18557,51.55808],[13.19006,51.53959],[13.20052,51.52604],[13.20796,51.52435],[13.20704,51.50494],[13.20205,51.50412],[13.20392,51.49878],[13.19677,51.49361],[13.20129,51.49172],[13.1969,51.4883],[13.19207,51.48805],[13.18907,51.49107],[13.1823,51.49196],[13.18705,51.48575],[13.18292,51.47134],[13.18972,51.4649],[13.20308,51.45873],[13.20312,51.45101],[13.19248,51.4417],[13.19184,51.43691],[13.18476,51.43851],[13.17508,51.43278],[13.17431,51.42825],[13.18465,51.42379],[13.18837,51.42628],[13.18942,51.43426],[13.19339,51.43578],[13.19975,51.43323],[13.2037,51.42849],[13.20219,51.41638],[13.21355,51.39725],[13.21731,51.39506],[13.25065,51.39411],[13.26264,51.38831],[13.26372,51.38495],[13.26854,51.38479],[13.27004,51.3905],[13.26366,51.39099],[13.26377,51.39446],[13.25909,51.39533],[13.25998,51.4004],[13.28635,51.39929],[13.28667,51.41138],[13.309,51.41771],[13.31363,51.42318],[13.32834,51.42664],[13.32576,51.43365],[13.32032,51.4375],[13.33335,51.43744],[13.33795,51.42916],[13.3492,51.43334],[13.35709,51.43253],[13.35835,51.43397],[13.37665,51.42461],[13.38251,51.42593],[13.38308,51.42806],[13.37294,51.4378],[13.38215,51.43605],[13.3876,51.44112],[13.38823,51.44781],[13.40105,51.45417],[13.40932,51.44977],[13.40563,51.44595],[13.41127,51.44275],[13.41219,51.43937],[13.41971,51.43884],[13.42177,51.43456],[13.42601,51.43403],[13.42815,51.43125],[13.42143,51.42151],[13.42851,51.42179],[13.43341,51.42762],[13.44606,51.42596],[13.44349,51.42877],[13.44591,51.43145],[13.45034,51.42283],[13.46063,51.42224],[13.46331,51.42626],[13.47379,51.41788],[13.46553,51.42177],[13.46328,51.41175],[13.49135,51.40768],[13.49439,51.40292],[13.50274,51.40471],[13.51279,51.40199],[13.52122,51.40206],[13.52486,51.38427],[13.52312,51.38103],[13.53777,51.38105],[13.54263,51.36932],[13.54614,51.36917],[13.55082,51.37925],[13.55627,51.37904],[13.56996,51.38567],[13.58985,51.38423],[13.58765,51.38183],[13.59201,51.37777],[13.59134,51.37514],[13.59576,51.37453],[13.59406,51.36936],[13.61668,51.36976],[13.61723,51.37106],[13.6321,51.36854],[13.64842,51.37007],[13.66145,51.36897],[13.6684,51.37613],[13.68276,51.36762],[13.69503,51.37564],[13.70182,51.38404],[13.69881,51.39595],[13.68577,51.41136],[13.6802,51.41289],[13.69509,51.40997],[13.69891,51.42558],[13.70343,51.4254],[13.7069,51.41816],[13.71524,51.41694],[13.72242,51.43243],[13.71914,51.43125],[13.71552,51.43762],[13.71944,51.43921],[13.71988,51.44428],[13.71476,51.45405],[13.7094,51.45948],[13.69611,51.46023],[13.69328,51.46223],[13.69275,51.47952],[13.69689,51.48036],[13.69385,51.48307],[13.68851,51.48334],[13.68044,51.48821],[13.66047,51.49365],[13.64168,51.49358],[13.64897,51.49704],[13.63935,51.49978],[13.63414,51.50438],[13.65818,51.50629],[13.65397,51.5289],[13.68161,51.52939],[13.68531,51.52865],[13.68331,51.5232],[13.70841,51.51893],[13.71978,51.52432],[13.72822,51.5259],[13.73198,51.52486],[13.73446,51.53261],[13.74062,51.53205],[13.74292,51.5343],[13.74052,51.54142],[13.74583,51.54589],[13.75141,51.54416],[13.74872,51.54241],[13.76197,51.53762],[13.76881,51.53283],[13.77794,51.5334],[13.79672,51.53759],[13.81508,51.54863],[13.84983,51.56303],[13.85808,51.56486],[13.87147,51.56461],[13.87548,51.56634],[13.88053,51.57689],[13.86635,51.591],[13.87771,51.60017],[13.87965,51.60289],[13.87766,51.6102],[13.88939,51.6181],[13.89018,51.6219],[13.8863,51.64728],[13.87944,51.65234],[13.86763,51.65313],[13.86392,51.65937],[13.85659,51.66056],[13.84614,51.66637],[13.83618,51.668],[13.83348,51.67547],[13.83493,51.68263],[13.82628,51.69529],[13.80911,51.69521],[13.80867,51.70894],[13.81438,51.70907],[13.81433,51.71294],[13.81017,51.71282],[13.81125,51.71531],[13.80518,51.72041],[13.79809,51.73713],[13.78247,51.73495],[13.78286,51.75385],[13.77542,51.75976],[13.76512,51.75497],[13.75377,51.75415],[13.7292,51.7596],[13.71865,51.75056],[13.71076,51.74984],[13.69561,51.74118],[13.69756,51.73197],[13.69486,51.72704],[13.66455,51.73292],[13.66123,51.74736],[13.63219,51.74275],[13.62673,51.74276],[13.62324,51.7452],[13.61557,51.74227],[13.61118,51.74296],[13.60907,51.74092],[13.59757,51.74336],[13.60187,51.74813],[13.58761,51.74964],[13.57985,51.75314],[13.57888,51.75616],[13.54924,51.74597],[13.53825,51.75949],[13.52782,51.76216],[13.52221,51.77054],[13.52405,51.77461],[13.51833,51.77546],[13.52013,51.78182],[13.50914,51.78709],[13.50547,51.79253],[13.53377,51.79849],[13.55672,51.80948],[13.55885,51.80745],[13.56906,51.81074],[13.55542,51.82127],[13.5363,51.82519],[13.5475,51.83256],[13.55145,51.84053],[13.5472,51.84332],[13.54774,51.86302],[13.53911,51.86624],[13.54218,51.87859],[13.55284,51.87919],[13.55784,51.88639],[13.56615,51.89017],[13.5813,51.89154],[13.57873,51.89571],[13.57016,51.89534],[13.54584,51.90565],[13.55124,51.92131],[13.51926,51.93017],[13.49146,51.92752],[13.48182,51.93291],[13.45487,51.92715],[13.43099,51.92486],[13.4121,51.93006],[13.42065,51.951],[13.41987,51.96189],[13.41095,51.96422],[13.41484,51.97615],[13.43095,51.97704],[13.44653,51.97478],[13.45075,51.97135],[13.4534,51.97309],[13.45909,51.97293],[13.48366,51.96664],[13.49398,51.96587],[13.50274,51.96865],[13.51557,51.97668],[13.52595,51.9873],[13.54631,51.99005],[13.557,51.99402],[13.55647,51.99816],[13.5914,52.001],[13.59072,52.00468],[13.60445,52.00814],[13.62273,52.01047],[13.64263,52.01017],[13.64684,52.01201],[13.63982,52.01872],[13.63493,52.01997],[13.63767,52.02502],[13.64108,52.02341],[13.63703,52.03496],[13.65295,52.04815],[13.64376,52.06119],[13.6288,52.07153],[13.60559,52.07797],[13.5966,52.08375],[13.57748,52.09037],[13.55616,52.0908],[13.54082,52.09722],[13.54922,52.11859],[13.54894,52.13781],[13.55687,52.14801],[13.54337,52.14765],[13.5429,52.14894],[13.55162,52.15003],[13.54366,52.17331],[13.54624,52.17702],[13.54906,52.17692],[13.55015,52.18266],[13.54457,52.1849],[13.54597,52.19318],[13.581,52.19485],[13.58162,52.19942],[13.57728,52.20299],[13.57588,52.21077],[13.56396,52.21882],[13.56256,52.2242],[13.55313,52.23434],[13.53943,52.23736],[13.54573,52.24201],[13.53964,52.24431],[13.53755,52.241],[13.51777,52.24295],[13.50094,52.24059],[13.49524,52.23794],[13.49293,52.23345],[13.4771,52.23375],[13.47292,52.23221],[13.47571,52.23783],[13.46809,52.23647],[13.46567,52.23974],[13.46041,52.24009],[13.45653,52.24767],[13.45828,52.253],[13.45126,52.25599],[13.4564,52.25998],[13.47113,52.26194],[13.48974,52.26091],[13.49561,52.2654],[13.50443,52.265],[13.51156,52.26705],[13.50754,52.26829],[13.50751,52.28179],[13.48319,52.28617],[13.48698,52.29841],[13.49584,52.29819],[13.49755,52.30724],[13.48309,52.32229],[13.49517,52.33086],[13.4991,52.33666],[13.46065,52.34075],[13.44722,52.34655],[13.44184,52.35268],[13.44199,52.36285],[13.41881,52.36581],[13.42098,52.37625],[13.38852,52.37797],[13.38722,52.38858],[13.37045,52.38846],[13.37214,52.39382],[13.3592,52.39843],[13.34303,52.40767],[13.34325,52.41162],[13.31193,52.39919],[13.29613,52.41645],[13.27446,52.40514],[13.25656,52.40656],[13.24984,52.40496],[13.2458,52.4208],[13.22229,52.42036],[13.19557,52.41509],[13.15935,52.40288],[13.15783,52.39636],[13.17136,52.39776],[13.17152,52.39583],[13.15889,52.39391],[13.14261,52.39654],[13.13225,52.3894],[13.13359,52.38692],[13.12709,52.38928],[13.12746,52.39159],[13.13241,52.39142],[13.13812,52.39539],[13.13639,52.39818],[13.1334,52.39944],[13.12488,52.39688],[13.11164,52.40422],[13.10793,52.40948],[13.1126,52.41002],[13.11157,52.41314],[13.10587,52.41257],[13.10323,52.41022],[13.10083,52.41249],[13.09722,52.41245],[13.09729,52.40938],[13.09034,52.4121],[13.08833,52.41961],[13.0996,52.4253],[13.10462,52.42405],[13.11254,52.42922],[13.11199,52.43232],[13.12318,52.43936],[13.10922,52.45062],[13.11258,52.4592],[13.1108,52.46606],[13.11692,52.47245],[13.1178,52.47897],[13.12528,52.48022],[13.16646,52.51012],[13.14301,52.51968],[13.11739,52.517],[13.11973,52.53104],[13.13062,52.55635],[13.1363,52.55275],[13.14566,52.55291],[13.14596,52.56008],[13.15295,52.57278],[13.1496,52.58331],[13.13209,52.5797],[13.13043,52.58313],[13.1281,52.5831],[13.12899,52.58744],[13.14399,52.58974],[13.1571,52.59761],[13.16426,52.5989],[13.20663,52.58674],[13.20737,52.58845],[13.21734,52.58746],[13.21782,52.59322],[13.20872,52.59864],[13.20161,52.60638],[13.21698,52.62012],[13.22068,52.62818],[13.26427,52.62693],[13.26523,52.63442],[13.26216,52.64075],[13.28244,52.6413],[13.28288,52.66078],[13.30757,52.65931],[13.31003,52.65738],[13.30038,52.65347],[13.30926,52.64314],[13.30786,52.63762],[13.30311,52.63667],[13.30831,52.62969],[13.30242,52.62756],[13.31312,52.62838],[13.33648,52.62267],[13.34461,52.62477],[13.3573,52.62317],[13.37599,52.62929],[13.37438,52.63152],[13.38868,52.63761],[13.39671,52.6483],[13.407,52.64242],[13.41283,52.64359],[13.42437,52.63563],[13.43378,52.63798],[13.4341,52.64429],[13.4399,52.64533],[13.44093,52.64912],[13.45455,52.65004],[13.45396,52.64863],[13.45985,52.6481],[13.47,52.65207],[13.47389,52.65661],[13.46233,52.65746],[13.45084,52.66272],[13.45951,52.66894],[13.46597,52.66715],[13.47539,52.67492],[13.47708,52.67391],[13.47937,52.67538],[13.47565,52.66628],[13.48822,52.67055],[13.48529,52.65913],[13.49083,52.65473],[13.51278,52.64556],[13.51887,52.64747],[13.5231,52.64543],[13.5177,52.62964],[13.50582,52.62583],[13.50535,52.61956],[13.49675,52.60509],[13.499,52.60516],[13.50815,52.59218],[13.52243,52.59285],[13.54711,52.58788],[13.55986,52.58178],[13.56757,52.57374],[13.57556,52.57376],[13.57805,52.57104],[13.58154,52.57088],[13.58749,52.55527],[13.58539,52.54847],[13.63536,52.54163],[13.63194,52.53814],[13.62673,52.53775],[13.62591,52.53015],[13.6569,52.52987],[13.65857,52.52581],[13.63332,52.51183],[13.62467,52.49518],[13.6308,52.49412],[13.61501,52.48083],[13.61354,52.47575],[13.6164,52.47489],[13.61152,52.47063],[13.61517,52.46976],[13.61713,52.47119],[13.62551,52.46836],[13.62581,52.47371],[13.6349,52.47579],[13.64061,52.47948],[13.64822,52.47878],[13.66,52.47412],[13.67066,52.47306],[13.6826,52.46618],[13.69683,52.46416],[13.69843,52.45508],[13.70444,52.45426],[13.70537,52.45577],[13.70405,52.46424],[13.69919,52.4682],[13.70132,52.46815],[13.71645,52.46219],[13.72911,52.4506],[13.75322,52.4476],[13.75411,52.44317],[13.75903,52.44258],[13.75959,52.43627],[13.7523,52.43708],[13.75422,52.44161],[13.75054,52.44146],[13.74406,52.43807],[13.74312,52.434],[13.73796,52.43414],[13.74138,52.42692],[13.73791,52.42687],[13.72951,52.41739],[13.73875,52.40732],[13.73517,52.406],[13.73454,52.40198],[13.72334,52.39859],[13.71644,52.39953],[13.69899,52.39016],[13.69777,52.39191],[13.69123,52.38584],[13.6874,52.38625],[13.68575,52.38408],[13.69488,52.38097],[13.69863,52.38159],[13.69688,52.37755],[13.69974,52.37788],[13.70155,52.38466],[13.7079,52.38912],[13.71743,52.3891],[13.73089,52.38436],[13.73133,52.37946],[13.741,52.37119],[13.72764,52.36562],[13.7363,52.35949],[13.7559,52.35181],[13.75354,52.34443],[13.73984,52.33398],[13.74502,52.33076],[13.73409,52.323],[13.7437,52.31852],[13.75236,52.31497],[13.75212,52.31893],[13.76612,52.31737],[13.77844,52.3231],[13.80126,52.31714],[13.80694,52.32028],[13.81877,52.31301],[13.83979,52.31406],[13.83953,52.30437],[13.82554,52.29413],[13.8217,52.28809],[13.85404,52.28999],[13.85175,52.28548],[13.86235,52.27549],[13.85584,52.27517],[13.84908,52.26987],[13.8599,52.26353],[13.85736,52.26068],[13.83852,52.2629],[13.83912,52.25557],[13.83378,52.24697],[13.81958,52.24456],[13.82461,52.24313],[13.82374,52.23771],[13.82834,52.23269],[13.85603,52.22485],[13.84176,52.21875],[13.83969,52.21327],[13.8424,52.21342],[13.8481,52.20507],[13.85482,52.20066],[13.8462,52.19817],[13.83503,52.18537],[13.85161,52.18318],[13.85644,52.18941],[13.87907,52.18214],[13.89429,52.18429],[13.88947,52.16961],[13.87223,52.17159],[13.87211,52.1701],[13.86589,52.17039],[13.8602,52.17244],[13.85616,52.16438],[13.85012,52.1647],[13.85058,52.16054],[13.85728,52.15847],[13.86146,52.15082],[13.86683,52.1506],[13.86979,52.14653],[13.87562,52.14733],[13.86782,52.13617],[13.86426,52.13725],[13.85872,52.13117],[13.84591,52.13267],[13.84529,52.12172],[13.87119,52.11813],[13.87564,52.12035],[13.88906,52.12144],[13.88953,52.12333],[13.90788,52.12286],[13.90922,52.12825],[13.91677,52.12747],[13.91825,52.12447],[13.93074,52.1268],[13.92966,52.12878],[13.92448,52.12783],[13.91911,52.13051],[13.93343,52.1313],[13.93837,52.13775],[13.96813,52.13617],[13.96975,52.13212],[13.97165,52.13396],[13.9787,52.13206],[13.98266,52.12439],[13.99,52.11899],[13.9918,52.1204],[13.99859,52.11931],[13.99996,52.1158],[14.007,52.11757],[14.00963,52.10954],[14.02148,52.11224],[14.03354,52.11028],[14.04412,52.11485],[14.04284,52.1052],[14.05555,52.10549],[14.0611,52.10849],[14.06709,52.10028],[14.08761,52.09687],[14.08948,52.09107],[14.09699,52.09177],[14.10107,52.08863],[14.11195,52.08721],[14.10953,52.0806],[14.11448,52.0752],[14.11404,52.072],[14.12505,52.06716],[14.12782,52.06106],[14.12671,52.0538],[14.13898,52.04877],[14.14318,52.05272],[14.15963,52.05733],[14.19419,52.05773],[14.20407,52.07404],[14.20517,52.08676],[14.20983,52.08535],[14.21774,52.07823],[14.22251,52.07884],[14.22306,52.08289],[14.22733,52.08523],[14.23728,52.08433],[14.24755,52.08687],[14.24006,52.08334],[14.23018,52.08212],[14.23039,52.07957],[14.22253,52.07571],[14.22075,52.06865],[14.21341,52.06709],[14.21314,52.06456],[14.21828,52.06122],[14.214,52.05284],[14.21977,52.04186],[14.23013,52.04034],[14.23325,52.04219],[14.24171,52.03997],[14.24007,52.03499],[14.25339,52.03522],[14.26204,52.03183],[14.27027,52.03233],[14.26971,52.03527],[14.28661,52.03985],[14.29992,52.03647],[14.29572,52.04448],[14.30233,52.0478],[14.30497,52.05617],[14.31142,52.06081],[14.31995,52.06179],[14.33066,52.06858],[14.35512,52.07305],[14.37064,52.06771],[14.40093,52.05283],[14.40332,52.03137],[14.40547,52.02803],[14.415,52.02451],[14.43613,52.02441],[14.446,52.02636],[14.44858,52.03115],[14.44555,52.03995],[14.46451,52.04697],[14.48272,52.05774],[14.48573,52.05477],[14.47908,52.04595],[14.48271,52.03721],[14.49176,52.02997],[14.49176,52.01604],[14.50084,52.00761],[14.52344,52.01045],[14.55737,52.0053],[14.55772,52.00814],[14.56232,52.00885],[14.56589,52.01708],[14.56316,52.01975],[14.5779,52.02986],[14.5901,52.03421],[14.60135,52.03348],[14.61587,52.02852],[14.64969,52.02783],[14.6609,52.01734],[14.66602,52.01544],[14.66111,52.0108],[14.67474,52.0026],[14.68107,52.00172],[14.68186,52.00445],[14.69775,52.00998],[14.69886,52.01478],[14.70447,52.0145],[14.70892,52.01316],[14.69935,52.00695],[14.71243,51.99988],[14.71671,52.00118],[14.71484,52.00493],[14.72525,52.00823],[14.72671,52.01393],[14.74082,52.02282],[14.74002,52.02862],[14.74826,52.03183],[14.74988,52.04207],[14.74571,52.04654],[14.7454,52.05432],[14.75725,52.06067],[14.75836,52.0674],[14.74128,52.08523],[14.7243,52.09352],[14.70035,52.09812],[14.6878,52.10733],[14.6816,52.11665],[14.68421,52.12419],[14.67959,52.14493],[14.70309,52.16428],[14.70542,52.16963],[14.70121,52.18028],[14.6881,52.18927],[14.68518,52.19408],[14.68854,52.1989],[14.70257,52.2061],[14.70839,52.21175],[14.71611,52.23525],[14.70521,52.24275],[14.69896,52.25214],[14.69215,52.25595],[14.65914,52.26232],[14.64135,52.26366],[14.61712,52.27147],[14.59648,52.27293],[14.59159,52.27589],[14.58754,52.2835],[14.57604,52.28837],[14.57475,52.29556],[14.58425,52.30243],[14.58492,52.30646],[14.57823,52.31317],[14.5762,52.32148],[14.56103,52.32861],[14.5625,52.33982],[14.55213,52.35373],[14.55212,52.37405],[14.53436,52.39501],[14.53606,52.40138],[14.54664,52.41285],[14.54421,52.42598],[14.54953,52.43362],[14.5594,52.43896],[14.57924,52.44175],[14.60879,52.46387],[14.61339,52.47717],[14.62653,52.48382],[14.63454,52.49234],[14.63537,52.49637],[14.63168,52.50181],[14.61274,52.51039],[14.60392,52.53134],[14.61336,52.54401],[14.61571,52.55421],[14.63729,52.56629],[14.63979,52.57023],[14.63805,52.57444],[14.61371,52.58661],[14.60823,52.59957],[14.59616,52.61066],[14.58159,52.61563],[14.56732,52.62369],[14.55499,52.62619],[14.5275,52.63716],[14.50968,52.64161],[14.4651,52.66133],[14.45775,52.67393],[14.45004,52.67839],[14.43302,52.68147],[14.42399,52.69617],[14.41349,52.70084],[14.4049,52.71139],[14.38372,52.72561],[14.3735,52.73666],[14.36087,52.74061],[14.35104,52.75151],[14.3389,52.75471],[14.32168,52.76264],[14.30499,52.76551],[14.27881,52.77445],[14.25368,52.7891],[14.24088,52.80015],[14.23008,52.80503],[14.21749,52.81687],[14.2064,52.81934],[14.14326,52.82385],[14.13161,52.82734],[14.1236,52.83565],[14.12369,52.84536],[14.15771,52.87475],[14.1616,52.88809],[14.15231,52.90064],[14.1502,52.91628],[14.14265,52.93325],[14.14412,52.9449],[14.13885,52.95178],[14.14366,52.96137],[14.16223,52.96527],[14.17279,52.97558],[14.18951,52.97975],[14.20686,52.98754],[14.2356,52.99319],[14.25896,53.00298],[14.26855,53.00995],[14.29162,53.02001],[14.32339,53.04165],[14.33799,53.04658],[14.34857,53.05472],[14.36671,53.08061],[14.37122,53.09456],[14.37017,53.1046],[14.37902,53.1129],[14.38325,53.13697],[14.38774,53.14303],[14.37111,53.15729],[14.36626,53.17199],[14.37458,53.18782],[14.37727,53.20175],[14.38518,53.20486],[14.39932,53.20681],[14.40522,53.21023],[14.4085,53.2232],[14.42121,53.23427],[14.43081,53.23913],[14.43519,53.24871],[14.45057,53.26225],[14.4453,53.27445],[14.42122,53.27614],[14.41499,53.30187],[14.40677,53.30871],[14.4155,53.3243],[14.41238,53.32959],[14.40763,53.33015],[14.3992,53.32984],[14.38154,53.32389],[14.38057,53.31994],[14.37482,53.31559],[14.36164,53.31756],[14.36193,53.31521],[14.35025,53.31376],[14.34866,53.30997],[14.31657,53.31234],[14.31302,53.30203],[14.30167,53.28914],[14.30185,53.28622],[14.26219,53.2766],[14.26605,53.25959],[14.25218,53.25721],[14.21106,53.25481],[14.20016,53.26177],[14.18644,53.26056],[14.17598,53.26207],[14.16024,53.26781],[14.14252,53.26544],[14.12479,53.26023],[14.09882,53.26167],[14.10357,53.27486],[14.10965,53.28264],[14.20285,53.34058],[14.22934,53.36572],[14.2425,53.38932],[14.24327,53.39876],[14.23736,53.41469],[14.24179,53.42244],[14.23736,53.42766],[14.23299,53.42815],[14.22466,53.43425],[14.20591,53.42303],[14.18426,53.42232],[14.17104,53.4248],[14.13676,53.441],[14.13401,53.43904],[14.12184,53.44171],[14.10543,53.42243],[14.09392,53.42212],[14.08229,53.41558],[14.08222,53.41091],[14.0712,53.41499],[14.05661,53.41252],[14.05058,53.41399],[14.0456,53.42943],[14.00659,53.43041],[14.00122,53.43499],[13.96208,53.4299],[13.94649,53.43081],[13.91637,53.42227],[13.90755,53.42624],[13.90289,53.43203],[13.91139,53.43654],[13.90629,53.44388],[13.91751,53.44653],[13.91821,53.456],[13.87559,53.47347],[13.88459,53.48534],[13.87623,53.48701],[13.87392,53.49059],[13.87927,53.50414],[13.8484,53.51431],[13.82173,53.51811],[13.82388,53.52114],[13.79846,53.54569],[13.80057,53.55825],[13.79135,53.55858],[13.78424,53.55184],[13.77638,53.53129],[13.78043,53.52155],[13.77766,53.51371],[13.79246,53.51094],[13.79211,53.50822],[13.80146,53.49796],[13.80897,53.5018],[13.8271,53.49871],[13.81208,53.48394],[13.80203,53.47803],[13.77894,53.47422],[13.77546,53.47614],[13.75298,53.47828],[13.74698,53.48138],[13.74704,53.48406],[13.74137,53.48581],[13.73578,53.48141],[13.7154,53.48226],[13.70299,53.47365],[13.68036,53.46524],[13.67196,53.45951],[13.66256,53.45774],[13.6543,53.4514],[13.65523,53.44757],[13.65129,53.44369],[13.6405,53.44724],[13.6339,53.43987],[13.63889,53.43806],[13.6373,53.43258],[13.62884,53.432],[13.63602,53.42352],[13.62522,53.4093],[13.61905,53.40895],[13.61761,53.41301],[13.61051,53.41376],[13.60653,53.41129],[13.59661,53.41046],[13.59348,53.40778],[13.58931,53.4097],[13.57362,53.40809],[13.57013,53.40344],[13.56406,53.40076],[13.55011,53.39908],[13.54964,53.39558],[13.54621,53.3942],[13.55659,53.39156],[13.55418,53.38307],[13.55021,53.38094],[13.5568,53.37964],[13.55637,53.37609],[13.54743,53.3719],[13.54342,53.36403],[13.526,53.36635],[13.51685,53.35209],[13.52526,53.35102],[13.52483,53.34307],[13.52048,53.34104],[13.51963,53.33797],[13.52299,53.33469],[13.52353,53.32008],[13.51011,53.31745],[13.50899,53.3219],[13.50284,53.32733],[13.50179,53.3247],[13.50727,53.31623],[13.49642,53.30663],[13.49733,53.30223],[13.48306,53.2912],[13.46128,53.28869],[13.4565,53.29305],[13.45619,53.29795],[13.44238,53.29807],[13.43821,53.29973],[13.43495,53.29472],[13.43873,53.29199],[13.43414,53.28994],[13.4424,53.28648],[13.43513,53.28278],[13.43151,53.28455],[13.42092,53.26964],[13.41326,53.26302],[13.40768,53.26263],[13.40857,53.25837],[13.40336,53.2492],[13.40517,53.24642],[13.39691,53.24595],[13.38899,53.24274],[13.38653,53.24405],[13.38611,53.25048],[13.38221,53.2504],[13.37063,53.26176],[13.3686,53.27104],[13.36045,53.278],[13.3492,53.27826],[13.34036,53.27626],[13.341,53.27368],[13.33708,53.27343],[13.2978,53.28089],[13.28815,53.2752],[13.28442,53.27567],[13.27531,53.26506],[13.25728,53.26145],[13.25271,53.26231],[13.2537,53.26007],[13.24786,53.25684],[13.24375,53.24869],[13.24585,53.24703],[13.24726,53.24888],[13.25124,53.24739],[13.24364,53.23947],[13.23965,53.23894],[13.24197,53.23714],[13.23692,53.22729],[13.23883,53.22551],[13.22939,53.21659],[13.20268,53.22212],[13.19055,53.23496],[13.1904,53.2407],[13.18191,53.25073],[13.1752,53.24718],[13.17092,53.25003],[13.1638,53.24976],[13.15255,53.24604],[13.15222,53.25111],[13.13741,53.24462],[13.13298,53.23732],[13.12907,53.23699],[13.12302,53.24059],[13.10993,53.24023],[13.10326,53.23554],[13.10828,53.22555],[13.10536,53.22018],[13.10656,53.21515],[13.09748,53.21299],[13.09381,53.21709],[13.08727,53.2154],[13.08814,53.21403],[13.08438,53.21306],[13.08575,53.21031],[13.08206,53.21005],[13.07843,53.20467],[13.07953,53.20018],[13.07309,53.20036],[13.06913,53.20364],[13.06406,53.20098],[13.0556,53.20105],[13.04241,53.1965],[13.03892,53.1917],[13.0315,53.19006],[13.02801,53.18559],[13.01873,53.18525],[13.02004,53.17571],[13.01323,53.17217],[13.00913,53.17285],[13.0051,53.16965],[13.0062,53.16728],[13.00186,53.16697],[13.00207,53.16894],[12.99154,53.16856],[12.98442,53.16687],[12.98436,53.16425],[12.98047,53.16253],[12.96852,53.16637],[12.96515,53.17591],[12.96151,53.17774],[12.94727,53.1725],[12.942,53.17432],[12.94723,53.17845],[12.96138,53.18102],[12.96233,53.18519],[12.97943,53.19055],[12.97688,53.19737],[12.96424,53.20039],[12.94887,53.19927],[12.93711,53.19432],[12.94393,53.19092],[12.94243,53.18593],[12.9344,53.18823],[12.91997,53.18638],[12.91927,53.18805],[12.92883,53.19077],[12.92974,53.19442],[12.92532,53.19598],[12.91284,53.19517],[12.90371,53.1936],[12.90193,53.18997],[12.89204,53.18795],[12.88949,53.1804],[12.88434,53.18131],[12.88011,53.17969],[12.87071,53.18328],[12.86737,53.18681],[12.85887,53.18818],[12.84598,53.2014],[12.83791,53.19726],[12.82469,53.19705],[12.82079,53.19342],[12.81717,53.19606],[12.81487,53.19198],[12.81026,53.1954],[12.81293,53.19741],[12.80888,53.19765],[12.79909,53.19107],[12.79471,53.18987],[12.79028,53.19123],[12.78492,53.18784],[12.76438,53.18893],[12.75915,53.195],[12.73949,53.1996],[12.74951,53.20633],[12.75741,53.22435],[12.74688,53.22547],[12.74227,53.22305],[12.72274,53.22167],[12.71579,53.22452],[12.69581,53.22705],[12.68261,53.22646],[12.67118,53.2295],[12.66397,53.23495],[12.66944,53.23711],[12.66554,53.23862],[12.66624,53.24156],[12.67566,53.24772],[12.6724,53.24916],[12.66829,53.24816],[12.66569,53.25329],[12.66056,53.25441],[12.62842,53.25456],[12.62411,53.25176],[12.61728,53.2515],[12.60605,53.2444],[12.60118,53.24508],[12.59815,53.24853],[12.56632,53.25591],[12.54991,53.26198],[12.52977,53.26479],[12.5024,53.26217],[12.50279,53.25778],[12.49763,53.2552],[12.46709,53.25623],[12.44531,53.24993],[12.43158,53.26258],[12.43206,53.27081],[12.42801,53.27499],[12.40984,53.27968],[12.40043,53.27919],[12.39183,53.28506],[12.39823,53.29466],[12.39425,53.30181],[12.38125,53.30235],[12.37397,53.30586],[12.36331,53.30671],[12.343,53.31592],[12.3251,53.3213],[12.31102,53.32322],[12.31077,53.32724],[12.2913,53.32868],[12.27956,53.32781],[12.27184,53.32406],[12.26021,53.32391],[12.25747,53.32502],[12.26001,53.32772],[12.24529,53.33301],[12.23643,53.34198],[12.22944,53.35816],[12.2216,53.35734],[12.21219,53.35316],[12.19112,53.35395],[12.18621,53.3507],[12.18685,53.34333],[12.16856,53.33912],[12.15651,53.34972],[12.15195,53.36151],[12.14126,53.35906],[12.13944,53.36142],[12.1392,53.35468],[12.13469,53.34857],[12.10846,53.34994],[12.10917,53.34381],[12.09209,53.34486],[12.08208,53.3463],[12.07755,53.36939],[12.06162,53.37142],[12.04528,53.37099],[12.05137,53.36687],[12.04716,53.36095],[12.05152,53.36022],[12.05459,53.35406],[12.05269,53.35325],[12.05642,53.34966],[12.03871,53.34508],[12.01461,53.33442],[12.02208,53.32129],[12.01851,53.31543],[12.02364,53.30414],[12.01853,53.29959],[12.00282,53.29964],[11.99707,53.29391],[11.9877,53.29566],[11.98647,53.29983],[11.97386,53.29916],[11.96571,53.28523],[11.95622,53.2788],[11.95425,53.27381],[11.94806,53.27177],[11.94542,53.27434],[11.91837,53.2733],[11.9047,53.27459],[11.89873,53.27831],[11.8926,53.27898],[11.88986,53.26905],[11.88482,53.26454],[11.86686,53.25655],[11.86175,53.24822],[11.84866,53.2497],[11.84679,53.25146],[11.81667,53.25419],[11.80948,53.25261],[11.80045,53.25465],[11.79607,53.25335],[11.80357,53.24686],[11.81722,53.24525],[11.82961,53.23651],[11.83299,53.23204],[11.82873,53.23123],[11.82889,53.22866],[11.81834,53.22906],[11.81615,53.22719],[11.80847,53.22645],[11.79448,53.22623],[11.7877,53.2287],[11.76907,53.22749],[11.74836,53.21991],[11.72933,53.21715],[11.72753,53.23166],[11.71463,53.23051],[11.71363,53.23284],[11.70737,53.23424],[11.70852,53.2375],[11.70253,53.23994],[11.70002,53.24398],[11.69543,53.24438],[11.69095,53.24176],[11.67685,53.24201],[11.66701,53.24422],[11.65362,53.23917],[11.6402,53.23865],[11.62924,53.24222],[11.6197,53.23768],[11.61685,53.2306],[11.59904,53.22498],[11.58896,53.21584],[11.57608,53.21203],[11.56155,53.21242],[11.55159,53.20841],[11.56058,53.20267],[11.55671,53.19424],[11.55979,53.18741],[11.55782,53.18486],[11.56708,53.18249],[11.56255,53.17583],[11.56893,53.17048],[11.56936,53.16609],[11.55587,53.15409],[11.55652,53.15042],[11.55008,53.15107],[11.55596,53.13878],[11.54694,53.13475],[11.54851,53.13082],[11.53637,53.12924],[11.53457,53.12532],[11.51005,53.12554],[11.50778,53.12269],[11.50222,53.12139],[11.50048,53.12642],[11.48408,53.12903],[11.47343,53.12725],[11.47371,53.13461],[11.46084,53.14023],[11.44833,53.13952],[11.43867,53.13669],[11.42176,53.14095],[11.4139,53.1367],[11.4047,53.13691],[11.39563,53.14],[11.3918,53.12965],[11.40057,53.11582],[11.39377,53.1103],[11.38679,53.11255],[11.3833,53.11095],[11.37275,53.11271],[11.37091,53.11156],[11.36899,53.11436],[11.36072,53.11622],[11.33662,53.11375],[11.32472,53.1193],[11.31724,53.12001],[11.31025,53.11623],[11.3,53.11642],[11.29042,53.1169],[11.28297,53.12144],[11.26573,53.12198]]],[[[12.21683,52.86075],[12.21732,52.86045],[12.21759,52.86013],[12.21908,52.86086],[12.22231,52.86255],[12.22132,52.86381],[12.21817,52.86245],[12.21712,52.86199],[12.21683,52.86075]]]]}},{"type":"Feature","id":"mecklenburg-vorpommern","bbox":[10.59367,53.1103,14.41238,54.68501],"properties":{"id":"mecklenburg-vorpommern","name":"Mecklenburg-Vorpommern","typ":"Bisheriger Bezirk","sitz":"Schwerin","kreise":["Kreisfreie Stadt Rostock","Kreisfreie Stadt Schwerin","Landkreis Ludwigslust-Parchim","Landkreis Mecklenburgische Seenplatte","Landkreis Nordwestmecklenburg","Landkreis Rostock","Landkreis Vorpommern-Greifswald","Landkreis Vorpommern-Rügen"],"quelle":"Bezirkseinführungsgesetz, aus VG250-Kreisgrenzen abgeleitet"},"geometry":{"type":"MultiPolygon","coordinates":[[[[10.59367,53.36786],[10.59505,53.36393],[10.61193,53.36914],[10.6307,53.37077],[10.67681,53.36746],[10.69305,53.37042],[10.70312,53.36942],[10.72846,53.35667],[10.73809,53.34234],[10.75124,53.34079],[10.75561,53.33861],[10.75877,53.34029],[10.76308,53.33885],[10.75766,53.33261],[10.75965,53.32999],[10.76289,53.329],[10.76757,53.33046],[10.77159,53.32532],[10.79326,53.31557],[10.8262,53.31239],[10.82865,53.30691],[10.83581,53.30497],[10.83972,53.30817],[10.85079,53.31],[10.85341,53.31587],[10.86751,53.3161],[10.87024,53.31772],[10.8717,53.32159],[10.86604,53.32691],[10.87159,53.32628],[10.87261,53.32398],[10.87834,53.32331],[10.88053,53.3211],[10.88803,53.32438],[10.8885,53.32719],[10.88055,53.33023],[10.88032,53.33553],[10.89265,53.33431],[10.89471,53.33666],[10.89924,53.3342],[10.90504,53.33755],[10.90968,53.33769],[10.91936,53.34842],[10.92825,53.34812],[10.93374,53.34308],[10.93169,53.34083],[10.93401,53.33929],[10.95554,53.33346],[10.95936,53.33853],[10.988,53.33343],[10.98266,53.32754],[10.9885,53.3245],[10.99144,53.32597],[10.99567,53.32115],[10.99908,53.32102],[10.9985,53.31569],[11.00331,53.31082],[11.00226,53.3052],[11.0087,53.30064],[11.00297,53.29355],[11.00836,53.29176],[11.00946,53.28148],[11.02105,53.28143],[11.02757,53.27894],[11.03945,53.26245],[11.04713,53.2577],[11.05682,53.24599],[11.06226,53.23545],[11.07185,53.23021],[11.08014,53.22052],[11.08706,53.21836],[11.09008,53.21426],[11.10263,53.21085],[11.11552,53.20451],[11.13849,53.2025],[11.13651,53.1994],[11.14499,53.19778],[11.1367,53.19184],[11.17989,53.18668],[11.19411,53.18119],[11.19533,53.17674],[11.18908,53.16562],[11.17941,53.15862],[11.17186,53.15664],[11.17796,53.15045],[11.18457,53.13642],[11.19202,53.13483],[11.21017,53.14353],[11.22338,53.14377],[11.2457,53.13642],[11.26573,53.12198],[11.28297,53.12144],[11.29042,53.1169],[11.31025,53.11623],[11.31724,53.12001],[11.3293,53.11793],[11.33179,53.11684],[11.33031,53.11544],[11.33662,53.11375],[11.36072,53.11622],[11.36899,53.11436],[11.37091,53.11156],[11.37275,53.11271],[11.3833,53.11095],[11.38679,53.11255],[11.39377,53.1103],[11.40057,53.11582],[11.3918,53.12965],[11.39563,53.14],[11.4047,53.13691],[11.4139,53.1367],[11.42176,53.14095],[11.43867,53.13669],[11.44833,53.13952],[11.46084,53.14023],[11.47371,53.13461],[11.47343,53.12725],[11.48408,53.12903],[11.50048,53.12642],[11.50222,53.12139],[11.50778,53.12269],[11.51005,53.12554],[11.53457,53.12532],[11.53637,53.12924],[11.54851,53.13082],[11.54694,53.13475],[11.55596,53.13878],[11.55008,53.15107],[11.55652,53.15042],[11.55587,53.15409],[11.56947,53.16661],[11.56893,53.17048],[11.56255,53.17583],[11.56708,53.18249],[11.55782,53.18486],[11.55979,53.18741],[11.55671,53.19424],[11.56058,53.20267],[11.55159,53.20841],[11.56155,53.21242],[11.57608,53.21203],[11.58896,53.21584],[11.59904,53.22498],[11.61685,53.2306],[11.6197,53.23768],[11.62592,53.24137],[11.62924,53.24222],[11.6402,53.23865],[11.65362,53.23917],[11.66701,53.24422],[11.67685,53.24201],[11.69095,53.24176],[11.69543,53.24438],[11.70002,53.24398],[11.70253,53.23994],[11.70852,53.2375],[11.70737,53.23424],[11.71363,53.23284],[11.71463,53.23051],[11.72753,53.23166],[11.72933,53.21715],[11.74046,53.21822],[11.76907,53.22749],[11.7877,53.2287],[11.79448,53.22623],[11.80847,53.22645],[11.81615,53.22719],[11.81834,53.22906],[11.82889,53.22866],[11.82873,53.23123],[11.83299,53.23204],[11.82961,53.23651],[11.81722,53.24525],[11.80357,53.24686],[11.79607,53.25335],[11.80045,53.25465],[11.80948,53.25261],[11.81667,53.25419],[11.84679,53.25146],[11.84866,53.2497],[11.86175,53.24822],[11.86686,53.25655],[11.88482,53.26454],[11.88986,53.26905],[11.8926,53.27898],[11.89873,53.27831],[11.9047,53.27459],[11.91837,53.2733],[11.94542,53.27434],[11.94806,53.27177],[11.95425,53.27381],[11.95622,53.2788],[11.97161,53.29207],[11.97386,53.29916],[11.98647,53.29983],[11.9877,53.29566],[11.99707,53.29391],[12.00282,53.29964],[12.01853,53.29959],[12.02364,53.30414],[12.01851,53.31543],[12.02208,53.32129],[12.01461,53.33442],[12.03871,53.34508],[12.05642,53.34966],[12.05269,53.35325],[12.05459,53.35406],[12.05152,53.36022],[12.04716,53.36095],[12.05137,53.36687],[12.04528,53.37099],[12.06162,53.37142],[12.07755,53.36939],[12.08208,53.3463],[12.09209,53.34486],[12.10917,53.34381],[12.10846,53.34994],[12.13469,53.34857],[12.1392,53.35468],[12.13944,53.36142],[12.14126,53.35906],[12.15195,53.36151],[12.15651,53.34972],[12.16856,53.33912],[12.18685,53.34333],[12.18621,53.3507],[12.19112,53.35395],[12.21219,53.35316],[12.2216,53.35734],[12.22944,53.35816],[12.23643,53.34198],[12.24529,53.33301],[12.26001,53.32772],[12.25747,53.32502],[12.26021,53.32391],[12.27184,53.32406],[12.27956,53.32781],[12.2913,53.32868],[12.31077,53.32724],[12.31102,53.32322],[12.3251,53.3213],[12.343,53.31592],[12.36331,53.30671],[12.37397,53.30586],[12.38125,53.30235],[12.39425,53.30181],[12.39823,53.29466],[12.39183,53.28506],[12.40043,53.27919],[12.40984,53.27968],[12.42801,53.27499],[12.43206,53.27081],[12.43158,53.26258],[12.44531,53.24993],[12.46709,53.25623],[12.49763,53.2552],[12.50279,53.25778],[12.5024,53.26217],[12.52977,53.26479],[12.54991,53.26198],[12.56632,53.25591],[12.59815,53.24853],[12.60118,53.24508],[12.60605,53.2444],[12.61728,53.2515],[12.62411,53.25176],[12.62842,53.25456],[12.65493,53.25525],[12.66569,53.25329],[12.66829,53.24816],[12.6724,53.24916],[12.67566,53.24772],[12.66624,53.24156],[12.66554,53.23862],[12.66944,53.23711],[12.66397,53.23495],[12.67118,53.2295],[12.68261,53.22646],[12.69581,53.22705],[12.71579,53.22452],[12.72274,53.22167],[12.74227,53.22305],[12.74688,53.22547],[12.75741,53.22435],[12.74951,53.20633],[12.73949,53.1996],[12.75915,53.195],[12.76438,53.18893],[12.78492,53.18784],[12.79028,53.19123],[12.79471,53.18987],[12.79909,53.19107],[12.80888,53.19765],[12.81293,53.19741],[12.81026,53.1954],[12.81487,53.19198],[12.81717,53.19606],[12.82079,53.19342],[12.82469,53.19705],[12.83791,53.19726],[12.84598,53.2014],[12.85887,53.18818],[12.86737,53.18681],[12.87071,53.18328],[12.88011,53.17969],[12.88434,53.18131],[12.88949,53.1804],[12.89204,53.18795],[12.90193,53.18997],[12.90371,53.1936],[12.91284,53.19517],[12.92532,53.19598],[12.92974,53.19442],[12.92883,53.19077],[12.91927,53.18805],[12.91997,53.18638],[12.9344,53.18823],[12.94243,53.18593],[12.94393,53.19092],[12.93711,53.19432],[12.94887,53.19927],[12.96424,53.20039],[12.97688,53.19737],[12.97943,53.19055],[12.96233,53.18519],[12.96138,53.18102],[12.94723,53.17845],[12.942,53.17432],[12.94727,53.1725],[12.96151,53.17774],[12.96515,53.17591],[12.96852,53.16637],[12.98047,53.16253],[12.98436,53.16425],[12.98442,53.16687],[12.99154,53.16856],[13.00207,53.16894],[13.00186,53.16697],[13.00461,53.16692],[13.00913,53.17285],[13.01323,53.17217],[13.02004,53.17571],[13.01873,53.18525],[13.02801,53.18559],[13.0315,53.19006],[13.03892,53.1917],[13.04241,53.1965],[13.0556,53.20105],[13.06406,53.20098],[13.06913,53.20364],[13.07309,53.20036],[13.07953,53.20018],[13.07843,53.20467],[13.08206,53.21005],[13.08575,53.21031],[13.08438,53.21306],[13.08814,53.21403],[13.08727,53.2154],[13.09381,53.21709],[13.09748,53.21299],[13.10656,53.21515],[13.10536,53.22018],[13.10828,53.22555],[13.10326,53.23554],[13.10993,53.24023],[13.12302,53.24059],[13.12907,53.23699],[13.13298,53.23732],[13.13741,53.24462],[13.15222,53.25111],[13.15255,53.24604],[13.1638,53.24976],[13.17092,53.25003],[13.1752,53.24718],[13.18191,53.25073],[13.1904,53.2407],[13.19055,53.23496],[13.20268,53.22212],[13.22939,53.21659],[13.23883,53.22551],[13.23692,53.22729],[13.24197,53.23714],[13.23965,53.23894],[13.24364,53.23947],[13.25124,53.24739],[13.24726,53.24888],[13.24585,53.24703],[13.24375,53.24869],[13.24786,53.25684],[13.2537,53.26007],[13.25271,53.26231],[13.25728,53.26145],[13.27531,53.26506],[13.28442,53.27567],[13.28815,53.2752],[13.2978,53.28089],[13.33708,53.27343],[13.341,53.27368],[13.34036,53.27626],[13.3492,53.27826],[13.36045,53.278],[13.3686,53.27104],[13.37063,53.26176],[13.38221,53.2504],[13.38611,53.25048],[13.38653,53.24405],[13.38899,53.24274],[13.39691,53.24595],[13.40517,53.24642],[13.40336,53.2492],[13.40857,53.25837],[13.40768,53.26263],[13.41326,53.26302],[13.42092,53.26964],[13.43151,53.28455],[13.43513,53.28278],[13.4424,53.28648],[13.43414,53.28994],[13.43873,53.29199],[13.43495,53.29472],[13.43821,53.29973],[13.44238,53.29807],[13.45619,53.29795],[13.4565,53.29305],[13.46128,53.28869],[13.48306,53.2912],[13.49733,53.30223],[13.49642,53.30663],[13.50727,53.31623],[13.50179,53.3247],[13.50284,53.32733],[13.50899,53.3219],[13.51011,53.31745],[13.52353,53.32008],[13.52299,53.33469],[13.51963,53.33797],[13.52048,53.34104],[13.52483,53.34307],[13.52526,53.35102],[13.51685,53.35209],[13.526,53.36635],[13.54342,53.36403],[13.54743,53.3719],[13.55637,53.37609],[13.5568,53.37964],[13.55021,53.38094],[13.55418,53.38307],[13.55659,53.39156],[13.54621,53.3942],[13.54964,53.39558],[13.55011,53.39908],[13.56406,53.40076],[13.57013,53.40344],[13.57362,53.40809],[13.58931,53.4097],[13.59348,53.40778],[13.59661,53.41046],[13.60653,53.41129],[13.61051,53.41376],[13.61761,53.41301],[13.61905,53.40895],[13.62522,53.4093],[13.63602,53.42352],[13.62884,53.432],[13.6373,53.43258],[13.63889,53.43806],[13.6339,53.43987],[13.6405,53.44724],[13.65129,53.44369],[13.65523,53.44757],[13.6543,53.4514],[13.66256,53.45774],[13.67196,53.45951],[13.68036,53.46524],[13.70299,53.47365],[13.7154,53.48226],[13.73578,53.48141],[13.74137,53.48581],[13.74704,53.48406],[13.74698,53.48138],[13.75298,53.47828],[13.77546,53.47614],[13.77894,53.47422],[13.80203,53.47803],[13.81208,53.48394],[13.8271,53.49871],[13.80897,53.5018],[13.80146,53.49796],[13.79211,53.50822],[13.79246,53.51094],[13.77766,53.51371],[13.78043,53.52155],[13.77638,53.53129],[13.78424,53.55184],[13.79135,53.55858],[13.80057,53.55825],[13.79846,53.54569],[13.82388,53.52114],[13.82173,53.51811],[13.8484,53.51431],[13.87927,53.50414],[13.87392,53.49059],[13.87623,53.48701],[13.88459,53.48534],[13.87559,53.47347],[13.91821,53.456],[13.91751,53.44653],[13.90629,53.44388],[13.91139,53.43654],[13.90289,53.43203],[13.90755,53.42624],[13.91637,53.42227],[13.94649,53.43081],[13.96208,53.4299],[14.00122,53.43499],[14.00659,53.43041],[14.0456,53.42943],[14.05058,53.41399],[14.05661,53.41252],[14.0712,53.41499],[14.08222,53.41091],[14.08229,53.41558],[14.09392,53.42212],[14.10543,53.42243],[14.12184,53.44171],[14.13401,53.43904],[14.13676,53.441],[14.17696,53.42287],[14.20591,53.42303],[14.22466,53.43425],[14.23299,53.42815],[14.23771,53.42734],[14.24179,53.42244],[14.23736,53.41469],[14.24314,53.39232],[14.23106,53.36809],[14.22341,53.35856],[14.20523,53.34229],[14.18402,53.32763],[14.13881,53.30233],[14.10965,53.28264],[14.10357,53.27486],[14.09882,53.26167],[14.12479,53.26023],[14.14252,53.26544],[14.16024,53.26781],[14.17598,53.26207],[14.18644,53.26056],[14.20016,53.26177],[14.21106,53.25481],[14.25218,53.25721],[14.26605,53.25959],[14.26219,53.2766],[14.30185,53.28622],[14.30167,53.28914],[14.31302,53.30203],[14.31657,53.31234],[14.34866,53.30997],[14.35025,53.31376],[14.36193,53.31521],[14.36164,53.31756],[14.37664,53.31628],[14.38154,53.32389],[14.39537,53.32888],[14.41238,53.32959],[14.40548,53.34709],[14.39032,53.35371],[14.39479,53.37572],[14.38923,53.38783],[14.37328,53.40895],[14.36862,53.43261],[14.37128,53.45644],[14.35803,53.45731],[14.35416,53.48857],[14.35065,53.49601],[14.32688,53.50381],[14.31575,53.52515],[14.31936,53.52983],[14.31585,53.53693],[14.30577,53.54392],[14.30728,53.55134],[14.30256,53.5534],[14.31396,53.56523],[14.31183,53.57941],[14.31695,53.61807],[14.31111,53.61845],[14.28385,53.63444],[14.28464,53.6588],[14.279,53.66308],[14.27538,53.66257],[14.2709,53.6653],[14.27167,53.66778],[14.28111,53.67295],[14.28368,53.6825],[14.27255,53.68936],[14.26681,53.6987],[14.26773,53.70463],[14.27193,53.70585],[14.26833,53.70845],[14.27353,53.74435],[14.26695,53.75349],[14.2836,53.7723],[14.27043,53.78995],[14.17852,53.8068],[14.12022,53.80788],[14.07311,53.8116],[14.02297,53.81022],[13.98686,53.81221],[13.92031,53.82567],[13.90445,53.82408],[13.8896,53.82719],[13.85134,53.84506],[13.82246,53.8477],[13.81863,53.85922],[13.82665,53.86562],[13.82939,53.87433],[13.82615,53.87763],[13.83374,53.87898],[13.84722,53.87795],[13.85131,53.88833],[13.86475,53.90046],[13.88737,53.91016],[13.90329,53.911],[13.9104,53.91532],[13.91411,53.92186],[13.90825,53.93045],[13.89866,53.93564],[13.89415,53.94269],[13.88457,53.94443],[13.88132,53.9498],[13.86979,53.95239],[13.86576,53.94988],[13.8566,53.9501],[13.85263,53.95276],[13.85385,53.96463],[13.83382,53.98443],[13.8209,53.9886],[13.81088,53.9953],[13.79554,53.99581],[13.77417,54.00964],[13.76041,54.0154],[13.75787,54.02797],[13.75033,54.0262],[13.7436,54.02872],[13.74432,54.03263],[13.7614,54.03565],[13.78265,54.04754],[13.78539,54.05367],[13.78256,54.05939],[13.77883,54.0555],[13.77381,54.0598],[13.78504,54.06557],[13.78721,54.06328],[13.79017,54.06441],[13.78949,54.07093],[13.79534,54.07755],[13.79337,54.08552],[13.80345,54.09612],[13.80467,54.09472],[13.80634,54.09574],[13.80875,54.10045],[13.80322,54.10511],[13.78672,54.11001],[13.77356,54.1179],[13.76828,54.12666],[13.76372,54.12698],[13.74731,54.1346],[13.75157,54.13479],[13.74907,54.13978],[13.73397,54.13595],[13.71869,54.14458],[13.69739,54.14892],[13.69562,54.15794],[13.71072,54.15993],[13.7183,54.16323],[13.70626,54.17118],[13.69579,54.17177],[13.67844,54.16296],[13.65295,54.1537],[13.64743,54.1572],[13.64401,54.15698],[13.64113,54.15385],[13.64573,54.15082],[13.62348,54.13966],[13.57597,54.13181],[13.57424,54.13512],[13.5724,54.1318],[13.55972,54.13046],[13.52915,54.13106],[13.48599,54.12278],[13.47703,54.11879],[13.47695,54.11575],[13.47917,54.11239],[13.48301,54.11153],[13.48714,54.10038],[13.50185,54.08711],[13.50007,54.08466],[13.4894,54.08385],[13.47913,54.08678],[13.46851,54.0871],[13.45809,54.09084],[13.46017,54.09558],[13.4481,54.10184],[13.45152,54.10257],[13.4512,54.10517],[13.44763,54.10545],[13.43919,54.11227],[13.43997,54.12302],[13.43017,54.13555],[13.41209,54.14635],[13.40674,54.14704],[13.40956,54.1502],[13.40801,54.15316],[13.41421,54.15762],[13.41455,54.16375],[13.42217,54.16741],[13.41928,54.17284],[13.39441,54.18121],[13.40019,54.17831],[13.3998,54.16964],[13.379,54.17711],[13.36286,54.17055],[13.35744,54.17022],[13.35602,54.16791],[13.34993,54.16776],[13.347,54.16529],[13.33727,54.1675],[13.32173,54.16003],[13.31639,54.16013],[13.3297,54.16736],[13.33525,54.17395],[13.34066,54.17383],[13.33666,54.177],[13.35749,54.18336],[13.36536,54.18315],[13.37054,54.18053],[13.37128,54.18177],[13.36533,54.1853],[13.35568,54.18466],[13.3447,54.18111],[13.32661,54.18382],[13.31896,54.19482],[13.30634,54.20432],[13.29123,54.23403],[13.28871,54.23333],[13.28379,54.23629],[13.2597,54.24111],[13.22829,54.23971],[13.21567,54.24121],[13.21048,54.24466],[13.21648,54.24781],[13.21622,54.24982],[13.21064,54.25102],[13.20232,54.25742],[13.19023,54.25893],[13.18977,54.26322],[13.18534,54.26634],[13.17268,54.26309],[13.16718,54.26623],[13.16256,54.26411],[13.16278,54.26053],[13.15948,54.25849],[13.14277,54.25365],[13.14192,54.25735],[13.16044,54.26763],[13.17665,54.26649],[13.17843,54.26927],[13.1666,54.27894],[13.15209,54.26848],[13.13287,54.27941],[13.13095,54.28775],[13.13991,54.30737],[13.13492,54.31222],[13.1351,54.31736],[13.13894,54.31929],[13.14297,54.31504],[13.14956,54.31279],[13.16962,54.30983],[13.1855,54.30002],[13.18067,54.29638],[13.16974,54.30227],[13.16397,54.30108],[13.1647,54.30425],[13.15411,54.30464],[13.15553,54.30331],[13.1397,54.29636],[13.13832,54.28619],[13.14167,54.28092],[13.16545,54.28941],[13.18107,54.28744],[13.18729,54.29039],[13.19298,54.29709],[13.20086,54.29417],[13.20302,54.29027],[13.20276,54.28781],[13.19619,54.28448],[13.19954,54.26992],[13.21347,54.27087],[13.21711,54.27302],[13.22645,54.26871],[13.23984,54.2663],[13.25043,54.2582],[13.26817,54.25373],[13.28743,54.25924],[13.31298,54.25698],[13.32152,54.25808],[13.31449,54.25946],[13.31459,54.26385],[13.30969,54.2657],[13.32427,54.27037],[13.33269,54.27831],[13.33671,54.27856],[13.33421,54.27026],[13.32802,54.26949],[13.32278,54.26618],[13.32344,54.26069],[13.32686,54.25847],[13.32657,54.25491],[13.32207,54.25239],[13.32168,54.24566],[13.31908,54.24469],[13.31009,54.24962],[13.29703,54.25229],[13.29504,54.25542],[13.29085,54.25128],[13.30891,54.24769],[13.32367,54.23754],[13.32858,54.23914],[13.38352,54.22887],[13.39359,54.22097],[13.3993,54.22683],[13.41729,54.23247],[13.42472,54.23855],[13.42401,54.24521],[13.41737,54.25582],[13.40155,54.26571],[13.39159,54.26397],[13.38987,54.2587],[13.37879,54.25333],[13.37032,54.2622],[13.36448,54.2641],[13.36033,54.26252],[13.36174,54.25812],[13.35902,54.25749],[13.36336,54.25466],[13.36587,54.25797],[13.36937,54.25418],[13.36777,54.25136],[13.36085,54.24986],[13.35796,54.24668],[13.35962,54.25046],[13.35229,54.25382],[13.35867,54.25593],[13.35598,54.25865],[13.35802,54.26006],[13.3542,54.26123],[13.35671,54.2638],[13.35082,54.26984],[13.35801,54.27016],[13.36122,54.27299],[13.36299,54.27104],[13.36853,54.27072],[13.37236,54.27562],[13.37862,54.27739],[13.37595,54.27822],[13.37193,54.2764],[13.37153,54.27781],[13.37601,54.27908],[13.38394,54.27738],[13.38652,54.2796],[13.39076,54.27945],[13.38388,54.26628],[13.38672,54.26656],[13.41086,54.28618],[13.41244,54.29651],[13.4196,54.30279],[13.44517,54.31394],[13.46134,54.31588],[13.46698,54.32405],[13.46359,54.32942],[13.47947,54.33031],[13.48301,54.33485],[13.49597,54.3368],[13.5008,54.3407],[13.50388,54.3393],[13.50795,54.34026],[13.50488,54.34308],[13.50707,54.34421],[13.51788,54.34042],[13.53083,54.33992],[13.53815,54.34308],[13.55076,54.33969],[13.56522,54.34499],[13.57532,54.353],[13.58796,54.35208],[13.59832,54.34786],[13.61417,54.3302],[13.6292,54.33154],[13.62424,54.33211],[13.62293,54.33428],[13.63051,54.33723],[13.62986,54.33894],[13.6391,54.33947],[13.6357,54.34317],[13.63891,54.3457],[13.64875,54.34835],[13.65405,54.34692],[13.66217,54.34778],[13.67481,54.35095],[13.68215,54.34989],[13.6846,54.34631],[13.67405,54.33733],[13.64238,54.32549],[13.61201,54.32064],[13.6098,54.3166],[13.61729,54.31551],[13.6209,54.31863],[13.63729,54.31932],[13.65616,54.32698],[13.67223,54.33031],[13.68278,54.32628],[13.69521,54.32471],[13.70362,54.3263],[13.70335,54.32046],[13.69679,54.31746],[13.70031,54.31676],[13.68599,54.31512],[13.67776,54.30839],[13.65662,54.30402],[13.6454,54.29756],[13.65513,54.28847],[13.6617,54.28752],[13.66934,54.2919],[13.69174,54.28971],[13.69326,54.29388],[13.70222,54.29563],[13.70947,54.27991],[13.6987,54.28062],[13.69081,54.28744],[13.68424,54.28495],[13.68704,54.27994],[13.69705,54.27877],[13.70766,54.26874],[13.72423,54.27386],[13.71541,54.29409],[13.7193,54.31151],[13.72422,54.31734],[13.73055,54.31772],[13.73598,54.33218],[13.74765,54.32667],[13.75245,54.33007],[13.74091,54.33562],[13.76645,54.33965],[13.76691,54.34183],[13.74753,54.34516],[13.72118,54.35914],[13.70039,54.38357],[13.70328,54.38569],[13.69764,54.38406],[13.67294,54.4012],[13.66453,54.40322],[13.6566,54.39959],[13.63319,54.40062],[13.6271,54.39875],[13.61337,54.40337],[13.58744,54.42602],[13.57812,54.4391],[13.57009,54.45987],[13.57073,54.47107],[13.578,54.47961],[13.59759,54.47636],[13.60192,54.48343],[13.59716,54.4881],[13.60941,54.49886],[13.62265,54.50236],[13.62818,54.50616],[13.63432,54.50465],[13.65394,54.5163],[13.6694,54.52107],[13.67861,54.53154],[13.68164,54.54262],[13.67608,54.55425],[13.67981,54.56249],[13.66116,54.57579],[13.63486,54.58547],[13.58826,54.5844],[13.54258,54.57977],[13.509,54.57423],[13.49706,54.5754],[13.49082,54.57306],[13.46967,54.57542],[13.46688,54.57182],[13.46039,54.57063],[13.43499,54.57459],[13.41874,54.58087],[13.39331,54.59862],[13.38372,54.61199],[13.37724,54.63556],[13.38516,54.64719],[13.39108,54.65132],[13.42109,54.65637],[13.43215,54.66362],[13.43251,54.67085],[13.43894,54.67753],[13.42772,54.68501],[13.40798,54.68222],[13.37826,54.68399],[13.33606,54.67544],[13.28762,54.6738],[13.25061,54.66046],[13.21988,54.64078],[13.21823,54.63577],[13.22574,54.61231],[13.21481,54.59555],[13.19575,54.58261],[13.18127,54.57676],[13.16725,54.57373],[13.16028,54.5643],[13.16094,54.55908],[13.16345,54.55806],[13.17589,54.56091],[13.17487,54.56544],[13.17719,54.56135],[13.17693,54.56312],[13.18332,54.56522],[13.18568,54.57082],[13.19476,54.57215],[13.2141,54.58552],[13.22836,54.58743],[13.2291,54.59306],[13.23223,54.59138],[13.23794,54.59419],[13.22605,54.62382],[13.26434,54.64329],[13.28297,54.64559],[13.28807,54.6373],[13.288,54.627],[13.28222,54.62172],[13.28401,54.61923],[13.28036,54.61322],[13.25708,54.59008],[13.24315,54.56151],[13.24545,54.55783],[13.25689,54.5631],[13.27784,54.56441],[13.28823,54.57038],[13.30596,54.573],[13.31504,54.57931],[13.3324,54.58194],[13.33492,54.58506],[13.32758,54.59341],[13.34819,54.6009],[13.35329,54.60531],[13.35398,54.61152],[13.35535,54.61054],[13.35832,54.6133],[13.36306,54.61253],[13.37033,54.61458],[13.38425,54.59573],[13.38441,54.58177],[13.39563,54.57292],[13.40739,54.57291],[13.42479,54.56888],[13.4325,54.55965],[13.44613,54.5516],[13.48395,54.55402],[13.49739,54.54818],[13.50218,54.54829],[13.50986,54.52987],[13.51406,54.52755],[13.5125,54.52665],[13.5108,54.52884],[13.50795,54.52524],[13.51361,54.52509],[13.50804,54.5243],[13.51134,54.52299],[13.5147,54.51382],[13.50007,54.49256],[13.50049,54.48807],[13.50461,54.48524],[13.50331,54.47933],[13.50834,54.47699],[13.50904,54.47997],[13.52675,54.48034],[13.5481,54.47491],[13.54687,54.45678],[13.53794,54.45176],[13.52546,54.45026],[13.52399,54.44804],[13.53101,54.44511],[13.55204,54.44673],[13.55696,54.44194],[13.55391,54.43542],[13.53977,54.43356],[13.53153,54.43516],[13.52006,54.43391],[13.52004,54.42956],[13.54217,54.42768],[13.54125,54.41933],[13.53473,54.41652],[13.52989,54.41663],[13.52805,54.42],[13.52131,54.41815],[13.51575,54.41956],[13.51056,54.41846],[13.50364,54.42568],[13.49981,54.42535],[13.49431,54.42078],[13.47528,54.42589],[13.47555,54.43259],[13.48223,54.43827],[13.47763,54.43621],[13.47683,54.43776],[13.48347,54.44287],[13.4933,54.44663],[13.49852,54.44619],[13.48463,54.44042],[13.48273,54.4356],[13.4871,54.43427],[13.49753,54.43629],[13.50391,54.43441],[13.51403,54.44319],[13.51053,54.44518],[13.50008,54.44449],[13.4998,54.4465],[13.50746,54.45035],[13.50617,54.45164],[13.49189,54.45304],[13.474,54.45172],[13.4708,54.45404],[13.48382,54.47371],[13.49007,54.47717],[13.50205,54.47897],[13.5008,54.48229],[13.49359,54.48146],[13.48126,54.48381],[13.44838,54.47438],[13.44167,54.48734],[13.41205,54.4941],[13.41179,54.49908],[13.4061,54.50569],[13.41458,54.51987],[13.39632,54.53778],[13.38039,54.54623],[13.37682,54.55953],[13.37251,54.56034],[13.36436,54.55731],[13.36113,54.55277],[13.35403,54.54988],[13.35471,54.54675],[13.35947,54.54482],[13.33609,54.5485],[13.34817,54.55338],[13.35398,54.55142],[13.36145,54.56925],[13.37044,54.5766],[13.36897,54.57892],[13.35502,54.58103],[13.34645,54.57837],[13.34438,54.57374],[13.33744,54.57056],[13.33336,54.57119],[13.32509,54.56867],[13.29723,54.55243],[13.29685,54.55],[13.30325,54.54724],[13.30485,54.54036],[13.30749,54.5395],[13.30309,54.5279],[13.31212,54.52442],[13.31125,54.51997],[13.30626,54.51933],[13.31067,54.51734],[13.3049,54.51412],[13.30134,54.51468],[13.29772,54.51928],[13.28794,54.52211],[13.29103,54.53259],[13.29485,54.53408],[13.29527,54.53682],[13.28942,54.54164],[13.28647,54.54346],[13.27657,54.54332],[13.25626,54.55166],[13.24517,54.55277],[13.24371,54.55557],[13.24212,54.55364],[13.22911,54.55375],[13.17439,54.54571],[13.14418,54.54697],[13.1392,54.54051],[13.15185,54.54151],[13.15974,54.53549],[13.16329,54.51326],[13.15712,54.51279],[13.1551,54.50712],[13.16006,54.5033],[13.16536,54.50248],[13.16307,54.50385],[13.16884,54.50521],[13.16871,54.50984],[13.17147,54.50755],[13.19926,54.50369],[13.21335,54.50878],[13.23138,54.5109],[13.23278,54.50448],[13.22915,54.50367],[13.22613,54.493],[13.22859,54.48544],[13.23664,54.4827],[13.24402,54.48693],[13.24939,54.48753],[13.25625,54.48598],[13.25792,54.47839],[13.26462,54.48049],[13.27011,54.47989],[13.26677,54.47674],[13.2573,54.47322],[13.25403,54.47379],[13.25334,54.47133],[13.24217,54.47272],[13.2369,54.46877],[13.23198,54.46852],[13.24031,54.46536],[13.23624,54.46239],[13.23007,54.46475],[13.22449,54.4643],[13.22291,54.46063],[13.21768,54.4592],[13.20604,54.46028],[13.20331,54.45713],[13.20472,54.45287],[13.19999,54.44803],[13.19264,54.45021],[13.19268,54.45532],[13.1793,54.45493],[13.17266,54.45252],[13.17059,54.45373],[13.16129,54.43724],[13.14942,54.42813],[13.1502,54.42244],[13.1583,54.42065],[13.1717,54.42524],[13.18042,54.42312],[13.19169,54.42353],[13.20272,54.42615],[13.20689,54.43017],[13.21186,54.42994],[13.21371,54.42209],[13.22052,54.41378],[13.2339,54.40959],[13.22945,54.41274],[13.23264,54.41361],[13.23753,54.40984],[13.23731,54.40712],[13.23225,54.40443],[13.23422,54.40316],[13.22967,54.40155],[13.23702,54.38724],[13.24155,54.38478],[13.25,54.38387],[13.25156,54.38626],[13.25984,54.38562],[13.26231,54.3836],[13.26034,54.38045],[13.23803,54.37791],[13.23554,54.37638],[13.23794,54.37081],[13.22397,54.37002],[13.22044,54.36773],[13.21599,54.36886],[13.2159,54.3715],[13.20202,54.37137],[13.20162,54.37411],[13.19695,54.37591],[13.17165,54.37127],[13.15761,54.37493],[13.12993,54.37209],[13.12379,54.36595],[13.12316,54.35481],[13.11523,54.3441],[13.11369,54.33478],[13.11576,54.33108],[13.12478,54.32933],[13.135,54.32412],[13.1291,54.32114],[13.11502,54.323],[13.11012,54.3294],[13.10471,54.34745],[13.09446,54.34636],[13.07984,54.35295],[13.09384,54.36578],[13.08258,54.37943],[13.0729,54.38305],[13.06302,54.38063],[13.04846,54.38013],[13.03861,54.39024],[13.02567,54.39651],[13.02022,54.41236],[13.02478,54.42212],[13.03414,54.42422],[13.03427,54.43169],[13.02801,54.43692],[13.01578,54.43939],[13.00145,54.43703],[12.99545,54.42802],[12.98945,54.42588],[12.96692,54.42264],[12.95893,54.42311],[12.95381,54.41659],[12.92637,54.41396],[12.91269,54.40635],[12.89772,54.40167],[12.8962,54.39374],[12.88528,54.38445],[12.88342,54.36962],[12.87809,54.365],[12.86554,54.36233],[12.85298,54.35329],[12.84631,54.35108],[12.81753,54.35096],[12.80966,54.3436],[12.8072,54.34884],[12.80906,54.35799],[12.80787,54.36165],[12.80522,54.362],[12.80401,54.3704],[12.79571,54.3778],[12.785,54.37947],[12.78649,54.39644],[12.78291,54.39158],[12.77709,54.39142],[12.7748,54.38881],[12.7689,54.37161],[12.75585,54.37056],[12.74406,54.38406],[12.74098,54.37289],[12.72932,54.37418],[12.71954,54.37311],[12.71969,54.3778],[12.71361,54.38663],[12.71511,54.3987],[12.70009,54.39848],[12.69649,54.38514],[12.68259,54.37441],[12.68642,54.37315],[12.68841,54.36813],[12.68294,54.37142],[12.67644,54.37058],[12.68162,54.3809],[12.6882,54.38168],[12.69348,54.38608],[12.68563,54.39366],[12.68881,54.40028],[12.70272,54.40272],[12.71256,54.40212],[12.71461,54.40397],[12.70749,54.41188],[12.68403,54.40633],[12.67269,54.40826],[12.67209,54.40613],[12.66853,54.40813],[12.66746,54.40442],[12.65906,54.40453],[12.65849,54.40306],[12.66232,54.40239],[12.66022,54.39858],[12.67144,54.39517],[12.67137,54.39095],[12.66711,54.38877],[12.66252,54.3899],[12.66123,54.38661],[12.65532,54.38361],[12.6291,54.37676],[12.62221,54.37221],[12.60149,54.37055],[12.59685,54.37181],[12.60066,54.36915],[12.59882,54.36181],[12.59457,54.35812],[12.5858,54.35623],[12.57466,54.3586],[12.57615,54.36666],[12.5817,54.37338],[12.57411,54.37115],[12.56651,54.37158],[12.55588,54.37567],[12.55376,54.37959],[12.55468,54.37251],[12.53433,54.36518],[12.53569,54.36256],[12.55258,54.35955],[12.55329,54.35614],[12.5389,54.35249],[12.53547,54.34501],[12.53932,54.34517],[12.53989,54.34346],[12.5357,54.33843],[12.52627,54.33393],[12.52108,54.3334],[12.51486,54.33546],[12.4994,54.33353],[12.49968,54.33124],[12.49558,54.33047],[12.47309,54.32961],[12.4716,54.32216],[12.47955,54.31226],[12.47935,54.3078],[12.47648,54.30749],[12.47873,54.30393],[12.43455,54.29659],[12.42937,54.29356],[12.42704,54.374],[12.43346,54.37573],[12.43614,54.37909],[12.4573,54.38145],[12.49564,54.38239],[12.50387,54.38081],[12.51772,54.3727],[12.52114,54.37371],[12.52072,54.37674],[12.52582,54.38067],[12.5354,54.38168],[12.53783,54.38492],[12.5525,54.39012],[12.57874,54.38823],[12.58707,54.3895],[12.59183,54.38789],[12.59229,54.38364],[12.59782,54.39157],[12.58837,54.39241],[12.57748,54.39637],[12.57789,54.40433],[12.58685,54.40781],[12.60266,54.40943],[12.61751,54.40725],[12.61065,54.41091],[12.61763,54.4148],[12.61719,54.41795],[12.62857,54.42004],[12.63808,54.42551],[12.64768,54.4187],[12.65315,54.41051],[12.66636,54.40865],[12.66932,54.42144],[12.69316,54.43225],[12.71146,54.42824],[12.72103,54.43237],[12.74047,54.41511],[12.76324,54.41254],[12.77063,54.41715],[12.78603,54.41737],[12.79155,54.41627],[12.80185,54.4087],[12.8124,54.41732],[12.83186,54.42306],[12.85754,54.42077],[12.87495,54.41371],[12.90079,54.42055],[12.91152,54.41998],[12.9214,54.4235],[12.92695,54.42796],[12.91539,54.43883],[12.92099,54.44509],[12.85697,54.44066],[12.81936,54.44007],[12.7463,54.44246],[12.67659,54.44218],[12.65766,54.44339],[12.61451,54.45025],[12.56092,54.45473],[12.54345,54.45968],[12.52607,54.4712],[12.52792,54.47629],[12.52552,54.47955],[12.53012,54.48208],[12.51839,54.4846],[12.52933,54.48534],[12.52975,54.48738],[12.52596,54.48751],[12.5122,54.48353],[12.50085,54.47495],[12.48149,54.4479],[12.46641,54.41986],[12.4363,54.3917],[12.40593,54.37694],[12.36589,54.32597],[12.3422,54.30161],[12.30653,54.28215],[12.22338,54.25433],[12.19289,54.24099],[12.1749,54.22911],[12.1513,54.20387],[12.12747,54.18606],[12.10687,54.17834],[12.10246,54.17896],[12.10398,54.1807],[12.10041,54.18433],[12.09369,54.18542],[12.10099,54.16929],[12.09748,54.17007],[12.08685,54.18594],[12.07471,54.18019],[12.06146,54.17805],[12.03599,54.17645],[12.01136,54.17834],[11.96498,54.1667],[11.94686,54.16501],[11.88798,54.15103],[11.84977,54.145],[11.81921,54.145],[11.79362,54.14733],[11.77484,54.15111],[11.77533,54.15395],[11.7684,54.15585],[11.76656,54.15368],[11.68294,54.15327],[11.60838,54.10703],[11.58933,54.09953],[11.56784,54.09819],[11.55252,54.09269],[11.5251,54.07093],[11.52621,54.06828],[11.53085,54.07451],[11.53454,54.07402],[11.53699,54.05732],[11.53218,54.05412],[11.53176,54.04918],[11.54218,54.05497],[11.54214,54.05733],[11.53931,54.05625],[11.53873,54.05745],[11.54824,54.06351],[11.54826,54.06636],[11.55884,54.06978],[11.56914,54.07868],[11.56329,54.07684],[11.56353,54.07815],[11.57684,54.08083],[11.57924,54.08713],[11.58749,54.09314],[11.60228,54.09576],[11.59983,54.09956],[11.60481,54.10283],[11.61472,54.10158],[11.62624,54.09016],[11.62447,54.07678],[11.61378,54.07316],[11.6104,54.06814],[11.60735,54.06937],[11.59459,54.06736],[11.58261,54.06369],[11.58709,54.04699],[11.57721,54.03607],[11.5688,54.03095],[11.55754,54.0268],[11.5438,54.02477],[11.53291,54.0282],[11.5291,54.03385],[11.52398,54.03374],[11.51853,54.03029],[11.51825,54.02572],[11.52864,54.02535],[11.52977,54.02711],[11.53341,54.02539],[11.53401,54.01964],[11.50978,54.01191],[11.49691,53.99522],[11.49051,53.99379],[11.49199,53.99002],[11.49471,53.98816],[11.49862,53.98857],[11.49982,53.98595],[11.4989,53.9818],[11.49131,53.97737],[11.49393,53.97084],[11.48792,53.96823],[11.48815,53.97554],[11.48308,53.97144],[11.4728,53.97083],[11.47172,53.96322],[11.4744,53.96493],[11.47949,53.96455],[11.47811,53.96901],[11.4833,53.96745],[11.47978,53.96164],[11.48219,53.94701],[11.47776,53.9345],[11.48227,53.93018],[11.48165,53.92739],[11.47819,53.92563],[11.47585,53.92902],[11.47285,53.92833],[11.45817,53.91667],[11.44466,53.9149],[11.44453,53.91061],[11.44696,53.91006],[11.44251,53.90936],[11.45029,53.90364],[11.44439,53.89934],[11.43452,53.90107],[11.43653,53.9073],[11.43996,53.90832],[11.43689,53.91106],[11.41635,53.91542],[11.4027,53.92231],[11.40116,53.92733],[11.40684,53.9352],[11.3886,53.93913],[11.36504,53.93514],[11.34953,53.94378],[11.34656,53.9464],[11.34954,53.94704],[11.34868,53.9486],[11.34565,53.94795],[11.33446,53.95897],[11.32642,53.95689],[11.31483,53.94207],[11.28872,53.93157],[11.2732,53.93126],[11.25391,53.93715],[11.25091,53.93907],[11.25457,53.9407],[11.25287,53.94217],[11.24826,53.94041],[11.24555,53.94279],[11.24148,53.95415],[11.24589,53.97316],[11.24965,53.97124],[11.25434,53.97264],[11.25972,53.98354],[11.25321,53.98766],[11.24118,53.98241],[11.22812,53.98253],[11.2072,53.98838],[11.19322,54.00038],[11.19136,54.00942],[11.17998,54.01517],[11.14446,54.00964],[11.08959,54.01366],[11.07192,54.00963],[11.04224,54.00664],[10.98463,53.98863],[10.93351,53.96493],[10.90366,53.95682],[10.90946,53.94627],[10.89639,53.93597],[10.8951,53.92455],[10.89879,53.92228],[10.90295,53.92399],[10.91301,53.92404],[10.9246,53.92182],[10.92987,53.91828],[10.93933,53.91933],[10.94937,53.9129],[10.9616,53.9142],[10.96763,53.91063],[10.96706,53.9072],[10.95985,53.90941],[10.96295,53.91053],[10.95897,53.91026],[10.94989,53.90427],[10.94318,53.90432],[10.93679,53.90065],[10.91102,53.89795],[10.90243,53.9033],[10.9021,53.90629],[10.91129,53.91523],[10.89609,53.91793],[10.8863,53.92484],[10.88257,53.9245],[10.87598,53.9191],[10.87472,53.91454],[10.85916,53.90941],[10.85553,53.90479],[10.8483,53.90511],[10.84721,53.89694],[10.83946,53.89549],[10.8357,53.8971],[10.82641,53.89304],[10.81893,53.89353],[10.81501,53.88838],[10.8073,53.88612],[10.80827,53.88301],[10.8024,53.87708],[10.77105,53.87319],[10.75945,53.85826],[10.74771,53.85151],[10.75365,53.84857],[10.74944,53.84506],[10.74804,53.834],[10.75815,53.82794],[10.76159,53.8226],[10.76314,53.81055],[10.76691,53.80623],[10.76503,53.80323],[10.77235,53.79717],[10.77325,53.79239],[10.76592,53.7799],[10.77026,53.77548],[10.75798,53.76359],[10.75803,53.74752],[10.77192,53.74942],[10.80592,53.73921],[10.80934,53.73528],[10.81009,53.73086],[10.80648,53.72845],[10.81088,53.72007],[10.82468,53.711],[10.83957,53.70723],[10.84334,53.70786],[10.84601,53.70434],[10.85217,53.70584],[10.85094,53.70012],[10.86298,53.70394],[10.87322,53.70162],[10.88031,53.70233],[10.88642,53.70566],[10.90529,53.70329],[10.91459,53.69935],[10.92214,53.69947],[10.92605,53.69205],[10.91848,53.69113],[10.91897,53.68916],[10.92726,53.68955],[10.9291,53.68651],[10.93712,53.6873],[10.94177,53.68454],[10.94426,53.67417],[10.9398,53.67313],[10.94188,53.66877],[10.93863,53.66582],[10.94516,53.65909],[10.94857,53.66135],[10.94916,53.65824],[10.9547,53.65858],[10.95488,53.65671],[10.95075,53.64583],[10.94497,53.64678],[10.94765,53.64244],[10.92956,53.62871],[10.92226,53.60228],[10.91747,53.59932],[10.9238,53.58419],[10.90948,53.57145],[10.89483,53.57241],[10.88344,53.56914],[10.87222,53.56852],[10.8637,53.56463],[10.85014,53.56527],[10.84219,53.57484],[10.82326,53.57518],[10.82677,53.56714],[10.82441,53.55627],[10.83191,53.54258],[10.81869,53.53392],[10.81842,53.52696],[10.82161,53.52401],[10.81452,53.52202],[10.81547,53.52016],[10.82461,53.51786],[10.82433,53.51374],[10.81064,53.51619],[10.78643,53.51046],[10.77778,53.49518],[10.76511,53.49107],[10.75601,53.48339],[10.75219,53.48433],[10.73124,53.47948],[10.72682,53.48135],[10.72074,53.47607],[10.70166,53.47826],[10.69297,53.45514],[10.65204,53.46148],[10.64714,53.45742],[10.63231,53.4548],[10.63332,53.45235],[10.62583,53.44336],[10.62934,53.44094],[10.6245,53.43911],[10.6254,53.43359],[10.62141,53.43048],[10.62271,53.42587],[10.61837,53.42537],[10.62014,53.42026],[10.61668,53.40509],[10.62097,53.40409],[10.61861,53.39881],[10.6214,53.39857],[10.61873,53.39708],[10.6169,53.38457],[10.5991,53.37783],[10.59367,53.36786]]],[[[11.37418,53.99235],[11.37628,53.99255],[11.37794,53.97543],[11.38709,53.96666],[11.40009,53.96405],[11.41243,53.96711],[11.42053,53.96214],[11.42791,53.96071],[11.43432,53.96506],[11.42794,53.96183],[11.4265,53.96717],[11.42955,53.96937],[11.42752,53.97556],[11.43036,53.98452],[11.42787,53.98581],[11.43972,53.99532],[11.44615,53.99733],[11.44652,53.97573],[11.44147,53.96462],[11.44683,53.95863],[11.45596,53.95753],[11.45496,53.9619],[11.45887,53.96232],[11.46386,53.96647],[11.46342,53.96984],[11.47195,53.97071],[11.46753,53.97338],[11.47205,53.97918],[11.48036,53.98183],[11.47825,53.99797],[11.48189,54.00095],[11.48507,53.99881],[11.49096,54.00076],[11.4963,54.01565],[11.4952,54.02096],[11.47242,54.0245],[11.44905,54.02193],[11.4009,54.00764],[11.3793,53.99793],[11.37418,53.99235]]],[[[11.42321,53.94219],[11.42373,53.94174],[11.42441,53.94143],[11.42464,53.94104],[11.42484,53.94046],[11.42516,53.93992],[11.42592,53.93919],[11.42636,53.93853],[11.42652,53.93818],[11.4268,53.93797],[11.42717,53.93796],[11.42763,53.93811],[11.42759,53.9384],[11.42739,53.93872],[11.42727,53.93898],[11.42753,53.93937],[11.42787,53.93971],[11.42837,53.94009],[11.4282,53.94097],[11.42831,53.94142],[11.42856,53.94183],[11.42899,53.94206],[11.42973,53.9422],[11.43013,53.94243],[11.42991,53.94273],[11.42931,53.94281],[11.42801,53.94264],[11.42703,53.94233],[11.42616,53.94197],[11.42546,53.94189],[11.42487,53.94206],[11.42432,53.94242],[11.42363,53.94265],[11.42329,53.94251],[11.42321,53.94219]]],[[[11.46572,53.96451],[11.46588,53.96423],[11.46606,53.96398],[11.46642,53.96378],[11.46682,53.96371],[11.46725,53.96379],[11.46765,53.96395],[11.46796,53.96416],[11.46823,53.96451],[11.4684,53.96474],[11.4686,53.9651],[11.46874,53.96557],[11.46901,53.9661],[11.46934,53.96629],[11.46973,53.96646],[11.47032,53.96666],[11.47038,53.96689],[11.47001,53.96724],[11.46996,53.96748],[11.47041,53.96782],[11.47064,53.96818],[11.47065,53.96847],[11.47026,53.96853],[11.46945,53.96843],[11.46929,53.96835],[11.46893,53.96818],[11.46828,53.96793],[11.46794,53.96781],[11.46727,53.96756],[11.46691,53.96705],[11.46664,53.96654],[11.46662,53.96599],[11.46642,53.96548],[11.46625,53.96515],[11.46582,53.96477],[11.46572,53.96451]]],[[[11.4748,53.9639],[11.47502,53.96357],[11.47543,53.96327],[11.47644,53.96227],[11.47688,53.96191],[11.47715,53.96163],[11.47754,53.96167],[11.4776,53.96201],[11.47732,53.96263],[11.47723,53.96301],[11.4775,53.96338],[11.47744,53.96369],[11.47696,53.96398],[11.47661,53.96405],[11.47632,53.96398],[11.47587,53.96394],[11.4755,53.96401],[11.4751,53.96406],[11.4748,53.9639]]],[[[11.48632,54.02521],[11.49479,54.0242],[11.49804,54.03094],[11.49576,54.03145],[11.48632,54.02521]]],[[[11.51145,54.05034],[11.5123,54.03994],[11.51505,54.038],[11.51519,54.0545],[11.523,54.06849],[11.51333,54.05763],[11.51145,54.05034]]],[[[12.51858,54.37223],[12.51894,54.37201],[12.5198,54.37202],[12.52023,54.37163],[12.52054,54.37134],[12.52064,54.37091],[12.52046,54.37058],[12.5207,54.37036],[12.52139,54.3704],[12.52204,54.37034],[12.52268,54.37019],[12.52309,54.37021],[12.52346,54.37022],[12.52407,54.37033],[12.52445,54.37059],[12.5245,54.37087],[12.52436,54.37118],[12.52408,54.37138],[12.5234,54.37165],[12.52272,54.37178],[12.52223,54.37188],[12.52208,54.37212],[12.52226,54.37255],[12.52248,54.37268],[12.52264,54.37278],[12.52297,54.37297],[12.523,54.37346],[12.52281,54.37378],[12.52253,54.37392],[12.52223,54.37364],[12.52201,54.37331],[12.52167,54.37299],[12.52134,54.37278],[12.52097,54.37269],[12.51995,54.3727],[12.51946,54.37269],[12.51901,54.37262],[12.51872,54.37246],[12.51858,54.37223]]],[[[12.52297,54.36847],[12.52295,54.36809],[12.52354,54.36773],[12.52455,54.36743],[12.52498,54.36723],[12.52592,54.36717],[12.52697,54.36717],[12.52804,54.36728],[12.52873,54.36738],[12.529,54.36776],[12.52901,54.36809],[12.5288,54.36828],[12.52854,54.3685],[12.5279,54.36858],[12.52676,54.3686],[12.52578,54.36859],[12.52504,54.36849],[12.52435,54.36852],[12.52371,54.3686],[12.52297,54.36847]]],[[[12.52484,54.36509],[12.52478,54.36386],[12.5248,54.36336],[12.52523,54.36292],[12.52586,54.36261],[12.52644,54.36269],[12.52654,54.36283],[12.5267,54.36307],[12.52668,54.36345],[12.52714,54.3637],[12.52751,54.36396],[12.5277,54.36433],[12.52776,54.36444],[12.52792,54.36471],[12.52798,54.36511],[12.52782,54.36524],[12.52762,54.3654],[12.52743,54.36565],[12.52764,54.36578],[12.5281,54.36592],[12.52856,54.36617],[12.52865,54.36661],[12.52817,54.3667],[12.5274,54.36669],[12.52662,54.36666],[12.52592,54.36648],[12.52575,54.36624],[12.5261,54.3659],[12.52613,54.36569],[12.5258,54.36558],[12.52527,54.36559],[12.52495,54.36536],[12.52484,54.36509]]],[[[12.52513,54.35939],[12.52534,54.35901],[12.52565,54.35876],[12.52608,54.35842],[12.52657,54.35811],[12.52716,54.35778],[12.5274,54.35765],[12.52766,54.35763],[12.52791,54.35778],[12.52789,54.35813],[12.52764,54.35882],[12.52764,54.3597],[12.52784,54.36048],[12.52827,54.36122],[12.52832,54.36164],[12.5279,54.36172],[12.52703,54.36135],[12.52672,54.361],[12.52677,54.36083],[12.52683,54.36059],[12.52632,54.36022],[12.52594,54.35989],[12.52528,54.35963],[12.52513,54.35939]]],[[[12.52666,54.35197],[12.52672,54.35135],[12.52698,54.35099],[12.52742,54.35065],[12.52789,54.35045],[12.52825,54.35014],[12.52835,54.3498],[12.52825,54.3494],[12.52779,54.34917],[12.52742,54.34896],[12.52756,54.3486],[12.52787,54.34831],[12.52805,54.34772],[12.52826,54.347],[12.52791,54.34655],[12.52802,54.34622],[12.52857,54.34588],[12.5293,54.34564],[12.52997,54.34553],[12.53035,54.34583],[12.53008,54.34629],[12.52957,54.34627],[12.52953,54.34643],[12.52924,54.34657],[12.52911,54.34692],[12.5293,54.34744],[12.5296,54.34774],[12.52962,54.34907],[12.52977,54.34965],[12.52959,54.35009],[12.52752,54.35207],[12.52692,54.35223],[12.52666,54.35197]]],[[[12.52786,54.35411],[12.53096,54.34993],[12.52927,54.35468],[12.53529,54.35635],[12.52922,54.35872],[12.52786,54.35411]]],[[[12.58044,54.37711],[12.58044,54.37699],[12.58049,54.37684],[12.58069,54.37657],[12.58102,54.37621],[12.58104,54.37593],[12.58132,54.37568],[12.58178,54.37559],[12.58269,54.37555],[12.58316,54.37532],[12.58391,54.37523],[12.58453,54.37534],[12.58491,54.37564],[12.58531,54.37603],[12.5853,54.37639],[12.58493,54.37687],[12.58422,54.37755],[12.58401,54.37808],[12.58407,54.3786],[12.58439,54.37909],[12.58483,54.37957],[12.58541,54.37998],[12.58575,54.38026],[12.58579,54.38043],[12.58548,54.38067],[12.58489,54.38071],[12.58449,54.38053],[12.58385,54.38012],[12.58329,54.3796],[12.58298,54.37931],[12.58237,54.37871],[12.5818,54.37826],[12.58115,54.37784],[12.58072,54.37751],[12.58049,54.37725],[12.58044,54.37711]]],[[[12.63506,54.42125],[12.63689,54.41627],[12.64019,54.41937],[12.64079,54.41682],[12.64503,54.41558],[12.64308,54.42059],[12.63803,54.42354],[12.63506,54.42125]]],[[[12.65632,54.40657],[12.66195,54.40671],[12.6624,54.40485],[12.66561,54.40682],[12.65866,54.40827],[12.65632,54.40657]]],[[[12.66854,54.41906],[12.66861,54.41847],[12.66905,54.41744],[12.66931,54.41704],[12.6699,54.41657],[12.6702,54.41617],[12.6706,54.41597],[12.67101,54.41594],[12.67114,54.4162],[12.67125,54.41662],[12.67104,54.4169],[12.6709,54.41708],[12.67069,54.41768],[12.67043,54.41813],[12.67038,54.41878],[12.67033,54.41944],[12.67044,54.42008],[12.67076,54.42065],[12.67045,54.42096],[12.67007,54.4208],[12.66969,54.42052],[12.66935,54.42015],[12.66902,54.41974],[12.66879,54.41945],[12.66854,54.41906]]],[[[12.67486,54.41829],[12.68244,54.41484],[12.69368,54.41875],[12.72021,54.41518],[12.73108,54.41665],[12.72982,54.42209],[12.72408,54.42537],[12.71064,54.42563],[12.69453,54.43136],[12.68688,54.42759],[12.69359,54.42883],[12.6908,54.42448],[12.67933,54.42333],[12.67486,54.41829]]],[[[12.71795,54.40571],[12.72978,54.4049],[12.73622,54.40801],[12.73714,54.41192],[12.72503,54.41263],[12.71795,54.40571]]],[[[12.72298,54.42818],[12.723,54.42803],[12.7231,54.42787],[12.72335,54.42771],[12.72364,54.42757],[12.72407,54.42739],[12.72462,54.42723],[12.72497,54.42714],[12.72526,54.42712],[12.72553,54.42717],[12.7257,54.42727],[12.72579,54.42743],[12.72586,54.42771],[12.72591,54.42803],[12.7259,54.42835],[12.72585,54.42861],[12.7258,54.42882],[12.7257,54.42902],[12.72557,54.4292],[12.72542,54.42935],[12.72515,54.42951],[12.72493,54.42961],[12.72462,54.42969],[12.72432,54.42972],[12.72393,54.4297],[12.72362,54.42965],[12.72334,54.42955],[12.72318,54.42944],[12.72312,54.42929],[12.72312,54.42912],[12.72318,54.42895],[12.7233,54.42875],[12.72331,54.42861],[12.72321,54.42849],[12.72304,54.42834],[12.72298,54.42818]]],[[[12.92282,54.4329],[12.92283,54.43255],[12.92318,54.43217],[12.92448,54.4314],[12.92501,54.43115],[12.92565,54.43106],[12.92614,54.43087],[12.92615,54.43054],[12.92638,54.43026],[12.92694,54.43007],[12.92735,54.42967],[12.9274,54.42924],[12.92764,54.42886],[12.92775,54.42842],[12.92829,54.42808],[12.92826,54.42779],[12.92841,54.42757],[12.92892,54.42754],[12.92953,54.42768],[12.92989,54.42807],[12.93011,54.42866],[12.92991,54.42905],[12.92969,54.42933],[12.92934,54.42963],[12.92896,54.42999],[12.92911,54.43038],[12.9289,54.43086],[12.92792,54.43135],[12.92722,54.43142],[12.92669,54.43171],[12.92611,54.43215],[12.92519,54.4326],[12.92423,54.43291],[12.92357,54.43306],[12.92306,54.43309],[12.92282,54.4329]]],[[[12.92397,54.43542],[12.93019,54.43208],[12.93853,54.43856],[12.94954,54.44037],[12.95912,54.43674],[12.9619,54.43911],[12.95222,54.4426],[12.93097,54.44321],[12.92665,54.44136],[12.92397,54.43542]]],[[[12.96779,54.43847],[12.96776,54.43803],[12.96808,54.43761],[12.96836,54.43721],[12.96936,54.43644],[12.96975,54.43636],[12.97015,54.43642],[12.97041,54.43663],[12.97047,54.43703],[12.97051,54.4373],[12.97068,54.4379],[12.97075,54.43816],[12.97102,54.43895],[12.97113,54.43935],[12.97132,54.43974],[12.97148,54.44004],[12.97155,54.44026],[12.97153,54.44048],[12.97113,54.44051],[12.97057,54.4404],[12.97008,54.44015],[12.9697,54.43997],[12.96908,54.43989],[12.96851,54.43967],[12.96823,54.43928],[12.96804,54.43894],[12.96779,54.43847]]],[[[12.97204,54.43902],[12.97618,54.4367],[12.97281,54.43624],[12.97319,54.43456],[12.97762,54.43472],[12.97496,54.43262],[12.98184,54.43481],[12.98635,54.4335],[12.99849,54.43999],[13.01564,54.44367],[13.02724,54.44213],[13.03656,54.44435],[13.04156,54.44243],[13.05912,54.45157],[13.05081,54.45723],[13.05068,54.46024],[13.04725,54.46022],[13.04529,54.45384],[13.03305,54.4468],[13.02586,54.44874],[13.01688,54.44653],[13.00029,54.44784],[12.9931,54.44525],[12.98483,54.43585],[12.97524,54.44036],[12.97204,54.43902]]],[[[12.97353,54.44149],[12.97355,54.44136],[12.97372,54.44122],[12.97408,54.44115],[12.97464,54.44109],[12.97514,54.44105],[12.97567,54.44097],[12.976,54.44085],[12.97636,54.44066],[12.97726,54.44028],[12.97814,54.43982],[12.97853,54.43934],[12.97887,54.43891],[12.9793,54.43862],[12.97959,54.43825],[12.97996,54.43785],[12.98026,54.43772],[12.98085,54.43756],[12.98138,54.43748],[12.98197,54.4375],[12.98248,54.43757],[12.98299,54.43769],[12.98347,54.43823],[12.98357,54.43849],[12.98364,54.4387],[12.98391,54.43914],[12.98378,54.43968],[12.98389,54.44002],[12.98415,54.44021],[12.9842,54.44059],[12.98408,54.44094],[12.98376,54.44129],[12.98362,54.44138],[12.98254,54.44198],[12.98173,54.4422],[12.98101,54.44237],[12.98037,54.44245],[12.97972,54.44245],[12.97907,54.44233],[12.97862,54.44227],[12.97812,54.44241],[12.97772,54.44244],[12.97727,54.44227],[12.97672,54.44205],[12.97562,54.44199],[12.97451,54.4419],[12.97389,54.44176],[12.97353,54.44149]]],[[[12.98698,54.44404],[12.98745,54.44363],[12.98848,54.44373],[12.98933,54.44402],[12.98995,54.44455],[12.98978,54.44493],[12.98925,54.44511],[12.98826,54.44502],[12.98741,54.44463],[12.98698,54.44404]]],[[[13.06025,54.47492],[13.06124,54.46086],[13.0655,54.45772],[13.07137,54.46813],[13.06779,54.47059],[13.07314,54.46922],[13.07157,54.47713],[13.07381,54.47692],[13.07135,54.47922],[13.0767,54.47863],[13.07273,54.48179],[13.07578,54.48289],[13.07447,54.48968],[13.07068,54.49178],[13.07385,54.49143],[13.07297,54.49975],[13.07924,54.50207],[13.0817,54.5136],[13.08409,54.51571],[13.08861,54.5152],[13.08463,54.51916],[13.09291,54.51737],[13.0925,54.52764],[13.10341,54.5289],[13.10553,54.53148],[13.10081,54.53286],[13.10615,54.53195],[13.11675,54.53766],[13.11363,54.54283],[13.11724,54.55126],[13.11574,54.55766],[13.11231,54.56566],[13.10765,54.56846],[13.11109,54.56988],[13.11013,54.57266],[13.11912,54.57433],[13.11021,54.58154],[13.11142,54.58467],[13.12524,54.58367],[13.12949,54.59125],[13.14135,54.59885],[13.13946,54.59056],[13.13442,54.58847],[13.14085,54.58523],[13.14499,54.57365],[13.1466,54.59552],[13.14667,54.58873],[13.15182,54.58309],[13.1508,54.57544],[13.15536,54.5801],[13.15614,54.57287],[13.15796,54.57372],[13.14832,54.5932],[13.1464,54.60348],[13.13297,54.60552],[13.11957,54.60329],[13.09797,54.59062],[13.10135,54.58713],[13.10252,54.57738],[13.09843,54.55864],[13.08561,54.53803],[13.0793,54.51717],[13.06671,54.49527],[13.06025,54.47492]]],[[[13.07969,54.4754],[13.07975,54.47494],[13.0797,54.47458],[13.08,54.47446],[13.08071,54.47452],[13.08154,54.47483],[13.08222,54.47527],[13.08281,54.47559],[13.08315,54.47582],[13.08331,54.47634],[13.08316,54.47663],[13.08281,54.47688],[13.08245,54.47695],[13.08182,54.477],[13.08127,54.47668],[13.07969,54.4754]]],[[[13.11651,54.54494],[13.11906,54.53879],[13.12109,54.54312],[13.12512,54.54403],[13.12332,54.54984],[13.11651,54.54494]]],[[[13.11624,54.42948],[13.11909,54.4264],[13.12535,54.42718],[13.11701,54.43086],[13.11624,54.42948]]],[[[13.12041,54.44435],[13.12306,54.44207],[13.12725,54.44413],[13.13138,54.44287],[13.1471,54.44913],[13.16068,54.44898],[13.16575,54.45536],[13.18405,54.45718],[13.18782,54.46017],[13.18676,54.46541],[13.19317,54.46442],[13.1933,54.46597],[13.20385,54.46868],[13.21041,54.4687],[13.20921,54.46716],[13.21186,54.46712],[13.22505,54.47049],[13.22478,54.48182],[13.21855,54.4832],[13.22773,54.48432],[13.22349,54.48692],[13.21778,54.48491],[13.20067,54.4855],[13.19669,54.48683],[13.19658,54.49218],[13.18251,54.49414],[13.16216,54.49014],[13.14291,54.4774],[13.1312,54.45899],[13.12217,54.45153],[13.12041,54.44435]]],[[[13.19823,54.45972],[13.20027,54.457],[13.20042,54.45984],[13.2096,54.46369],[13.20321,54.46368],[13.19823,54.45972]]],[[[13.20381,54.46587],[13.20379,54.46558],[13.20398,54.46543],[13.20427,54.46531],[13.20455,54.46532],[13.20488,54.46536],[13.20526,54.46536],[13.20561,54.46534],[13.206,54.46514],[13.20652,54.46506],[13.20698,54.46514],[13.20732,54.46537],[13.20721,54.46564],[13.20694,54.46581],[13.2067,54.46599],[13.20637,54.46656],[13.20633,54.46667],[13.20602,54.4667],[13.20571,54.46664],[13.2051,54.46651],[13.20459,54.46634],[13.20408,54.46616],[13.20381,54.46587]]],[[[13.20907,54.46438],[13.20928,54.46418],[13.20956,54.46401],[13.20995,54.46389],[13.2102,54.46374],[13.21035,54.46364],[13.21076,54.46389],[13.21113,54.46413],[13.21154,54.46429],[13.21177,54.46431],[13.21211,54.46434],[13.21249,54.46445],[13.21263,54.46469],[13.21249,54.46507],[13.21218,54.46519],[13.21185,54.4652],[13.2115,54.4653],[13.21105,54.46536],[13.21057,54.46532],[13.21027,54.46515],[13.2106,54.46489],[13.21077,54.46468],[13.21025,54.46459],[13.20975,54.46455],[13.2093,54.4645],[13.20907,54.46438]]],[[[13.21303,54.46691],[13.21418,54.46424],[13.22123,54.46445],[13.22697,54.46968],[13.21303,54.46691]]],[[[13.20717,54.39902],[13.20894,54.39676],[13.21619,54.39745],[13.2202,54.40143],[13.21235,54.40235],[13.20717,54.39902]]],[[[13.29854,54.53941],[13.29863,54.5391],[13.29909,54.53859],[13.29954,54.53822],[13.30032,54.53806],[13.30112,54.53783],[13.30188,54.5376],[13.30256,54.53751],[13.30284,54.53755],[13.30291,54.5377],[13.30263,54.53785],[13.3024,54.53817],[13.3021,54.53836],[13.30146,54.53856],[13.30082,54.53879],[13.30044,54.53922],[13.30019,54.53975],[13.3003,54.54027],[13.30036,54.5405],[13.30064,54.54056],[13.30095,54.54058],[13.30119,54.54057],[13.30131,54.54062],[13.30124,54.54085],[13.30105,54.54097],[13.30085,54.54097],[13.30031,54.54096],[13.29991,54.54088],[13.29949,54.54053],[13.29907,54.54021],[13.29862,54.53971],[13.29854,54.53941]]],[[[13.33204,54.16982],[13.33203,54.16959],[13.33223,54.16919],[13.33223,54.16899],[13.3323,54.1688],[13.33269,54.16875],[13.333,54.16886],[13.3333,54.16886],[13.33367,54.16881],[13.33391,54.16892],[13.33408,54.16902],[13.33431,54.1691],[13.33437,54.16931],[13.33429,54.16952],[13.33422,54.16984],[13.33439,54.17001],[13.33457,54.1702],[13.33435,54.17033],[13.33393,54.17028],[13.33346,54.17017],[13.33311,54.17004],[13.33302,54.16985],[13.33277,54.16981],[13.33234,54.16989],[13.33204,54.16982]]],[[[13.3488,54.17698],[13.34899,54.17643],[13.34968,54.1761],[13.35054,54.17578],[13.35156,54.1758],[13.35186,54.17615],[13.35125,54.17641],[13.35091,54.17661],[13.35083,54.17697],[13.35047,54.17743],[13.34993,54.17764],[13.34944,54.17755],[13.34894,54.17733],[13.3488,54.17698]]],[[[13.35861,54.25277],[13.35887,54.25239],[13.36003,54.25211],[13.36113,54.25194],[13.36174,54.25158],[13.36235,54.25114],[13.36288,54.2511],[13.36351,54.25109],[13.3643,54.25121],[13.36407,54.25142],[13.36297,54.25167],[13.36179,54.25227],[13.36128,54.25271],[13.36047,54.25287],[13.3592,54.2529],[13.35861,54.25277]]],[[[13.35423,54.18003],[13.35423,54.17981],[13.35423,54.17958],[13.3542,54.17936],[13.35418,54.17921],[13.35437,54.17911],[13.35468,54.17912],[13.35491,54.17924],[13.35502,54.17945],[13.35505,54.17969],[13.35502,54.17989],[13.35511,54.18006],[13.35531,54.18023],[13.35545,54.18046],[13.3555,54.1807],[13.35552,54.18093],[13.35538,54.18113],[13.35502,54.18113],[13.35475,54.18109],[13.35462,54.18094],[13.35461,54.18071],[13.35458,54.18053],[13.35444,54.18039],[13.35429,54.18022],[13.35423,54.18003]]],[[[13.38847,54.26467],[13.38875,54.2644],[13.38932,54.26425],[13.3901,54.26423],[13.3907,54.26447],[13.39106,54.26481],[13.39084,54.26513],[13.39041,54.26531],[13.38973,54.26532],[13.389,54.26525],[13.38859,54.26503],[13.38847,54.26467]]],[[[13.51802,54.31544],[13.51907,54.31185],[13.52476,54.30941],[13.52412,54.3148],[13.52812,54.31846],[13.53742,54.32261],[13.5439,54.32305],[13.54709,54.32565],[13.54124,54.33096],[13.54284,54.3323],[13.53031,54.32646],[13.53035,54.32247],[13.52404,54.31661],[13.51802,54.31544]]],[[[13.7493,54.15847],[13.75809,54.13456],[13.77211,54.134],[13.77641,54.12683],[13.77483,54.12011],[13.78417,54.11889],[13.78594,54.11476],[13.7925,54.1109],[13.80638,54.10976],[13.81297,54.09877],[13.80817,54.09053],[13.80704,54.07838],[13.8008,54.07481],[13.79775,54.06849],[13.79794,54.06196],[13.78809,54.05601],[13.79057,54.04868],[13.78457,54.04622],[13.78124,54.03855],[13.77732,54.04122],[13.77289,54.04083],[13.76481,54.03097],[13.7638,54.02566],[13.7705,54.01883],[13.7785,54.01958],[13.78708,54.01756],[13.80129,54.01874],[13.8098,54.03095],[13.81646,54.03298],[13.82086,54.03752],[13.83837,54.04022],[13.8475,54.04355],[13.84502,54.0447],[13.84742,54.04674],[13.85894,54.04811],[13.87028,54.04347],[13.87305,54.0391],[13.87589,54.04177],[13.86815,54.04562],[13.87968,54.04026],[13.87411,54.03229],[13.8698,54.03427],[13.87035,54.03647],[13.86597,54.03304],[13.86368,54.02213],[13.85324,54.01368],[13.85335,54.00438],[13.86159,53.99975],[13.86697,54.00747],[13.88706,54.00972],[13.88868,54.01187],[13.89868,54.01207],[13.90723,54.02024],[13.90953,54.02626],[13.91461,54.02874],[13.91732,54.03335],[13.92407,54.0358],[13.91551,54.04679],[13.91266,54.04727],[13.91209,54.04387],[13.90735,54.04311],[13.91722,54.06052],[13.91069,54.06258],[13.91119,54.06399],[13.94143,54.06165],[13.95136,54.05898],[13.96596,54.05946],[13.97326,54.064],[13.97699,54.06212],[13.97134,54.06182],[13.96887,54.05944],[13.99769,54.0415],[13.99932,54.03107],[14.00463,54.02298],[14.00436,54.01066],[14.01197,54.01007],[14.01761,54.01502],[14.01644,54.02148],[14.01856,54.01779],[14.02334,54.01874],[14.03271,54.01711],[14.04138,54.00872],[14.0433,54.00183],[14.03738,53.99858],[14.04306,53.99957],[14.04758,53.99744],[14.04887,53.98065],[14.04294,53.96791],[14.04325,53.96233],[14.03503,53.95],[14.03693,53.94655],[14.03994,53.94789],[14.04353,53.94619],[14.04018,53.94072],[14.03391,53.94093],[14.03305,53.94287],[14.02765,53.94379],[14.02819,53.94557],[14.02629,53.94426],[14.02142,53.94631],[14.02042,53.94525],[14.01179,53.94932],[14.01014,53.95399],[14.01424,53.95679],[14.02345,53.95813],[14.02292,53.95997],[14.01779,53.95883],[14.01658,53.96003],[14.02451,53.96052],[14.0233,53.96221],[14.00431,53.95912],[13.99521,53.96281],[13.98409,53.95941],[13.98606,53.96158],[13.98368,53.9621],[13.96352,53.95704],[13.9713,53.9508],[13.96747,53.9495],[13.95867,53.93864],[13.9596,53.93399],[13.95271,53.93493],[13.95136,53.94596],[13.95822,53.95302],[13.94997,53.95887],[13.97223,53.96961],[13.96921,53.97241],[13.96309,53.97344],[13.96503,53.9898],[13.94511,53.99458],[13.93047,53.99081],[13.91215,53.99132],[13.90595,53.98954],[13.89962,53.98227],[13.89514,53.96649],[13.89773,53.96256],[13.92269,53.95063],[13.92419,53.94262],[13.93217,53.93586],[13.932,53.92028],[13.93826,53.9138],[13.93797,53.90895],[13.93331,53.90688],[13.93078,53.8987],[13.9237,53.89356],[13.92147,53.88797],[13.90296,53.88545],[13.90153,53.88209],[13.89342,53.87717],[13.88051,53.87644],[13.87429,53.87786],[13.85902,53.87165],[13.85072,53.87042],[13.8386,53.8724],[13.83414,53.87101],[13.82972,53.85764],[13.82179,53.85703],[13.82615,53.84969],[13.84657,53.85103],[13.85688,53.84698],[13.85863,53.84553],[13.85585,53.84493],[13.85905,53.84314],[13.87494,53.84251],[13.88148,53.83979],[13.88329,53.84123],[13.89824,53.83991],[13.91784,53.84522],[13.92394,53.85882],[13.92878,53.86206],[13.92828,53.86985],[13.93151,53.87037],[13.95506,53.86032],[13.95369,53.85329],[13.94991,53.84996],[13.93645,53.8477],[13.92331,53.85209],[13.92175,53.84702],[13.93901,53.84344],[13.98012,53.85021],[13.99099,53.84845],[13.99596,53.85415],[14.0088,53.85911],[14.01971,53.8693],[14.02731,53.86936],[14.03368,53.87334],[14.04092,53.87451],[14.06279,53.86946],[14.0744,53.87081],[14.08555,53.87483],[14.09887,53.8709],[14.11489,53.86913],[14.1258,53.87186],[14.13844,53.87035],[14.16368,53.87216],[14.17906,53.87072],[14.18939,53.87256],[14.19813,53.8711],[14.20835,53.86509],[14.21308,53.86648],[14.21537,53.88118],[14.2123,53.90029],[14.20395,53.90663],[14.20587,53.91057],[14.18532,53.91197],[14.18531,53.9141],[14.19109,53.91577],[14.20765,53.91587],[14.22632,53.92864],[14.18179,53.94842],[14.14219,53.97688],[14.04999,54.02941],[14.01622,54.05389],[13.96728,54.07033],[13.93827,54.07474],[13.92671,54.07823],[13.89077,54.09233],[13.87007,54.10296],[13.84581,54.12],[13.83325,54.13194],[13.82095,54.14955],[13.81224,54.16956],[13.79529,54.1745],[13.77394,54.17236],[13.75754,54.1677],[13.7493,54.15847]]],[[[13.76829,54.20548],[13.77073,54.20074],[13.77435,54.20806],[13.76924,54.20911],[13.76829,54.20548]]],[[[13.80324,54.17773],[13.80468,54.17621],[13.8122,54.17631],[13.81071,54.17819],[13.80324,54.17773]]],[[[13.80613,54.17347],[13.80929,54.16995],[13.81312,54.1704],[13.81192,54.17355],[13.80613,54.17347]]],[[[13.81042,54.17481],[13.81058,54.17461],[13.81109,54.17443],[13.81153,54.17423],[13.81187,54.17411],[13.81225,54.17411],[13.81253,54.1742],[13.81259,54.17435],[13.81254,54.17452],[13.81254,54.17475],[13.81258,54.175],[13.81257,54.17526],[13.81234,54.17545],[13.81195,54.1755],[13.81148,54.17546],[13.81112,54.17539],[13.81079,54.17525],[13.81048,54.17502],[13.81042,54.17481]]],[[[13.80179,54.0816],[13.80469,54.07919],[13.80382,54.0833],[13.80619,54.08443],[13.80312,54.08449],[13.80179,54.0816]]],[[[13.90668,54.24044],[13.91449,54.24223],[13.92664,54.24915],[13.91756,54.2512],[13.90668,54.24044]]],[[[13.91639,54.0231],[13.91763,54.01928],[13.92638,54.01623],[13.92375,54.02177],[13.93367,54.02604],[13.93198,54.03058],[13.92475,54.02965],[13.91639,54.0231]]],[[[13.95775,53.9427],[13.95795,53.94111],[13.96053,53.94156],[13.95947,53.94358],[13.95775,53.9427]]],[[[14.024,53.95123],[14.02422,53.9504],[14.02438,53.94996],[14.02469,53.94964],[14.02511,53.9494],[14.02546,53.94899],[14.02588,53.94878],[14.02655,53.94862],[14.02726,53.9484],[14.02769,53.94779],[14.02842,53.94725],[14.02882,53.94738],[14.02885,53.94772],[14.02877,53.94801],[14.02834,53.94865],[14.02819,53.94917],[14.02834,53.94943],[14.02819,53.94985],[14.02785,53.95033],[14.02733,53.95108],[14.02664,53.9515],[14.02587,53.95163],[14.02491,53.95175],[14.02422,53.95151],[14.024,53.95123]]],[[[14.03108,53.94446],[14.03132,53.94428],[14.03184,53.94408],[14.03226,53.94402],[14.03278,53.94414],[14.03316,53.94437],[14.03351,53.94468],[14.03396,53.94517],[14.03416,53.94556],[14.03412,53.94599],[14.03395,53.94634],[14.0334,53.94652],[14.03288,53.94651],[14.0324,53.94641],[14.03183,53.94614],[14.03157,53.94566],[14.03142,53.94524],[14.03112,53.94483],[14.03108,53.94446]]]]}},{"type":"Feature","id":"niederlausitz","bbox":[13.41095,51.35902,14.76491,52.42062],"properties":{"id":"niederlausitz","name":"Niederlausitz","typ":"Bisheriger Bezirk","sitz":"Cottbus/Chóśebuz","kreise":["Kreisfreie Stadt Cottbus","Landkreis Dahme-Spreewald","Landkreis Oberspreewald-Lausitz","Landkreis Spree-Neiße"],"quelle":"Bezirkseinführungsgesetz, aus VG250-Kreisgrenzen abgeleitet"},"geometry":{"type":"MultiPolygon","coordinates":[[[[13.41843,52.40718],[13.42759,52.38682],[13.41863,52.37169],[13.41881,52.36581],[13.44199,52.36285],[13.44184,52.35268],[13.44722,52.34655],[13.45635,52.34217],[13.4991,52.33666],[13.49517,52.33086],[13.48309,52.32229],[13.49755,52.30724],[13.49584,52.29819],[13.48698,52.29841],[13.48319,52.28617],[13.50751,52.28179],[13.50754,52.26829],[13.51156,52.26705],[13.50443,52.265],[13.49561,52.2654],[13.48974,52.26091],[13.47113,52.26194],[13.4564,52.25998],[13.45126,52.25599],[13.45828,52.253],[13.45653,52.24767],[13.46041,52.24009],[13.46567,52.23974],[13.46809,52.23647],[13.47571,52.23783],[13.47292,52.23221],[13.4771,52.23375],[13.49293,52.23345],[13.49524,52.23794],[13.50094,52.24059],[13.51777,52.24295],[13.53755,52.241],[13.53964,52.24431],[13.54573,52.24201],[13.53943,52.23736],[13.55313,52.23434],[13.56256,52.2242],[13.56396,52.21882],[13.57588,52.21077],[13.57728,52.20299],[13.58162,52.19942],[13.581,52.19485],[13.54597,52.19318],[13.54457,52.1849],[13.55015,52.18266],[13.54906,52.17692],[13.54624,52.17702],[13.54366,52.17331],[13.55162,52.15003],[13.5429,52.14894],[13.54337,52.14765],[13.55687,52.14801],[13.54894,52.13781],[13.54922,52.11859],[13.54082,52.09722],[13.55616,52.0908],[13.57748,52.09037],[13.5966,52.08375],[13.60559,52.07797],[13.6288,52.07153],[13.64376,52.06119],[13.65295,52.04815],[13.63703,52.03496],[13.64108,52.02341],[13.63767,52.02502],[13.63493,52.01997],[13.64687,52.01395],[13.64563,52.01084],[13.60445,52.00814],[13.59072,52.00468],[13.5914,52.001],[13.55647,51.99816],[13.557,51.99402],[13.54631,51.99005],[13.52595,51.9873],[13.51557,51.97668],[13.50274,51.96865],[13.49398,51.96587],[13.48366,51.96664],[13.45909,51.97293],[13.4534,51.97309],[13.45075,51.97135],[13.44653,51.97478],[13.43095,51.97704],[13.41484,51.97615],[13.41095,51.96422],[13.41987,51.96189],[13.42065,51.951],[13.4121,51.93006],[13.43099,51.92486],[13.45487,51.92715],[13.48182,51.93291],[13.49146,51.92752],[13.51926,51.93017],[13.55124,51.92131],[13.54584,51.90565],[13.57016,51.89534],[13.57873,51.89571],[13.5813,51.89154],[13.56615,51.89017],[13.55784,51.88639],[13.55284,51.87919],[13.54218,51.87859],[13.53911,51.86624],[13.54774,51.86302],[13.5472,51.84332],[13.55145,51.84053],[13.5475,51.83256],[13.5363,51.82519],[13.55542,51.82127],[13.56906,51.81074],[13.55885,51.80745],[13.55672,51.80948],[13.53377,51.79849],[13.50547,51.79253],[13.50914,51.78709],[13.52013,51.78182],[13.51833,51.77546],[13.52405,51.77461],[13.52221,51.77054],[13.52782,51.76216],[13.53825,51.75949],[13.54924,51.74597],[13.57888,51.75616],[13.57985,51.75314],[13.58761,51.74964],[13.60187,51.74813],[13.59757,51.74336],[13.60907,51.74092],[13.61118,51.74296],[13.61557,51.74227],[13.62324,51.7452],[13.62673,51.74276],[13.63219,51.74275],[13.66123,51.74736],[13.66455,51.73292],[13.69486,51.72704],[13.69756,51.73197],[13.69561,51.74118],[13.71076,51.74984],[13.71865,51.75056],[13.7292,51.7596],[13.75377,51.75415],[13.76512,51.75497],[13.77542,51.75976],[13.78286,51.75385],[13.78247,51.73495],[13.79809,51.73713],[13.80518,51.72041],[13.81125,51.71531],[13.81017,51.71282],[13.81433,51.71294],[13.81438,51.70907],[13.80867,51.70894],[13.80911,51.69521],[13.82628,51.69529],[13.83493,51.68263],[13.83348,51.67547],[13.83618,51.668],[13.84614,51.66637],[13.85659,51.66056],[13.86476,51.65902],[13.86763,51.65313],[13.87944,51.65234],[13.88662,51.64673],[13.89001,51.61956],[13.87766,51.6102],[13.87965,51.60289],[13.86635,51.591],[13.88053,51.57689],[13.87548,51.56634],[13.86922,51.56423],[13.85808,51.56486],[13.84983,51.56303],[13.81508,51.54863],[13.79672,51.53759],[13.77794,51.5334],[13.76881,51.53283],[13.76197,51.53762],[13.74872,51.54241],[13.75141,51.54416],[13.74583,51.54589],[13.74052,51.54142],[13.74292,51.5343],[13.74062,51.53205],[13.73446,51.53261],[13.73198,51.52486],[13.72822,51.5259],[13.71978,51.52432],[13.70841,51.51893],[13.68331,51.5232],[13.68531,51.52865],[13.68161,51.52939],[13.65397,51.5289],[13.65818,51.50629],[13.63414,51.50438],[13.63935,51.49978],[13.64897,51.49704],[13.64168,51.49358],[13.66047,51.49365],[13.68044,51.48821],[13.68851,51.48334],[13.69385,51.48307],[13.69689,51.48036],[13.69275,51.47952],[13.69328,51.46223],[13.69611,51.46023],[13.7094,51.45948],[13.71741,51.4507],[13.71944,51.43921],[13.71552,51.43762],[13.71914,51.43125],[13.72243,51.43177],[13.71524,51.41694],[13.7069,51.41816],[13.70343,51.4254],[13.69891,51.42558],[13.69509,51.40997],[13.6802,51.41289],[13.68577,51.41136],[13.6991,51.39548],[13.70178,51.38263],[13.69125,51.37401],[13.69722,51.37023],[13.71339,51.3635],[13.72735,51.36471],[13.73911,51.3612],[13.75316,51.36595],[13.75769,51.37149],[13.76662,51.37072],[13.76897,51.3694],[13.76268,51.36541],[13.76325,51.35902],[13.76734,51.36062],[13.76774,51.36301],[13.77652,51.36199],[13.78062,51.36885],[13.78794,51.37091],[13.80786,51.37287],[13.81897,51.3695],[13.82909,51.37581],[13.83531,51.37679],[13.83319,51.38384],[13.86325,51.38176],[13.86828,51.37691],[13.88307,51.37512],[13.89097,51.37744],[13.90867,51.37858],[13.9082,51.38323],[13.93899,51.38911],[13.95092,51.39583],[13.96103,51.39719],[13.97234,51.39382],[13.97021,51.37584],[14.0007,51.3726],[13.99632,51.38261],[13.99735,51.38524],[14.0059,51.38801],[14.00832,51.39198],[14.00361,51.39318],[14.00356,51.39561],[14.01333,51.39832],[14.02809,51.39594],[14.02579,51.40055],[14.01702,51.40047],[14.0159,51.40514],[14.02094,51.40816],[14.02744,51.40832],[14.03685,51.4168],[14.04459,51.41875],[14.04364,51.42455],[14.03825,51.42844],[14.04624,51.42913],[14.04355,51.43336],[14.03715,51.43459],[14.03816,51.43558],[14.04304,51.43924],[14.06284,51.44551],[14.05483,51.44909],[14.05259,51.45251],[14.05529,51.46095],[14.03565,51.47164],[14.03301,51.4751],[14.03874,51.47991],[14.07259,51.47209],[14.08726,51.4774],[14.08873,51.47938],[14.07382,51.49267],[14.08776,51.49396],[14.09567,51.49872],[14.10058,51.51416],[14.1078,51.52176],[14.11696,51.5232],[14.13523,51.52106],[14.13817,51.52352],[14.14236,51.5228],[14.13339,51.52803],[14.12973,51.53386],[14.13082,51.53783],[14.13957,51.54399],[14.14699,51.54154],[14.16611,51.54138],[14.17514,51.53912],[14.18813,51.54067],[14.19894,51.53857],[14.21302,51.53981],[14.22119,51.53807],[14.22893,51.53284],[14.24211,51.53309],[14.2453,51.53119],[14.24249,51.52876],[14.24704,51.52784],[14.25298,51.5292],[14.25581,51.53232],[14.27401,51.53213],[14.29308,51.52511],[14.30598,51.52418],[14.32292,51.51943],[14.32736,51.50736],[14.33235,51.50502],[14.33811,51.50591],[14.34212,51.51084],[14.34355,51.51711],[14.33934,51.51823],[14.33993,51.52076],[14.35369,51.52079],[14.36344,51.52454],[14.37587,51.53313],[14.38669,51.53402],[14.38716,51.54177],[14.39888,51.54179],[14.40944,51.53721],[14.44131,51.54461],[14.44777,51.54207],[14.44674,51.55273],[14.45407,51.55637],[14.49986,51.5594],[14.50647,51.55683],[14.50861,51.55819],[14.51545,51.55423],[14.52508,51.55863],[14.54519,51.56178],[14.54749,51.56362],[14.54444,51.57362],[14.55383,51.57193],[14.56058,51.57346],[14.56964,51.58119],[14.58048,51.58041],[14.58306,51.57464],[14.59401,51.57418],[14.59903,51.57175],[14.60178,51.56134],[14.60637,51.55723],[14.60375,51.55512],[14.61375,51.54953],[14.63158,51.55082],[14.6396,51.55429],[14.664,51.55455],[14.6639,51.55298],[14.67401,51.55065],[14.68091,51.55383],[14.69114,51.56279],[14.69575,51.57461],[14.69276,51.57634],[14.70645,51.57646],[14.69665,51.59666],[14.70756,51.59731],[14.71116,51.59576],[14.72081,51.58849],[14.72061,51.58636],[14.72987,51.58178],[14.74148,51.59259],[14.7514,51.59529],[14.75327,51.59924],[14.76103,51.60251],[14.76491,51.60704],[14.76323,51.61914],[14.75331,51.62801],[14.75613,51.63305],[14.7541,51.64081],[14.75589,51.64572],[14.75098,51.65226],[14.75755,51.6615],[14.75332,51.66413],[14.74677,51.67617],[14.73701,51.67943],[14.73946,51.68343],[14.73684,51.68823],[14.72895,51.68851],[14.70144,51.70477],[14.69092,51.70827],[14.68023,51.7175],[14.67772,51.72269],[14.66812,51.72583],[14.66204,51.73656],[14.65622,51.74131],[14.66003,51.74876],[14.65762,51.75354],[14.66414,51.7567],[14.65046,51.76208],[14.65474,51.76809],[14.65382,51.78357],[14.64908,51.78714],[14.64589,51.79509],[14.63606,51.79769],[14.63311,51.80136],[14.62278,51.80045],[14.61365,51.80405],[14.60671,51.80404],[14.60081,51.80918],[14.59715,51.81731],[14.59041,51.82045],[14.58962,51.82647],[14.5931,51.83008],[14.59055,51.83865],[14.59614,51.84221],[14.60242,51.83946],[14.6052,51.84041],[14.60414,51.84789],[14.60781,51.84781],[14.60962,51.84495],[14.61242,51.84555],[14.60714,51.85224],[14.611,51.85701],[14.62447,51.85823],[14.63464,51.86538],[14.64336,51.86687],[14.64678,51.87232],[14.65263,51.87436],[14.65457,51.88336],[14.66123,51.88661],[14.66312,51.89051],[14.67437,51.88956],[14.67447,51.89442],[14.68054,51.89513],[14.69426,51.90198],[14.69127,51.90806],[14.6996,51.91419],[14.70549,51.92355],[14.70337,51.93085],[14.70716,51.93588],[14.71249,51.93679],[14.7188,51.94131],[14.72123,51.95116],[14.70796,51.96453],[14.7048,51.97607],[14.70698,51.97957],[14.7162,51.98243],[14.72162,51.99455],[14.71766,52.00079],[14.71243,51.99988],[14.69935,52.00695],[14.70892,52.01316],[14.69886,52.01478],[14.69775,52.00998],[14.68186,52.00445],[14.68107,52.00172],[14.67474,52.0026],[14.66111,52.0108],[14.66602,52.01544],[14.6609,52.01734],[14.64969,52.02783],[14.61587,52.02852],[14.60135,52.03348],[14.5901,52.03421],[14.5779,52.02986],[14.56316,52.01975],[14.56589,52.01708],[14.56232,52.00885],[14.55772,52.00814],[14.55737,52.0053],[14.52344,52.01045],[14.50084,52.00761],[14.49176,52.01604],[14.49176,52.02997],[14.48271,52.03721],[14.47908,52.04595],[14.48573,52.05477],[14.48272,52.05774],[14.46451,52.04697],[14.44555,52.03995],[14.44858,52.03115],[14.446,52.02636],[14.43613,52.02441],[14.415,52.02451],[14.40547,52.02803],[14.40332,52.03137],[14.40093,52.05283],[14.37064,52.06771],[14.35512,52.07305],[14.33066,52.06858],[14.31995,52.06179],[14.31142,52.06081],[14.30497,52.05617],[14.30233,52.0478],[14.29572,52.04448],[14.29992,52.03647],[14.28661,52.03985],[14.26971,52.03527],[14.27027,52.03233],[14.26004,52.03207],[14.25339,52.03522],[14.24007,52.03499],[14.24171,52.03997],[14.23325,52.04219],[14.23013,52.04034],[14.21977,52.04186],[14.214,52.05284],[14.21828,52.06122],[14.21314,52.06456],[14.21341,52.06709],[14.22075,52.06865],[14.22253,52.07571],[14.23039,52.07957],[14.23018,52.08212],[14.24006,52.08334],[14.24755,52.08687],[14.23728,52.08433],[14.22733,52.08523],[14.22306,52.08289],[14.22251,52.07884],[14.21774,52.07823],[14.20983,52.08535],[14.20517,52.08676],[14.20407,52.07404],[14.19419,52.05773],[14.15963,52.05733],[14.14318,52.05272],[14.13898,52.04877],[14.12671,52.0538],[14.12782,52.06106],[14.12505,52.06716],[14.11404,52.072],[14.11448,52.0752],[14.10953,52.0806],[14.11195,52.08721],[14.10107,52.08863],[14.09699,52.09177],[14.08948,52.09107],[14.08761,52.09687],[14.06709,52.10028],[14.0611,52.10849],[14.05555,52.10549],[14.04284,52.1052],[14.04412,52.11485],[14.03354,52.11028],[14.02148,52.11224],[14.00963,52.10954],[14.007,52.11757],[13.99996,52.1158],[13.99859,52.11931],[13.9918,52.1204],[13.99,52.11899],[13.98266,52.12439],[13.9787,52.13206],[13.97165,52.13396],[13.96975,52.13212],[13.96813,52.13617],[13.93837,52.13775],[13.93343,52.1313],[13.91911,52.13051],[13.92448,52.12783],[13.92966,52.12878],[13.93074,52.1268],[13.91825,52.12447],[13.91677,52.12747],[13.90922,52.12825],[13.90788,52.12286],[13.88953,52.12333],[13.88906,52.12144],[13.87564,52.12035],[13.87119,52.11813],[13.84529,52.12172],[13.84591,52.13267],[13.85872,52.13117],[13.86426,52.13725],[13.86782,52.13617],[13.87562,52.14733],[13.86979,52.14653],[13.86683,52.1506],[13.86146,52.15082],[13.85728,52.15847],[13.85058,52.16054],[13.85012,52.1647],[13.85616,52.16438],[13.8602,52.17244],[13.86589,52.17039],[13.87211,52.1701],[13.87223,52.17159],[13.88947,52.16961],[13.89429,52.18429],[13.87907,52.18214],[13.85644,52.18941],[13.85161,52.18318],[13.83503,52.18537],[13.8462,52.19817],[13.85482,52.20066],[13.8481,52.20507],[13.8424,52.21342],[13.83969,52.21327],[13.84176,52.21875],[13.85603,52.22485],[13.82834,52.23269],[13.82374,52.23771],[13.82461,52.24313],[13.81958,52.24456],[13.83378,52.24697],[13.83912,52.25557],[13.83852,52.2629],[13.85736,52.26068],[13.8599,52.26353],[13.84908,52.26987],[13.85584,52.27517],[13.86235,52.27549],[13.85175,52.28548],[13.85404,52.28999],[13.8217,52.28809],[13.82554,52.29413],[13.83953,52.30437],[13.83979,52.31406],[13.81877,52.31301],[13.80694,52.32028],[13.80126,52.31714],[13.77844,52.3231],[13.76612,52.31737],[13.75212,52.31893],[13.75236,52.31497],[13.73409,52.323],[13.74502,52.33076],[13.73984,52.33398],[13.75354,52.34443],[13.7559,52.35181],[13.7363,52.35949],[13.72764,52.36562],[13.74086,52.37253],[13.73133,52.37946],[13.72901,52.38593],[13.71743,52.3891],[13.7079,52.38912],[13.70415,52.38736],[13.69949,52.38048],[13.7,52.37512],[13.69157,52.36771],[13.68193,52.36957],[13.67108,52.36636],[13.66589,52.35839],[13.65698,52.35157],[13.65108,52.34267],[13.65172,52.33946],[13.6484,52.33824],[13.64265,52.34001],[13.63629,52.34704],[13.63864,52.36016],[13.64711,52.36688],[13.64681,52.37016],[13.6417,52.37095],[13.64336,52.37739],[13.63339,52.37628],[13.62795,52.38179],[13.60444,52.37421],[13.6063,52.37964],[13.59523,52.38682],[13.59276,52.39417],[13.56491,52.38829],[13.53566,52.38901],[13.53838,52.40068],[13.52826,52.3984],[13.52148,52.40147],[13.51517,52.40143],[13.47989,52.396],[13.46834,52.41943],[13.46232,52.42062],[13.41877,52.40992],[13.41843,52.40718]]]]}},{"type":"Feature","id":"oberlausitz","bbox":[13.76074,50.81935,15.04179,51.59724],"properties":{"id":"oberlausitz","name":"Oberlausitz","typ":"Bisheriger Bezirk","sitz":"Bautzen/Budyšin","kreise":["Landkreis Bautzen","Landkreis Görlitz"],"quelle":"Bezirkseinführungsgesetz, aus VG250-Kreisgrenzen abgeleitet"},"geometry":{"type":"MultiPolygon","coordinates":[[[[13.76074,51.21542],[13.76563,51.21218],[13.78007,51.20994],[13.77861,51.20374],[13.78778,51.20098],[13.79048,51.2022],[13.79583,51.19731],[13.78973,51.1916],[13.78032,51.1913],[13.76953,51.18566],[13.76602,51.17918],[13.76521,51.176],[13.7714,51.17463],[13.78051,51.16748],[13.77975,51.16592],[13.78879,51.1659],[13.79835,51.16863],[13.79779,51.16994],[13.80202,51.16824],[13.80511,51.15982],[13.81015,51.15954],[13.81151,51.15539],[13.81841,51.15415],[13.8312,51.14535],[13.83887,51.1463],[13.8434,51.15191],[13.8604,51.15828],[13.86549,51.15559],[13.87386,51.15661],[13.87981,51.15397],[13.87852,51.15254],[13.88437,51.14958],[13.8842,51.14644],[13.88818,51.14569],[13.88927,51.14276],[13.88761,51.14059],[13.86967,51.13614],[13.87229,51.12787],[13.87938,51.12442],[13.88689,51.11405],[13.89406,51.11401],[13.89478,51.10979],[13.89906,51.10837],[13.89561,51.10408],[13.90298,51.09849],[13.9066,51.09886],[13.91095,51.09423],[13.91002,51.0889],[13.90597,51.0874],[13.90757,51.08449],[13.90213,51.08371],[13.89742,51.08555],[13.90136,51.08849],[13.89624,51.08751],[13.89205,51.08353],[13.8962,51.08241],[13.89721,51.07879],[13.88406,51.07255],[13.91045,51.06853],[13.92009,51.06467],[13.91793,51.0633],[13.91966,51.06223],[13.92381,51.06257],[13.92289,51.05985],[13.94183,51.06261],[13.9432,51.06512],[13.93894,51.06524],[13.9368,51.06769],[13.94147,51.07252],[13.94987,51.07377],[13.95313,51.07376],[13.95325,51.06908],[13.96057,51.06557],[13.95623,51.06585],[13.95794,51.06311],[13.96767,51.06102],[13.9766,51.06204],[13.98182,51.0651],[13.98137,51.0688],[13.98667,51.06997],[13.99539,51.06899],[13.99331,51.06696],[14.00289,51.06537],[14.00441,51.06958],[14.00888,51.07072],[14.01743,51.06779],[14.024,51.06974],[14.03688,51.06678],[14.04386,51.06928],[14.03963,51.07162],[14.04745,51.08497],[14.05113,51.08625],[14.06381,51.07339],[14.07708,51.07444],[14.08065,51.07271],[14.08569,51.07625],[14.10155,51.07259],[14.10599,51.0735],[14.111,51.07918],[14.11449,51.07841],[14.1268,51.08421],[14.12828,51.08774],[14.13284,51.08987],[14.1382,51.08479],[14.14038,51.08575],[14.13827,51.08276],[14.14349,51.07897],[14.14304,51.0745],[14.16202,51.06672],[14.17184,51.06779],[14.1644,51.06862],[14.16576,51.07157],[14.16987,51.07033],[14.1786,51.07133],[14.1712,51.0751],[14.18001,51.07543],[14.18129,51.08204],[14.18645,51.08759],[14.20287,51.085],[14.2048,51.08643],[14.23749,51.07744],[14.2355,51.07529],[14.24546,51.0745],[14.2512,51.0663],[14.25504,51.0647],[14.25312,51.06024],[14.26539,51.06298],[14.27965,51.07396],[14.29202,51.07236],[14.30162,51.06832],[14.32032,51.06785],[14.31664,51.06152],[14.30879,51.0616],[14.31239,51.05892],[14.31707,51.05933],[14.31869,51.05363],[14.32642,51.04946],[14.33503,51.03969],[14.3451,51.03907],[14.34664,51.04128],[14.36199,51.04543],[14.37402,51.03861],[14.38257,51.03857],[14.38476,51.02696],[14.40844,51.01877],[14.42179,51.01957],[14.45382,51.03589],[14.46545,51.03531],[14.47529,51.0295],[14.47437,51.0255],[14.49266,51.0234],[14.49423,51.03631],[14.49122,51.04353],[14.50079,51.04628],[14.50823,51.04187],[14.50115,51.03164],[14.49856,51.02206],[14.53215,51.01653],[14.53989,51.01038],[14.53506,51.00893],[14.53275,51.00563],[14.5347,51.00371],[14.56091,51.00699],[14.56453,51.01014],[14.56872,51.00433],[14.5787,51.00031],[14.58134,50.99354],[14.59506,50.98716],[14.59918,50.98711],[14.59851,50.98038],[14.60068,50.97952],[14.59674,50.96891],[14.59215,50.96676],[14.59607,50.96281],[14.58562,50.95216],[14.58068,50.94188],[14.57239,50.93795],[14.56066,50.92537],[14.56481,50.91835],[14.58321,50.91426],[14.58939,50.91704],[14.59326,50.91653],[14.60269,50.92132],[14.61261,50.9225],[14.61711,50.92554],[14.62812,50.92539],[14.63852,50.92995],[14.65022,50.93153],[14.6529,50.90549],[14.63623,50.89745],[14.62434,50.8687],[14.61873,50.86456],[14.61887,50.85771],[14.63248,50.85528],[14.64826,50.84872],[14.66479,50.84937],[14.6902,50.838],[14.70871,50.84089],[14.72007,50.83235],[14.71725,50.83056],[14.71638,50.82436],[14.72232,50.82208],[14.73434,50.82547],[14.7391,50.82897],[14.74495,50.82945],[14.74987,50.82432],[14.75873,50.82471],[14.76644,50.81935],[14.77926,50.81999],[14.7905,50.82408],[14.79288,50.81995],[14.80181,50.82486],[14.80066,50.82892],[14.80772,50.84642],[14.82122,50.85937],[14.82475,50.86697],[14.81738,50.87958],[14.82043,50.88625],[14.84341,50.90066],[14.85163,50.91057],[14.86809,50.9179],[14.87686,50.93235],[14.89082,50.93524],[14.89655,50.94064],[14.89296,50.94958],[14.89762,50.95939],[14.90387,50.96122],[14.8996,50.96331],[14.90404,50.96749],[14.90308,50.97172],[14.91943,50.97534],[14.92029,50.98793],[14.91749,50.98997],[14.9172,50.9952],[14.92036,50.99785],[14.92612,50.99676],[14.92905,50.99798],[14.93798,51.01147],[14.93929,51.01702],[14.93521,51.02017],[14.93778,51.02212],[14.94011,51.02093],[14.93912,51.02348],[14.94243,51.02413],[14.94029,51.02609],[14.94564,51.02649],[14.94906,51.0306],[14.94644,51.03159],[14.95173,51.0378],[14.94822,51.03918],[14.94896,51.04283],[14.95172,51.04231],[14.95381,51.04668],[14.9647,51.05036],[14.96301,51.0579],[14.97131,51.06607],[14.97133,51.06953],[14.96769,51.071],[14.97928,51.07708],[14.97633,51.08701],[14.98012,51.08721],[14.97983,51.08979],[14.98401,51.09075],[14.98025,51.09605],[14.98393,51.09742],[14.98399,51.10226],[14.97826,51.10786],[14.9825,51.11313],[14.98092,51.11605],[14.9831,51.11794],[14.9892,51.11662],[14.99777,51.12242],[14.99491,51.1239],[14.99537,51.13687],[14.99043,51.14215],[14.99588,51.14381],[15.00071,51.14948],[14.99321,51.16246],[15.00504,51.16771],[15.00154,51.17238],[15.00878,51.18233],[15.00474,51.19088],[15.0143,51.19609],[15.01414,51.19827],[15.00765,51.19983],[15.0076,51.20451],[15.01306,51.20895],[15.00981,51.21345],[15.01688,51.21493],[15.0162,51.2276],[15.02554,51.23173],[15.02678,51.23369],[15.02351,51.23522],[15.02862,51.23705],[15.02833,51.24156],[15.03384,51.24106],[15.03762,51.2442],[15.02948,51.25142],[15.02638,51.24905],[15.02339,51.25071],[15.02518,51.25402],[15.03817,51.25848],[15.03676,51.27045],[15.04179,51.27404],[15.03437,51.27744],[15.03348,51.29393],[15.02175,51.30062],[15.01201,51.30131],[15.01263,51.30858],[15.00665,51.31179],[15.00925,51.3163],[14.99314,51.32298],[14.99355,51.32826],[14.98615,51.32929],[14.97777,51.3417],[14.97622,51.35694],[14.97296,51.35974],[14.96738,51.35935],[14.96524,51.36108],[14.97717,51.36549],[14.97779,51.36964],[14.98374,51.37355],[14.9693,51.37908],[14.9647,51.38681],[14.96589,51.39136],[14.96353,51.39412],[14.95828,51.39534],[14.96273,51.39772],[14.96893,51.39773],[14.96784,51.40272],[14.95872,51.40975],[14.96447,51.41219],[14.96707,51.41732],[14.96418,51.42336],[14.96609,51.42677],[14.95863,51.43125],[14.96329,51.4342],[14.97007,51.43217],[14.97422,51.44167],[14.96685,51.44599],[14.96273,51.4532],[14.95586,51.45852],[14.95645,51.46337],[14.95247,51.46843],[14.94699,51.47206],[14.92611,51.47348],[14.92474,51.48037],[14.91578,51.48377],[14.8978,51.48205],[14.88754,51.48787],[14.87163,51.48469],[14.86447,51.49047],[14.85164,51.48956],[14.83508,51.49941],[14.83241,51.5038],[14.81942,51.50764],[14.81178,51.50609],[14.8054,51.51419],[14.7987,51.5154],[14.79597,51.51787],[14.76527,51.519],[14.76099,51.52323],[14.75182,51.5218],[14.73576,51.52596],[14.72912,51.53144],[14.72631,51.539],[14.73144,51.54439],[14.72935,51.54974],[14.72359,51.55385],[14.71639,51.55519],[14.71124,51.56266],[14.72719,51.57536],[14.72987,51.58178],[14.72061,51.58636],[14.72081,51.58849],[14.71116,51.59576],[14.70017,51.59724],[14.69665,51.59666],[14.69834,51.58973],[14.70645,51.57646],[14.69276,51.57634],[14.69575,51.57461],[14.69114,51.56279],[14.67401,51.55065],[14.6639,51.55298],[14.664,51.55455],[14.6396,51.55429],[14.63158,51.55082],[14.60989,51.55015],[14.60375,51.55512],[14.60637,51.55723],[14.60178,51.56134],[14.59903,51.57175],[14.59401,51.57418],[14.58306,51.57464],[14.58048,51.58041],[14.56964,51.58119],[14.56058,51.57346],[14.55383,51.57193],[14.54444,51.57362],[14.54749,51.56362],[14.54519,51.56178],[14.52508,51.55863],[14.51545,51.55423],[14.50861,51.55819],[14.50647,51.55683],[14.49986,51.5594],[14.45407,51.55637],[14.44674,51.55273],[14.44777,51.54207],[14.44131,51.54461],[14.40944,51.53721],[14.39888,51.54179],[14.38716,51.54177],[14.38669,51.53402],[14.37587,51.53313],[14.36344,51.52454],[14.35369,51.52079],[14.33993,51.52076],[14.33934,51.51823],[14.34355,51.51711],[14.34212,51.51084],[14.33811,51.50591],[14.33235,51.50502],[14.32736,51.50736],[14.32292,51.51943],[14.30598,51.52418],[14.29308,51.52511],[14.27401,51.53213],[14.25581,51.53232],[14.25298,51.5292],[14.24704,51.52784],[14.24249,51.52876],[14.2453,51.53119],[14.24211,51.53309],[14.22893,51.53284],[14.22119,51.53807],[14.21302,51.53981],[14.19894,51.53857],[14.18813,51.54067],[14.17514,51.53912],[14.16611,51.54138],[14.14699,51.54154],[14.14368,51.54391],[14.13671,51.54331],[14.12973,51.53386],[14.13339,51.52803],[14.14236,51.5228],[14.13817,51.52352],[14.13523,51.52106],[14.11696,51.5232],[14.1078,51.52176],[14.10058,51.51416],[14.09567,51.49872],[14.08776,51.49396],[14.07382,51.49267],[14.08873,51.47938],[14.08726,51.4774],[14.07259,51.47209],[14.03874,51.47991],[14.03301,51.4751],[14.03565,51.47164],[14.05529,51.46095],[14.05259,51.45251],[14.05483,51.44909],[14.06284,51.44551],[14.04304,51.43924],[14.03816,51.43558],[14.03715,51.43459],[14.04355,51.43336],[14.04624,51.42913],[14.03825,51.42844],[14.04364,51.42455],[14.04459,51.41875],[14.03685,51.4168],[14.02744,51.40832],[14.02094,51.40816],[14.0159,51.40514],[14.01702,51.40047],[14.02579,51.40055],[14.02809,51.39594],[14.01333,51.39832],[14.00356,51.39561],[14.00361,51.39318],[14.00832,51.39198],[14.0059,51.38801],[13.99735,51.38524],[13.99632,51.38261],[14.0007,51.3726],[13.97021,51.37584],[13.97234,51.39382],[13.96103,51.39719],[13.95092,51.39583],[13.93899,51.38911],[13.9082,51.38323],[13.90867,51.37858],[13.89097,51.37744],[13.88307,51.37512],[13.86828,51.37691],[13.86325,51.38176],[13.83319,51.38384],[13.836,51.38045],[13.83388,51.37192],[13.84942,51.36183],[13.84771,51.35942],[13.85017,51.3502],[13.8565,51.34001],[13.85546,51.33653],[13.82593,51.34093],[13.82625,51.33267],[13.81846,51.31956],[13.80355,51.309],[13.79739,51.30167],[13.80214,51.30078],[13.81726,51.28195],[13.80381,51.27979],[13.81275,51.27647],[13.80349,51.27235],[13.81877,51.2668],[13.82631,51.26708],[13.82456,51.26174],[13.8214,51.26284],[13.80916,51.2577],[13.81443,51.24763],[13.81008,51.2468],[13.79869,51.2502],[13.7967,51.24813],[13.79635,51.24584],[13.80055,51.24513],[13.79815,51.24225],[13.80035,51.23708],[13.80891,51.2374],[13.81244,51.2358],[13.81235,51.22984],[13.80208,51.23006],[13.80256,51.22667],[13.79527,51.22421],[13.78353,51.22799],[13.77996,51.21785],[13.76074,51.21542]]]]}},{"type":"Feature","id":"sachsen","bbox":[11.87146,50.17175,14.40214,51.68497],"properties":{"id":"sachsen","name":"Sachsen","typ":"Bisheriger Bezirk","sitz":"Dresden","kreise":["Kreisfreie Stadt Chemnitz","Kreisfreie Stadt Dresden","Kreisfreie Stadt Leipzig","Landkreis Erzgebirgskreis","Landkreis Leipzig","Landkreis Meißen","Landkreis Mittelsachsen","Landkreis Nordsachsen","Landkreis Sächsische Schweiz-Osterzgebirge","Landkreis Vogtlandkreis","Landkreis Zwickau"],"quelle":"Bezirkseinführungsgesetz, aus VG250-Kreisgrenzen abgeleitet"},"geometry":{"type":"MultiPolygon","coordinates":[[[[11.87146,50.53982],[11.88822,50.51668],[11.89408,50.51827],[11.89945,50.51606],[11.91846,50.51698],[11.91585,50.52452],[11.91834,50.52551],[11.91892,50.52239],[11.92525,50.52632],[11.93293,50.52126],[11.93023,50.51294],[11.93398,50.50603],[11.93994,50.50299],[11.94381,50.50561],[11.95103,50.49589],[11.95655,50.49195],[11.96035,50.49173],[11.96423,50.48696],[11.96465,50.4839],[11.95923,50.47867],[11.94649,50.47936],[11.94295,50.47346],[11.93769,50.47169],[11.9389,50.47],[11.944,50.47111],[11.94106,50.46829],[11.94366,50.46445],[11.94839,50.46536],[11.94279,50.45958],[11.9518,50.45551],[11.9508,50.45407],[11.93629,50.45908],[11.9319,50.46422],[11.92766,50.45925],[11.92034,50.46005],[11.91903,50.45432],[11.90983,50.4529],[11.90494,50.45438],[11.90285,50.45184],[11.895,50.44946],[11.89471,50.44405],[11.88851,50.44361],[11.89065,50.4401],[11.89964,50.43525],[11.90384,50.43671],[11.90601,50.43426],[11.90816,50.43658],[11.90866,50.43479],[11.91146,50.4357],[11.91621,50.43306],[11.9278,50.43252],[11.92677,50.42868],[11.91988,50.4244],[11.92978,50.42117],[11.93473,50.42366],[11.93915,50.41839],[11.94565,50.41628],[11.94416,50.41158],[11.95437,50.40707],[11.94807,50.40038],[11.94938,50.39481],[11.95723,50.39708],[11.96025,50.39542],[11.96457,50.39993],[11.9747,50.39054],[11.97823,50.39136],[11.98066,50.38783],[11.98394,50.38871],[11.9786,50.38],[11.98469,50.37541],[11.97896,50.36949],[11.98477,50.3647],[11.97956,50.3648],[11.97651,50.36194],[11.98068,50.3616],[11.98255,50.35667],[11.97604,50.35229],[11.98228,50.34988],[11.99697,50.35402],[11.99725,50.34689],[12.00824,50.3457],[12.01478,50.34756],[12.01464,50.34361],[12.01941,50.34041],[12.02764,50.34093],[12.03088,50.33931],[12.03216,50.33007],[12.04183,50.33097],[12.03721,50.33578],[12.03891,50.33658],[12.04585,50.32993],[12.04685,50.325],[12.04906,50.32855],[12.04644,50.33115],[12.05185,50.33091],[12.05777,50.32627],[12.05587,50.33165],[12.06162,50.32893],[12.06422,50.33304],[12.07989,50.32683],[12.08251,50.33016],[12.0876,50.33018],[12.08614,50.33188],[12.09134,50.33261],[12.09035,50.32425],[12.09408,50.32511],[12.09798,50.32303],[12.1009,50.31803],[12.10647,50.32253],[12.10961,50.32048],[12.11548,50.32047],[12.11379,50.3168],[12.11634,50.3159],[12.1254,50.31544],[12.1305,50.31889],[12.14682,50.3218],[12.18445,50.32232],[12.18258,50.31762],[12.18679,50.31168],[12.19828,50.30735],[12.20134,50.30895],[12.19562,50.29317],[12.20232,50.28775],[12.20146,50.27278],[12.21323,50.2702],[12.23006,50.27121],[12.24704,50.26826],[12.24783,50.27028],[12.2537,50.27109],[12.26602,50.2587],[12.26604,50.25021],[12.25941,50.25231],[12.25501,50.25125],[12.24754,50.25779],[12.24567,50.25641],[12.2496,50.25429],[12.24591,50.25097],[12.24155,50.25088],[12.23963,50.24617],[12.25113,50.24197],[12.25512,50.23673],[12.26588,50.23443],[12.26277,50.23368],[12.2669,50.23192],[12.27458,50.23329],[12.28633,50.22548],[12.2794,50.22462],[12.27932,50.22248],[12.29388,50.22127],[12.28287,50.21367],[12.28182,50.2082],[12.28868,50.21045],[12.28513,50.20603],[12.28847,50.20398],[12.27467,50.19669],[12.27743,50.19171],[12.2822,50.18851],[12.28472,50.18987],[12.28624,50.18548],[12.29023,50.18505],[12.29193,50.1784],[12.2898,50.17693],[12.29494,50.17468],[12.3035,50.17527],[12.31925,50.17192],[12.33455,50.17175],[12.33753,50.17338],[12.32765,50.17598],[12.32751,50.17964],[12.32366,50.18204],[12.32783,50.18257],[12.33822,50.19248],[12.33214,50.20063],[12.32601,50.2019],[12.32305,50.20745],[12.32793,50.21243],[12.32652,50.21865],[12.33451,50.21688],[12.33496,50.22155],[12.32905,50.22533],[12.33269,50.23426],[12.3279,50.23466],[12.33243,50.23845],[12.33108,50.24271],[12.34171,50.24067],[12.34904,50.2365],[12.35516,50.23766],[12.35114,50.23925],[12.35684,50.24277],[12.3593,50.24232],[12.35011,50.25353],[12.35212,50.26175],[12.36113,50.26977],[12.3595,50.27348],[12.37086,50.28527],[12.3816,50.28885],[12.39426,50.2896],[12.40057,50.29521],[12.40304,50.30072],[12.39837,50.3079],[12.40075,50.31583],[12.39802,50.32115],[12.40343,50.32395],[12.41654,50.32448],[12.42148,50.32252],[12.42564,50.32435],[12.4312,50.32272],[12.43715,50.32756],[12.43553,50.33322],[12.4418,50.34116],[12.46943,50.35499],[12.48158,50.34701],[12.48931,50.34982],[12.4925,50.35627],[12.48753,50.36295],[12.48653,50.37084],[12.50875,50.39101],[12.51205,50.39726],[12.52894,50.39702],[12.53394,50.39974],[12.54293,50.39832],[12.54603,50.40089],[12.55063,50.39906],[12.55844,50.3994],[12.57485,50.40324],[12.58035,50.40725],[12.59294,50.40754],[12.60019,50.40581],[12.61695,50.41561],[12.62668,50.41631],[12.64917,50.41075],[12.66227,50.41217],[12.67312,50.41688],[12.68153,50.40984],[12.69571,50.40376],[12.69659,50.40106],[12.70706,50.39732],[12.70917,50.4021],[12.70761,50.40783],[12.7298,50.42167],[12.73461,50.4322],[12.79493,50.44945],[12.81062,50.43106],[12.81112,50.43582],[12.80665,50.44389],[12.81714,50.4501],[12.81938,50.4598],[12.83753,50.45413],[12.84905,50.44764],[12.8947,50.42975],[12.90296,50.42283],[12.91239,50.42373],[12.93641,50.41164],[12.93731,50.40633],[12.94797,50.40428],[12.94745,50.4072],[12.94378,50.40601],[12.94049,50.40771],[12.9419,50.41149],[12.98345,50.41972],[12.99598,50.43378],[13.01987,50.44673],[13.02386,50.45408],[13.01965,50.46075],[13.02017,50.47543],[13.02254,50.48692],[13.03244,50.50097],[13.03175,50.50973],[13.03882,50.50958],[13.04281,50.51138],[13.05079,50.50733],[13.056,50.50126],[13.08535,50.50027],[13.10147,50.50292],[13.11986,50.51393],[13.13267,50.51828],[13.13864,50.51176],[13.13674,50.50642],[13.14362,50.50581],[13.15412,50.50851],[13.17109,50.506],[13.17811,50.50288],[13.19527,50.50326],[13.19701,50.50536],[13.19469,50.51526],[13.20734,50.52157],[13.20961,50.53005],[13.22187,50.54197],[13.22209,50.54622],[13.22908,50.54974],[13.22845,50.55548],[13.22355,50.55829],[13.22286,50.5629],[13.23551,50.57037],[13.23363,50.57913],[13.23739,50.58008],[13.24005,50.58479],[13.2475,50.58707],[13.24844,50.59205],[13.2551,50.5953],[13.26046,50.5922],[13.27877,50.59299],[13.28452,50.5876],[13.29091,50.57502],[13.30151,50.5789],[13.32368,50.58165],[13.32241,50.59706],[13.3194,50.60217],[13.32587,50.60461],[13.32473,50.60804],[13.33455,50.60691],[13.33865,50.6109],[13.33745,50.61253],[13.35183,50.61409],[13.35884,50.61629],[13.36042,50.61925],[13.36666,50.61844],[13.36988,50.62457],[13.3777,50.62768],[13.37098,50.65055],[13.37548,50.65021],[13.38298,50.64485],[13.38543,50.64668],[13.39211,50.64632],[13.39266,50.64175],[13.40538,50.63458],[13.41531,50.61633],[13.42547,50.61645],[13.42515,50.61277],[13.42889,50.61076],[13.44109,50.61113],[13.46477,50.60189],[13.46668,50.60587],[13.47713,50.61261],[13.47753,50.61543],[13.49416,50.62446],[13.49703,50.63142],[13.52419,50.63926],[13.52611,50.64942],[13.51698,50.64835],[13.51281,50.65371],[13.53062,50.66823],[13.54024,50.66801],[13.53849,50.67287],[13.54437,50.67745],[13.54043,50.68975],[13.52755,50.69902],[13.52682,50.70502],[13.53848,50.70601],[13.54522,50.71131],[13.55633,50.71455],[13.56865,50.71251],[13.58933,50.71291],[13.60225,50.71006],[13.61113,50.71353],[13.62691,50.71592],[13.62504,50.72285],[13.63682,50.72539],[13.64263,50.72934],[13.66431,50.73193],[13.6815,50.72489],[13.68801,50.71961],[13.70647,50.71692],[13.71239,50.71966],[13.70822,50.72532],[13.71366,50.72512],[13.72818,50.73365],[13.7404,50.72717],[13.75075,50.72953],[13.75834,50.73581],[13.76898,50.73297],[13.77731,50.73636],[13.78481,50.73359],[13.79011,50.73504],[13.79088,50.73255],[13.79692,50.73441],[13.80733,50.73326],[13.81535,50.72777],[13.82707,50.72422],[13.83465,50.7269],[13.84397,50.72525],[13.85519,50.72711],[13.86157,50.73532],[13.86178,50.74291],[13.86816,50.74264],[13.88023,50.73781],[13.89819,50.74449],[13.90275,50.75291],[13.88959,50.763],[13.88753,50.77046],[13.89994,50.7848],[13.89642,50.78866],[13.90106,50.79343],[13.90398,50.79397],[13.91837,50.78912],[13.93918,50.78998],[13.95584,50.80059],[13.95378,50.80729],[13.95878,50.80969],[13.97088,50.81109],[13.98631,50.81653],[13.99031,50.82001],[14.00339,50.81435],[14.00346,50.81027],[14.01645,50.81111],[14.03067,50.80416],[14.03472,50.80504],[14.04114,50.8108],[14.05768,50.81192],[14.06359,50.80995],[14.07838,50.81242],[14.07905,50.81867],[14.08953,50.82585],[14.09934,50.82644],[14.107,50.83031],[14.11097,50.82967],[14.12688,50.83426],[14.13287,50.834],[14.16147,50.84754],[14.20103,50.85134],[14.2165,50.86023],[14.22329,50.85924],[14.23602,50.87645],[14.23375,50.88771],[14.24414,50.88641],[14.25225,50.88792],[14.2675,50.8953],[14.27148,50.89511],[14.2822,50.89256],[14.28966,50.88589],[14.30485,50.88398],[14.31936,50.88874],[14.34821,50.89257],[14.34927,50.90073],[14.35461,50.89841],[14.35838,50.89957],[14.37415,50.89623],[14.37529,50.89786],[14.38764,50.89909],[14.38608,50.90284],[14.38861,50.90817],[14.38564,50.91649],[14.38971,50.91666],[14.38888,50.91887],[14.39415,50.91815],[14.3918,50.92083],[14.40214,50.92407],[14.39941,50.93076],[14.40098,50.93328],[14.38732,50.94181],[14.37318,50.93824],[14.36916,50.93949],[14.36948,50.94218],[14.36052,50.94145],[14.35588,50.94465],[14.34932,50.94514],[14.3458,50.94857],[14.32537,50.94972],[14.31171,50.95376],[14.31075,50.95528],[14.31724,50.95792],[14.31691,50.96067],[14.30256,50.96533],[14.31296,50.97226],[14.32842,50.97351],[14.32606,50.97782],[14.32973,50.9822],[14.32355,50.98536],[14.31141,50.98466],[14.2989,50.97922],[14.28578,50.977],[14.27613,50.98276],[14.25865,50.98754],[14.25854,50.99213],[14.2688,51.00004],[14.26224,51.00407],[14.26064,51.00883],[14.26516,51.00816],[14.28022,51.0141],[14.28197,51.01559],[14.27767,51.01884],[14.28632,51.02696],[14.28534,51.03221],[14.27981,51.03637],[14.27359,51.03778],[14.27379,51.03977],[14.28839,51.03912],[14.29219,51.04654],[14.30186,51.05505],[14.31787,51.0547],[14.31707,51.05933],[14.31239,51.05892],[14.30879,51.0616],[14.31664,51.06152],[14.32032,51.06785],[14.30162,51.06832],[14.29202,51.07236],[14.27965,51.07396],[14.26539,51.06298],[14.25312,51.06024],[14.25504,51.0647],[14.2512,51.0663],[14.24546,51.0745],[14.2355,51.07529],[14.23749,51.07744],[14.2048,51.08643],[14.20287,51.085],[14.18645,51.08759],[14.18129,51.08204],[14.18001,51.07543],[14.1712,51.0751],[14.1786,51.07133],[14.16987,51.07033],[14.16576,51.07157],[14.1644,51.06862],[14.17184,51.06779],[14.16202,51.06672],[14.14304,51.0745],[14.14349,51.07897],[14.13827,51.08276],[14.14038,51.08575],[14.1382,51.08479],[14.13284,51.08987],[14.12828,51.08774],[14.1268,51.08421],[14.11449,51.07841],[14.111,51.07918],[14.10599,51.0735],[14.10155,51.07259],[14.08569,51.07625],[14.08065,51.07271],[14.07708,51.07444],[14.06381,51.07339],[14.05113,51.08625],[14.04745,51.08497],[14.03963,51.07162],[14.04386,51.06928],[14.03688,51.06678],[14.024,51.06974],[14.01743,51.06779],[14.00888,51.07072],[14.00441,51.06958],[14.00289,51.06537],[13.99331,51.06696],[13.99539,51.06899],[13.98667,51.06997],[13.98137,51.0688],[13.98182,51.0651],[13.9766,51.06204],[13.96767,51.06102],[13.95794,51.06311],[13.95623,51.06585],[13.96057,51.06557],[13.95325,51.06908],[13.95313,51.07376],[13.94147,51.07252],[13.9368,51.06769],[13.93894,51.06524],[13.9432,51.06512],[13.94183,51.06261],[13.92289,51.05985],[13.92381,51.06257],[13.91966,51.06223],[13.91793,51.0633],[13.92009,51.06467],[13.91045,51.06853],[13.88406,51.07255],[13.89721,51.07879],[13.8962,51.08241],[13.89205,51.08353],[13.89624,51.08751],[13.90136,51.08849],[13.89742,51.08555],[13.90213,51.08371],[13.90757,51.08449],[13.90597,51.0874],[13.91002,51.0889],[13.91095,51.09423],[13.9066,51.09886],[13.90298,51.09849],[13.89561,51.10408],[13.89906,51.10837],[13.89478,51.10979],[13.89406,51.11401],[13.88689,51.11405],[13.87938,51.12442],[13.87229,51.12787],[13.86967,51.13614],[13.88761,51.14059],[13.88927,51.14276],[13.88818,51.14569],[13.8842,51.14644],[13.88437,51.14958],[13.87852,51.15254],[13.87981,51.15397],[13.87386,51.15661],[13.86549,51.15559],[13.8604,51.15828],[13.8434,51.15191],[13.83887,51.1463],[13.8312,51.14535],[13.81841,51.15415],[13.81151,51.15539],[13.81015,51.15954],[13.80511,51.15982],[13.80202,51.16824],[13.79779,51.16994],[13.79835,51.16863],[13.78879,51.1659],[13.77975,51.16592],[13.78051,51.16748],[13.7714,51.17463],[13.76521,51.176],[13.76953,51.18566],[13.78032,51.1913],[13.78973,51.1916],[13.79583,51.19731],[13.79048,51.2022],[13.78778,51.20098],[13.77861,51.20374],[13.78007,51.20994],[13.76563,51.21218],[13.76074,51.21542],[13.77996,51.21785],[13.78353,51.22799],[13.79527,51.22421],[13.80256,51.22667],[13.80208,51.23006],[13.81235,51.22984],[13.81244,51.2358],[13.80891,51.2374],[13.80035,51.23708],[13.79815,51.24225],[13.80055,51.24513],[13.79635,51.24584],[13.7967,51.24813],[13.79869,51.2502],[13.81008,51.2468],[13.81443,51.24763],[13.80916,51.2577],[13.8214,51.26284],[13.82456,51.26174],[13.82669,51.26461],[13.82631,51.26708],[13.81877,51.2668],[13.80349,51.27235],[13.81275,51.27647],[13.80381,51.27979],[13.81726,51.28195],[13.80214,51.30078],[13.79739,51.30167],[13.80355,51.309],[13.81846,51.31956],[13.82625,51.33267],[13.82593,51.34093],[13.856,51.33706],[13.8565,51.3409],[13.85046,51.3494],[13.84771,51.35942],[13.84964,51.36148],[13.83435,51.3712],[13.83531,51.37679],[13.82909,51.37581],[13.81897,51.3695],[13.80786,51.37287],[13.78253,51.36967],[13.77652,51.36199],[13.76774,51.36301],[13.76734,51.36062],[13.76325,51.35902],[13.76268,51.36541],[13.76897,51.3694],[13.75769,51.37149],[13.75316,51.36595],[13.73911,51.3612],[13.72735,51.36471],[13.71339,51.3635],[13.69125,51.37401],[13.68276,51.36762],[13.6684,51.37613],[13.66145,51.36897],[13.64842,51.37007],[13.6321,51.36854],[13.61723,51.37106],[13.61668,51.36976],[13.59406,51.36936],[13.59576,51.37453],[13.59134,51.37514],[13.59201,51.37777],[13.58765,51.38183],[13.58985,51.38423],[13.56996,51.38567],[13.55627,51.37904],[13.55082,51.37925],[13.54614,51.36917],[13.54263,51.36932],[13.53777,51.38105],[13.52312,51.38103],[13.52486,51.38427],[13.52122,51.40206],[13.51279,51.40199],[13.50274,51.40471],[13.49439,51.40292],[13.49135,51.40768],[13.46328,51.41175],[13.46553,51.42177],[13.47379,51.41788],[13.46331,51.42626],[13.46063,51.42224],[13.45034,51.42283],[13.44591,51.43145],[13.44349,51.42877],[13.44606,51.42596],[13.43341,51.42762],[13.42851,51.42179],[13.42143,51.42151],[13.42815,51.43125],[13.42601,51.43403],[13.42177,51.43456],[13.41971,51.43884],[13.41219,51.43937],[13.41127,51.44275],[13.40563,51.44595],[13.40932,51.44977],[13.40105,51.45417],[13.38823,51.44781],[13.3876,51.44112],[13.38215,51.43605],[13.37294,51.4378],[13.38308,51.42806],[13.38251,51.42593],[13.37665,51.42461],[13.35835,51.43397],[13.35709,51.43253],[13.3492,51.43334],[13.33795,51.42916],[13.33335,51.43744],[13.32032,51.4375],[13.32576,51.43365],[13.32834,51.42664],[13.31363,51.42318],[13.309,51.41771],[13.28667,51.41138],[13.28635,51.39929],[13.25998,51.4004],[13.25909,51.39533],[13.26377,51.39446],[13.26366,51.39099],[13.27004,51.3905],[13.26854,51.38479],[13.26372,51.38495],[13.26264,51.38831],[13.25065,51.39411],[13.21731,51.39506],[13.21355,51.39725],[13.20219,51.41638],[13.2037,51.42849],[13.19975,51.43323],[13.19339,51.43578],[13.18942,51.43426],[13.18837,51.42628],[13.18465,51.42379],[13.17431,51.42825],[13.17508,51.43278],[13.18476,51.43851],[13.19184,51.43691],[13.19248,51.4417],[13.20312,51.45101],[13.20308,51.45873],[13.18972,51.4649],[13.18292,51.47134],[13.18705,51.48575],[13.1823,51.49196],[13.18907,51.49107],[13.19207,51.48805],[13.1969,51.4883],[13.20129,51.49172],[13.19677,51.49361],[13.20392,51.49878],[13.20205,51.50412],[13.20704,51.50494],[13.20796,51.52435],[13.20052,51.52604],[13.19006,51.53959],[13.18557,51.55808],[13.16083,51.55897],[13.15861,51.56426],[13.14672,51.56345],[13.14104,51.57117],[13.15321,51.58241],[13.15491,51.5894],[13.16177,51.59215],[13.15495,51.6002],[13.14378,51.59787],[13.14384,51.60046],[13.1345,51.60567],[13.12103,51.61889],[13.11486,51.61773],[13.11495,51.61575],[13.11044,51.61484],[13.11168,51.61284],[13.10675,51.61163],[13.10397,51.61647],[13.0971,51.61631],[13.09967,51.6115],[13.10338,51.61231],[13.10487,51.60968],[13.09692,51.60922],[13.09384,51.60588],[13.0863,51.60814],[13.08066,51.61773],[13.07618,51.61966],[13.07741,51.62112],[13.05103,51.64768],[13.02347,51.6373],[13.01786,51.64435],[13.02047,51.65339],[13.01719,51.65963],[13.01157,51.66455],[13.00525,51.66186],[13.00143,51.66756],[12.99864,51.66714],[12.99629,51.66925],[12.9778,51.66825],[12.9772,51.66636],[12.98176,51.66487],[12.97942,51.6632],[12.96682,51.66566],[12.9715,51.65025],[12.96504,51.65144],[12.96315,51.64957],[12.95826,51.65128],[12.94953,51.64943],[12.95236,51.64359],[12.94216,51.63801],[12.93598,51.64578],[12.92811,51.64957],[12.91523,51.64846],[12.91341,51.64412],[12.9086,51.64653],[12.90017,51.64648],[12.89081,51.65397],[12.89552,51.66246],[12.88919,51.66688],[12.88039,51.65906],[12.87277,51.65828],[12.86579,51.65503],[12.86748,51.65651],[12.86386,51.66151],[12.86652,51.66396],[12.86087,51.66471],[12.86223,51.67378],[12.86047,51.67474],[12.85896,51.6722],[12.85678,51.6727],[12.85903,51.67619],[12.84386,51.68497],[12.8419,51.68222],[12.82788,51.68225],[12.83181,51.67602],[12.82029,51.67294],[12.81774,51.6704],[12.79253,51.6655],[12.78221,51.65384],[12.77271,51.64751],[12.76461,51.64657],[12.76484,51.64829],[12.76009,51.64969],[12.74994,51.65006],[12.74016,51.65555],[12.73101,51.65633],[12.71684,51.66131],[12.70622,51.66237],[12.69814,51.66058],[12.68848,51.66251],[12.67869,51.65624],[12.67702,51.64984],[12.66652,51.64223],[12.66585,51.6316],[12.65789,51.63032],[12.64873,51.62505],[12.64911,51.62045],[12.62277,51.61564],[12.60833,51.6106],[12.61198,51.61426],[12.62236,51.61645],[12.62393,51.62182],[12.62923,51.62524],[12.62417,51.62798],[12.60453,51.62625],[12.59549,51.61838],[12.59186,51.61836],[12.59128,51.62249],[12.5864,51.62237],[12.58594,51.62549],[12.58026,51.62607],[12.5747,51.61543],[12.57027,51.61688],[12.56283,51.61376],[12.55998,51.60852],[12.54171,51.60744],[12.54464,51.60371],[12.54145,51.6025],[12.53747,51.60247],[12.53448,51.60609],[12.51576,51.60579],[12.50701,51.60846],[12.50354,51.60455],[12.49502,51.60413],[12.49766,51.60299],[12.49746,51.59656],[12.4901,51.5982],[12.48299,51.59318],[12.47714,51.59628],[12.48719,51.60101],[12.48637,51.60428],[12.47112,51.60519],[12.46058,51.60326],[12.45032,51.60652],[12.44806,51.6097],[12.44396,51.60987],[12.43839,51.60517],[12.43331,51.60583],[12.4334,51.60395],[12.43816,51.60247],[12.43682,51.59931],[12.43339,51.59762],[12.42733,51.5993],[12.42387,51.5881],[12.42542,51.58213],[12.41142,51.58201],[12.39178,51.58776],[12.39226,51.58563],[12.3816,51.58541],[12.36686,51.58801],[12.37451,51.58452],[12.3689,51.58501],[12.36768,51.58309],[12.34837,51.58665],[12.34803,51.584],[12.3375,51.58641],[12.33641,51.58478],[12.34362,51.58258],[12.34091,51.57981],[12.31938,51.57758],[12.32056,51.57467],[12.31326,51.5685],[12.3012,51.56536],[12.29722,51.56667],[12.29321,51.5649],[12.29318,51.56056],[12.25343,51.5606],[12.25048,51.55895],[12.2464,51.56635],[12.24117,51.56613],[12.2329,51.56113],[12.23605,51.55297],[12.23005,51.55283],[12.23135,51.54735],[12.21902,51.54651],[12.22217,51.54445],[12.21013,51.54192],[12.21022,51.53981],[12.20693,51.53968],[12.20717,51.53525],[12.20147,51.53457],[12.20194,51.53133],[12.19277,51.5313],[12.19116,51.52009],[12.19381,51.51866],[12.19384,51.5084],[12.1904,51.50777],[12.19635,51.50673],[12.19735,51.50286],[12.2079,51.50259],[12.20833,51.4981],[12.20486,51.49783],[12.20702,51.49206],[12.201,51.49029],[12.20308,51.48514],[12.17571,51.48222],[12.17552,51.46968],[12.14891,51.46311],[12.14867,51.45949],[12.15304,51.45754],[12.15314,51.45246],[12.15826,51.45124],[12.15839,51.44598],[12.15432,51.44604],[12.15422,51.44439],[12.15763,51.4443],[12.15721,51.43271],[12.16955,51.43031],[12.17103,51.43423],[12.18248,51.43238],[12.18586,51.42079],[12.18982,51.42085],[12.18656,51.41425],[12.18296,51.41411],[12.1832,51.41077],[12.17353,51.41026],[12.17775,51.40396],[12.17486,51.4003],[12.17814,51.38915],[12.18483,51.38758],[12.17214,51.38416],[12.17744,51.38048],[12.17471,51.37941],[12.17772,51.37674],[12.17518,51.37589],[12.17774,51.37517],[12.18996,51.37945],[12.1895,51.37551],[12.18277,51.37452],[12.18176,51.36851],[12.19288,51.37148],[12.19364,51.36927],[12.18563,51.36596],[12.18609,51.36213],[12.19608,51.3604],[12.19552,51.3544],[12.19053,51.35393],[12.19026,51.35136],[12.19435,51.33057],[12.16683,51.32681],[12.16478,51.32084],[12.14765,51.31997],[12.15763,51.30208],[12.15533,51.30123],[12.1574,51.29228],[12.16895,51.29376],[12.16975,51.28569],[12.17226,51.28568],[12.16624,51.26593],[12.17338,51.26605],[12.17374,51.25819],[12.18939,51.25762],[12.19315,51.2414],[12.19496,51.23877],[12.19888,51.23972],[12.19949,51.23842],[12.19208,51.23693],[12.19559,51.22362],[12.19811,51.2167],[12.20343,51.21672],[12.20474,51.2142],[12.18959,51.20398],[12.1918,51.19573],[12.1856,51.19429],[12.18718,51.19146],[12.17374,51.19008],[12.17484,51.18133],[12.1934,51.18531],[12.21308,51.1835],[12.21232,51.17902],[12.20849,51.17623],[12.21213,51.17518],[12.21157,51.17236],[12.20626,51.1713],[12.20167,51.16139],[12.19719,51.15913],[12.19619,51.14191],[12.23014,51.1362],[12.24164,51.1307],[12.23739,51.1278],[12.23892,51.12624],[12.23164,51.12374],[12.22907,51.12023],[12.22549,51.12037],[12.22389,51.12355],[12.22056,51.12304],[12.22237,51.11905],[12.22459,51.11932],[12.22382,51.11082],[12.22144,51.10978],[12.23036,51.10361],[12.24115,51.10289],[12.24394,51.10023],[12.25254,51.09959],[12.25308,51.09727],[12.26137,51.09795],[12.26277,51.10029],[12.27857,51.09928],[12.27864,51.09497],[12.28031,51.09589],[12.28355,51.09192],[12.28781,51.09077],[12.30483,51.09748],[12.31146,51.09371],[12.32157,51.09462],[12.32203,51.09753],[12.33383,51.10344],[12.35658,51.09434],[12.35362,51.08461],[12.36103,51.0798],[12.37532,51.07711],[12.38472,51.08029],[12.38558,51.08349],[12.39296,51.08412],[12.39808,51.07852],[12.41045,51.07285],[12.4128,51.07582],[12.42098,51.07814],[12.45074,51.07731],[12.4531,51.08346],[12.45838,51.08455],[12.46291,51.0669],[12.46799,51.06784],[12.46947,51.06422],[12.49636,51.06625],[12.50446,51.06079],[12.50858,51.05306],[12.50193,51.05173],[12.50474,51.04489],[12.50289,51.0349],[12.51245,51.02642],[12.50933,51.02545],[12.50739,51.01728],[12.51284,51.01647],[12.51633,51.01822],[12.51437,51.02688],[12.51816,51.02735],[12.5189,51.02286],[12.53149,51.02543],[12.53885,51.02425],[12.53924,51.02041],[12.53664,51.01994],[12.53477,51.01563],[12.54018,51.00573],[12.52645,51.00149],[12.52835,50.99828],[12.53877,50.99638],[12.55576,50.99749],[12.57278,50.99024],[12.5772,50.98419],[12.58381,50.98183],[12.57929,50.98514],[12.58102,50.98924],[12.59162,50.99133],[12.5916,50.99285],[12.60119,50.99273],[12.60169,50.99535],[12.60753,50.99673],[12.60731,50.99082],[12.61643,50.98528],[12.62129,50.97577],[12.62213,50.96343],[12.63011,50.9425],[12.62554,50.94223],[12.62436,50.93971],[12.63144,50.94015],[12.63763,50.9331],[12.64223,50.93317],[12.64166,50.92881],[12.65287,50.92368],[12.65412,50.91906],[12.64127,50.91142],[12.64012,50.90307],[12.62542,50.90575],[12.62357,50.90887],[12.62006,50.90938],[12.6148,50.90481],[12.6062,50.90584],[12.59202,50.90267],[12.58474,50.90402],[12.57343,50.90108],[12.5693,50.90405],[12.56594,50.9026],[12.56023,50.90614],[12.53819,50.90069],[12.52526,50.90266],[12.52132,50.9076],[12.50786,50.90373],[12.51303,50.89611],[12.51112,50.8941],[12.48667,50.8939],[12.48024,50.89051],[12.48219,50.88868],[12.45925,50.88045],[12.4642,50.87339],[12.46112,50.87178],[12.46403,50.87013],[12.44836,50.86745],[12.44932,50.86576],[12.44415,50.86258],[12.44825,50.85617],[12.44113,50.84939],[12.4425,50.84403],[12.43745,50.84242],[12.42933,50.84416],[12.42021,50.83959],[12.41159,50.84738],[12.41806,50.85541],[12.41299,50.85687],[12.40728,50.85698],[12.40612,50.85052],[12.40295,50.84923],[12.3868,50.85063],[12.37703,50.84905],[12.37839,50.85371],[12.37413,50.85325],[12.37486,50.84883],[12.36489,50.84654],[12.36231,50.8423],[12.34832,50.83753],[12.34758,50.82363],[12.33302,50.82204],[12.33388,50.82042],[12.32064,50.82163],[12.30695,50.81876],[12.29858,50.8299],[12.29591,50.82833],[12.30236,50.8172],[12.29978,50.81555],[12.29567,50.8169],[12.29271,50.82381],[12.28972,50.82397],[12.29113,50.82211],[12.28574,50.82031],[12.28607,50.81187],[12.27986,50.8097],[12.27698,50.81786],[12.27266,50.81639],[12.27504,50.81364],[12.26857,50.81232],[12.26734,50.81436],[12.25976,50.81145],[12.2505,50.81854],[12.25094,50.81501],[12.24284,50.80906],[12.25348,50.79951],[12.25018,50.7991],[12.25485,50.79506],[12.25315,50.78883],[12.26757,50.78733],[12.28764,50.78964],[12.28795,50.78359],[12.29016,50.78343],[12.28405,50.77347],[12.26392,50.76046],[12.24461,50.76478],[12.24069,50.76724],[12.22869,50.75745],[12.2267,50.74159],[12.23024,50.74351],[12.22698,50.73822],[12.23144,50.73821],[12.235,50.73327],[12.23791,50.73303],[12.26476,50.73755],[12.2687,50.73084],[12.27343,50.7282],[12.25338,50.7157],[12.26095,50.70555],[12.2649,50.7037],[12.26596,50.7011],[12.26199,50.70039],[12.26276,50.69528],[12.27476,50.68612],[12.27811,50.68778],[12.28363,50.68501],[12.29689,50.68654],[12.29939,50.68377],[12.30854,50.68261],[12.31481,50.68524],[12.3189,50.684],[12.32205,50.68143],[12.31423,50.66959],[12.31772,50.66336],[12.30354,50.66226],[12.29889,50.65168],[12.28962,50.64788],[12.2845,50.64827],[12.28232,50.64657],[12.27969,50.64778],[12.28132,50.64455],[12.26429,50.64339],[12.26552,50.63079],[12.24464,50.6333],[12.24051,50.62942],[12.23281,50.62707],[12.23083,50.63263],[12.22645,50.62984],[12.21676,50.63146],[12.21724,50.63374],[12.20755,50.6366],[12.20754,50.63994],[12.1982,50.64131],[12.19969,50.63293],[12.18819,50.62312],[12.19212,50.61933],[12.19075,50.61442],[12.18277,50.61211],[12.17472,50.61451],[12.17814,50.61865],[12.17351,50.6213],[12.17597,50.62451],[12.17044,50.62923],[12.16524,50.62793],[12.16329,50.63002],[12.15364,50.6305],[12.14989,50.6288],[12.14571,50.62143],[12.15083,50.6156],[12.14523,50.60974],[12.14722,50.6061],[12.1149,50.59698],[12.11015,50.58872],[12.12472,50.58442],[12.13265,50.58774],[12.12637,50.584],[12.13519,50.58213],[12.14483,50.58574],[12.1516,50.58345],[12.15609,50.58558],[12.16067,50.58005],[12.15602,50.57349],[12.12765,50.57413],[12.12279,50.56754],[12.11577,50.56695],[12.10557,50.57339],[12.10152,50.57894],[12.08359,50.57857],[12.07812,50.57659],[12.07914,50.56926],[12.07467,50.56683],[12.07697,50.55926],[12.07269,50.55512],[12.06549,50.55582],[12.06032,50.55217],[12.05738,50.55312],[12.05207,50.55096],[12.04922,50.55322],[12.04122,50.55354],[12.03027,50.5494],[12.03365,50.55321],[12.02835,50.55386],[12.0322,50.555],[12.03099,50.55778],[12.01754,50.56784],[12.03563,50.58137],[12.03111,50.5819],[12.03107,50.58423],[12.03614,50.59395],[12.03129,50.59821],[12.0284,50.59697],[12.02097,50.59855],[12.00548,50.61202],[12.00476,50.61382],[12.01244,50.6207],[12.02212,50.62554],[12.0104,50.63546],[12.00394,50.63483],[12.00089,50.63322],[12.00338,50.63019],[11.99872,50.62714],[11.97927,50.62141],[11.98878,50.61073],[11.98675,50.60948],[11.9662,50.59983],[11.95997,50.60445],[11.95714,50.599],[11.94972,50.5939],[11.93596,50.58744],[11.92357,50.58571],[11.93368,50.56852],[11.92677,50.56548],[11.92315,50.56078],[11.92245,50.55764],[11.92694,50.55808],[11.92601,50.55684],[11.92046,50.55555],[11.91994,50.56035],[11.91771,50.56066],[11.91393,50.55507],[11.90665,50.55589],[11.90132,50.55332],[11.88521,50.55194],[11.87146,50.53982]]]]}},{"type":"Feature","id":"sachsen-anhalt","bbox":[10.56123,50.93803,13.18707,53.04171],"properties":{"id":"sachsen-anhalt","name":"Sachsen-Anhalt","typ":"Bisheriger Bezirk","sitz":"Magdeburg","kreise":["Kreisfreie Stadt Dessau-Roßlau","Kreisfreie Stadt Halle (Saale)","Kreisfreie Stadt Magdeburg","Landkreis Altmarkkreis Salzwedel","Landkreis Anhalt-Bitterfeld","Landkreis Börde","Landkreis Burgenlandkreis","Landkreis Harz","Landkreis Jerichower Land","Landkreis Mansfeld-Südharz","Landkreis Saalekreis","Landkreis Salzlandkreis","Landkreis Stendal","Landkreis Wittenberg"],"quelle":"Bezirkseinführungsgesetz, aus VG250-Kreisgrenzen abgeleitet"},"geometry":{"type":"MultiPolygon","coordinates":[[[[10.56123,52.00407],[10.58678,51.98273],[10.58569,51.97623],[10.59606,51.975],[10.60623,51.97729],[10.60624,51.96867],[10.61962,51.96694],[10.61994,51.95768],[10.63538,51.95907],[10.6417,51.96263],[10.6513,51.95756],[10.64755,51.95362],[10.63492,51.95075],[10.63317,51.94868],[10.62248,51.94754],[10.62114,51.94339],[10.61326,51.93947],[10.61811,51.93148],[10.61331,51.92152],[10.64042,51.91472],[10.64889,51.90717],[10.65044,51.8913],[10.63233,51.87216],[10.61635,51.86984],[10.61598,51.86747],[10.60572,51.86076],[10.60262,51.85455],[10.58447,51.85306],[10.5791,51.84826],[10.57697,51.84299],[10.58527,51.84007],[10.58843,51.83579],[10.57874,51.82865],[10.57784,51.81577],[10.57417,51.81113],[10.58392,51.79882],[10.58509,51.78763],[10.58044,51.78275],[10.58152,51.78001],[10.59302,51.76766],[10.60595,51.76244],[10.6261,51.75902],[10.63127,51.75147],[10.63171,51.73953],[10.64287,51.73028],[10.64202,51.72529],[10.64934,51.71855],[10.65656,51.71811],[10.66831,51.70991],[10.67262,51.69697],[10.66755,51.69668],[10.66306,51.69121],[10.66736,51.68481],[10.6663,51.6796],[10.67051,51.66691],[10.68288,51.66062],[10.69601,51.64299],[10.70912,51.6407],[10.72625,51.64489],[10.73709,51.64507],[10.74937,51.64033],[10.75612,51.64175],[10.75568,51.64506],[10.76451,51.64901],[10.7713,51.6446],[10.78542,51.64188],[10.81822,51.63903],[10.82176,51.63342],[10.82257,51.62354],[10.83128,51.62728],[10.83373,51.63069],[10.8494,51.63075],[10.85862,51.6329],[10.8795,51.61804],[10.88323,51.61769],[10.8815,51.61717],[10.8866,51.61211],[10.894,51.61066],[10.90153,51.61187],[10.92201,51.61845],[10.92096,51.61365],[10.91627,51.613],[10.91409,51.61016],[10.93706,51.60349],[10.93054,51.59168],[10.91039,51.59328],[10.90717,51.59496],[10.90333,51.59383],[10.89642,51.59684],[10.89448,51.60183],[10.89385,51.59864],[10.88883,51.5964],[10.88785,51.58897],[10.8837,51.58613],[10.88205,51.58051],[10.89386,51.57638],[10.89491,51.56755],[10.90025,51.56442],[10.89519,51.55704],[10.9005,51.55065],[10.90447,51.54964],[10.91119,51.55563],[10.91214,51.55026],[10.91606,51.54739],[10.94,51.54192],[10.94797,51.53757],[10.94784,51.53335],[10.93975,51.5356],[10.93515,51.53322],[10.93285,51.52152],[10.92821,51.52235],[10.92734,51.52085],[10.93375,51.51922],[10.93135,51.51813],[10.93466,51.51777],[10.93624,51.51152],[10.94509,51.50619],[10.94524,51.50373],[10.93972,51.50073],[10.94663,51.49901],[10.94865,51.50163],[10.95376,51.49815],[10.95208,51.49542],[10.97294,51.48196],[10.96082,51.47122],[10.96331,51.46907],[10.96119,51.46315],[10.96407,51.46313],[10.96299,51.46039],[10.9697,51.45894],[10.96829,51.45442],[10.9727,51.45367],[10.96672,51.44552],[10.97093,51.44203],[10.96673,51.43235],[10.97968,51.43192],[10.97811,51.42689],[10.98947,51.42578],[10.99821,51.42867],[11.00792,51.42927],[11.01024,51.42397],[10.99999,51.42322],[10.99203,51.41785],[11.00527,51.4168],[11.01875,51.41705],[11.02356,51.41826],[11.02524,51.42139],[11.03541,51.42193],[11.04023,51.42459],[11.04985,51.4202],[11.04535,51.42547],[11.05184,51.42953],[11.05693,51.42748],[11.06139,51.42979],[11.07148,51.42863],[11.09604,51.42017],[11.0952,51.41898],[11.10347,51.41926],[11.102,51.41691],[11.11656,51.41569],[11.11639,51.411],[11.12075,51.41319],[11.12757,51.41325],[11.12847,51.41033],[11.12566,51.40812],[11.13111,51.40853],[11.13228,51.40447],[11.13505,51.40634],[11.14091,51.40478],[11.14175,51.40263],[11.14863,51.40398],[11.15293,51.40164],[11.17179,51.40482],[11.17193,51.40624],[11.18341,51.4059],[11.1836,51.40287],[11.19241,51.40288],[11.19686,51.40803],[11.20214,51.40567],[11.20772,51.40667],[11.21012,51.40791],[11.20954,51.41174],[11.22388,51.41319],[11.23091,51.40833],[11.23017,51.40574],[11.2479,51.40542],[11.24412,51.39695],[11.24851,51.39513],[11.25277,51.40065],[11.27432,51.40075],[11.27525,51.40484],[11.28498,51.40221],[11.30687,51.40563],[11.32126,51.41037],[11.32905,51.40002],[11.3308,51.39027],[11.33411,51.3897],[11.34054,51.39242],[11.34767,51.38456],[11.35039,51.38811],[11.35743,51.38977],[11.36174,51.38306],[11.36536,51.38308],[11.3684,51.38778],[11.37012,51.38508],[11.37662,51.38551],[11.37832,51.38724],[11.39325,51.3839],[11.39761,51.37715],[11.39594,51.37293],[11.39115,51.37255],[11.38984,51.36799],[11.39283,51.36526],[11.39297,51.3541],[11.39694,51.34961],[11.40098,51.34944],[11.39944,51.34484],[11.40899,51.34008],[11.41204,51.34249],[11.42881,51.34283],[11.4263,51.33622],[11.4188,51.33574],[11.41359,51.33313],[11.42805,51.32791],[11.42576,51.32729],[11.42783,51.32458],[11.43479,51.32205],[11.43424,51.32042],[11.44741,51.31606],[11.44599,51.31196],[11.44978,51.31378],[11.47523,51.29805],[11.47258,51.29788],[11.47386,51.29457],[11.46779,51.28839],[11.45988,51.29405],[11.45233,51.27999],[11.45611,51.2772],[11.44678,51.27112],[11.44174,51.27331],[11.43703,51.26865],[11.44128,51.26696],[11.43952,51.26338],[11.42929,51.25468],[11.42578,51.2556],[11.42181,51.25324],[11.41835,51.24761],[11.41997,51.24636],[11.41263,51.24106],[11.40157,51.23627],[11.3978,51.23674],[11.40061,51.24291],[11.38457,51.24564],[11.37638,51.2394],[11.37645,51.23407],[11.3691,51.23061],[11.36483,51.22136],[11.38982,51.21752],[11.39106,51.21057],[11.38798,51.20887],[11.39142,51.20353],[11.39936,51.20637],[11.40194,51.20615],[11.40114,51.20361],[11.40589,51.2027],[11.40807,51.20369],[11.40533,51.2074],[11.43095,51.21248],[11.44605,51.20814],[11.44505,51.20449],[11.44772,51.20366],[11.4524,51.19248],[11.45584,51.19538],[11.46857,51.19265],[11.47032,51.18386],[11.46724,51.18045],[11.4701,51.18031],[11.4714,51.17687],[11.47082,51.16984],[11.48555,51.16802],[11.48526,51.16559],[11.47495,51.16583],[11.47256,51.16092],[11.47928,51.15878],[11.47193,51.14818],[11.451,51.14667],[11.45865,51.13756],[11.45988,51.13016],[11.46283,51.13022],[11.46259,51.12687],[11.46545,51.12738],[11.46336,51.11276],[11.47893,51.10732],[11.48391,51.10786],[11.48522,51.10253],[11.51059,51.10297],[11.51208,51.10797],[11.5233,51.10486],[11.54564,51.10245],[11.54782,51.1117],[11.55651,51.11126],[11.55521,51.10932],[11.55824,51.10895],[11.57166,51.11937],[11.6075,51.11161],[11.62004,51.10467],[11.61615,51.09796],[11.62021,51.09745],[11.62436,51.10448],[11.63499,51.10733],[11.63824,51.11112],[11.64025,51.10954],[11.64334,51.11044],[11.64708,51.1073],[11.65329,51.10971],[11.66695,51.11079],[11.66654,51.10746],[11.67244,51.1029],[11.67531,51.10414],[11.68917,51.09859],[11.68922,51.10055],[11.69238,51.09985],[11.6934,51.09262],[11.697,51.09165],[11.69694,51.08749],[11.70158,51.08582],[11.6976,51.08424],[11.70183,51.07842],[11.69971,51.0766],[11.70081,51.0694],[11.70985,51.06814],[11.71365,51.07052],[11.72117,51.07102],[11.72352,51.068],[11.7323,51.06842],[11.73715,51.06314],[11.74468,51.06181],[11.75325,51.05699],[11.74553,51.05416],[11.7462,51.05195],[11.75132,51.05184],[11.75211,51.04862],[11.75975,51.04778],[11.75969,51.04286],[11.77209,51.04501],[11.77041,51.04918],[11.77463,51.05316],[11.78687,51.05263],[11.7874,51.05011],[11.7971,51.05041],[11.80389,51.04721],[11.81715,51.04787],[11.83389,51.05226],[11.85226,51.05186],[11.86026,51.05476],[11.8631,51.05115],[11.86885,51.05252],[11.8681,51.0542],[11.87474,51.05706],[11.88881,51.05584],[11.89666,51.05047],[11.89467,51.04714],[11.89745,51.0453],[11.91087,51.04502],[11.91073,51.04161],[11.91539,51.03794],[11.9119,51.02818],[11.92146,51.02629],[11.94307,51.03244],[11.95831,51.02104],[11.96069,51.02019],[11.96274,51.02218],[11.96523,51.01834],[11.97228,51.01859],[11.97714,51.01645],[11.98031,51.01235],[11.9763,51.01224],[11.9747,51.00983],[11.97864,51.0037],[11.97577,50.99917],[11.96853,50.99916],[11.96987,50.99433],[11.97291,50.99434],[11.97424,50.99032],[11.9965,50.99316],[11.99934,50.98863],[12.00657,50.99102],[12.00867,50.98394],[12.01431,50.9839],[12.01719,50.97906],[12.01706,50.97657],[12.01066,50.97469],[12.01096,50.97],[12.01413,50.96867],[12.03748,50.97294],[12.05536,50.96861],[12.07265,50.97412],[12.09216,50.97653],[12.09374,50.97491],[12.10542,50.9737],[12.11847,50.96815],[12.13499,50.96498],[12.13213,50.96126],[12.15005,50.96415],[12.15835,50.96313],[12.16353,50.9586],[12.16608,50.95904],[12.16321,50.96649],[12.18251,50.97587],[12.19798,50.95678],[12.21382,50.95844],[12.21535,50.95327],[12.21107,50.94957],[12.21458,50.93803],[12.23872,50.95153],[12.24167,50.96151],[12.23982,50.96282],[12.23235,50.96135],[12.23637,50.96451],[12.23989,50.97568],[12.2477,50.98228],[12.26219,50.98916],[12.27789,51.0058],[12.28352,51.00644],[12.28193,51.01068],[12.29175,51.0187],[12.29391,51.03133],[12.28948,51.03045],[12.28705,51.03764],[12.28247,51.03775],[12.28058,51.04048],[12.27306,51.04063],[12.26456,51.03751],[12.25564,51.03771],[12.25429,51.03916],[12.25027,51.03787],[12.25046,51.04447],[12.25679,51.04533],[12.25628,51.04925],[12.26221,51.04961],[12.25849,51.06614],[12.26931,51.07181],[12.2656,51.07698],[12.26751,51.07803],[12.27321,51.07506],[12.28828,51.08824],[12.2848,51.08882],[12.28031,51.09589],[12.27864,51.09497],[12.27857,51.09928],[12.26277,51.10029],[12.26137,51.09795],[12.25308,51.09727],[12.25254,51.09959],[12.24394,51.10023],[12.24115,51.10289],[12.23036,51.10361],[12.22144,51.10978],[12.22382,51.11082],[12.22459,51.11932],[12.22237,51.11905],[12.22056,51.12304],[12.22389,51.12355],[12.22549,51.12037],[12.22907,51.12023],[12.23164,51.12374],[12.23892,51.12624],[12.23739,51.1278],[12.24164,51.1307],[12.23014,51.1362],[12.19619,51.14191],[12.19719,51.15913],[12.20167,51.16139],[12.20626,51.1713],[12.21157,51.17236],[12.21213,51.17518],[12.20849,51.17623],[12.21232,51.17902],[12.21308,51.1835],[12.1934,51.18531],[12.17484,51.18133],[12.17374,51.19008],[12.18718,51.19146],[12.1856,51.19429],[12.1918,51.19573],[12.18959,51.20398],[12.20474,51.2142],[12.20343,51.21672],[12.19811,51.2167],[12.19559,51.22362],[12.19208,51.23693],[12.19949,51.23842],[12.19888,51.23972],[12.19496,51.23877],[12.19315,51.2414],[12.18939,51.25762],[12.17374,51.25819],[12.17338,51.26605],[12.16624,51.26593],[12.17226,51.28568],[12.16975,51.28569],[12.16895,51.29376],[12.1574,51.29228],[12.15533,51.30123],[12.15763,51.30208],[12.14765,51.31997],[12.16478,51.32084],[12.16683,51.32681],[12.19435,51.33057],[12.19026,51.35136],[12.19053,51.35393],[12.19552,51.3544],[12.19608,51.3604],[12.18609,51.36213],[12.18563,51.36596],[12.19364,51.36927],[12.19288,51.37148],[12.18176,51.36851],[12.18277,51.37452],[12.1895,51.37551],[12.18996,51.37945],[12.17774,51.37517],[12.17518,51.37589],[12.17772,51.37674],[12.17471,51.37941],[12.17744,51.38048],[12.17214,51.38416],[12.18483,51.38758],[12.17814,51.38915],[12.17486,51.4003],[12.17775,51.40396],[12.17353,51.41026],[12.1832,51.41077],[12.18296,51.41411],[12.18656,51.41425],[12.18982,51.42085],[12.18586,51.42079],[12.18248,51.43238],[12.17103,51.43423],[12.16955,51.43031],[12.15721,51.43271],[12.15763,51.4443],[12.15422,51.44439],[12.15432,51.44604],[12.15839,51.44598],[12.15826,51.45124],[12.15314,51.45246],[12.15304,51.45754],[12.14867,51.45949],[12.14891,51.46311],[12.17552,51.46968],[12.17571,51.48222],[12.20308,51.48514],[12.201,51.49029],[12.20702,51.49206],[12.20486,51.49783],[12.20833,51.4981],[12.2079,51.50259],[12.19735,51.50286],[12.19635,51.50673],[12.1904,51.50777],[12.19384,51.5084],[12.19381,51.51866],[12.19116,51.52009],[12.19277,51.5313],[12.20194,51.53133],[12.20147,51.53457],[12.20717,51.53525],[12.20693,51.53968],[12.21022,51.53981],[12.21013,51.54192],[12.22217,51.54445],[12.21902,51.54651],[12.23135,51.54735],[12.23005,51.55283],[12.23605,51.55297],[12.2329,51.56113],[12.24321,51.56688],[12.2464,51.56635],[12.25048,51.55895],[12.25343,51.5606],[12.29318,51.56056],[12.29321,51.5649],[12.29722,51.56667],[12.3012,51.56536],[12.31326,51.5685],[12.32056,51.57467],[12.31938,51.57758],[12.34091,51.57981],[12.34362,51.58258],[12.33641,51.58478],[12.3375,51.58641],[12.34803,51.584],[12.34837,51.58665],[12.36768,51.58309],[12.3689,51.58501],[12.37451,51.58452],[12.36686,51.58801],[12.3816,51.58541],[12.39226,51.58563],[12.39178,51.58776],[12.41142,51.58201],[12.42542,51.58213],[12.42387,51.5881],[12.42733,51.5993],[12.43339,51.59762],[12.43682,51.59931],[12.43816,51.60247],[12.4334,51.60395],[12.43331,51.60583],[12.43839,51.60517],[12.44396,51.60987],[12.44806,51.6097],[12.45032,51.60652],[12.46058,51.60326],[12.47112,51.60519],[12.48637,51.60428],[12.48719,51.60101],[12.47714,51.59628],[12.48299,51.59318],[12.4901,51.5982],[12.49746,51.59656],[12.49766,51.60299],[12.49502,51.60413],[12.50354,51.60455],[12.50701,51.60846],[12.51576,51.60579],[12.53448,51.60609],[12.53747,51.60247],[12.54145,51.6025],[12.54464,51.60371],[12.54171,51.60744],[12.55998,51.60852],[12.56283,51.61376],[12.57027,51.61688],[12.5747,51.61543],[12.58026,51.62607],[12.58594,51.62549],[12.5864,51.62237],[12.59128,51.62249],[12.59186,51.61836],[12.59549,51.61838],[12.60453,51.62625],[12.62417,51.62798],[12.62923,51.62524],[12.62393,51.62182],[12.62236,51.61645],[12.61198,51.61426],[12.60833,51.6106],[12.62277,51.61564],[12.64911,51.62045],[12.64873,51.62505],[12.65789,51.63032],[12.66585,51.6316],[12.66652,51.64223],[12.67702,51.64984],[12.67869,51.65624],[12.68668,51.66199],[12.6933,51.66243],[12.69938,51.66053],[12.70622,51.66237],[12.71684,51.66131],[12.73101,51.65633],[12.74016,51.65555],[12.74994,51.65006],[12.76009,51.64969],[12.76484,51.64829],[12.76461,51.64657],[12.77271,51.64751],[12.78221,51.65384],[12.79253,51.6655],[12.81774,51.6704],[12.82029,51.67294],[12.83181,51.67602],[12.82788,51.68225],[12.8419,51.68222],[12.84386,51.68497],[12.85903,51.67619],[12.85678,51.6727],[12.85896,51.6722],[12.86047,51.67474],[12.86223,51.67378],[12.86087,51.66471],[12.86652,51.66396],[12.86386,51.66151],[12.86748,51.65651],[12.86579,51.65503],[12.87277,51.65828],[12.88039,51.65906],[12.88919,51.66688],[12.89517,51.66377],[12.89081,51.65397],[12.89752,51.64743],[12.9086,51.64653],[12.91341,51.64412],[12.91523,51.64846],[12.92811,51.64957],[12.93598,51.64578],[12.94216,51.63801],[12.95236,51.64359],[12.94953,51.64943],[12.95826,51.65128],[12.96315,51.64957],[12.96504,51.65144],[12.9715,51.65025],[12.96682,51.66566],[12.97942,51.6632],[12.98176,51.66487],[12.9772,51.66636],[12.9778,51.66825],[12.99629,51.66925],[12.99864,51.66714],[13.00143,51.66756],[13.00525,51.66186],[13.01157,51.66455],[13.01719,51.65963],[13.02047,51.65339],[13.01786,51.64435],[13.02347,51.6373],[13.15453,51.68671],[13.15508,51.68907],[13.16246,51.69182],[13.15614,51.69473],[13.16126,51.69499],[13.1551,51.71079],[13.16173,51.71297],[13.17011,51.70809],[13.17122,51.71253],[13.16638,51.71789],[13.16869,51.71867],[13.18707,51.71562],[13.18427,51.71991],[13.1865,51.72211],[13.18325,51.72324],[13.17954,51.73117],[13.17551,51.73401],[13.16715,51.73538],[13.16842,51.7387],[13.16413,51.74189],[13.16075,51.73987],[13.15541,51.74148],[13.15688,51.74364],[13.15401,51.74425],[13.15833,51.75096],[13.16271,51.75054],[13.16329,51.75494],[13.14985,51.75927],[13.15583,51.76457],[13.14748,51.76664],[13.1598,51.77459],[13.16004,51.78393],[13.16871,51.78277],[13.1701,51.78702],[13.15799,51.78845],[13.16269,51.79307],[13.15847,51.79761],[13.1607,51.79718],[13.16301,51.80202],[13.15368,51.81491],[13.14753,51.81794],[13.14852,51.82054],[13.14209,51.82065],[13.13914,51.82469],[13.14251,51.8263],[13.14216,51.82859],[13.13946,51.82863],[13.13555,51.8328],[13.12354,51.85459],[13.12348,51.85782],[13.15091,51.85961],[13.1496,51.87233],[13.14223,51.87256],[13.13895,51.87951],[13.13203,51.87955],[13.13234,51.88249],[13.11908,51.88283],[13.11899,51.87654],[13.11361,51.87659],[13.11356,51.8749],[13.10701,51.87541],[13.09624,51.87288],[13.08501,51.87402],[13.08055,51.86748],[13.03924,51.87091],[13.02916,51.88104],[13.03729,51.88026],[13.03944,51.88247],[13.03757,51.89088],[13.04854,51.89186],[13.04541,51.90052],[13.02277,51.90323],[13.02178,51.89685],[13.00986,51.90278],[12.98608,51.90411],[12.97266,51.90088],[12.97654,51.91986],[12.95597,51.92266],[12.96057,51.93491],[12.93568,51.93615],[12.91837,51.93936],[12.91746,51.93269],[12.89042,51.92838],[12.88817,51.93477],[12.85273,51.93501],[12.85025,51.9587],[12.84528,51.96271],[12.84415,51.96773],[12.81127,51.96257],[12.79406,51.96231],[12.77761,51.96459],[12.77433,51.97836],[12.75925,51.98218],[12.75548,51.98639],[12.74344,51.98905],[12.72964,51.98896],[12.71167,51.99727],[12.71194,51.99987],[12.69792,52.00298],[12.68252,52.00332],[12.67566,52.00693],[12.6727,52.01185],[12.66726,52.01323],[12.6565,52.01294],[12.6486,52.00831],[12.64475,51.99438],[12.6144,51.99172],[12.61516,51.98228],[12.60302,51.98109],[12.53939,51.98489],[12.54084,51.98817],[12.53631,52.00288],[12.49883,52.00892],[12.48496,52.01715],[12.48062,52.03334],[12.46076,52.03472],[12.45302,52.02605],[12.45,52.01621],[12.43023,52.01831],[12.4202,52.02652],[12.40929,52.02907],[12.39822,52.03565],[12.3896,52.04357],[12.35978,52.0465],[12.34809,52.0593],[12.32903,52.06963],[12.31582,52.09237],[12.30014,52.09622],[12.29224,52.10138],[12.27672,52.10402],[12.27196,52.11005],[12.26511,52.13066],[12.24532,52.13873],[12.2313,52.15495],[12.234,52.16279],[12.22047,52.16667],[12.21678,52.17007],[12.22859,52.18598],[12.24156,52.18198],[12.24829,52.18422],[12.2418,52.19428],[12.25368,52.20565],[12.24525,52.20739],[12.24892,52.21174],[12.26026,52.21645],[12.26767,52.21451],[12.27883,52.21704],[12.2942,52.22967],[12.28862,52.22922],[12.28378,52.23451],[12.26453,52.23355],[12.26175,52.2361],[12.26424,52.23689],[12.27526,52.23627],[12.27068,52.24172],[12.25801,52.24315],[12.26154,52.24609],[12.24465,52.24844],[12.25467,52.26189],[12.2511,52.26423],[12.25108,52.27243],[12.26277,52.29507],[12.27298,52.30477],[12.28153,52.31842],[12.28438,52.32153],[12.29006,52.323],[12.30813,52.3447],[12.29775,52.3508],[12.29798,52.35328],[12.28381,52.36425],[12.28609,52.36888],[12.30065,52.37109],[12.30599,52.37743],[12.29427,52.38142],[12.29181,52.38614],[12.29537,52.39242],[12.30329,52.39755],[12.30233,52.40501],[12.2994,52.40911],[12.29234,52.40754],[12.27484,52.41227],[12.27447,52.41606],[12.29699,52.42378],[12.28925,52.43069],[12.30268,52.43449],[12.30229,52.43881],[12.30757,52.44431],[12.30325,52.44596],[12.30434,52.4505],[12.31668,52.45238],[12.31508,52.46046],[12.32512,52.46423],[12.32526,52.47209],[12.33078,52.47856],[12.32746,52.47949],[12.32363,52.47652],[12.31634,52.47514],[12.30873,52.47898],[12.30936,52.48626],[12.31587,52.49059],[12.32767,52.49141],[12.33038,52.49637],[12.32076,52.49551],[12.31069,52.49087],[12.29714,52.49614],[12.29437,52.49246],[12.2853,52.4926],[12.27844,52.48718],[12.27145,52.48748],[12.27001,52.49367],[12.26245,52.49547],[12.27008,52.501],[12.25992,52.50423],[12.25822,52.51789],[12.24677,52.51886],[12.24498,52.52152],[12.23556,52.52378],[12.23105,52.52188],[12.23164,52.51623],[12.224,52.51153],[12.22776,52.50595],[12.22168,52.50067],[12.21746,52.50021],[12.2115,52.50313],[12.20397,52.49788],[12.19058,52.49887],[12.1847,52.49578],[12.17037,52.50697],[12.16729,52.51499],[12.17779,52.52389],[12.18547,52.52702],[12.18869,52.53242],[12.1796,52.53366],[12.17389,52.53869],[12.1582,52.53422],[12.15464,52.5297],[12.14181,52.52839],[12.14492,52.53328],[12.14349,52.53687],[12.14944,52.54055],[12.15931,52.56099],[12.18108,52.57518],[12.17673,52.5765],[12.17338,52.58225],[12.1734,52.5996],[12.17657,52.60647],[12.17029,52.6077],[12.17077,52.61233],[12.17557,52.61733],[12.16913,52.61675],[12.17197,52.62595],[12.20354,52.61875],[12.21265,52.6251],[12.23687,52.62888],[12.23085,52.62976],[12.231,52.63989],[12.23668,52.64098],[12.23789,52.64556],[12.23252,52.65361],[12.23551,52.65445],[12.23379,52.65967],[12.23794,52.6625],[12.23458,52.66436],[12.2393,52.66582],[12.23935,52.67174],[12.23538,52.68036],[12.22681,52.6838],[12.23282,52.68691],[12.23288,52.68904],[12.22277,52.68845],[12.22088,52.69044],[12.21754,52.69982],[12.22419,52.70279],[12.21655,52.70846],[12.21049,52.70872],[12.20392,52.71335],[12.21018,52.71547],[12.20984,52.71762],[12.2048,52.71982],[12.19986,52.7172],[12.19755,52.71838],[12.20471,52.72497],[12.20277,52.72599],[12.20596,52.72651],[12.20129,52.729],[12.20936,52.73204],[12.20944,52.7352],[12.22055,52.73648],[12.22317,52.73975],[12.21842,52.74353],[12.22129,52.74522],[12.21945,52.75091],[12.21775,52.75258],[12.20916,52.75318],[12.20596,52.76091],[12.20838,52.76367],[12.21487,52.764],[12.21185,52.76602],[12.21313,52.77361],[12.22061,52.77371],[12.22351,52.7757],[12.22356,52.78705],[12.2208,52.78974],[12.23053,52.78981],[12.24389,52.78653],[12.2492,52.79186],[12.24772,52.79652],[12.25558,52.7986],[12.25249,52.80373],[12.25754,52.80491],[12.24367,52.82069],[12.23726,52.83929],[12.23968,52.84368],[12.23188,52.85067],[12.23406,52.85938],[12.21739,52.86598],[12.21406,52.86167],[12.20996,52.86242],[12.20839,52.8665],[12.19995,52.87088],[12.19694,52.87798],[12.19265,52.87746],[12.18498,52.87095],[12.17219,52.8647],[12.12371,52.8538],[12.13312,52.86578],[12.12021,52.87551],[12.12262,52.8885],[12.12849,52.89265],[12.1246,52.89359],[12.1147,52.88213],[12.11262,52.87573],[12.09768,52.87764],[12.08138,52.87708],[12.08115,52.88248],[12.07648,52.8864],[12.06628,52.88373],[12.06754,52.88614],[12.06087,52.88817],[12.05547,52.88895],[12.04815,52.88591],[12.043,52.88885],[12.02923,52.88815],[12.02261,52.89037],[12.01879,52.88831],[12.00612,52.88746],[12.00532,52.8818],[11.99048,52.88122],[11.98725,52.87673],[11.98155,52.87603],[11.96192,52.88099],[11.95944,52.87993],[11.94898,52.88768],[11.93225,52.89158],[11.89734,52.89336],[11.88662,52.89791],[11.87809,52.90609],[11.87151,52.90887],[11.834,52.91036],[11.82501,52.91577],[11.82309,52.92326],[11.82952,52.9306],[11.84793,52.94103],[11.84938,52.94726],[11.84603,52.9516],[11.8289,52.95727],[11.81112,52.9571],[11.7863,52.96096],[11.76419,52.98141],[11.74379,52.98854],[11.73202,52.98857],[11.70257,52.97781],[11.69024,52.97913],[11.68302,52.98616],[11.68406,52.99974],[11.67717,53.00814],[11.66774,53.00968],[11.64575,53.00538],[11.63327,53.00789],[11.62633,53.01265],[11.62703,53.02166],[11.64189,53.03406],[11.63937,53.03872],[11.62961,53.04171],[11.61855,53.04132],[11.59778,53.03593],[11.59642,53.03278],[11.56913,53.01855],[11.56375,53.01284],[11.55925,53.01308],[11.55209,53.00473],[11.56044,53.0038],[11.55642,52.99867],[11.54338,52.99945],[11.52643,53.00826],[11.51249,53.00744],[11.50643,52.99975],[11.49234,52.95966],[11.50503,52.94103],[11.49176,52.94163],[11.47006,52.93893],[11.45444,52.9334],[11.43289,52.91975],[11.42608,52.91992],[11.40658,52.9041],[11.39246,52.90168],[11.38478,52.90358],[11.38611,52.90234],[11.37469,52.90024],[11.35453,52.89036],[11.33718,52.88836],[11.33686,52.88636],[11.31425,52.87824],[11.29541,52.87491],[11.29421,52.88713],[11.29066,52.88913],[11.27657,52.88753],[11.26724,52.88014],[11.24113,52.87902],[11.23794,52.88061],[11.23576,52.88861],[11.23063,52.89135],[11.21917,52.89268],[11.22065,52.89767],[11.18269,52.90129],[11.15526,52.90621],[11.15467,52.90187],[11.13891,52.89834],[11.10641,52.89622],[11.09319,52.89947],[11.09868,52.91288],[11.07875,52.91296],[11.06587,52.90945],[11.03905,52.9134],[11.03547,52.91159],[11.01308,52.90989],[11.00208,52.91148],[10.99257,52.90646],[10.99356,52.90353],[10.98905,52.89905],[10.9901,52.88819],[10.98551,52.88203],[10.97881,52.87815],[10.97409,52.87743],[10.96808,52.87932],[10.9679,52.87572],[10.95772,52.8698],[10.95781,52.86777],[10.93963,52.85334],[10.91502,52.85318],[10.89567,52.85637],[10.89288,52.84798],[10.89062,52.8459],[10.88468,52.8458],[10.87684,52.84775],[10.87417,52.8527],[10.8661,52.85573],[10.85921,52.85334],[10.86037,52.85165],[10.84156,52.8522],[10.83477,52.84748],[10.80055,52.85029],[10.79615,52.84364],[10.76669,52.84219],[10.7647,52.84048],[10.77173,52.83395],[10.76399,52.83021],[10.76665,52.82619],[10.75695,52.81977],[10.76174,52.80273],[10.75532,52.78483],[10.77548,52.76236],[10.77621,52.75479],[10.78765,52.75297],[10.79167,52.7482],[10.78818,52.73317],[10.79328,52.72997],[10.7967,52.71433],[10.80343,52.71387],[10.82446,52.71797],[10.8297,52.71614],[10.83616,52.7077],[10.83313,52.70094],[10.83751,52.69581],[10.84609,52.69014],[10.85968,52.67459],[10.87776,52.66383],[10.87903,52.656],[10.89687,52.64271],[10.90438,52.62747],[10.9131,52.6241],[10.91505,52.61763],[10.92503,52.6146],[10.92139,52.60987],[10.9271,52.60923],[10.94385,52.61506],[10.94561,52.62021],[10.96425,52.62585],[10.97697,52.62414],[10.97563,52.60682],[10.97165,52.60333],[10.95952,52.59989],[10.95326,52.59287],[10.93982,52.58957],[10.94744,52.58255],[10.94169,52.57974],[10.94144,52.57187],[10.93758,52.5674],[10.94304,52.56049],[10.94234,52.55595],[10.95899,52.53555],[11.00878,52.49675],[10.98226,52.49696],[10.97484,52.50136],[10.94999,52.49561],[10.94356,52.49235],[10.94098,52.4766],[10.93458,52.47617],[10.93375,52.46095],[10.94782,52.45395],[10.9488,52.44859],[10.95639,52.44475],[10.96226,52.43474],[10.97331,52.43049],[10.98941,52.4203],[10.99463,52.41511],[10.99165,52.41333],[11.00558,52.40887],[11.0187,52.39704],[11.01648,52.39486],[11.0189,52.39217],[11.01516,52.38811],[11.02295,52.39264],[11.03421,52.38857],[11.0363,52.38521],[11.04187,52.38638],[11.039,52.38891],[11.04675,52.38787],[11.0545,52.38139],[11.06083,52.38021],[11.06654,52.3732],[11.06881,52.37652],[11.06985,52.37452],[11.07448,52.3744],[11.07374,52.3717],[11.067,52.36988],[11.06868,52.35548],[11.06381,52.35415],[11.06161,52.35745],[11.05747,52.35033],[11.04394,52.34934],[11.04405,52.34688],[11.04037,52.34733],[11.03736,52.34474],[11.03037,52.34591],[11.0236,52.34423],[11.02298,52.34743],[11.00705,52.34568],[11.0048,52.34386],[11.00234,52.34475],[10.99625,52.34212],[10.99255,52.34438],[10.98367,52.34169],[10.98791,52.33502],[10.99135,52.33533],[10.99025,52.33664],[11.00208,52.33659],[11.0048,52.33075],[10.99998,52.32971],[11.00108,52.32748],[11.01162,52.32824],[11.02023,52.31912],[11.03336,52.31004],[11.03602,52.3104],[11.03559,52.30341],[11.03922,52.30167],[11.02958,52.29736],[11.02184,52.2966],[11.01251,52.29132],[11.0138,52.28665],[11.02907,52.27012],[11.04294,52.27201],[11.05217,52.26736],[11.05113,52.2628],[11.05631,52.25873],[11.05237,52.25374],[11.05891,52.24065],[11.07327,52.24324],[11.08624,52.22863],[11.07886,52.22465],[11.07718,52.21868],[11.04488,52.21506],[11.03446,52.21031],[11.02945,52.21145],[11.02431,52.20938],[11.02666,52.20823],[11.02139,52.20498],[11.02458,52.2011],[11.01769,52.19825],[11.01365,52.19956],[11.01317,52.18588],[11.01924,52.17809],[11.03592,52.17173],[11.06034,52.17239],[11.06096,52.16482],[11.05462,52.16026],[11.06043,52.15347],[11.04504,52.14355],[11.04634,52.13694],[11.04414,52.13367],[11.03778,52.13407],[11.0283,52.13118],[11.02757,52.12936],[11.01747,52.12826],[11.00916,52.11993],[10.97688,52.10573],[10.96567,52.10712],[10.94216,52.10309],[10.942,52.09436],[10.95847,52.08798],[10.9671,52.08838],[10.97065,52.08626],[10.97305,52.07312],[10.96441,52.05664],[10.93596,52.05971],[10.88116,52.05932],[10.87218,52.05796],[10.85504,52.0509],[10.82871,52.04775],[10.80149,52.048],[10.78283,52.05046],[10.7739,52.05],[10.76024,52.04611],[10.75735,52.04826],[10.73551,52.04795],[10.72211,52.04966],[10.68739,52.04814],[10.64789,52.04172],[10.65174,52.03279],[10.65438,52.03315],[10.65686,52.02852],[10.65549,52.02469],[10.64222,52.02292],[10.63897,52.01533],[10.62144,52.01033],[10.62602,52.0082],[10.61894,52.00974],[10.61359,52.00852],[10.6119,52.01005],[10.60019,52.00717],[10.60048,52.00974],[10.5958,52.01008],[10.5966,52.01437],[10.59228,52.0142],[10.5916,52.01134],[10.57297,52.01045],[10.57474,52.00636],[10.56123,52.00407]],[[12.21683,52.86075],[12.21712,52.86199],[12.21817,52.86245],[12.22132,52.86381],[12.22231,52.86255],[12.21908,52.86086],[12.21759,52.86013],[12.21732,52.86045],[12.21683,52.86075]]],[[[11.43939,51.19977],[11.43967,51.19767],[11.44395,51.19736],[11.44677,51.1945],[11.44661,51.19888],[11.43939,51.19977]]]]}},{"type":"Feature","id":"thuringen","bbox":[9.87698,50.20482,12.65412,51.64901],"properties":{"id":"thuringen","name":"Thüringen","typ":"Bisheriger Bezirk","sitz":"Erfurt","kreise":["Kreisfreie Stadt Erfurt","Kreisfreie Stadt Gera","Kreisfreie Stadt Jena","Kreisfreie Stadt Suhl","Kreisfreie Stadt Weimar","Landkreis Altenburger Land","Landkreis Eichsfeld","Landkreis Gotha","Landkreis Greiz","Landkreis Hildburghausen","Landkreis Ilm-Kreis","Landkreis Kyffhäuserkreis","Landkreis Nordhausen","Landkreis Saale-Holzland-Kreis","Landkreis Saale-Orla-Kreis","Landkreis Saalfeld-Rudolstadt","Landkreis Schmalkalden-Meiningen","Landkreis Sömmerda","Landkreis Sonneberg","Landkreis Unstrut-Hainich-Kreis","Landkreis Wartburgkreis","Landkreis Weimarer Land"],"quelle":"Bezirkseinführungsgesetz, aus VG250-Kreisgrenzen abgeleitet"},"geometry":{"type":"MultiPolygon","coordinates":[[[[9.87698,50.64174],[9.87855,50.63478],[9.88157,50.63403],[9.89972,50.63712],[9.90611,50.64038],[9.91038,50.63635],[9.9221,50.63451],[9.92693,50.62981],[9.94593,50.62683],[9.96072,50.62948],[9.96025,50.63551],[9.9689,50.64126],[9.94971,50.65587],[9.95088,50.66032],[9.94758,50.6623],[9.95148,50.66593],[9.96069,50.66844],[9.96303,50.66654],[9.9693,50.66753],[9.9736,50.66595],[9.97468,50.66869],[9.98954,50.67459],[10.00199,50.6766],[10.01991,50.67313],[10.03337,50.67554],[10.05105,50.6729],[10.05763,50.66483],[10.06999,50.65588],[10.07858,50.63469],[10.08296,50.63371],[10.08105,50.62002],[10.07226,50.61963],[10.06722,50.62415],[10.0575,50.62612],[10.04547,50.62122],[10.04777,50.61946],[10.03719,50.61293],[10.04027,50.60451],[10.0488,50.59862],[10.04981,50.58472],[10.04626,50.58148],[10.04636,50.57125],[10.05247,50.56111],[10.06183,50.55669],[10.04722,50.54552],[10.0479,50.53945],[10.03969,50.53259],[10.04134,50.51647],[10.05196,50.51925],[10.06652,50.52897],[10.07183,50.52767],[10.07274,50.52902],[10.06849,50.52994],[10.07005,50.53542],[10.07627,50.54089],[10.08984,50.54481],[10.09427,50.54849],[10.09404,50.5536],[10.09851,50.55216],[10.09946,50.55821],[10.10709,50.56373],[10.11941,50.56422],[10.12622,50.56135],[10.12664,50.55843],[10.12277,50.55845],[10.12071,50.55586],[10.14037,50.54285],[10.14686,50.54315],[10.15027,50.55189],[10.15287,50.5493],[10.15957,50.54979],[10.17544,50.54292],[10.17789,50.55168],[10.1926,50.55482],[10.20387,50.5547],[10.20418,50.54605],[10.20833,50.54063],[10.22164,50.53872],[10.22483,50.53038],[10.23197,50.53109],[10.22579,50.51872],[10.23185,50.51322],[10.23083,50.5118],[10.24074,50.51253],[10.24367,50.51502],[10.24431,50.51279],[10.25139,50.51118],[10.25622,50.51281],[10.26769,50.50419],[10.2746,50.50587],[10.29161,50.49634],[10.30657,50.49208],[10.3089,50.49391],[10.31789,50.49248],[10.33058,50.49428],[10.33267,50.48709],[10.34141,50.483],[10.33615,50.4659],[10.34819,50.46256],[10.35226,50.45643],[10.35673,50.45519],[10.36303,50.44755],[10.3611,50.44557],[10.36756,50.44155],[10.36727,50.43877],[10.37625,50.44066],[10.38133,50.43885],[10.37238,50.43714],[10.37071,50.43176],[10.3785,50.43249],[10.379,50.42992],[10.39246,50.43034],[10.39283,50.42694],[10.40285,50.42623],[10.40383,50.42478],[10.40455,50.42312],[10.40004,50.42212],[10.40094,50.41903],[10.39486,50.41766],[10.39442,50.41368],[10.38944,50.41144],[10.39006,50.40994],[10.38392,50.40862],[10.38448,50.40285],[10.39449,50.39365],[10.3965,50.39693],[10.40596,50.3954],[10.40611,50.39368],[10.41396,50.39525],[10.41445,50.39372],[10.41997,50.39425],[10.42374,50.39253],[10.4379,50.39548],[10.43798,50.40118],[10.4495,50.40305],[10.45326,50.40146],[10.45556,50.39641],[10.45303,50.39292],[10.45959,50.38773],[10.4585,50.38319],[10.46366,50.37601],[10.46709,50.37759],[10.47348,50.37251],[10.48728,50.37528],[10.49056,50.36879],[10.49444,50.36944],[10.49285,50.36215],[10.48599,50.36305],[10.49241,50.35506],[10.49904,50.35771],[10.50328,50.35318],[10.50707,50.35794],[10.51248,50.35981],[10.51462,50.3499],[10.51841,50.35421],[10.52363,50.35476],[10.52672,50.36145],[10.53038,50.36097],[10.53101,50.36511],[10.53499,50.36568],[10.53731,50.36268],[10.54441,50.36451],[10.55486,50.35466],[10.54976,50.34927],[10.55229,50.34452],[10.56179,50.3371],[10.57469,50.33669],[10.5834,50.33239],[10.60055,50.33369],[10.59543,50.31946],[10.59232,50.31718],[10.59469,50.31331],[10.59236,50.30808],[10.59635,50.30667],[10.60532,50.29354],[10.59753,50.28919],[10.59817,50.28419],[10.60155,50.28267],[10.59328,50.27797],[10.59104,50.27178],[10.59348,50.26955],[10.6073,50.27126],[10.60303,50.26999],[10.59783,50.26262],[10.60501,50.25905],[10.6064,50.25328],[10.60834,50.25106],[10.61139,50.25122],[10.61131,50.24907],[10.60351,50.24572],[10.59711,50.24617],[10.60435,50.23972],[10.61205,50.22414],[10.63766,50.22327],[10.65896,50.23071],[10.66229,50.22665],[10.65748,50.22368],[10.66367,50.22154],[10.67173,50.22141],[10.68671,50.22591],[10.68764,50.21908],[10.69575,50.2118],[10.70003,50.21251],[10.70275,50.21055],[10.70897,50.21028],[10.71665,50.20482],[10.7244,50.2061],[10.73122,50.21265],[10.72624,50.24089],[10.72981,50.24488],[10.7265,50.24756],[10.73217,50.25184],[10.7482,50.24783],[10.74613,50.24378],[10.74982,50.24248],[10.76963,50.24084],[10.78437,50.24851],[10.78184,50.25128],[10.80056,50.25144],[10.80677,50.24435],[10.80727,50.2402],[10.82405,50.23753],[10.83346,50.2387],[10.83606,50.24195],[10.84467,50.24316],[10.85195,50.2516],[10.85128,50.2648],[10.8454,50.2695],[10.84636,50.27509],[10.84225,50.27552],[10.83593,50.27306],[10.82633,50.27795],[10.81147,50.27773],[10.8107,50.27968],[10.80392,50.27975],[10.80255,50.29198],[10.79704,50.29275],[10.79421,50.29538],[10.78698,50.29394],[10.77539,50.29469],[10.77073,50.29267],[10.76252,50.29837],[10.75947,50.3038],[10.75246,50.30656],[10.74185,50.31591],[10.73693,50.31415],[10.72731,50.31863],[10.7218,50.31802],[10.7154,50.32118],[10.71439,50.32548],[10.715,50.33303],[10.7196,50.33317],[10.72815,50.33812],[10.72887,50.34794],[10.72019,50.34956],[10.7143,50.34635],[10.71246,50.35464],[10.71793,50.35554],[10.71527,50.36359],[10.73872,50.36287],[10.74942,50.35795],[10.75451,50.35817],[10.76051,50.36242],[10.76474,50.36911],[10.76294,50.36972],[10.76588,50.37178],[10.76685,50.37046],[10.77377,50.37197],[10.78588,50.38538],[10.79016,50.38223],[10.80425,50.37911],[10.81089,50.38412],[10.8168,50.38602],[10.81997,50.38489],[10.83044,50.39262],[10.86184,50.38767],[10.86628,50.38928],[10.86774,50.39427],[10.87624,50.39653],[10.87798,50.39323],[10.88719,50.39257],[10.88487,50.3885],[10.89312,50.38032],[10.89885,50.38471],[10.90942,50.38719],[10.91142,50.38572],[10.93022,50.39203],[10.93763,50.39191],[10.94995,50.38347],[10.94844,50.38175],[10.95968,50.37531],[10.96179,50.37759],[10.96305,50.37247],[10.95666,50.36848],[10.96162,50.36772],[10.98578,50.34732],[10.99295,50.34903],[10.99637,50.34672],[10.99952,50.35197],[10.99783,50.35389],[10.99415,50.35347],[10.99349,50.36547],[11.00804,50.3652],[11.01789,50.3612],[11.03342,50.36136],[11.03623,50.35869],[11.0317,50.35513],[11.0435,50.35223],[11.03241,50.3515],[11.03686,50.34521],[11.04115,50.34667],[11.04299,50.34472],[11.06412,50.34921],[11.07357,50.35365],[11.08575,50.35203],[11.08195,50.3539],[11.08974,50.36589],[11.1153,50.36701],[11.11929,50.35929],[11.11405,50.35253],[11.1168,50.34933],[11.12169,50.349],[11.12668,50.35618],[11.13911,50.35351],[11.13611,50.34967],[11.1592,50.33039],[11.15818,50.32378],[11.13846,50.31643],[11.13175,50.30809],[11.13316,50.30018],[11.13766,50.29972],[11.13973,50.29296],[11.1432,50.29338],[11.14156,50.28919],[11.14592,50.28496],[11.15148,50.28599],[11.15377,50.28354],[11.15848,50.2892],[11.1655,50.28234],[11.17184,50.28355],[11.18371,50.2809],[11.17397,50.27128],[11.17549,50.26983],[11.18714,50.26956],[11.19134,50.27407],[11.19007,50.28145],[11.19785,50.29186],[11.2117,50.28454],[11.21608,50.28418],[11.21445,50.28093],[11.21887,50.28136],[11.22434,50.27732],[11.23558,50.27531],[11.24755,50.26776],[11.2523,50.26902],[11.25398,50.27227],[11.25978,50.27495],[11.25741,50.28424],[11.26024,50.28709],[11.25908,50.29004],[11.25182,50.29346],[11.2539,50.29784],[11.25199,50.29926],[11.2605,50.30009],[11.27034,50.30675],[11.25647,50.32227],[11.2625,50.32538],[11.26133,50.33791],[11.2771,50.33596],[11.26623,50.352],[11.26264,50.35119],[11.26244,50.3524],[11.2778,50.35566],[11.28425,50.36031],[11.27914,50.36764],[11.28088,50.37145],[11.27608,50.38092],[11.27219,50.38542],[11.26433,50.38704],[11.26459,50.39135],[11.27087,50.3942],[11.25806,50.40004],[11.26884,50.41918],[11.26801,50.43221],[11.2632,50.44289],[11.24709,50.44892],[11.25489,50.45642],[11.25245,50.46323],[11.24513,50.4708],[11.24712,50.4773],[11.25729,50.48182],[11.26643,50.4791],[11.27236,50.48268],[11.2788,50.48125],[11.27802,50.48336],[11.28911,50.48557],[11.29098,50.47526],[11.2975,50.48134],[11.29617,50.48237],[11.3017,50.48502],[11.30094,50.48841],[11.31887,50.48902],[11.32314,50.49116],[11.32491,50.49839],[11.32136,50.50857],[11.32533,50.51025],[11.33625,50.50961],[11.34699,50.51161],[11.34304,50.51852],[11.34657,50.52154],[11.35776,50.51987],[11.36979,50.52324],[11.3794,50.52086],[11.38762,50.51565],[11.39309,50.52055],[11.39638,50.51785],[11.40528,50.51618],[11.42389,50.51606],[11.42928,50.51223],[11.43481,50.50395],[11.44095,50.49996],[11.43603,50.49218],[11.41951,50.49466],[11.41881,50.49346],[11.42249,50.48903],[11.42147,50.48638],[11.42647,50.48454],[11.41809,50.48186],[11.42048,50.47426],[11.4155,50.46785],[11.4236,50.46226],[11.41934,50.45424],[11.42063,50.44337],[11.44054,50.43862],[11.45125,50.43103],[11.44344,50.42082],[11.44619,50.4244],[11.45966,50.42864],[11.46315,50.43218],[11.47484,50.43167],[11.47511,50.43353],[11.48157,50.43162],[11.48055,50.42547],[11.48812,50.41584],[11.4793,50.40721],[11.47874,50.40122],[11.48985,50.39677],[11.4956,50.39954],[11.50302,50.39965],[11.50586,50.39651],[11.51891,50.39567],[11.51985,50.37427],[11.54619,50.38413],[11.55253,50.38264],[11.56006,50.38413],[11.56492,50.38717],[11.56757,50.39569],[11.57315,50.40012],[11.5814,50.399],[11.59431,50.4026],[11.60581,50.39812],[11.61874,50.38839],[11.6246,50.38687],[11.64949,50.39224],[11.67353,50.39439],[11.6839,50.39289],[11.69434,50.39579],[11.69789,50.40007],[11.70826,50.40394],[11.71472,50.39664],[11.71833,50.40006],[11.72712,50.40044],[11.74405,50.4105],[11.74636,50.40838],[11.76156,50.40526],[11.76301,50.40706],[11.75117,50.41476],[11.75603,50.4158],[11.7726,50.41153],[11.7742,50.41533],[11.78025,50.41875],[11.7872,50.41526],[11.79331,50.41834],[11.79735,50.41732],[11.81738,50.40059],[11.8255,50.40442],[11.82791,50.40014],[11.8184,50.39357],[11.82349,50.38967],[11.83194,50.3948],[11.83493,50.39338],[11.83612,50.39541],[11.85235,50.40166],[11.85748,50.39941],[11.86581,50.40067],[11.86816,50.40487],[11.87506,50.4078],[11.8824,50.41459],[11.90612,50.4172],[11.90583,50.41969],[11.91043,50.42221],[11.92424,50.42635],[11.92687,50.43307],[11.91621,50.43306],[11.91146,50.4357],[11.90866,50.43479],[11.90816,50.43658],[11.90601,50.43426],[11.90384,50.43671],[11.89964,50.43525],[11.89065,50.4401],[11.88851,50.44361],[11.89471,50.44405],[11.895,50.44946],[11.90285,50.45184],[11.90494,50.45438],[11.90983,50.4529],[11.91903,50.45432],[11.92034,50.46005],[11.92766,50.45925],[11.9319,50.46422],[11.93629,50.45908],[11.9508,50.45407],[11.9518,50.45551],[11.94279,50.45958],[11.94839,50.46536],[11.94366,50.46445],[11.94106,50.46829],[11.944,50.47111],[11.9389,50.47],[11.93769,50.47169],[11.94295,50.47346],[11.94649,50.47936],[11.95923,50.47867],[11.96484,50.48486],[11.96035,50.49173],[11.95655,50.49195],[11.95103,50.49589],[11.94381,50.50561],[11.93994,50.50299],[11.93398,50.50603],[11.93023,50.51294],[11.93293,50.52126],[11.93097,50.52296],[11.9285,50.52281],[11.92525,50.52632],[11.91892,50.52239],[11.91681,50.52539],[11.91546,50.52233],[11.91846,50.51698],[11.89945,50.51606],[11.89408,50.51827],[11.88822,50.51668],[11.87146,50.53982],[11.88521,50.55194],[11.90132,50.55332],[11.90665,50.55589],[11.91393,50.55507],[11.91771,50.56066],[11.91994,50.56035],[11.92046,50.55555],[11.92601,50.55684],[11.92694,50.55808],[11.92245,50.55764],[11.92315,50.56078],[11.92677,50.56548],[11.93368,50.56852],[11.92357,50.58571],[11.93596,50.58744],[11.94972,50.5939],[11.95714,50.599],[11.95997,50.60445],[11.96231,50.60096],[11.96773,50.60013],[11.98878,50.61073],[11.97927,50.62141],[11.99872,50.62714],[12.00338,50.63019],[12.00089,50.63322],[12.00394,50.63483],[12.0104,50.63546],[12.02136,50.62723],[12.02007,50.62386],[12.01244,50.6207],[12.00476,50.61382],[12.02097,50.59855],[12.0284,50.59697],[12.03129,50.59821],[12.03614,50.59395],[12.03107,50.58423],[12.03111,50.5819],[12.03563,50.58137],[12.01754,50.56784],[12.03099,50.55778],[12.0322,50.555],[12.02835,50.55386],[12.03365,50.55321],[12.03027,50.5494],[12.04122,50.55354],[12.04922,50.55322],[12.05207,50.55096],[12.05738,50.55312],[12.06032,50.55217],[12.06549,50.55582],[12.07269,50.55512],[12.07664,50.55801],[12.07467,50.56683],[12.07914,50.56926],[12.07812,50.57659],[12.08359,50.57857],[12.10152,50.57894],[12.10557,50.57339],[12.11577,50.56695],[12.12279,50.56754],[12.12765,50.57413],[12.15602,50.57349],[12.16067,50.58005],[12.15609,50.58558],[12.1516,50.58345],[12.14483,50.58574],[12.13519,50.58213],[12.12637,50.584],[12.13265,50.58774],[12.12472,50.58442],[12.11015,50.58872],[12.1149,50.59698],[12.14722,50.6061],[12.14523,50.60974],[12.15083,50.6156],[12.14571,50.62143],[12.14643,50.62598],[12.15364,50.6305],[12.16329,50.63002],[12.16524,50.62793],[12.17044,50.62923],[12.17597,50.62451],[12.17351,50.6213],[12.17814,50.61865],[12.17472,50.61451],[12.18277,50.61211],[12.19075,50.61442],[12.19212,50.61933],[12.18819,50.62312],[12.19969,50.63293],[12.1982,50.64131],[12.20754,50.63994],[12.20755,50.6366],[12.21724,50.63374],[12.21676,50.63146],[12.22645,50.62984],[12.23083,50.63263],[12.23281,50.62707],[12.24051,50.62942],[12.24464,50.6333],[12.26552,50.63079],[12.26429,50.64339],[12.28132,50.64455],[12.27969,50.64778],[12.28232,50.64657],[12.2845,50.64827],[12.28962,50.64788],[12.29889,50.65168],[12.30354,50.66226],[12.31772,50.66336],[12.31423,50.66959],[12.32205,50.68143],[12.3189,50.684],[12.31481,50.68524],[12.30854,50.68261],[12.29939,50.68377],[12.29689,50.68654],[12.28363,50.68501],[12.27811,50.68778],[12.27476,50.68612],[12.26276,50.69528],[12.26199,50.70039],[12.26596,50.7011],[12.2649,50.7037],[12.26095,50.70555],[12.25338,50.7157],[12.27343,50.7282],[12.2687,50.73084],[12.26476,50.73755],[12.23791,50.73303],[12.235,50.73327],[12.23144,50.73821],[12.22698,50.73822],[12.23024,50.74351],[12.2267,50.74159],[12.22869,50.75745],[12.24069,50.76724],[12.24461,50.76478],[12.26392,50.76046],[12.28405,50.77347],[12.29016,50.78343],[12.28795,50.78359],[12.28764,50.78964],[12.26757,50.78733],[12.25315,50.78883],[12.25485,50.79506],[12.25018,50.7991],[12.25348,50.79951],[12.24284,50.80906],[12.25094,50.81501],[12.2505,50.81854],[12.25976,50.81145],[12.26734,50.81436],[12.26857,50.81232],[12.27504,50.81364],[12.27266,50.81639],[12.27698,50.81786],[12.27986,50.8097],[12.28607,50.81187],[12.28574,50.82031],[12.29113,50.82211],[12.28972,50.82397],[12.29271,50.82381],[12.29567,50.8169],[12.29978,50.81555],[12.30236,50.8172],[12.29591,50.82833],[12.29858,50.8299],[12.30695,50.81876],[12.32064,50.82163],[12.33388,50.82042],[12.33302,50.82204],[12.34758,50.82363],[12.34832,50.83753],[12.36231,50.8423],[12.36489,50.84654],[12.37486,50.84883],[12.37413,50.85325],[12.37839,50.85371],[12.37703,50.84905],[12.3868,50.85063],[12.40295,50.84923],[12.40612,50.85052],[12.40728,50.85698],[12.41299,50.85687],[12.41806,50.85541],[12.41159,50.84738],[12.42021,50.83959],[12.42933,50.84416],[12.43745,50.84242],[12.4425,50.84403],[12.44113,50.84939],[12.44825,50.85617],[12.44415,50.86258],[12.44932,50.86576],[12.44836,50.86745],[12.46403,50.87013],[12.46112,50.87178],[12.4642,50.87339],[12.45925,50.88045],[12.48219,50.88868],[12.48024,50.89051],[12.48667,50.8939],[12.51112,50.8941],[12.51303,50.89611],[12.50786,50.90373],[12.52132,50.9076],[12.52526,50.90266],[12.53819,50.90069],[12.56023,50.90614],[12.56594,50.9026],[12.5693,50.90405],[12.57343,50.90108],[12.58474,50.90402],[12.59202,50.90267],[12.6062,50.90584],[12.6148,50.90481],[12.62006,50.90938],[12.62357,50.90887],[12.62542,50.90575],[12.64012,50.90307],[12.64127,50.91142],[12.65412,50.91906],[12.65287,50.92368],[12.64166,50.92881],[12.64223,50.93317],[12.63763,50.9331],[12.63144,50.94015],[12.62436,50.93971],[12.62554,50.94223],[12.63011,50.9425],[12.62213,50.96343],[12.62129,50.97577],[12.61643,50.98528],[12.60731,50.99082],[12.60753,50.99673],[12.60169,50.99535],[12.60119,50.99273],[12.5916,50.99285],[12.59162,50.99133],[12.58102,50.98924],[12.57929,50.98514],[12.58381,50.98183],[12.5772,50.98419],[12.57278,50.99024],[12.55576,50.99749],[12.53877,50.99638],[12.52835,50.99828],[12.52645,51.00149],[12.54018,51.00573],[12.53477,51.01563],[12.53664,51.01994],[12.53924,51.02041],[12.53885,51.02425],[12.53149,51.02543],[12.5189,51.02286],[12.51816,51.02735],[12.51437,51.02688],[12.51633,51.01822],[12.51284,51.01647],[12.50739,51.01728],[12.50933,51.02545],[12.51245,51.02642],[12.50289,51.0349],[12.50474,51.04489],[12.50193,51.05173],[12.50858,51.05306],[12.50446,51.06079],[12.49636,51.06625],[12.46947,51.06422],[12.46799,51.06784],[12.46291,51.0669],[12.45838,51.08455],[12.4531,51.08346],[12.45074,51.07731],[12.42098,51.07814],[12.4128,51.07582],[12.41045,51.07285],[12.39808,51.07852],[12.39296,51.08412],[12.38558,51.08349],[12.38472,51.08029],[12.37241,51.07747],[12.36103,51.0798],[12.35362,51.08461],[12.35658,51.09434],[12.3316,51.10378],[12.32203,51.09753],[12.32345,51.09548],[12.31847,51.09383],[12.30743,51.09451],[12.30483,51.09748],[12.29075,51.09098],[12.28355,51.09192],[12.2848,51.08882],[12.28828,51.08824],[12.27321,51.07506],[12.26751,51.07803],[12.2656,51.07698],[12.26931,51.07181],[12.25849,51.06614],[12.26221,51.04961],[12.25628,51.04925],[12.25679,51.04533],[12.25046,51.04447],[12.25027,51.03787],[12.25429,51.03916],[12.25564,51.03771],[12.26456,51.03751],[12.27306,51.04063],[12.28058,51.04048],[12.28247,51.03775],[12.28705,51.03764],[12.28948,51.03045],[12.29391,51.03133],[12.29175,51.0187],[12.28251,51.0117],[12.28352,51.00644],[12.27789,51.0058],[12.26219,50.98916],[12.2477,50.98228],[12.23989,50.97568],[12.23637,50.96451],[12.23235,50.96135],[12.23982,50.96282],[12.24167,50.96151],[12.23872,50.95153],[12.21458,50.93803],[12.21107,50.94957],[12.21535,50.95327],[12.21382,50.95844],[12.19798,50.95678],[12.18251,50.97587],[12.16321,50.96649],[12.16608,50.95904],[12.16353,50.9586],[12.15835,50.96313],[12.15005,50.96415],[12.13213,50.96126],[12.13499,50.96498],[12.11847,50.96815],[12.10542,50.9737],[12.09374,50.97491],[12.09216,50.97653],[12.07265,50.97412],[12.05536,50.96861],[12.03748,50.97294],[12.01413,50.96867],[12.01096,50.97],[12.01066,50.97469],[12.01706,50.97657],[12.01719,50.97906],[12.01431,50.9839],[12.00867,50.98394],[12.00657,50.99102],[11.99934,50.98863],[11.9965,50.99316],[11.97424,50.99032],[11.97291,50.99434],[11.96987,50.99433],[11.96853,50.99916],[11.97577,50.99917],[11.97864,51.0037],[11.9747,51.00983],[11.9763,51.01224],[11.98031,51.01235],[11.97714,51.01645],[11.97228,51.01859],[11.96523,51.01834],[11.96274,51.02218],[11.96069,51.02019],[11.95831,51.02104],[11.94307,51.03244],[11.92146,51.02629],[11.9119,51.02818],[11.91539,51.03794],[11.91073,51.04161],[11.91087,51.04502],[11.89745,51.0453],[11.89467,51.04714],[11.89666,51.05047],[11.88881,51.05584],[11.87474,51.05706],[11.8681,51.0542],[11.86885,51.05252],[11.8631,51.05115],[11.86026,51.05476],[11.85226,51.05186],[11.83389,51.05226],[11.81715,51.04787],[11.80389,51.04721],[11.7971,51.05041],[11.7874,51.05011],[11.78687,51.05263],[11.77463,51.05316],[11.77041,51.04918],[11.77209,51.04501],[11.75969,51.04286],[11.75975,51.04778],[11.75211,51.04862],[11.75132,51.05184],[11.7462,51.05195],[11.74553,51.05416],[11.75325,51.05699],[11.74468,51.06181],[11.73715,51.06314],[11.7323,51.06842],[11.72352,51.068],[11.72117,51.07102],[11.71365,51.07052],[11.70985,51.06814],[11.70081,51.0694],[11.69971,51.0766],[11.70183,51.07842],[11.6976,51.08424],[11.70158,51.08582],[11.69694,51.08749],[11.697,51.09165],[11.6934,51.09262],[11.69238,51.09985],[11.68922,51.10055],[11.68917,51.09859],[11.67531,51.10414],[11.67244,51.1029],[11.66654,51.10746],[11.66695,51.11079],[11.65329,51.10971],[11.64708,51.1073],[11.64334,51.11044],[11.64025,51.10954],[11.63824,51.11112],[11.63499,51.10733],[11.62436,51.10448],[11.62021,51.09745],[11.61615,51.09796],[11.62004,51.10467],[11.6075,51.11161],[11.57166,51.11937],[11.55824,51.10895],[11.55521,51.10932],[11.55651,51.11126],[11.54782,51.1117],[11.54564,51.10245],[11.5233,51.10486],[11.51208,51.10797],[11.51059,51.10297],[11.48522,51.10253],[11.48391,51.10786],[11.47893,51.10732],[11.46336,51.11276],[11.46545,51.12738],[11.46259,51.12687],[11.46283,51.13022],[11.45988,51.13016],[11.45865,51.13756],[11.451,51.14667],[11.47193,51.14818],[11.47928,51.15878],[11.47256,51.16092],[11.47495,51.16583],[11.48526,51.16559],[11.48555,51.16802],[11.47082,51.16984],[11.4714,51.17687],[11.4701,51.18031],[11.46724,51.18045],[11.47032,51.18386],[11.46857,51.19265],[11.45584,51.19538],[11.4524,51.19248],[11.44772,51.20366],[11.44505,51.20449],[11.44605,51.20814],[11.43095,51.21248],[11.40533,51.2074],[11.40807,51.20369],[11.40589,51.2027],[11.40114,51.20361],[11.40194,51.20615],[11.39936,51.20637],[11.39142,51.20353],[11.38798,51.20887],[11.39106,51.21057],[11.38982,51.21752],[11.36483,51.22136],[11.3691,51.23061],[11.37645,51.23407],[11.37638,51.2394],[11.38457,51.24564],[11.40061,51.24291],[11.3978,51.23674],[11.40157,51.23627],[11.41263,51.24106],[11.41997,51.24636],[11.41835,51.24761],[11.42181,51.25324],[11.42578,51.2556],[11.42929,51.25468],[11.43952,51.26338],[11.44128,51.26696],[11.43703,51.26865],[11.44174,51.27331],[11.44678,51.27112],[11.45611,51.2772],[11.45233,51.27999],[11.45988,51.29405],[11.46779,51.28839],[11.47386,51.29457],[11.47258,51.29788],[11.47523,51.29805],[11.44978,51.31378],[11.44599,51.31196],[11.44741,51.31606],[11.43424,51.32042],[11.43479,51.32205],[11.42783,51.32458],[11.42576,51.32729],[11.42805,51.32791],[11.41359,51.33313],[11.4188,51.33574],[11.4263,51.33622],[11.42881,51.34283],[11.41204,51.34249],[11.40899,51.34008],[11.39944,51.34484],[11.40098,51.34944],[11.39694,51.34961],[11.39297,51.3541],[11.39283,51.36526],[11.38984,51.36799],[11.39115,51.37255],[11.39594,51.37293],[11.39685,51.38133],[11.39382,51.38131],[11.39325,51.3839],[11.37832,51.38724],[11.37662,51.38551],[11.37012,51.38508],[11.3684,51.38778],[11.36536,51.38308],[11.36174,51.38306],[11.35743,51.38977],[11.35039,51.38811],[11.34767,51.38456],[11.34054,51.39242],[11.33411,51.3897],[11.3308,51.39027],[11.32905,51.40002],[11.32126,51.41037],[11.30687,51.40563],[11.28498,51.40221],[11.27525,51.40484],[11.27432,51.40075],[11.25277,51.40065],[11.24851,51.39513],[11.24412,51.39695],[11.2479,51.40542],[11.23017,51.40574],[11.23091,51.40833],[11.22388,51.41319],[11.20954,51.41174],[11.21012,51.40791],[11.20772,51.40667],[11.20214,51.40567],[11.19686,51.40803],[11.19241,51.40288],[11.1836,51.40287],[11.18341,51.4059],[11.17689,51.40631],[11.15293,51.40164],[11.14863,51.40398],[11.14175,51.40263],[11.14091,51.40478],[11.13505,51.40634],[11.13228,51.40447],[11.13111,51.40853],[11.12566,51.40812],[11.12847,51.41033],[11.12757,51.41325],[11.12075,51.41319],[11.11639,51.411],[11.11656,51.41569],[11.102,51.41691],[11.10347,51.41926],[11.0952,51.41898],[11.09604,51.42017],[11.07148,51.42863],[11.06139,51.42979],[11.05693,51.42748],[11.05184,51.42953],[11.04604,51.42627],[11.04985,51.4202],[11.04023,51.42459],[11.03541,51.42193],[11.02524,51.42139],[11.02356,51.41826],[11.01875,51.41705],[10.99203,51.41785],[10.99999,51.42322],[11.01024,51.42397],[11.01066,51.42532],[11.00792,51.42927],[10.99821,51.42867],[10.98947,51.42578],[10.97811,51.42689],[10.97968,51.43192],[10.96673,51.43235],[10.97093,51.44203],[10.96672,51.44552],[10.9727,51.45367],[10.96829,51.45442],[10.9697,51.45894],[10.96299,51.46039],[10.96407,51.46313],[10.96119,51.46315],[10.96331,51.46907],[10.96082,51.47122],[10.97294,51.48196],[10.95208,51.49542],[10.95376,51.49815],[10.94865,51.50163],[10.94663,51.49901],[10.93972,51.50073],[10.94524,51.50373],[10.94509,51.50619],[10.93624,51.51152],[10.93466,51.51777],[10.93135,51.51813],[10.93375,51.51922],[10.92734,51.52085],[10.92821,51.52235],[10.93285,51.52152],[10.93515,51.53322],[10.93975,51.5356],[10.94784,51.53335],[10.94797,51.53757],[10.94,51.54192],[10.91606,51.54739],[10.91214,51.55026],[10.91119,51.55563],[10.90447,51.54964],[10.9005,51.55065],[10.89519,51.55704],[10.90025,51.56442],[10.89491,51.56755],[10.89386,51.57638],[10.88205,51.58051],[10.8837,51.58613],[10.88785,51.58897],[10.88883,51.5964],[10.89385,51.59864],[10.89448,51.60183],[10.89642,51.59684],[10.90333,51.59383],[10.90717,51.59496],[10.9295,51.59144],[10.93516,51.59725],[10.93651,51.60406],[10.91409,51.61016],[10.91627,51.613],[10.92096,51.61365],[10.92201,51.61845],[10.90153,51.61187],[10.894,51.61066],[10.8866,51.61211],[10.8815,51.61717],[10.88323,51.61769],[10.8795,51.61804],[10.85862,51.6329],[10.8494,51.63075],[10.83373,51.63069],[10.83128,51.62728],[10.82257,51.62354],[10.82176,51.63342],[10.81822,51.63903],[10.78542,51.64188],[10.7713,51.6446],[10.76451,51.64901],[10.75568,51.64506],[10.75612,51.64175],[10.74937,51.64033],[10.73709,51.64507],[10.72625,51.64489],[10.70912,51.6407],[10.70137,51.64219],[10.69869,51.63948],[10.67728,51.63838],[10.67584,51.63321],[10.68248,51.62892],[10.67294,51.6295],[10.63918,51.62115],[10.6393,51.61561],[10.649,51.60651],[10.6335,51.6079],[10.63308,51.59845],[10.63867,51.58412],[10.65836,51.5819],[10.65912,51.58006],[10.66631,51.5781],[10.65838,51.56666],[10.66074,51.56075],[10.6568,51.5583],[10.65256,51.56021],[10.65173,51.55878],[10.64477,51.56002],[10.64552,51.56278],[10.63653,51.56223],[10.63303,51.56586],[10.6266,51.56776],[10.62795,51.57206],[10.62164,51.57577],[10.61204,51.57923],[10.60426,51.57958],[10.59933,51.57846],[10.58791,51.56759],[10.57737,51.56596],[10.57649,51.56268],[10.56999,51.56334],[10.56027,51.55707],[10.54546,51.55573],[10.53405,51.55936],[10.51897,51.55376],[10.50958,51.55679],[10.50784,51.56168],[10.50606,51.56347],[10.50349,51.56239],[10.4957,51.57279],[10.46704,51.58338],[10.46291,51.58212],[10.45847,51.58412],[10.45097,51.58403],[10.44438,51.58966],[10.4292,51.59253],[10.4063,51.5865],[10.39781,51.58768],[10.39026,51.58605],[10.37733,51.58871],[10.37002,51.58754],[10.37879,51.57938],[10.379,51.56857],[10.37862,51.56271],[10.37413,51.55861],[10.36537,51.55589],[10.37218,51.55299],[10.36756,51.54866],[10.36766,51.54304],[10.34813,51.53217],[10.34353,51.52668],[10.34228,51.5195],[10.31803,51.51398],[10.31505,51.5156],[10.30882,51.51514],[10.29985,51.50495],[10.29967,51.4939],[10.29266,51.49252],[10.28443,51.49444],[10.27323,51.49139],[10.27276,51.48822],[10.24468,51.48374],[10.2437,51.47856],[10.23776,51.47746],[10.23588,51.47143],[10.23317,51.47085],[10.22671,51.47381],[10.2244,51.47089],[10.22101,51.47191],[10.21695,51.47008],[10.21527,51.47715],[10.2182,51.47854],[10.21282,51.47866],[10.21437,51.48007],[10.20572,51.48724],[10.20198,51.48652],[10.19019,51.48066],[10.18388,51.47224],[10.17825,51.47002],[10.17913,51.46723],[10.18583,51.46508],[10.18601,51.46217],[10.1772,51.45744],[10.18019,51.45579],[10.17431,51.44626],[10.16762,51.44445],[10.15881,51.44675],[10.15582,51.44362],[10.15215,51.44714],[10.14,51.44261],[10.14252,51.43974],[10.13976,51.43932],[10.1411,51.43719],[10.15447,51.43153],[10.1504,51.42942],[10.14039,51.42972],[10.13175,51.43553],[10.13071,51.43359],[10.12111,51.43416],[10.11693,51.43023],[10.09084,51.43565],[10.08011,51.43456],[10.07958,51.42531],[10.07522,51.41952],[10.06911,51.41844],[10.06453,51.41982],[10.06562,51.425],[10.05969,51.42829],[10.06102,51.43246],[10.05878,51.43489],[10.0468,51.43667],[10.05144,51.43032],[10.04284,51.42757],[10.04229,51.42354],[10.03784,51.42],[10.02415,51.41895],[10.00933,51.4206],[10.00761,51.411],[10.00558,51.40842],[10.00078,51.40778],[10.00038,51.40366],[9.99402,51.40389],[9.9874,51.39792],[9.96594,51.39548],[9.95362,51.38906],[9.942,51.37843],[9.92834,51.3753],[9.92829,51.37236],[9.92546,51.37212],[9.92329,51.36804],[9.92547,51.35379],[9.93003,51.35137],[9.93282,51.34604],[9.92994,51.33997],[9.94345,51.33451],[9.94412,51.32863],[9.94757,51.3264],[9.94904,51.31756],[9.93974,51.30696],[9.94716,51.30295],[9.96055,51.30477],[9.96985,51.30027],[9.97054,51.2947],[9.97642,51.2912],[9.97298,51.28435],[9.98345,51.28334],[9.99133,51.28656],[9.99726,51.28491],[10.00433,51.28698],[10.01035,51.28346],[10.02393,51.28203],[10.02999,51.27788],[10.04141,51.28039],[10.04929,51.27768],[10.05372,51.279],[10.05992,51.27587],[10.05745,51.26766],[10.05469,51.26633],[10.05253,51.26755],[10.04655,51.2645],[10.0471,51.2595],[10.05012,51.25872],[10.04697,51.25343],[10.04804,51.25205],[10.0507,51.25458],[10.0543,51.25448],[10.06188,51.25256],[10.0676,51.2489],[10.06908,51.2467],[10.06649,51.24564],[10.06906,51.24376],[10.079,51.24278],[10.0708,51.23805],[10.06867,51.22656],[10.07643,51.22373],[10.09028,51.22667],[10.09351,51.22145],[10.10634,51.22161],[10.11113,51.21948],[10.11317,51.21521],[10.12924,51.21914],[10.13626,51.21813],[10.1384,51.22014],[10.1454,51.21808],[10.14284,51.21722],[10.1438,51.21288],[10.14979,51.20619],[10.16057,51.20827],[10.16414,51.21205],[10.16844,51.21219],[10.18775,51.20423],[10.19703,51.19654],[10.19701,51.19206],[10.21125,51.19044],[10.21414,51.18704],[10.22019,51.18574],[10.2345,51.18752],[10.236,51.18477],[10.22985,51.17491],[10.20732,51.16492],[10.20776,51.15477],[10.20038,51.14993],[10.21069,51.14247],[10.20379,51.13566],[10.20575,51.12726],[10.21071,51.12596],[10.21072,51.12291],[10.20619,51.12211],[10.20935,51.11817],[10.19996,51.11297],[10.18945,51.11677],[10.18962,51.12198],[10.17921,51.12765],[10.17848,51.13076],[10.18524,51.13249],[10.1849,51.14112],[10.17745,51.14167],[10.17626,51.1473],[10.1681,51.15301],[10.15761,51.14801],[10.15261,51.14868],[10.1466,51.14455],[10.12573,51.14634],[10.12783,51.14376],[10.11832,51.13957],[10.12073,51.13693],[10.13082,51.13519],[10.13972,51.12762],[10.13999,51.12471],[10.14623,51.12579],[10.14925,51.12036],[10.15379,51.11846],[10.1703,51.11894],[10.17463,51.11687],[10.17549,51.10691],[10.1721,51.10543],[10.1672,51.1081],[10.16042,51.10805],[10.1591,51.10523],[10.16397,51.10315],[10.16568,51.0995],[10.15711,51.09632],[10.14469,51.08481],[10.14805,51.08371],[10.15104,51.07286],[10.15519,51.07042],[10.14426,51.066],[10.14702,51.0614],[10.1408,51.06041],[10.14059,51.05849],[10.14647,51.05507],[10.16022,51.05337],[10.17107,51.04918],[10.18467,51.04903],[10.18477,51.04569],[10.19885,51.04009],[10.20475,51.03479],[10.20293,51.03161],[10.21519,51.02642],[10.20856,51.01897],[10.19537,51.02094],[10.19262,51.01853],[10.19382,51.01599],[10.20121,51.0139],[10.2029,51.00811],[10.19695,51.00663],[10.19567,51.00206],[10.19223,51.00199],[10.19079,50.99907],[10.18127,50.99842],[10.17816,50.996],[10.17437,50.99857],[10.17104,50.99622],[10.16957,50.99852],[10.17328,51.00005],[10.16908,51.00193],[10.16584,50.99746],[10.14688,50.99382],[10.13156,50.9969],[10.12738,51.00148],[10.13308,51.00482],[10.12084,51.0117],[10.1083,51.00922],[10.10348,51.00337],[10.09427,51.00736],[10.07351,51.01137],[10.06567,51.00942],[10.05364,51.01315],[10.0364,51.01238],[10.02767,51.00646],[10.02828,51.00303],[10.0211,50.99389],[10.02382,50.98536],[10.01947,50.98071],[10.04095,50.96753],[10.03216,50.95964],[10.04204,50.95723],[10.04565,50.95032],[10.04305,50.94848],[10.04787,50.94612],[10.06119,50.94797],[10.06387,50.94543],[10.06235,50.94378],[10.05362,50.93978],[10.02944,50.93811],[10.0273,50.94342],[10.0249,50.94375],[10.02429,50.94108],[10.01658,50.93963],[10.01756,50.93713],[10.01356,50.93474],[10.00338,50.94063],[9.99929,50.93664],[9.99101,50.94357],[9.99156,50.9409],[9.98739,50.94171],[9.98209,50.93906],[9.97507,50.94342],[9.96831,50.94134],[9.96372,50.94276],[9.95009,50.94225],[9.95656,50.93366],[9.95333,50.92772],[9.94969,50.92651],[9.95714,50.9226],[9.96607,50.92875],[9.96356,50.93103],[9.96556,50.93358],[9.97219,50.93183],[9.992,50.93451],[9.98863,50.93314],[9.98189,50.91995],[9.96963,50.91349],[9.96844,50.91094],[9.97146,50.90741],[9.97822,50.9053],[9.98449,50.90699],[9.98914,50.91322],[10.00366,50.92155],[10.01564,50.92062],[10.01623,50.91755],[10.02467,50.91447],[10.02485,50.9118],[10.03503,50.91002],[10.0407,50.90153],[10.05091,50.90009],[10.04195,50.89334],[10.04787,50.88885],[10.04973,50.89115],[10.05346,50.89007],[10.05246,50.89261],[10.05844,50.89018],[10.05624,50.8874],[10.0598,50.88539],[10.05709,50.88537],[10.05885,50.88279],[10.05598,50.87977],[10.02428,50.86723],[10.02189,50.86449],[10.01869,50.85567],[10.02193,50.84786],[10.03599,50.85386],[10.03862,50.85311],[10.03588,50.84731],[10.03775,50.8453],[10.03399,50.84469],[10.03446,50.84272],[10.02681,50.84128],[10.02849,50.83581],[10.02305,50.83163],[10.00684,50.83768],[9.99802,50.82651],[9.99465,50.82576],[9.99188,50.82963],[9.98765,50.82826],[9.98385,50.82962],[9.98426,50.83189],[9.97682,50.83327],[9.96683,50.82666],[9.95225,50.82137],[9.95023,50.81518],[9.95642,50.81605],[9.95744,50.81236],[9.95472,50.81097],[9.95668,50.80962],[9.94357,50.7977],[9.94943,50.78823],[9.95513,50.78555],[9.94978,50.78038],[9.95409,50.77936],[9.95213,50.77329],[9.94332,50.77123],[9.94875,50.77869],[9.94543,50.77893],[9.93715,50.7741],[9.92843,50.77659],[9.92553,50.77467],[9.92892,50.76963],[9.92013,50.75961],[9.92665,50.75656],[9.9338,50.75754],[9.93961,50.75592],[9.93863,50.74368],[9.94137,50.74184],[9.9415,50.73914],[9.93579,50.73401],[9.93788,50.73286],[9.93516,50.72412],[9.91184,50.7087],[9.90889,50.70453],[9.91065,50.70069],[9.92396,50.69513],[9.91554,50.6937],[9.91266,50.68831],[9.90622,50.68419],[9.89896,50.6824],[9.89468,50.68372],[9.88858,50.67687],[9.88127,50.67338],[9.87955,50.66645],[9.88422,50.65081],[9.87698,50.64174]],[[11.43939,51.19977],[11.44661,51.19888],[11.44677,51.1945],[11.44395,51.19736],[11.43967,51.19767],[11.43939,51.19977]]]]}}]}
