{"type":"FeatureCollection","bbox":[9.87698,50.17153,15.04182,54.685],"features":[{"type":"Feature","id":"11000","bbox":[13.08833,52.33824,13.76047,52.67538],"properties":{"id":"11000","name":"Berlin","typ":"Kreisfreie Stadt","bundeslandAlt":"Berlin","bezirkAlt":"Berlin","neueKreise":["Berlin"],"quelle":"VG250 / Bezirkseinführungsgesetz"},"geometry":{"type":"MultiPolygon","coordinates":[[[[13.08833,52.41961],[13.09064,52.41181],[13.09729,52.40938],[13.09722,52.41245],[13.10083,52.41249],[13.10323,52.41022],[13.10587,52.41257],[13.11157,52.41314],[13.1126,52.41002],[13.10793,52.40948],[13.11164,52.40422],[13.1175,52.40211],[13.12488,52.39688],[13.12804,52.39685],[13.1334,52.39944],[13.13639,52.39818],[13.13501,52.39716],[13.13812,52.39539],[13.13241,52.39142],[13.12746,52.39159],[13.12709,52.38928],[13.13099,52.38722],[13.13359,52.38692],[13.13416,52.38861],[13.13225,52.3894],[13.14261,52.39654],[13.15889,52.39391],[13.17152,52.39583],[13.17136,52.39776],[13.15783,52.39636],[13.15935,52.40288],[13.19557,52.41509],[13.20515,52.41586],[13.22229,52.42036],[13.2458,52.4208],[13.24984,52.40496],[13.25656,52.40656],[13.26742,52.40455],[13.27446,52.40514],[13.29613,52.41645],[13.29855,52.41203],[13.31193,52.39919],[13.34325,52.41162],[13.34303,52.40767],[13.3592,52.39843],[13.37214,52.39382],[13.37045,52.38846],[13.38722,52.38858],[13.38852,52.37797],[13.42098,52.37625],[13.42759,52.38682],[13.41843,52.40718],[13.41877,52.40992],[13.46232,52.42062],[13.46834,52.41943],[13.47989,52.396],[13.51517,52.40143],[13.52148,52.40147],[13.52826,52.3984],[13.53838,52.40068],[13.53508,52.3935],[13.53566,52.38901],[13.56491,52.38829],[13.59276,52.39417],[13.59523,52.38682],[13.60084,52.3846],[13.6063,52.37964],[13.60444,52.37421],[13.62795,52.38179],[13.63339,52.37628],[13.64336,52.37739],[13.6417,52.37095],[13.64681,52.37016],[13.64711,52.36688],[13.63864,52.36016],[13.63629,52.34704],[13.64265,52.34001],[13.6484,52.33824],[13.65172,52.33946],[13.65108,52.34267],[13.65592,52.3478],[13.65698,52.35157],[13.66589,52.35839],[13.67108,52.36636],[13.68193,52.36957],[13.6876,52.36727],[13.69157,52.36771],[13.7,52.37512],[13.70051,52.37795],[13.69688,52.37755],[13.69863,52.38159],[13.69488,52.38097],[13.68806,52.38291],[13.68575,52.38408],[13.68671,52.38582],[13.69066,52.38557],[13.69712,52.38985],[13.69777,52.39191],[13.69899,52.39016],[13.70578,52.395],[13.71644,52.39953],[13.72334,52.39859],[13.73099,52.39996],[13.73454,52.40198],[13.73517,52.406],[13.73875,52.40732],[13.73357,52.4111],[13.72951,52.41739],[13.73791,52.42687],[13.74138,52.42692],[13.74205,52.42966],[13.73946,52.43006],[13.73796,52.43414],[13.74312,52.434],[13.74406,52.43807],[13.75054,52.44146],[13.75422,52.44161],[13.7523,52.43708],[13.75959,52.43627],[13.76047,52.43848],[13.75766,52.43879],[13.75903,52.44258],[13.75411,52.44317],[13.75322,52.4476],[13.73893,52.44904],[13.73478,52.45076],[13.72911,52.4506],[13.72064,52.45658],[13.71645,52.46219],[13.71349,52.46226],[13.70132,52.46815],[13.69919,52.4682],[13.70405,52.46424],[13.70444,52.45426],[13.69843,52.45508],[13.69683,52.46416],[13.6826,52.46618],[13.67066,52.47306],[13.66,52.47412],[13.64822,52.47878],[13.64061,52.47948],[13.6349,52.47579],[13.62882,52.4735],[13.62581,52.47371],[13.62551,52.46836],[13.62103,52.46856],[13.62111,52.47041],[13.61713,52.47119],[13.61517,52.46976],[13.61152,52.47063],[13.6164,52.47489],[13.61354,52.47575],[13.61501,52.48083],[13.6308,52.49412],[13.62467,52.49518],[13.63332,52.51183],[13.64404,52.51934],[13.65857,52.52581],[13.6569,52.52987],[13.62591,52.53015],[13.62673,52.53775],[13.63194,52.53814],[13.63536,52.54163],[13.61886,52.54295],[13.58539,52.54847],[13.58749,52.55527],[13.58435,52.55991],[13.58154,52.57088],[13.57805,52.57104],[13.57556,52.57376],[13.57063,52.57292],[13.56757,52.57374],[13.55986,52.58178],[13.54711,52.58788],[13.52243,52.59285],[13.50815,52.59218],[13.499,52.60516],[13.49675,52.60509],[13.50022,52.61379],[13.50535,52.61956],[13.50582,52.62583],[13.5177,52.62964],[13.5231,52.64543],[13.5205,52.64525],[13.51887,52.64747],[13.51278,52.64556],[13.49083,52.65473],[13.48529,52.65913],[13.48822,52.67055],[13.47565,52.66628],[13.47937,52.67538],[13.47708,52.67391],[13.47539,52.67492],[13.46597,52.66715],[13.45951,52.66894],[13.45084,52.66272],[13.46233,52.65746],[13.47389,52.65661],[13.47355,52.65404],[13.47,52.65207],[13.45985,52.6481],[13.45396,52.64863],[13.45455,52.65004],[13.44093,52.64912],[13.4399,52.64533],[13.4341,52.64429],[13.43378,52.63798],[13.42836,52.63767],[13.42437,52.63563],[13.41283,52.64359],[13.407,52.64242],[13.39671,52.6483],[13.39033,52.64223],[13.38868,52.63761],[13.3831,52.63633],[13.37438,52.63152],[13.37599,52.62929],[13.3573,52.62317],[13.34461,52.62477],[13.34419,52.62342],[13.33648,52.62267],[13.32886,52.62543],[13.31312,52.62838],[13.30242,52.62756],[13.30236,52.62876],[13.30831,52.62969],[13.30311,52.63667],[13.30786,52.63762],[13.30697,52.63973],[13.30926,52.64314],[13.30038,52.65347],[13.31003,52.65738],[13.30757,52.65931],[13.29459,52.65919],[13.28288,52.66078],[13.28244,52.6413],[13.26836,52.63985],[13.26216,52.64075],[13.26523,52.63442],[13.26427,52.62693],[13.22068,52.62818],[13.21698,52.62012],[13.20684,52.60906],[13.20161,52.60638],[13.20872,52.59864],[13.21782,52.59322],[13.21734,52.58746],[13.20737,52.58845],[13.20663,52.58674],[13.19216,52.58996],[13.18393,52.59356],[13.17382,52.59533],[13.16426,52.5989],[13.1571,52.59761],[13.1489,52.59142],[13.14399,52.58974],[13.13504,52.58718],[13.12899,52.58744],[13.1281,52.5831],[13.13043,52.58313],[13.13209,52.5797],[13.1496,52.58331],[13.15297,52.57832],[13.15295,52.57278],[13.14596,52.56008],[13.14715,52.55473],[13.14566,52.55291],[13.14384,52.55207],[13.1363,52.55275],[13.13062,52.55635],[13.11973,52.53104],[13.11739,52.517],[13.14301,52.51968],[13.14538,52.5176],[13.16646,52.51012],[13.14794,52.49796],[13.12528,52.48022],[13.1178,52.47897],[13.11692,52.47245],[13.1108,52.46606],[13.11087,52.46049],[13.11258,52.4592],[13.10922,52.45062],[13.12318,52.43936],[13.11199,52.43232],[13.11254,52.42922],[13.10462,52.42405],[13.0996,52.4253],[13.09551,52.42179],[13.08833,52.41961]]]]}},{"type":"Feature","id":"12051","bbox":[12.36118,52.31151,12.7258,52.54176],"properties":{"id":"12051","name":"Brandenburg an der Havel","typ":"Kreisfreie Stadt","bundeslandAlt":"Brandenburg","bezirkAlt":"Brandenburg","neueKreise":["Brandenburg an der Havel"],"quelle":"VG250 / Bezirkseinführungsgesetz"},"geometry":{"type":"MultiPolygon","coordinates":[[[[12.36118,52.44277],[12.36565,52.42818],[12.37604,52.42598],[12.37354,52.43153],[12.38912,52.43437],[12.38672,52.41998],[12.38888,52.41217],[12.38822,52.40374],[12.39461,52.40042],[12.39043,52.3963],[12.3932,52.39034],[12.39112,52.38889],[12.39565,52.38076],[12.3986,52.3793],[12.40007,52.36479],[12.39558,52.36235],[12.40305,52.35589],[12.40839,52.34744],[12.41239,52.34779],[12.41428,52.34418],[12.42083,52.34051],[12.42267,52.33478],[12.41691,52.33269],[12.41717,52.31595],[12.41913,52.31151],[12.44239,52.31636],[12.46448,52.31811],[12.46425,52.32125],[12.47465,52.31846],[12.47669,52.32431],[12.47875,52.32405],[12.48103,52.32649],[12.49962,52.32225],[12.50525,52.32246],[12.50525,52.33107],[12.5063,52.3322],[12.5101,52.33203],[12.51105,52.33753],[12.51942,52.33753],[12.52578,52.34211],[12.52266,52.34765],[12.52657,52.34752],[12.53454,52.3501],[12.53627,52.35353],[12.55086,52.35308],[12.56101,52.34672],[12.57547,52.3486],[12.59364,52.34789],[12.59486,52.36094],[12.59999,52.36575],[12.6062,52.36515],[12.60554,52.37009],[12.60317,52.37246],[12.61173,52.39291],[12.65126,52.39601],[12.65566,52.39133],[12.66277,52.3986],[12.66677,52.40925],[12.67648,52.40946],[12.6835,52.4111],[12.6873,52.41841],[12.67527,52.42707],[12.67105,52.43846],[12.67532,52.43905],[12.67842,52.44192],[12.68693,52.44314],[12.68901,52.44121],[12.69406,52.44213],[12.69509,52.44498],[12.70135,52.44241],[12.70543,52.44489],[12.70297,52.44755],[12.69784,52.44629],[12.6919,52.44675],[12.6894,52.44494],[12.68639,52.44961],[12.67805,52.44742],[12.67084,52.44787],[12.67015,52.45268],[12.66419,52.45249],[12.66338,52.45412],[12.65853,52.45388],[12.65762,52.45553],[12.63911,52.45059],[12.63741,52.45257],[12.62232,52.4589],[12.60525,52.45515],[12.60038,52.45168],[12.59515,52.45167],[12.5907,52.44686],[12.57358,52.44557],[12.57182,52.44903],[12.57648,52.45524],[12.57312,52.46403],[12.57669,52.46726],[12.57934,52.47457],[12.58446,52.47558],[12.58723,52.47767],[12.58945,52.47663],[12.5928,52.47845],[12.59847,52.47793],[12.60558,52.48495],[12.61665,52.48578],[12.62448,52.48199],[12.63262,52.48428],[12.63463,52.48772],[12.63916,52.48699],[12.64497,52.48351],[12.65073,52.48265],[12.65423,52.48399],[12.65901,52.4898],[12.66563,52.49031],[12.67175,52.49683],[12.68093,52.49314],[12.68678,52.49304],[12.68979,52.49619],[12.69216,52.50557],[12.70436,52.50884],[12.70657,52.51101],[12.70316,52.51293],[12.67711,52.50263],[12.66555,52.50097],[12.66304,52.49773],[12.65737,52.4964],[12.65377,52.48507],[12.65101,52.48352],[12.64661,52.48377],[12.64718,52.48891],[12.64418,52.4882],[12.64289,52.49032],[12.6354,52.49208],[12.63158,52.49163],[12.62423,52.48628],[12.62386,52.48951],[12.6092,52.49037],[12.60573,52.49312],[12.59972,52.48784],[12.59446,52.47981],[12.5892,52.47928],[12.58367,52.48039],[12.57895,52.47682],[12.57201,52.47795],[12.5677,52.47726],[12.56583,52.47583],[12.56561,52.4652],[12.56758,52.46226],[12.56477,52.45832],[12.56594,52.45225],[12.56003,52.44757],[12.55656,52.44735],[12.55172,52.44943],[12.52523,52.45145],[12.52542,52.45323],[12.51754,52.45296],[12.51211,52.46494],[12.50937,52.46509],[12.50836,52.4685],[12.51431,52.47504],[12.51266,52.47537],[12.50653,52.47272],[12.5046,52.47347],[12.49865,52.46958],[12.4966,52.47046],[12.49244,52.46904],[12.48188,52.4607],[12.47613,52.4596],[12.46767,52.44991],[12.445,52.45347],[12.44361,52.45167],[12.44469,52.43982],[12.44806,52.43102],[12.44806,52.42503],[12.44333,52.42152],[12.44104,52.42449],[12.44241,52.42558],[12.43829,52.42565],[12.43674,52.41856],[12.43049,52.41581],[12.43433,52.42937],[12.43218,52.43054],[12.42743,52.42951],[12.4207,52.43602],[12.42547,52.44266],[12.42116,52.44939],[12.42531,52.45338],[12.43151,52.45622],[12.42818,52.45814],[12.42967,52.45585],[12.42625,52.45585],[12.42312,52.45396],[12.42704,52.45889],[12.41759,52.45551],[12.41443,52.45708],[12.4062,52.45698],[12.40295,52.45286],[12.39527,52.45064],[12.39359,52.4481],[12.38088,52.44641],[12.37029,52.44332],[12.36118,52.44277]]],[[[12.70643,52.52362],[12.70877,52.52356],[12.70855,52.51842],[12.71162,52.51653],[12.71297,52.51777],[12.71149,52.52334],[12.71738,52.52559],[12.71844,52.52809],[12.71688,52.5291],[12.72272,52.53153],[12.71675,52.53272],[12.7199,52.53554],[12.71846,52.53883],[12.72495,52.53828],[12.7258,52.54014],[12.71673,52.54176],[12.71233,52.53332],[12.70847,52.53023],[12.70643,52.52362]]]]}},{"type":"Feature","id":"12052","bbox":[14.27331,51.69248,14.5013,51.86416],"properties":{"id":"12052","name":"Cottbus","typ":"Kreisfreie Stadt","bundeslandAlt":"Brandenburg","bezirkAlt":"Niederlausitz","neueKreise":["Cottbus"],"quelle":"VG250 / Bezirkseinführungsgesetz"},"geometry":{"type":"MultiPolygon","coordinates":[[[[14.27368,51.80114],[14.27331,51.79508],[14.27546,51.7921],[14.27777,51.7922],[14.27793,51.7855],[14.28223,51.78257],[14.28275,51.77571],[14.28779,51.77078],[14.27523,51.76698],[14.2758,51.76474],[14.27951,51.76502],[14.27806,51.75874],[14.2799,51.75514],[14.2834,51.75489],[14.28539,51.75114],[14.27985,51.75049],[14.28186,51.7477],[14.27558,51.74764],[14.27572,51.73792],[14.29125,51.73368],[14.28583,51.72795],[14.29004,51.72866],[14.28988,51.72629],[14.3007,51.72695],[14.30206,51.72661],[14.30013,51.7255],[14.31019,51.72329],[14.30759,51.71422],[14.30816,51.70664],[14.30243,51.70206],[14.30367,51.70095],[14.3108,51.70031],[14.31127,51.70142],[14.32052,51.69988],[14.33341,51.69489],[14.33836,51.69616],[14.33934,51.69248],[14.34884,51.6968],[14.36749,51.69795],[14.37558,51.69674],[14.37755,51.69892],[14.37326,51.70238],[14.37701,51.70727],[14.38291,51.70913],[14.38367,51.71307],[14.39072,51.70833],[14.39319,51.70842],[14.40356,51.70274],[14.4203,51.70456],[14.44327,51.70312],[14.45063,51.7214],[14.43598,51.72854],[14.41933,51.73013],[14.41515,51.73358],[14.40986,51.73546],[14.4108,51.7378],[14.39528,51.74283],[14.39517,51.7485],[14.39183,51.75339],[14.40275,51.75222],[14.41598,51.75454],[14.43221,51.75257],[14.43796,51.74947],[14.4498,51.74733],[14.45957,51.7484],[14.46204,51.76132],[14.46671,51.77031],[14.47334,51.77619],[14.48084,51.77613],[14.48318,51.7794],[14.4869,51.77965],[14.49041,51.77486],[14.49225,51.77474],[14.49507,51.77785],[14.5013,51.77841],[14.49945,51.78434],[14.49218,51.78306],[14.48963,51.78672],[14.49528,51.79067],[14.49058,51.79521],[14.49385,51.79765],[14.48893,51.79911],[14.49344,51.80631],[14.48682,51.80533],[14.48164,51.80198],[14.47558,51.80155],[14.47495,51.79956],[14.45577,51.8019],[14.45147,51.80546],[14.45355,51.8085],[14.45061,51.81282],[14.44631,51.81511],[14.42872,51.80285],[14.42311,51.80067],[14.41275,51.8016],[14.40581,51.80048],[14.40188,51.80562],[14.39802,51.80578],[14.39881,51.80928],[14.39628,51.80966],[14.39145,51.81831],[14.38501,51.81774],[14.38146,51.82187],[14.37825,51.82241],[14.37133,51.83093],[14.37727,51.8368],[14.37789,51.842],[14.38371,51.84161],[14.38517,51.84042],[14.38647,51.8461],[14.39101,51.84856],[14.39125,51.85069],[14.39362,51.85052],[14.39367,51.85268],[14.37756,51.85456],[14.37232,51.85309],[14.36483,51.85429],[14.36127,51.85304],[14.34882,51.85328],[14.33462,51.85022],[14.33626,51.85381],[14.32001,51.85729],[14.32164,51.86263],[14.30374,51.86416],[14.30094,51.84834],[14.29716,51.84654],[14.29701,51.84316],[14.30493,51.83625],[14.30278,51.82539],[14.312,51.82136],[14.3058,51.81909],[14.30718,51.81626],[14.29957,51.80923],[14.28793,51.80527],[14.27433,51.80317],[14.27368,51.80114]]]]}},{"type":"Feature","id":"12053","bbox":[14.39483,52.25277,14.60136,52.39823],"properties":{"id":"12053","name":"Frankfurt (Oder)","typ":"Kreisfreie Stadt","bundeslandAlt":"Brandenburg","bezirkAlt":"Brandenburg","neueKreise":["Frankfurt (Oder)"],"quelle":"VG250 / Bezirkseinführungsgesetz"},"geometry":{"type":"MultiPolygon","coordinates":[[[[14.39589,52.2989],[14.40387,52.29398],[14.39789,52.28507],[14.40253,52.28477],[14.39711,52.27343],[14.39897,52.27329],[14.39483,52.26882],[14.39681,52.26654],[14.39991,52.26831],[14.40549,52.26687],[14.40695,52.26959],[14.41473,52.27026],[14.44661,52.27241],[14.44658,52.27112],[14.45099,52.27093],[14.45137,52.27315],[14.46703,52.27608],[14.47834,52.27104],[14.47729,52.26145],[14.4794,52.262],[14.49201,52.25277],[14.50706,52.25485],[14.50194,52.26279],[14.51766,52.26238],[14.53507,52.25617],[14.53336,52.26328],[14.53985,52.26117],[14.54945,52.2613],[14.55326,52.26258],[14.55217,52.26461],[14.54898,52.26511],[14.54955,52.26807],[14.55099,52.26764],[14.55296,52.27048],[14.5573,52.27079],[14.56813,52.2762],[14.58172,52.27708],[14.57582,52.28646],[14.57826,52.28517],[14.58411,52.27546],[14.5874,52.27553],[14.58731,52.27125],[14.598,52.26755],[14.59742,52.27078],[14.60136,52.27026],[14.60089,52.27205],[14.59265,52.27473],[14.58754,52.2835],[14.57743,52.28721],[14.57467,52.2903],[14.57475,52.29556],[14.58425,52.30243],[14.58492,52.30646],[14.57823,52.31317],[14.5762,52.32148],[14.57269,52.32393],[14.56326,52.32649],[14.56103,52.32861],[14.5625,52.33982],[14.55436,52.34874],[14.55213,52.35373],[14.55212,52.37405],[14.53436,52.39501],[14.52958,52.39418],[14.52941,52.39233],[14.5109,52.39179],[14.48076,52.39747],[14.48072,52.39617],[14.47712,52.39571],[14.47695,52.39794],[14.45445,52.39823],[14.4306,52.39386],[14.42376,52.37397],[14.41421,52.35872],[14.40771,52.35383],[14.41707,52.35009],[14.41943,52.35034],[14.42572,52.34508],[14.43261,52.34267],[14.43664,52.34288],[14.43268,52.33712],[14.40251,52.31318],[14.40137,52.30966],[14.39793,52.30788],[14.39854,52.30295],[14.39589,52.2989]]]]}},{"type":"Feature","id":"12054","bbox":[12.88716,52.34294,13.1659,52.51476],"properties":{"id":"12054","name":"Potsdam","typ":"Kreisfreie Stadt","bundeslandAlt":"Brandenburg","bezirkAlt":"Brandenburg","neueKreise":["Potsdam"],"quelle":"VG250 / Bezirkseinführungsgesetz"},"geometry":{"type":"MultiPolygon","coordinates":[[[[12.88716,52.46288],[12.90314,52.45939],[12.92595,52.45772],[12.94611,52.45273],[12.94256,52.44923],[12.9491,52.44295],[12.94769,52.43399],[12.94024,52.4328],[12.935,52.42494],[12.93403,52.41767],[12.93684,52.41572],[12.93807,52.40831],[12.93497,52.40637],[12.93642,52.40513],[12.9353,52.39115],[12.9511,52.39235],[12.95991,52.38899],[12.96145,52.38564],[12.9699,52.38699],[12.9714,52.38518],[12.97578,52.38766],[12.97647,52.39057],[12.98401,52.3879],[12.97668,52.38197],[12.98019,52.38057],[12.97276,52.37662],[12.97129,52.37366],[12.97766,52.37054],[12.98217,52.36519],[12.98847,52.36462],[12.99274,52.36658],[13.00391,52.35776],[13.02235,52.34694],[13.03121,52.34745],[13.04195,52.34294],[13.04309,52.34546],[13.04777,52.34567],[13.04932,52.34345],[13.05568,52.34395],[13.06089,52.34891],[13.04837,52.35443],[13.05225,52.35774],[13.06145,52.35702],[13.07213,52.35407],[13.08056,52.35634],[13.08854,52.35672],[13.09278,52.35472],[13.1023,52.36432],[13.10481,52.36298],[13.10272,52.35942],[13.1058,52.35809],[13.10385,52.35725],[13.10638,52.35519],[13.1135,52.35425],[13.1209,52.35498],[13.12477,52.35077],[13.13656,52.35095],[13.13551,52.35315],[13.13781,52.35561],[13.13805,52.36134],[13.14705,52.36149],[13.14818,52.3823],[13.15414,52.39028],[13.1659,52.39428],[13.15889,52.39391],[13.14261,52.39654],[13.13225,52.3894],[13.13416,52.38861],[13.13359,52.38692],[13.13099,52.38722],[13.12709,52.38928],[13.12746,52.39159],[13.13241,52.39142],[13.13812,52.39539],[13.13501,52.39716],[13.13639,52.39818],[13.1334,52.39944],[13.12804,52.39685],[13.12488,52.39688],[13.1175,52.40211],[13.11164,52.40422],[13.10793,52.40948],[13.1126,52.41002],[13.11157,52.41314],[13.10587,52.41257],[13.10323,52.41022],[13.10083,52.41249],[13.09722,52.41245],[13.09729,52.40938],[13.09064,52.41181],[13.08833,52.41961],[13.09551,52.42179],[13.0996,52.4253],[13.10462,52.42405],[13.11254,52.42922],[13.11199,52.43232],[13.12274,52.43872],[13.119,52.44401],[13.10922,52.45062],[13.11258,52.4592],[13.11087,52.46049],[13.1108,52.46606],[13.11692,52.47245],[13.1178,52.47897],[13.12528,52.48022],[13.1537,52.50182],[13.1388,52.50251],[13.12127,52.491],[13.09805,52.4942],[13.09582,52.47025],[13.06911,52.46127],[13.06041,52.46106],[13.05446,52.4655],[13.04608,52.46799],[13.04026,52.4804],[13.03243,52.48012],[13.02944,52.48118],[13.01991,52.49277],[13.02232,52.49586],[13.01749,52.49808],[13.00353,52.51476],[12.99445,52.51268],[12.9947,52.50978],[12.96908,52.50604],[12.95987,52.50611],[12.95468,52.50448],[12.95343,52.5026],[12.94933,52.50458],[12.94535,52.50444],[12.93725,52.50119],[12.93515,52.49992],[12.93427,52.49455],[12.93635,52.49388],[12.93153,52.48638],[12.92582,52.48534],[12.91607,52.48084],[12.91733,52.47434],[12.90535,52.46999],[12.89527,52.46815],[12.88716,52.46288]]]]}},{"type":"Feature","id":"12060","bbox":[13.39641,52.54424,14.15664,53.0585],"properties":{"id":"12060","name":"Barnim","typ":"Landkreis","bundeslandAlt":"Brandenburg","bezirkAlt":"Brandenburg","neueKreise":["Barnim","Schwedt-Angermünde"],"quelle":"VG250 / Bezirkseinführungsgesetz"},"geometry":{"type":"MultiPolygon","coordinates":[[[[13.39773,52.9335],[13.39886,52.93006],[13.40103,52.92995],[13.40241,52.93411],[13.40544,52.9293],[13.42644,52.92939],[13.4258,52.93238],[13.42089,52.93136],[13.41391,52.93509],[13.41696,52.93704],[13.42521,52.93317],[13.43139,52.93741],[13.43657,52.93419],[13.42817,52.92797],[13.42904,52.92605],[13.41596,52.92574],[13.41054,52.9233],[13.40861,52.91359],[13.41129,52.91233],[13.40946,52.91129],[13.41195,52.9097],[13.41924,52.91145],[13.41816,52.90787],[13.42466,52.90634],[13.42883,52.90367],[13.43405,52.90538],[13.43283,52.90701],[13.42836,52.90643],[13.42984,52.91302],[13.4333,52.91682],[13.4338,52.91441],[13.44391,52.91005],[13.45401,52.91284],[13.44882,52.91346],[13.44569,52.9177],[13.45658,52.91959],[13.47281,52.91858],[13.47277,52.90649],[13.47684,52.90657],[13.47707,52.90285],[13.48059,52.90453],[13.48655,52.9049],[13.48735,52.90164],[13.49066,52.90119],[13.48015,52.89866],[13.47964,52.89999],[13.47589,52.89945],[13.47727,52.89446],[13.47341,52.89445],[13.46587,52.89184],[13.45987,52.88809],[13.46278,52.88742],[13.46145,52.88528],[13.50489,52.87607],[13.50778,52.87348],[13.49202,52.87291],[13.47471,52.87801],[13.46995,52.87051],[13.4779,52.86],[13.47681,52.85882],[13.485,52.85279],[13.49726,52.84982],[13.50868,52.8513],[13.52095,52.84847],[13.51935,52.84589],[13.5054,52.83731],[13.49645,52.84147],[13.49413,52.83983],[13.49524,52.83484],[13.49913,52.8312],[13.50163,52.83209],[13.49499,52.82151],[13.49461,52.81454],[13.49136,52.81051],[13.47936,52.80879],[13.46823,52.8129],[13.46641,52.80957],[13.45331,52.80571],[13.43757,52.80411],[13.42196,52.80417],[13.42251,52.79891],[13.42818,52.79256],[13.42976,52.79286],[13.43066,52.78947],[13.40651,52.78051],[13.40402,52.7756],[13.4048,52.77005],[13.41468,52.75119],[13.40807,52.75128],[13.39671,52.74464],[13.39921,52.74333],[13.40891,52.74501],[13.40962,52.74301],[13.40569,52.7387],[13.42428,52.73449],[13.41305,52.7262],[13.40698,52.7269],[13.40577,52.72578],[13.40779,52.7255],[13.40705,52.72203],[13.41875,52.72008],[13.41961,52.7114],[13.42185,52.71123],[13.42205,52.70996],[13.42093,52.70845],[13.40444,52.70964],[13.40879,52.69703],[13.39641,52.68879],[13.40478,52.6884],[13.39803,52.68191],[13.40601,52.68133],[13.40538,52.67828],[13.39958,52.67661],[13.39655,52.67273],[13.40385,52.67435],[13.42283,52.66979],[13.4194,52.66655],[13.41815,52.66787],[13.41369,52.66831],[13.41076,52.66407],[13.4068,52.66312],[13.40788,52.66041],[13.39986,52.6564],[13.40341,52.65506],[13.4033,52.65239],[13.40564,52.65132],[13.40038,52.64946],[13.40224,52.64798],[13.39854,52.64819],[13.407,52.64242],[13.41283,52.64359],[13.42437,52.63563],[13.42836,52.63767],[13.43268,52.63751],[13.4341,52.64429],[13.4399,52.64533],[13.44093,52.64912],[13.45455,52.65004],[13.45396,52.64863],[13.45985,52.6481],[13.47355,52.65404],[13.47389,52.65661],[13.46233,52.65746],[13.45084,52.66272],[13.45951,52.66894],[13.46597,52.66715],[13.47539,52.67492],[13.47708,52.67391],[13.47937,52.67538],[13.47565,52.66628],[13.48822,52.67055],[13.48529,52.65913],[13.49083,52.65473],[13.51278,52.64556],[13.51887,52.64747],[13.5205,52.64525],[13.5231,52.64543],[13.5177,52.62964],[13.50582,52.62583],[13.50535,52.61956],[13.50022,52.61379],[13.49675,52.60509],[13.499,52.60516],[13.50815,52.59218],[13.52731,52.59221],[13.54711,52.58788],[13.55578,52.58412],[13.56757,52.57374],[13.57063,52.57292],[13.57556,52.57376],[13.57805,52.57104],[13.58154,52.57088],[13.58435,52.55991],[13.58749,52.55527],[13.58539,52.54847],[13.61083,52.54424],[13.61054,52.55098],[13.61569,52.56131],[13.6409,52.56844],[13.65257,52.56823],[13.6528,52.5702],[13.65656,52.57101],[13.65874,52.56982],[13.65822,52.56397],[13.66195,52.56196],[13.66459,52.56248],[13.66535,52.56729],[13.67355,52.56594],[13.67402,52.56724],[13.67564,52.56696],[13.67432,52.57025],[13.68528,52.57046],[13.68594,52.57676],[13.67123,52.57794],[13.67141,52.58207],[13.68177,52.57819],[13.68426,52.57992],[13.69186,52.57967],[13.69279,52.58223],[13.69567,52.58247],[13.69933,52.58516],[13.69799,52.58894],[13.7003,52.59045],[13.71468,52.58727],[13.71714,52.59005],[13.71665,52.59437],[13.71227,52.59961],[13.71517,52.60319],[13.71468,52.60624],[13.7164,52.60624],[13.71634,52.60224],[13.72692,52.6016],[13.72851,52.61231],[13.73279,52.61219],[13.748,52.61655],[13.78208,52.62346],[13.79289,52.62371],[13.81986,52.62801],[13.82899,52.62443],[13.83033,52.62792],[13.83352,52.6294],[13.83315,52.63718],[13.84489,52.64537],[13.84562,52.64733],[13.83889,52.64977],[13.83782,52.65317],[13.84885,52.6595],[13.84894,52.66879],[13.85284,52.67792],[13.84981,52.67921],[13.85824,52.68457],[13.848,52.68924],[13.85107,52.69108],[13.8497,52.69356],[13.84299,52.69139],[13.83396,52.6914],[13.83365,52.68844],[13.81539,52.67824],[13.80618,52.67959],[13.80209,52.67453],[13.78033,52.66686],[13.75433,52.71346],[13.75942,52.71647],[13.75125,52.72412],[13.74548,52.72692],[13.74849,52.72893],[13.7472,52.72977],[13.7454,52.72822],[13.74059,52.72823],[13.73149,52.73378],[13.73714,52.73453],[13.75837,52.74239],[13.78497,52.74683],[13.79269,52.74934],[13.79336,52.7464],[13.79963,52.74435],[13.83682,52.75527],[13.86146,52.75881],[13.86314,52.77288],[13.87094,52.77264],[13.87462,52.77513],[13.8765,52.77927],[13.86326,52.78244],[13.86353,52.78757],[13.90386,52.78965],[13.90408,52.79251],[13.91205,52.79446],[13.92319,52.79454],[13.93582,52.80629],[13.9406,52.80742],[13.94059,52.81097],[13.93653,52.81222],[13.93705,52.81377],[13.94294,52.81419],[13.94096,52.81756],[13.9384,52.81823],[13.93901,52.82113],[13.94292,52.82173],[13.94086,52.82466],[13.95475,52.8258],[13.95424,52.82796],[13.9601,52.82739],[13.96598,52.82422],[13.97513,52.82527],[13.97982,52.83931],[13.97823,52.84253],[13.98107,52.84578],[13.97878,52.84585],[13.98388,52.85028],[13.99262,52.8531],[14.00491,52.85966],[14.00358,52.85686],[13.99945,52.85486],[14.0053,52.85462],[14.00966,52.85254],[14.01647,52.85269],[14.01513,52.85474],[14.0191,52.85596],[14.0228,52.85377],[14.02005,52.85158],[14.02147,52.84716],[14.03179,52.8503],[14.03848,52.85008],[14.04823,52.85456],[14.0572,52.85505],[14.06437,52.85782],[14.06531,52.85614],[14.06282,52.85502],[14.06844,52.8529],[14.07859,52.85523],[14.08082,52.85752],[14.09529,52.85642],[14.09443,52.86519],[14.09728,52.86851],[14.10634,52.86831],[14.10669,52.86946],[14.09443,52.86987],[14.08641,52.86869],[14.08633,52.87136],[14.08124,52.8714],[14.08055,52.87339],[14.06662,52.87125],[14.06603,52.86984],[14.0612,52.86907],[14.059,52.88458],[14.06011,52.88611],[14.06422,52.88515],[14.06442,52.88841],[14.07506,52.90043],[14.07941,52.90072],[14.08102,52.89919],[14.07878,52.89821],[14.07839,52.89336],[14.08122,52.89092],[14.09294,52.89757],[14.09549,52.90271],[14.11625,52.90218],[14.12481,52.90329],[14.12996,52.8894],[14.15664,52.89563],[14.15231,52.90064],[14.1502,52.91628],[14.14669,52.92076],[14.14265,52.93325],[14.14412,52.9449],[14.13885,52.95178],[14.14366,52.96137],[14.13904,52.96271],[14.12926,52.96352],[14.12368,52.96591],[14.12024,52.96316],[14.11022,52.96568],[14.10746,52.96062],[14.09319,52.96073],[14.08694,52.96222],[14.07311,52.95953],[14.07579,52.95025],[14.07212,52.9493],[14.04944,52.95022],[14.04926,52.95514],[14.0274,52.95629],[14.02302,52.94994],[14.01993,52.9397],[14.01411,52.93186],[14.01177,52.9331],[14.00978,52.93155],[14.00582,52.93284],[14.00144,52.93188],[13.99684,52.93358],[13.99201,52.93169],[13.98974,52.93344],[13.99534,52.93548],[13.9898,52.93701],[13.97754,52.94872],[13.98113,52.95169],[13.97995,52.95459],[13.98375,52.95747],[13.99132,52.95999],[13.98876,52.96247],[13.98536,52.96316],[13.98363,52.96694],[13.97534,52.96732],[13.97319,52.965],[13.96869,52.96383],[13.95966,52.95509],[13.94436,52.95481],[13.9419,52.95529],[13.94142,52.95831],[13.95268,52.9613],[13.94273,52.9658],[13.93821,52.96987],[13.93687,52.9728],[13.93991,52.97485],[13.93849,52.97699],[13.93539,52.97617],[13.93426,52.97932],[13.93181,52.97987],[13.92744,52.97895],[13.92669,52.98237],[13.91826,52.98045],[13.91242,52.98339],[13.90324,52.98281],[13.9126,52.97796],[13.90138,52.97617],[13.90036,52.9731],[13.88741,52.97474],[13.88786,52.97668],[13.88131,52.97652],[13.88143,52.97746],[13.86182,52.97363],[13.85757,52.97557],[13.85162,52.98591],[13.85,52.98496],[13.83982,52.98738],[13.82398,52.98811],[13.83095,53.02035],[13.83715,53.01751],[13.8378,53.01571],[13.83893,53.01686],[13.85186,53.01657],[13.85451,53.0177],[13.85298,53.01753],[13.85213,53.01988],[13.85546,53.02368],[13.85136,53.02458],[13.85415,53.02805],[13.85329,53.03233],[13.85706,53.03364],[13.85582,53.03548],[13.85839,53.0355],[13.85811,53.03818],[13.86208,53.03993],[13.87191,53.04054],[13.88429,53.04901],[13.88517,53.05231],[13.84851,53.0585],[13.84433,53.05843],[13.83949,53.05643],[13.81725,53.05785],[13.81533,53.05698],[13.81943,53.05034],[13.81689,53.04725],[13.81341,53.04607],[13.79151,53.0492],[13.78741,53.04684],[13.76625,53.04493],[13.75133,53.03991],[13.7463,53.04033],[13.7428,53.04278],[13.73462,53.04435],[13.73227,53.04027],[13.72933,53.04111],[13.72647,53.03983],[13.7173,53.03974],[13.71136,53.03494],[13.68836,53.04183],[13.68209,53.04249],[13.68107,53.0396],[13.67651,53.0372],[13.68179,53.02872],[13.67886,53.02912],[13.67874,53.02598],[13.67461,53.02508],[13.66488,53.01778],[13.6651,53.01488],[13.67493,53.01371],[13.68929,53.01448],[13.69124,53.01164],[13.67581,53.00119],[13.62042,53.00294],[13.61553,53.00003],[13.60955,53.00186],[13.60625,52.99876],[13.59896,52.9974],[13.59673,52.99871],[13.59761,52.99641],[13.59055,52.99624],[13.58958,52.99448],[13.58048,52.9921],[13.57743,52.99313],[13.57815,52.99578],[13.57348,52.9961],[13.57379,52.99145],[13.56478,52.98941],[13.55405,52.98866],[13.54256,52.99046],[13.54123,52.99215],[13.54052,52.98893],[13.52858,52.99031],[13.52301,52.98735],[13.51748,52.98851],[13.51343,52.97491],[13.4835,52.96342],[13.47635,52.96679],[13.47322,52.96676],[13.47355,52.96452],[13.46375,52.96368],[13.4628,52.96512],[13.45707,52.96578],[13.45284,52.96456],[13.44162,52.95952],[13.43649,52.95211],[13.40558,52.94153],[13.39773,52.9335]],[[13.40471,52.93532],[13.40638,52.93634],[13.405,52.93719],[13.40896,52.93863],[13.4071,52.93464],[13.40471,52.93532]]]]}},{"type":"Feature","id":"12061","bbox":[13.41095,51.72704,14.45341,52.42062],"properties":{"id":"12061","name":"Dahme-Spreewald","typ":"Landkreis","bundeslandAlt":"Brandenburg","bezirkAlt":"Niederlausitz","neueKreise":["Dahme-Spreewald","Teltow-Dahme"],"quelle":"VG250 / Bezirkseinführungsgesetz"},"geometry":{"type":"MultiPolygon","coordinates":[[[[13.41843,52.40718],[13.42759,52.38682],[13.41863,52.37169],[13.41881,52.36581],[13.44199,52.36285],[13.44184,52.35268],[13.44722,52.34655],[13.45635,52.34217],[13.46065,52.34075],[13.4991,52.33666],[13.49517,52.33086],[13.4928,52.33073],[13.48309,52.32229],[13.49755,52.30724],[13.49584,52.29819],[13.48698,52.29841],[13.48319,52.28617],[13.50751,52.28179],[13.5094,52.27087],[13.50754,52.26829],[13.51156,52.26705],[13.50443,52.265],[13.49561,52.2654],[13.48974,52.26091],[13.47113,52.26194],[13.4564,52.25998],[13.45126,52.25599],[13.45828,52.253],[13.45653,52.24767],[13.46041,52.24009],[13.46567,52.23974],[13.46809,52.23647],[13.47455,52.23848],[13.47571,52.23783],[13.47202,52.23408],[13.47292,52.23221],[13.4771,52.23375],[13.49293,52.23345],[13.49524,52.23794],[13.50094,52.24059],[13.51777,52.24295],[13.53755,52.241],[13.53964,52.24431],[13.54573,52.24201],[13.53943,52.23736],[13.55313,52.23434],[13.56256,52.2242],[13.56396,52.21882],[13.57588,52.21077],[13.57728,52.20299],[13.58162,52.19942],[13.581,52.19485],[13.55815,52.19466],[13.54597,52.19318],[13.54457,52.1849],[13.55015,52.18266],[13.54906,52.17692],[13.54624,52.17702],[13.54366,52.17331],[13.54889,52.15277],[13.55162,52.15003],[13.5429,52.14894],[13.54337,52.14765],[13.55687,52.14801],[13.54894,52.13781],[13.54922,52.11859],[13.54082,52.09722],[13.55616,52.0908],[13.57748,52.09037],[13.5966,52.08375],[13.60559,52.07797],[13.6288,52.07153],[13.64376,52.06119],[13.65295,52.04815],[13.63703,52.03496],[13.64108,52.02341],[13.63767,52.02502],[13.63493,52.01997],[13.63982,52.01872],[13.63951,52.01704],[13.64687,52.01395],[13.64563,52.01084],[13.62273,52.01047],[13.60445,52.00814],[13.59072,52.00468],[13.5914,52.001],[13.55647,51.99816],[13.557,51.99402],[13.54631,51.99005],[13.52595,51.9873],[13.51557,51.97668],[13.50274,51.96865],[13.49398,51.96587],[13.48366,51.96664],[13.45909,51.97293],[13.4534,51.97309],[13.45075,51.97135],[13.44653,51.97478],[13.4351,51.9754],[13.43095,51.97704],[13.41484,51.97615],[13.41504,51.9716],[13.41095,51.96422],[13.41162,51.96294],[13.41987,51.96189],[13.42065,51.951],[13.41865,51.94134],[13.4121,51.93006],[13.43099,51.92486],[13.44706,51.92731],[13.45487,51.92715],[13.48182,51.93291],[13.49146,51.92752],[13.51926,51.93017],[13.55124,51.92131],[13.54584,51.90565],[13.57016,51.89534],[13.57873,51.89571],[13.58065,51.89272],[13.5813,51.89154],[13.56615,51.89017],[13.55784,51.88639],[13.55284,51.87919],[13.54218,51.87859],[13.53911,51.86624],[13.54774,51.86302],[13.5472,51.84332],[13.55145,51.84053],[13.55059,51.83597],[13.5475,51.83256],[13.5363,51.82519],[13.55542,51.82127],[13.56906,51.81074],[13.55885,51.80745],[13.55672,51.80948],[13.53377,51.79849],[13.50547,51.79253],[13.50914,51.78709],[13.52013,51.78182],[13.51833,51.77546],[13.52405,51.77461],[13.52221,51.77054],[13.52782,51.76216],[13.53359,51.76167],[13.53825,51.75949],[13.54096,51.75457],[13.54638,51.75151],[13.54924,51.74597],[13.56283,51.7496],[13.57888,51.75616],[13.57985,51.75314],[13.58761,51.74964],[13.60187,51.74813],[13.59757,51.74336],[13.60907,51.74092],[13.61118,51.74296],[13.61557,51.74227],[13.61891,51.74465],[13.62324,51.7452],[13.62673,51.74276],[13.63219,51.74275],[13.66123,51.74736],[13.6623,51.73637],[13.66473,51.73644],[13.66455,51.73292],[13.69486,51.72704],[13.69756,51.73197],[13.69561,51.74118],[13.71076,51.74984],[13.71865,51.75056],[13.7292,51.7596],[13.75377,51.75415],[13.76512,51.75497],[13.77542,51.75976],[13.78286,51.75385],[13.78247,51.73495],[13.79585,51.73649],[13.80559,51.74097],[13.81456,51.74269],[13.8176,51.74256],[13.81854,51.73923],[13.83095,51.74168],[13.83471,51.74116],[13.83622,51.73817],[13.84385,51.73519],[13.85024,51.74677],[13.85498,51.75166],[13.85423,51.75527],[13.85092,51.75866],[13.84251,51.7556],[13.83058,51.75789],[13.82194,51.7686],[13.82091,51.77509],[13.80685,51.78365],[13.80606,51.78546],[13.81513,51.78952],[13.81827,51.78708],[13.82263,51.7864],[13.82632,51.78954],[13.83808,51.7895],[13.83423,51.80485],[13.83887,51.81167],[13.82995,51.81822],[13.84266,51.82138],[13.8359,51.82601],[13.83285,51.82587],[13.83317,51.82889],[13.84288,51.82811],[13.84338,51.83095],[13.84705,51.83118],[13.84665,51.83328],[13.85293,51.83661],[13.8542,51.83894],[13.84963,51.84128],[13.83755,51.84391],[13.83604,51.84618],[13.84295,51.84856],[13.83153,51.85335],[13.82835,51.85343],[13.82725,51.85746],[13.83274,51.86205],[13.83391,51.86579],[13.84748,51.87634],[13.85654,51.87855],[13.86422,51.87876],[13.86373,51.89219],[13.89602,51.89394],[13.89926,51.89258],[13.9057,51.89441],[13.90747,51.89647],[13.91656,51.8981],[13.916,51.90034],[13.92061,51.90064],[13.92165,51.89956],[13.92457,51.90044],[13.92223,51.90311],[13.92924,51.89811],[13.93724,51.90173],[13.95253,51.89779],[13.9582,51.90013],[13.96753,51.899],[13.98078,51.90002],[14.03059,51.88437],[14.05631,51.88045],[14.08714,51.87872],[14.09089,51.8754],[14.09647,51.87366],[14.11123,51.87449],[14.11843,51.8726],[14.13353,51.8719],[14.14607,51.86562],[14.15996,51.86285],[14.16462,51.85875],[14.17351,51.85716],[14.1811,51.86455],[14.2006,51.86857],[14.20435,51.86794],[14.2149,51.86938],[14.22143,51.88485],[14.22551,51.88832],[14.22333,51.90416],[14.23705,51.90506],[14.2523,51.90815],[14.31961,51.93535],[14.32535,51.93474],[14.33259,51.93599],[14.3492,51.93269],[14.37725,51.93196],[14.39317,51.93533],[14.3753,51.97389],[14.37266,51.98699],[14.37477,51.98766],[14.36887,52.00014],[14.38596,52.00293],[14.393,52.00815],[14.42578,52.00871],[14.43725,52.00999],[14.43576,52.0127],[14.45341,52.01428],[14.446,52.02636],[14.43613,52.02441],[14.41928,52.0242],[14.415,52.02451],[14.40547,52.02803],[14.40098,52.04268],[14.40093,52.05283],[14.37064,52.06771],[14.35512,52.07305],[14.33066,52.06858],[14.32307,52.06314],[14.32067,52.06343],[14.31995,52.06179],[14.31142,52.06081],[14.30497,52.05617],[14.30233,52.0478],[14.29572,52.04448],[14.29992,52.03647],[14.28661,52.03985],[14.28099,52.03706],[14.26971,52.03527],[14.27027,52.03233],[14.26204,52.03183],[14.25602,52.03292],[14.25339,52.03522],[14.24271,52.03598],[14.24007,52.03499],[14.23974,52.03878],[14.24171,52.03997],[14.23325,52.04219],[14.23013,52.04034],[14.21977,52.04186],[14.214,52.05284],[14.21828,52.06122],[14.21314,52.06456],[14.21341,52.06709],[14.21751,52.06906],[14.22075,52.06865],[14.22253,52.07571],[14.23039,52.07957],[14.23018,52.08212],[14.2321,52.08154],[14.23379,52.08368],[14.24006,52.08334],[14.24817,52.08602],[14.24755,52.08687],[14.23728,52.08433],[14.22733,52.08523],[14.22306,52.08289],[14.22251,52.07884],[14.21774,52.07823],[14.21258,52.08119],[14.20983,52.08535],[14.20517,52.08676],[14.20407,52.07404],[14.1995,52.065],[14.1939,52.06011],[14.19419,52.05773],[14.17363,52.05845],[14.15963,52.05733],[14.14318,52.05272],[14.14377,52.05122],[14.13898,52.04877],[14.1288,52.05186],[14.12671,52.0538],[14.12783,52.05486],[14.12562,52.05585],[14.128,52.05718],[14.12782,52.06106],[14.12505,52.06716],[14.11404,52.072],[14.11448,52.0752],[14.10953,52.0806],[14.11145,52.08196],[14.11195,52.08721],[14.10107,52.08863],[14.09699,52.09177],[14.08948,52.09107],[14.08761,52.09687],[14.06709,52.10028],[14.06404,52.10169],[14.06308,52.10742],[14.0611,52.10849],[14.05555,52.10549],[14.04284,52.1052],[14.04412,52.11485],[14.03985,52.11408],[14.03354,52.11028],[14.02148,52.11224],[14.0134,52.11091],[14.01274,52.10916],[14.00963,52.10954],[14.00699,52.11212],[14.00988,52.11408],[14.00596,52.11511],[14.007,52.11757],[14.00233,52.11762],[13.99996,52.1158],[13.99859,52.11931],[13.9918,52.1204],[13.99,52.11899],[13.98266,52.12439],[13.9787,52.13206],[13.97165,52.13396],[13.96975,52.13212],[13.96778,52.1335],[13.96813,52.13617],[13.93837,52.13775],[13.93825,52.13514],[13.93343,52.1313],[13.91911,52.13051],[13.92448,52.12783],[13.92966,52.12878],[13.93074,52.1268],[13.92783,52.12729],[13.91825,52.12447],[13.91677,52.12747],[13.90922,52.12825],[13.90788,52.12286],[13.88953,52.12333],[13.88906,52.12144],[13.87564,52.12035],[13.87119,52.11813],[13.84529,52.12172],[13.84729,52.12815],[13.8458,52.12841],[13.84591,52.13267],[13.84927,52.13321],[13.85872,52.13117],[13.86426,52.13725],[13.86782,52.13617],[13.87562,52.14733],[13.86979,52.14653],[13.86601,52.14932],[13.86683,52.1506],[13.86146,52.15082],[13.85728,52.15847],[13.85419,52.16054],[13.85058,52.16054],[13.85012,52.1647],[13.85616,52.16438],[13.8602,52.17244],[13.86598,52.17142],[13.86589,52.17039],[13.87211,52.1701],[13.87223,52.17159],[13.87746,52.1713],[13.88149,52.16939],[13.88947,52.16961],[13.89087,52.17969],[13.89429,52.18429],[13.87907,52.18214],[13.87693,52.18389],[13.86498,52.18619],[13.85644,52.18941],[13.85161,52.18318],[13.83503,52.18537],[13.8462,52.19817],[13.85482,52.20066],[13.85516,52.20165],[13.8481,52.20507],[13.8424,52.21342],[13.83969,52.21327],[13.84176,52.21875],[13.85335,52.22233],[13.85603,52.22485],[13.85071,52.22508],[13.83386,52.23217],[13.82834,52.23269],[13.82374,52.23771],[13.82461,52.24313],[13.81958,52.24456],[13.8273,52.24521],[13.82809,52.24711],[13.83002,52.24547],[13.83378,52.24697],[13.83912,52.25557],[13.83852,52.2629],[13.85736,52.26068],[13.8599,52.26353],[13.84908,52.26987],[13.85584,52.27517],[13.86224,52.27598],[13.85175,52.28548],[13.85404,52.28999],[13.84603,52.28852],[13.8217,52.28809],[13.82554,52.29413],[13.83953,52.30437],[13.83979,52.31406],[13.83431,52.31449],[13.83188,52.31296],[13.8243,52.31224],[13.81877,52.31301],[13.80694,52.32028],[13.80126,52.31714],[13.77844,52.3231],[13.76612,52.31737],[13.75707,52.31753],[13.75212,52.31893],[13.75236,52.31497],[13.73409,52.323],[13.74502,52.33076],[13.73984,52.33398],[13.75354,52.34443],[13.7559,52.35181],[13.7363,52.35949],[13.72764,52.36562],[13.72849,52.36722],[13.741,52.37119],[13.73756,52.37593],[13.73133,52.37946],[13.73208,52.38191],[13.72901,52.38593],[13.71583,52.38934],[13.7079,52.38912],[13.70415,52.38736],[13.69949,52.38048],[13.7,52.37512],[13.6922,52.36812],[13.6876,52.36727],[13.68193,52.36957],[13.67154,52.36667],[13.66692,52.36214],[13.66589,52.35839],[13.65698,52.35157],[13.65592,52.3478],[13.65108,52.34267],[13.65172,52.33946],[13.64741,52.33831],[13.64265,52.34001],[13.63629,52.34704],[13.63864,52.36016],[13.64711,52.36688],[13.64681,52.37016],[13.6417,52.37095],[13.64336,52.37739],[13.63339,52.37628],[13.62795,52.38179],[13.60444,52.37421],[13.6063,52.37964],[13.60084,52.3846],[13.59523,52.38682],[13.59276,52.39417],[13.56491,52.38829],[13.53566,52.38901],[13.53508,52.3935],[13.53838,52.40068],[13.52826,52.3984],[13.52148,52.40147],[13.51517,52.40143],[13.47989,52.396],[13.46834,52.41943],[13.46232,52.42062],[13.41877,52.40992],[13.41843,52.40718]]]]}},{"type":"Feature","id":"12062","bbox":[13.05103,51.36762,13.89025,51.88614],"properties":{"id":"12062","name":"Elbe-Elster","typ":"Landkreis","bundeslandAlt":"Brandenburg","bezirkAlt":"Brandenburg","neueKreise":["Elbe-Elster"],"quelle":"VG250 / Bezirkseinführungsgesetz"},"geometry":{"type":"MultiPolygon","coordinates":[[[[13.05103,51.64768],[13.07741,51.62112],[13.07618,51.61966],[13.08066,51.61773],[13.0863,51.60814],[13.09384,51.60588],[13.09802,51.6081],[13.09692,51.60922],[13.10163,51.61048],[13.10308,51.60925],[13.10487,51.60968],[13.10338,51.61231],[13.09967,51.6115],[13.0971,51.61631],[13.10397,51.61647],[13.10675,51.61163],[13.11168,51.61284],[13.11044,51.61484],[13.11495,51.61575],[13.11486,51.61773],[13.12103,51.61889],[13.1345,51.60567],[13.14384,51.60046],[13.14378,51.59787],[13.15495,51.6002],[13.16177,51.59215],[13.15491,51.5894],[13.15321,51.58241],[13.14104,51.57117],[13.14317,51.56746],[13.14672,51.56345],[13.15861,51.56426],[13.16083,51.55897],[13.17744,51.5574],[13.18557,51.55808],[13.19006,51.53959],[13.20052,51.52604],[13.20796,51.52435],[13.20704,51.50494],[13.20205,51.50412],[13.20392,51.49878],[13.20136,51.49806],[13.2025,51.49643],[13.19677,51.49361],[13.20129,51.49172],[13.1969,51.4883],[13.19207,51.48805],[13.18907,51.49107],[13.1823,51.49196],[13.18705,51.48575],[13.18276,51.47642],[13.18292,51.47134],[13.18972,51.4649],[13.20308,51.45873],[13.20312,51.45101],[13.19248,51.4417],[13.19184,51.43691],[13.18708,51.43897],[13.18476,51.43851],[13.17508,51.43278],[13.17431,51.42825],[13.18465,51.42379],[13.18837,51.42628],[13.18727,51.43098],[13.18942,51.43426],[13.19339,51.43578],[13.19975,51.43323],[13.2037,51.42849],[13.20219,51.41638],[13.21503,51.39598],[13.22108,51.39488],[13.23773,51.39504],[13.24346,51.39319],[13.25065,51.39411],[13.25051,51.39273],[13.25607,51.39209],[13.26264,51.38831],[13.26372,51.38495],[13.26854,51.38479],[13.27004,51.3905],[13.26366,51.39099],[13.26377,51.39446],[13.25909,51.39533],[13.25998,51.4004],[13.28635,51.39929],[13.28667,51.41138],[13.309,51.41771],[13.3113,51.42228],[13.31363,51.42318],[13.32834,51.42664],[13.32576,51.43365],[13.32032,51.4375],[13.33335,51.43744],[13.33423,51.43316],[13.33795,51.42916],[13.3492,51.43334],[13.35709,51.43253],[13.35835,51.43397],[13.36968,51.42959],[13.37665,51.42461],[13.38251,51.42593],[13.38308,51.42806],[13.37714,51.43332],[13.37788,51.43493],[13.37543,51.43519],[13.37294,51.4378],[13.3748,51.43842],[13.37656,51.43653],[13.38215,51.43605],[13.3876,51.44112],[13.38823,51.44781],[13.40041,51.45276],[13.40105,51.45417],[13.40932,51.44977],[13.40563,51.44595],[13.41127,51.44275],[13.41219,51.43937],[13.41971,51.43884],[13.42177,51.43456],[13.42601,51.43403],[13.42815,51.43125],[13.42657,51.43009],[13.42793,51.42895],[13.42231,51.42533],[13.42143,51.42151],[13.42851,51.42179],[13.43341,51.42762],[13.43448,51.42653],[13.43978,51.42786],[13.44606,51.42596],[13.44349,51.42877],[13.44591,51.43145],[13.45034,51.42283],[13.46063,51.42224],[13.46307,51.42324],[13.46331,51.42626],[13.47379,51.41788],[13.46553,51.42177],[13.46328,51.41175],[13.49135,51.40768],[13.49439,51.40292],[13.50274,51.40471],[13.51279,51.40199],[13.52122,51.40206],[13.52486,51.38427],[13.52312,51.38103],[13.53777,51.38105],[13.53777,51.37716],[13.54263,51.36932],[13.54614,51.36917],[13.55082,51.37925],[13.55627,51.37904],[13.56458,51.38199],[13.56996,51.38567],[13.58985,51.38423],[13.58765,51.38183],[13.59201,51.37777],[13.59134,51.37514],[13.59576,51.37453],[13.59406,51.36936],[13.59874,51.36893],[13.61668,51.36976],[13.61723,51.37106],[13.6321,51.36854],[13.64271,51.36871],[13.64842,51.37007],[13.66145,51.36897],[13.6684,51.37613],[13.68276,51.36762],[13.68793,51.37244],[13.69503,51.37564],[13.70178,51.38263],[13.6991,51.39548],[13.68983,51.40414],[13.68577,51.41136],[13.6802,51.41289],[13.68538,51.41306],[13.69509,51.40997],[13.69891,51.42558],[13.70343,51.4254],[13.70339,51.42169],[13.707,51.42034],[13.7069,51.41816],[13.71524,51.41694],[13.72243,51.43177],[13.71914,51.43125],[13.71552,51.43762],[13.71944,51.43921],[13.71988,51.44428],[13.71741,51.4507],[13.7094,51.45948],[13.69611,51.46023],[13.69626,51.46143],[13.69328,51.46223],[13.69275,51.47952],[13.69689,51.48036],[13.69385,51.48307],[13.68851,51.48334],[13.68044,51.48821],[13.66301,51.49203],[13.66047,51.49365],[13.64168,51.49358],[13.64897,51.49704],[13.63935,51.49978],[13.63414,51.50438],[13.65818,51.50629],[13.65397,51.5289],[13.68161,51.52939],[13.68531,51.52865],[13.68331,51.5232],[13.68932,51.52125],[13.69793,51.52158],[13.70469,51.5188],[13.70841,51.51893],[13.71978,51.52432],[13.72822,51.5259],[13.73198,51.52486],[13.73118,51.52688],[13.73446,51.53261],[13.74062,51.53205],[13.74292,51.5343],[13.74052,51.54142],[13.74303,51.5421],[13.74245,51.5438],[13.74583,51.54589],[13.75141,51.54416],[13.74872,51.54241],[13.76197,51.53762],[13.76881,51.53283],[13.77794,51.5334],[13.79672,51.53759],[13.81508,51.54863],[13.84636,51.5606],[13.84983,51.56303],[13.85808,51.56486],[13.86922,51.56423],[13.87339,51.56537],[13.87548,51.56634],[13.88053,51.57689],[13.87403,51.58146],[13.86635,51.591],[13.87147,51.59357],[13.87965,51.60289],[13.87766,51.6102],[13.8841,51.61341],[13.89001,51.61956],[13.89025,51.6303],[13.88716,51.6362],[13.8863,51.64728],[13.87944,51.65234],[13.86763,51.65313],[13.86392,51.65937],[13.85659,51.66056],[13.84614,51.66637],[13.83618,51.668],[13.83348,51.67547],[13.83493,51.68263],[13.83069,51.68653],[13.83136,51.68834],[13.82628,51.69529],[13.80911,51.69521],[13.80725,51.70333],[13.80867,51.70894],[13.81438,51.70907],[13.81433,51.71294],[13.81017,51.71282],[13.81125,51.71531],[13.80518,51.72041],[13.79809,51.73713],[13.78247,51.73495],[13.78286,51.75385],[13.77542,51.75976],[13.76512,51.75497],[13.75377,51.75415],[13.7292,51.7596],[13.71865,51.75056],[13.71076,51.74984],[13.69561,51.74118],[13.69756,51.73197],[13.69486,51.72704],[13.66455,51.73292],[13.66473,51.73644],[13.6623,51.73637],[13.66123,51.74736],[13.63219,51.74275],[13.62673,51.74276],[13.62324,51.7452],[13.61891,51.74465],[13.61557,51.74227],[13.61118,51.74296],[13.60907,51.74092],[13.59757,51.74336],[13.60187,51.74813],[13.58761,51.74964],[13.57985,51.75314],[13.57888,51.75616],[13.56283,51.7496],[13.54924,51.74597],[13.54638,51.75151],[13.54096,51.75457],[13.53825,51.75949],[13.53359,51.76167],[13.52782,51.76216],[13.52221,51.77054],[13.52405,51.77461],[13.51833,51.77546],[13.52013,51.78182],[13.50914,51.78709],[13.50709,51.79203],[13.49772,51.79492],[13.49358,51.79148],[13.48625,51.79104],[13.48066,51.7935],[13.47981,51.79854],[13.47489,51.79941],[13.46744,51.79702],[13.46362,51.79335],[13.45227,51.80096],[13.4426,51.802],[13.44324,51.80911],[13.44071,51.80845],[13.43879,51.80939],[13.43395,51.80736],[13.42546,51.81236],[13.4226,51.81173],[13.4204,51.82013],[13.41401,51.81887],[13.40729,51.81503],[13.40235,51.81637],[13.39661,51.81572],[13.39167,51.81688],[13.37222,51.82693],[13.35447,51.83255],[13.34853,51.82886],[13.34254,51.82811],[13.31068,51.83074],[13.30913,51.82376],[13.30369,51.8188],[13.29239,51.82064],[13.28153,51.82646],[13.27864,51.82596],[13.27807,51.82283],[13.26847,51.82014],[13.25857,51.81978],[13.24801,51.82227],[13.23995,51.82829],[13.23642,51.82859],[13.23571,51.83427],[13.22802,51.83772],[13.22651,51.84438],[13.22203,51.84956],[13.22068,51.85696],[13.22464,51.8663],[13.23298,51.86871],[13.23039,51.87818],[13.21211,51.87896],[13.20228,51.87653],[13.19669,51.88342],[13.18353,51.88614],[13.16242,51.88385],[13.16442,51.87911],[13.15986,51.87395],[13.16296,51.86074],[13.13422,51.85755],[13.12348,51.85782],[13.12354,51.85459],[13.13555,51.8328],[13.13919,51.83104],[13.13946,51.82863],[13.14216,51.82859],[13.14251,51.8263],[13.13914,51.82469],[13.14209,51.82065],[13.14852,51.82054],[13.14981,51.81934],[13.14753,51.81794],[13.15368,51.81491],[13.16301,51.80202],[13.15996,51.79969],[13.1607,51.79718],[13.15847,51.79761],[13.16269,51.79307],[13.15799,51.78845],[13.1701,51.78702],[13.16871,51.78277],[13.16004,51.78393],[13.16129,51.77881],[13.1598,51.77459],[13.14748,51.76664],[13.15583,51.76457],[13.14985,51.75927],[13.16052,51.75482],[13.16329,51.75494],[13.16271,51.75054],[13.15833,51.75096],[13.15401,51.74425],[13.15688,51.74364],[13.15541,51.74148],[13.16075,51.73987],[13.16413,51.74189],[13.16842,51.7387],[13.16715,51.73538],[13.17551,51.73401],[13.17954,51.73117],[13.18325,51.72324],[13.1865,51.72211],[13.1844,51.72159],[13.18427,51.71991],[13.18707,51.71562],[13.17944,51.71624],[13.17523,51.71822],[13.17198,51.71707],[13.16869,51.71867],[13.16638,51.71789],[13.17122,51.71253],[13.17011,51.70809],[13.16173,51.71297],[13.1551,51.71079],[13.16126,51.69499],[13.15614,51.69473],[13.16246,51.69182],[13.16175,51.6906],[13.15508,51.68907],[13.15453,51.68671],[13.05103,51.64768]]]]}},{"type":"Feature","id":"12063","bbox":[12.14181,52.43895,13.16646,52.81053],"properties":{"id":"12063","name":"Havelland","typ":"Landkreis","bundeslandAlt":"Brandenburg","bezirkAlt":"Brandenburg","neueKreise":["Havelland"],"quelle":"VG250 / Bezirkseinführungsgesetz"},"geometry":{"type":"MultiPolygon","coordinates":[[[[12.14181,52.52839],[12.1454,52.52962],[12.15464,52.5297],[12.1582,52.53422],[12.17389,52.53869],[12.1796,52.53366],[12.18869,52.53242],[12.18547,52.52702],[12.17779,52.52389],[12.1738,52.51872],[12.16729,52.51499],[12.17037,52.50697],[12.1847,52.49578],[12.19058,52.49887],[12.19681,52.49908],[12.19968,52.49725],[12.20397,52.49788],[12.2115,52.50313],[12.21746,52.50021],[12.22168,52.50067],[12.22776,52.50595],[12.2239,52.50947],[12.224,52.51153],[12.23164,52.51623],[12.23274,52.51905],[12.23105,52.52188],[12.23556,52.52378],[12.24498,52.52152],[12.24677,52.51886],[12.25441,52.51934],[12.25822,52.51789],[12.25749,52.51137],[12.25992,52.50423],[12.27008,52.501],[12.26245,52.49547],[12.27001,52.49367],[12.27145,52.48748],[12.27844,52.48718],[12.2853,52.4926],[12.29437,52.49246],[12.29714,52.49614],[12.31069,52.49087],[12.32076,52.49551],[12.32989,52.49686],[12.32767,52.49141],[12.32427,52.49205],[12.31305,52.48971],[12.30936,52.48626],[12.31016,52.4831],[12.3083,52.48029],[12.30934,52.47841],[12.31686,52.47504],[12.32363,52.47652],[12.32746,52.47949],[12.33078,52.47856],[12.32526,52.47209],[12.32512,52.46423],[12.31659,52.46163],[12.31491,52.45948],[12.31718,52.4541],[12.31961,52.45293],[12.32296,52.44312],[12.32796,52.43971],[12.33237,52.44086],[12.33412,52.43895],[12.37029,52.44332],[12.38088,52.44641],[12.39359,52.4481],[12.39527,52.45064],[12.40295,52.45286],[12.4062,52.45698],[12.41443,52.45708],[12.41759,52.45551],[12.42648,52.45907],[12.42351,52.45393],[12.42625,52.45585],[12.42967,52.45585],[12.42818,52.45814],[12.43274,52.45804],[12.43928,52.46448],[12.44149,52.47146],[12.44823,52.47274],[12.44963,52.479],[12.43572,52.47567],[12.41393,52.47591],[12.41192,52.47819],[12.41418,52.47944],[12.41255,52.48085],[12.42412,52.49247],[12.41108,52.49497],[12.41704,52.5002],[12.41989,52.49865],[12.42423,52.50155],[12.42039,52.5033],[12.4189,52.50821],[12.41418,52.50986],[12.42753,52.51134],[12.42943,52.51439],[12.42476,52.52344],[12.4267,52.52502],[12.42648,52.52818],[12.42107,52.53093],[12.41424,52.53162],[12.40998,52.53611],[12.40677,52.53662],[12.40668,52.53875],[12.4156,52.54271],[12.4293,52.53948],[12.43059,52.54299],[12.42613,52.54668],[12.42837,52.55395],[12.44881,52.55121],[12.46086,52.55109],[12.46236,52.55416],[12.4722,52.55607],[12.47777,52.55507],[12.47822,52.55713],[12.48796,52.55649],[12.48596,52.55403],[12.48163,52.55475],[12.48104,52.55215],[12.48885,52.55014],[12.49125,52.54779],[12.48592,52.54705],[12.48922,52.54288],[12.49045,52.54471],[12.49568,52.54526],[12.50042,52.53734],[12.50572,52.53555],[12.51415,52.53426],[12.52352,52.53664],[12.52375,52.53821],[12.53156,52.53816],[12.53267,52.53703],[12.53632,52.53822],[12.54174,52.53374],[12.54753,52.53364],[12.54713,52.5309],[12.57552,52.52693],[12.58315,52.52742],[12.6104,52.5337],[12.61001,52.53676],[12.62776,52.53774],[12.6355,52.53954],[12.63795,52.53703],[12.64416,52.53705],[12.64648,52.53804],[12.64464,52.54079],[12.65123,52.54225],[12.67239,52.5371],[12.67702,52.54148],[12.68082,52.54105],[12.68379,52.54579],[12.6904,52.55006],[12.71265,52.5442],[12.71718,52.54619],[12.72419,52.5423],[12.7259,52.53938],[12.72495,52.53828],[12.71846,52.53883],[12.7199,52.53554],[12.71675,52.53272],[12.72272,52.53153],[12.71688,52.5291],[12.71844,52.52809],[12.71607,52.52521],[12.72724,52.52263],[12.74974,52.50958],[12.73456,52.49822],[12.74848,52.49151],[12.75003,52.48903],[12.75474,52.48973],[12.75964,52.48113],[12.74253,52.47746],[12.74661,52.46712],[12.73958,52.46528],[12.7452,52.45849],[12.75516,52.45845],[12.76569,52.46621],[12.77159,52.46556],[12.77283,52.46408],[12.77944,52.46238],[12.78364,52.46397],[12.79434,52.46274],[12.79891,52.46537],[12.81225,52.46632],[12.81316,52.47035],[12.80958,52.47273],[12.81812,52.47343],[12.8554,52.46076],[12.86633,52.45972],[12.86965,52.45594],[12.87728,52.45323],[12.88476,52.45394],[12.89154,52.45026],[12.89589,52.4536],[12.89558,52.45961],[12.88716,52.46288],[12.89527,52.46815],[12.90535,52.46999],[12.91733,52.47434],[12.91607,52.48084],[12.92582,52.48534],[12.93153,52.48638],[12.93635,52.49388],[12.93427,52.49455],[12.93515,52.49992],[12.93725,52.50119],[12.94535,52.50444],[12.94933,52.50458],[12.95343,52.5026],[12.95468,52.50448],[12.95987,52.50611],[12.96908,52.50604],[12.9947,52.50978],[12.99445,52.51268],[13.00353,52.51476],[13.01749,52.49808],[13.02232,52.49586],[13.01991,52.49277],[13.02944,52.48118],[13.03243,52.48012],[13.04026,52.4804],[13.0468,52.46741],[13.05446,52.4655],[13.06041,52.46106],[13.06911,52.46127],[13.09582,52.47025],[13.09805,52.4942],[13.12127,52.491],[13.1388,52.50251],[13.1537,52.50182],[13.16646,52.51012],[13.14538,52.5176],[13.14301,52.51968],[13.11739,52.517],[13.11973,52.53104],[13.13062,52.55635],[13.1363,52.55275],[13.14384,52.55207],[13.14566,52.55291],[13.14715,52.55473],[13.14596,52.56008],[13.15295,52.57278],[13.15297,52.57832],[13.1496,52.58331],[13.13209,52.5797],[13.13043,52.58313],[13.1281,52.5831],[13.12899,52.58744],[13.13504,52.58718],[13.1489,52.59142],[13.1571,52.59761],[13.16426,52.5989],[13.16458,52.60157],[13.15885,52.60097],[13.15844,52.6028],[13.15348,52.60065],[13.15513,52.60654],[13.14797,52.60871],[13.14871,52.61365],[13.15193,52.61165],[13.16014,52.61651],[13.15644,52.62839],[13.14775,52.62948],[13.14727,52.62805],[13.13732,52.63189],[13.12918,52.63161],[13.12731,52.63041],[13.12377,52.63219],[13.11893,52.63147],[13.11717,52.63477],[13.11153,52.63439],[13.11202,52.63797],[13.10403,52.64518],[13.09611,52.65968],[13.09044,52.66265],[13.08979,52.66444],[13.09243,52.66798],[13.09005,52.67077],[13.09516,52.67443],[13.0959,52.67744],[13.08726,52.67929],[13.07656,52.67792],[13.04518,52.66885],[13.04104,52.67036],[13.02453,52.67039],[13.0237,52.67176],[13.01356,52.67101],[13.01557,52.67315],[13.02088,52.67338],[13.02467,52.67595],[13.02706,52.6758],[13.02585,52.67325],[13.02821,52.67334],[13.0308,52.67829],[13.01736,52.67652],[13.0227,52.68909],[13.01938,52.69059],[13.00256,52.69084],[12.99747,52.69249],[12.99217,52.69163],[12.9956,52.69765],[12.98378,52.70141],[12.96941,52.70101],[12.97558,52.70971],[12.96386,52.71395],[12.96185,52.71699],[12.96338,52.72031],[12.9511,52.7231],[12.94702,52.72261],[12.92898,52.725],[12.92404,52.72265],[12.92634,52.72053],[12.92273,52.72006],[12.9237,52.71921],[12.9059,52.71679],[12.87171,52.70916],[12.86803,52.70635],[12.85814,52.70479],[12.85481,52.70173],[12.82876,52.69476],[12.83169,52.68476],[12.8348,52.68214],[12.83312,52.68131],[12.83218,52.68308],[12.76602,52.69458],[12.76233,52.69581],[12.76405,52.69748],[12.74051,52.70339],[12.73798,52.71223],[12.72924,52.71775],[12.72755,52.72249],[12.71622,52.72339],[12.71742,52.72882],[12.70777,52.72881],[12.70826,52.73276],[12.71236,52.73776],[12.72229,52.74339],[12.7216,52.74592],[12.71605,52.74784],[12.71736,52.75289],[12.72059,52.75599],[12.71717,52.75713],[12.71799,52.75855],[12.70486,52.75959],[12.68758,52.7639],[12.67258,52.7696],[12.67653,52.7733],[12.66683,52.77763],[12.66981,52.78216],[12.66463,52.78413],[12.66438,52.78626],[12.6567,52.79139],[12.65486,52.78905],[12.646,52.79268],[12.65116,52.79917],[12.64738,52.80146],[12.64267,52.80115],[12.6342,52.79715],[12.61966,52.79438],[12.61455,52.79116],[12.61213,52.79241],[12.60949,52.79055],[12.60968,52.79425],[12.60191,52.80099],[12.58248,52.8083],[12.54825,52.81053],[12.54879,52.80384],[12.55181,52.80296],[12.55073,52.80107],[12.54132,52.80235],[12.54096,52.79205],[12.53358,52.79296],[12.53278,52.7831],[12.53401,52.78108],[12.54499,52.781],[12.55243,52.77155],[12.54656,52.77139],[12.54626,52.7685],[12.54095,52.76605],[12.5408,52.76476],[12.55024,52.76303],[12.54612,52.75251],[12.54045,52.7536],[12.53834,52.75217],[12.53078,52.75344],[12.53009,52.75233],[12.51888,52.75287],[12.49571,52.75904],[12.49139,52.75772],[12.48779,52.76091],[12.48112,52.75842],[12.46672,52.75683],[12.46433,52.75832],[12.4608,52.7564],[12.44966,52.75735],[12.44676,52.75528],[12.44151,52.75528],[12.43836,52.75728],[12.43251,52.75567],[12.42357,52.7566],[12.41188,52.75191],[12.40615,52.75281],[12.40069,52.75625],[12.40255,52.75824],[12.40024,52.76231],[12.40194,52.76576],[12.39521,52.77215],[12.39368,52.77081],[12.38645,52.77136],[12.38609,52.76956],[12.38025,52.76853],[12.37873,52.77013],[12.40423,52.78527],[12.40691,52.78894],[12.39641,52.79327],[12.39987,52.79775],[12.39717,52.80262],[12.37842,52.80248],[12.37735,52.80536],[12.36846,52.80214],[12.36581,52.79977],[12.36311,52.80045],[12.35995,52.79776],[12.33894,52.79665],[12.33564,52.79511],[12.32575,52.79751],[12.31804,52.79695],[12.30625,52.79842],[12.29808,52.80085],[12.2823,52.7963],[12.27798,52.79853],[12.27167,52.79914],[12.26964,52.80089],[12.26404,52.80022],[12.25906,52.79482],[12.25061,52.79382],[12.25174,52.79233],[12.2492,52.79186],[12.24389,52.78653],[12.23554,52.78761],[12.23053,52.78981],[12.2208,52.78974],[12.22356,52.78705],[12.22351,52.7757],[12.22061,52.77371],[12.21612,52.77465],[12.21313,52.77361],[12.21185,52.76602],[12.21487,52.764],[12.20838,52.76367],[12.20596,52.76091],[12.20916,52.75318],[12.21775,52.75258],[12.21945,52.75091],[12.22129,52.74522],[12.21842,52.74353],[12.22317,52.73975],[12.21988,52.73786],[12.22055,52.73648],[12.20944,52.7352],[12.20936,52.73204],[12.20129,52.729],[12.20596,52.72651],[12.20277,52.72599],[12.20396,52.72397],[12.19758,52.71916],[12.19986,52.7172],[12.20348,52.71972],[12.20867,52.71841],[12.21018,52.71547],[12.20392,52.71335],[12.21049,52.70872],[12.21655,52.70846],[12.22383,52.7033],[12.21778,52.70012],[12.21722,52.69773],[12.22277,52.68845],[12.23134,52.68983],[12.23288,52.68904],[12.23282,52.68691],[12.22681,52.6838],[12.22859,52.6818],[12.23538,52.68036],[12.23935,52.67174],[12.2393,52.66582],[12.23545,52.66587],[12.23458,52.66436],[12.23794,52.6625],[12.23379,52.65967],[12.23551,52.65445],[12.23252,52.65361],[12.23789,52.64556],[12.23668,52.64098],[12.231,52.63989],[12.23085,52.62976],[12.23681,52.62987],[12.23687,52.62888],[12.21265,52.6251],[12.20789,52.62328],[12.20354,52.61875],[12.18692,52.62143],[12.17197,52.62595],[12.16913,52.61675],[12.17557,52.61733],[12.17077,52.61233],[12.17029,52.6077],[12.17657,52.60647],[12.1734,52.5996],[12.17338,52.58225],[12.17673,52.5765],[12.18108,52.57518],[12.15931,52.56099],[12.14944,52.54055],[12.14349,52.53687],[12.14492,52.53328],[12.14181,52.52839]]]]}},{"type":"Feature","id":"12064","bbox":[13.61054,52.37397,14.63969,52.90329],"properties":{"id":"12064","name":"Märkisch-Oderland","typ":"Landkreis","bundeslandAlt":"Brandenburg","bezirkAlt":"Brandenburg","neueKreise":["Märkisch-Oderland"],"quelle":"VG250 / Bezirkseinführungsgesetz"},"geometry":{"type":"MultiPolygon","coordinates":[[[[13.61054,52.55098],[13.61083,52.54424],[13.63536,52.54163],[13.63194,52.53814],[13.62673,52.53775],[13.62591,52.53015],[13.6569,52.52987],[13.65857,52.52581],[13.64404,52.51934],[13.63332,52.51183],[13.62467,52.49518],[13.6308,52.49412],[13.61501,52.48083],[13.61354,52.47575],[13.6164,52.47489],[13.61152,52.47063],[13.61517,52.46976],[13.61713,52.47119],[13.62111,52.47041],[13.62103,52.46856],[13.62551,52.46836],[13.62581,52.47371],[13.62882,52.4735],[13.6349,52.47579],[13.64061,52.47948],[13.64822,52.47878],[13.66,52.47412],[13.66698,52.47417],[13.67178,52.48557],[13.67829,52.49415],[13.69185,52.50276],[13.71099,52.50268],[13.71661,52.49679],[13.71169,52.49504],[13.71116,52.49339],[13.74168,52.48591],[13.74078,52.46733],[13.74363,52.46681],[13.74322,52.46557],[13.75609,52.46702],[13.75876,52.46601],[13.76885,52.46717],[13.77059,52.46589],[13.77488,52.46601],[13.76759,52.4599],[13.76238,52.45801],[13.76509,52.45337],[13.76436,52.44675],[13.80497,52.44369],[13.80295,52.43931],[13.82482,52.43761],[13.82516,52.44006],[13.85223,52.45795],[13.85391,52.45775],[13.85309,52.45288],[13.87081,52.45339],[13.87222,52.45579],[13.87938,52.45719],[13.88173,52.4635],[13.88691,52.46828],[13.89215,52.46762],[13.89984,52.47412],[13.9156,52.47499],[13.92593,52.47429],[13.9274,52.47316],[13.93622,52.47596],[13.93789,52.47419],[13.94304,52.47598],[13.94129,52.47793],[13.94313,52.47862],[13.94497,52.47664],[13.95031,52.47694],[13.95407,52.47329],[13.95949,52.47201],[13.95987,52.46861],[13.96448,52.46505],[13.97049,52.46783],[13.97703,52.4664],[13.9776,52.46852],[13.98904,52.46366],[13.99666,52.4647],[13.99611,52.46184],[13.99263,52.4616],[13.99272,52.45559],[14.00709,52.44677],[14.02077,52.45774],[14.02224,52.46439],[14.02799,52.4708],[14.05066,52.47689],[14.07341,52.48063],[14.08381,52.46533],[14.08284,52.46067],[14.07694,52.45339],[14.08901,52.45076],[14.09045,52.45458],[14.09509,52.45413],[14.09746,52.46326],[14.1178,52.45961],[14.12217,52.46035],[14.12191,52.46221],[14.13629,52.46598],[14.16524,52.46738],[14.1676,52.46656],[14.17707,52.46914],[14.18284,52.47452],[14.18122,52.47529],[14.18238,52.48889],[14.1885,52.49875],[14.21152,52.49614],[14.22939,52.49034],[14.23784,52.48139],[14.24501,52.47828],[14.24984,52.47184],[14.25867,52.46747],[14.27549,52.4626],[14.27305,52.45919],[14.27265,52.4512],[14.27009,52.44894],[14.27594,52.44681],[14.28306,52.43354],[14.28493,52.42481],[14.27739,52.41986],[14.28138,52.40926],[14.30296,52.40357],[14.32764,52.40291],[14.32321,52.39841],[14.31484,52.38221],[14.32893,52.37902],[14.32885,52.37776],[14.33684,52.37751],[14.34954,52.37408],[14.35551,52.3816],[14.36175,52.38569],[14.37045,52.38745],[14.37538,52.38734],[14.41329,52.37538],[14.42376,52.37397],[14.4306,52.39386],[14.45445,52.39823],[14.47695,52.39794],[14.47712,52.39571],[14.48072,52.39617],[14.48076,52.39747],[14.5109,52.39179],[14.52941,52.39233],[14.52958,52.39418],[14.53436,52.39501],[14.53606,52.40138],[14.54664,52.41285],[14.54421,52.42598],[14.54953,52.43362],[14.5594,52.43896],[14.57556,52.44036],[14.57924,52.44175],[14.58618,52.44876],[14.59406,52.45271],[14.59994,52.45893],[14.60879,52.46387],[14.61339,52.47717],[14.62653,52.48382],[14.63537,52.49441],[14.63474,52.49817],[14.62986,52.50314],[14.61274,52.51039],[14.60392,52.53134],[14.60647,52.53744],[14.61336,52.54401],[14.61676,52.55544],[14.63729,52.56629],[14.63969,52.57157],[14.63589,52.57605],[14.6232,52.5808],[14.61371,52.58661],[14.60823,52.59957],[14.59797,52.60965],[14.58159,52.61563],[14.56732,52.62369],[14.55499,52.62619],[14.5275,52.63716],[14.50968,52.64161],[14.49096,52.65085],[14.47006,52.65839],[14.46165,52.66412],[14.45874,52.67259],[14.45529,52.6758],[14.45004,52.67839],[14.43553,52.68004],[14.43302,52.68147],[14.4291,52.68641],[14.429,52.69064],[14.42399,52.69617],[14.41349,52.70084],[14.4049,52.71139],[14.38372,52.72561],[14.3735,52.73666],[14.36087,52.74061],[14.35247,52.7507],[14.3389,52.75471],[14.32168,52.76264],[14.30499,52.76551],[14.27881,52.77445],[14.25368,52.7891],[14.24088,52.80015],[14.23635,52.80115],[14.23008,52.80503],[14.22654,52.81029],[14.21749,52.81687],[14.2064,52.81934],[14.16896,52.82139],[14.15243,52.82416],[14.1447,52.82365],[14.13161,52.82734],[14.1236,52.83565],[14.12299,52.84403],[14.12985,52.85272],[14.14894,52.86641],[14.15771,52.87475],[14.15823,52.88134],[14.1616,52.88809],[14.15664,52.89563],[14.12996,52.8894],[14.12481,52.90329],[14.11625,52.90218],[14.09549,52.90271],[14.09294,52.89757],[14.08122,52.89092],[14.07839,52.89336],[14.07878,52.89821],[14.08102,52.89919],[14.07941,52.90072],[14.07506,52.90043],[14.06442,52.88841],[14.06422,52.88515],[14.06011,52.88611],[14.059,52.88458],[14.0612,52.86907],[14.06603,52.86984],[14.06662,52.87125],[14.08055,52.87339],[14.08124,52.8714],[14.08633,52.87136],[14.08641,52.86869],[14.09443,52.86987],[14.10669,52.86946],[14.10634,52.86831],[14.09728,52.86851],[14.09443,52.86519],[14.09529,52.85642],[14.08082,52.85752],[14.07859,52.85523],[14.06844,52.8529],[14.06282,52.85502],[14.06531,52.85614],[14.06437,52.85782],[14.0572,52.85505],[14.04823,52.85456],[14.03848,52.85008],[14.03179,52.8503],[14.02147,52.84716],[14.02005,52.85158],[14.0228,52.85377],[14.0191,52.85596],[14.01513,52.85474],[14.01647,52.85269],[14.00966,52.85254],[14.0053,52.85462],[13.99945,52.85486],[14.00358,52.85686],[14.00491,52.85966],[13.99262,52.8531],[13.98388,52.85028],[13.97878,52.84585],[13.98107,52.84578],[13.97823,52.84253],[13.97982,52.83931],[13.97513,52.82527],[13.96598,52.82422],[13.9601,52.82739],[13.95424,52.82796],[13.95475,52.8258],[13.94086,52.82466],[13.94292,52.82173],[13.93901,52.82113],[13.9384,52.81823],[13.94096,52.81756],[13.94294,52.81419],[13.93705,52.81377],[13.93653,52.81222],[13.94059,52.81097],[13.9406,52.80742],[13.93582,52.80629],[13.92319,52.79454],[13.91205,52.79446],[13.90408,52.79251],[13.90386,52.78965],[13.86353,52.78757],[13.86326,52.78244],[13.8765,52.77927],[13.87462,52.77513],[13.87094,52.77264],[13.86314,52.77288],[13.86146,52.75881],[13.83682,52.75527],[13.79963,52.74435],[13.79336,52.7464],[13.79269,52.74934],[13.78497,52.74683],[13.75837,52.74239],[13.73714,52.73453],[13.73149,52.73378],[13.74059,52.72823],[13.7454,52.72822],[13.7472,52.72977],[13.74849,52.72893],[13.74548,52.72692],[13.75125,52.72412],[13.75942,52.71647],[13.75433,52.71346],[13.78033,52.66686],[13.80209,52.67453],[13.80618,52.67959],[13.81539,52.67824],[13.83365,52.68844],[13.83396,52.6914],[13.84299,52.69139],[13.8497,52.69356],[13.85107,52.69108],[13.848,52.68924],[13.85824,52.68457],[13.84981,52.67921],[13.85284,52.67792],[13.84894,52.66879],[13.84885,52.6595],[13.83782,52.65317],[13.83889,52.64977],[13.84562,52.64733],[13.84489,52.64537],[13.83315,52.63718],[13.83352,52.6294],[13.83033,52.62792],[13.82899,52.62443],[13.81986,52.62801],[13.79289,52.62371],[13.78208,52.62346],[13.748,52.61655],[13.73279,52.61219],[13.72851,52.61231],[13.72692,52.6016],[13.71634,52.60224],[13.7164,52.60624],[13.71468,52.60624],[13.71517,52.60319],[13.71227,52.59961],[13.71665,52.59437],[13.71714,52.59005],[13.71468,52.58727],[13.7003,52.59045],[13.69799,52.58894],[13.69933,52.58516],[13.69567,52.58247],[13.69279,52.58223],[13.69186,52.57967],[13.68426,52.57992],[13.68177,52.57819],[13.67141,52.58207],[13.67123,52.57794],[13.68594,52.57676],[13.68528,52.57046],[13.67432,52.57025],[13.67564,52.56696],[13.67402,52.56724],[13.67355,52.56594],[13.66535,52.56729],[13.66459,52.56248],[13.66195,52.56196],[13.65822,52.56397],[13.65874,52.56982],[13.65656,52.57101],[13.6528,52.5702],[13.65257,52.56823],[13.6409,52.56844],[13.61569,52.56131],[13.61054,52.55098]]]]}},{"type":"Feature","id":"12065","bbox":[12.82503,52.58674,13.52095,53.25111],"properties":{"id":"12065","name":"Oberhavel","typ":"Landkreis","bundeslandAlt":"Brandenburg","bezirkAlt":"Brandenburg","neueKreise":["Oberhavel"],"quelle":"VG250 / Bezirkseinführungsgesetz"},"geometry":{"type":"MultiPolygon","coordinates":[[[[12.82503,52.70757],[12.82876,52.69476],[12.85481,52.70173],[12.85814,52.70479],[12.86803,52.70635],[12.87171,52.70916],[12.9059,52.71679],[12.9237,52.71921],[12.92273,52.72006],[12.92634,52.72053],[12.92404,52.72265],[12.92898,52.725],[12.94702,52.72261],[12.9511,52.7231],[12.96338,52.72031],[12.96185,52.71699],[12.96386,52.71395],[12.97558,52.70971],[12.96941,52.70101],[12.98378,52.70141],[12.9956,52.69765],[12.99217,52.69163],[12.99747,52.69249],[13.00256,52.69084],[13.01938,52.69059],[13.0227,52.68909],[13.01736,52.67652],[13.0308,52.67829],[13.02821,52.67334],[13.02585,52.67325],[13.02706,52.6758],[13.02467,52.67595],[13.02088,52.67338],[13.01557,52.67315],[13.01356,52.67101],[13.0237,52.67176],[13.02453,52.67039],[13.04104,52.67036],[13.04518,52.66885],[13.07656,52.67792],[13.08726,52.67929],[13.0959,52.67744],[13.09516,52.67443],[13.09005,52.67077],[13.09243,52.66798],[13.08979,52.66444],[13.09044,52.66265],[13.09611,52.65968],[13.10403,52.64518],[13.11202,52.63797],[13.11153,52.63439],[13.11717,52.63477],[13.11893,52.63147],[13.12377,52.63219],[13.12731,52.63041],[13.12918,52.63161],[13.13732,52.63189],[13.14727,52.62805],[13.14775,52.62948],[13.15644,52.62839],[13.16014,52.61651],[13.15193,52.61165],[13.14871,52.61365],[13.14769,52.61285],[13.14797,52.60871],[13.15513,52.60654],[13.15348,52.60065],[13.15844,52.6028],[13.15885,52.60097],[13.16458,52.60157],[13.16592,52.59803],[13.20663,52.58674],[13.20737,52.58845],[13.21734,52.58746],[13.21863,52.59204],[13.20685,52.60021],[13.20161,52.60638],[13.20684,52.60906],[13.21698,52.62012],[13.22068,52.62818],[13.26427,52.62693],[13.26523,52.63442],[13.26216,52.64075],[13.26836,52.63985],[13.28244,52.6413],[13.28288,52.66078],[13.29459,52.65919],[13.30757,52.65931],[13.31003,52.65738],[13.30038,52.65347],[13.30926,52.64314],[13.30697,52.63973],[13.30786,52.63762],[13.30311,52.63667],[13.30831,52.62969],[13.30236,52.62876],[13.30242,52.62756],[13.31312,52.62838],[13.32886,52.62543],[13.33648,52.62267],[13.34419,52.62342],[13.34461,52.62477],[13.3573,52.62317],[13.37445,52.62842],[13.37601,52.62953],[13.37438,52.63152],[13.3831,52.63633],[13.38868,52.63761],[13.39473,52.64713],[13.39671,52.6483],[13.40224,52.64798],[13.40038,52.64946],[13.40564,52.65132],[13.40034,52.65718],[13.40788,52.66041],[13.4068,52.66312],[13.41076,52.66407],[13.41369,52.66831],[13.41815,52.66787],[13.4194,52.66655],[13.42283,52.66979],[13.40385,52.67435],[13.39655,52.67273],[13.39958,52.67661],[13.40538,52.67828],[13.40601,52.68133],[13.39803,52.68191],[13.40478,52.6884],[13.39641,52.68879],[13.40879,52.69703],[13.40444,52.70964],[13.42093,52.70845],[13.42205,52.70996],[13.42185,52.71123],[13.41961,52.7114],[13.41875,52.72008],[13.40705,52.72203],[13.40779,52.7255],[13.40577,52.72578],[13.40698,52.7269],[13.41305,52.7262],[13.42428,52.73449],[13.40569,52.7387],[13.40962,52.74301],[13.40891,52.74501],[13.39921,52.74333],[13.39671,52.74464],[13.40807,52.75128],[13.41468,52.75119],[13.4048,52.77005],[13.40402,52.7756],[13.40651,52.78051],[13.43066,52.78947],[13.42976,52.79286],[13.42818,52.79256],[13.42251,52.79891],[13.42196,52.80417],[13.43757,52.80411],[13.45331,52.80571],[13.46641,52.80957],[13.46823,52.8129],[13.47936,52.80879],[13.49136,52.81051],[13.49461,52.81454],[13.49499,52.82151],[13.50163,52.83209],[13.49913,52.8312],[13.49524,52.83484],[13.49413,52.83983],[13.49645,52.84147],[13.5054,52.83731],[13.51935,52.84589],[13.52095,52.84847],[13.50868,52.8513],[13.49726,52.84982],[13.485,52.85279],[13.47681,52.85882],[13.4779,52.86],[13.46995,52.87051],[13.47471,52.87801],[13.49202,52.87291],[13.50778,52.87348],[13.50489,52.87607],[13.46145,52.88528],[13.46278,52.88742],[13.45987,52.88809],[13.46587,52.89184],[13.47341,52.89445],[13.47727,52.89446],[13.47589,52.89945],[13.47964,52.89999],[13.48015,52.89866],[13.49066,52.90119],[13.48735,52.90164],[13.48655,52.9049],[13.48059,52.90453],[13.47707,52.90285],[13.47684,52.90657],[13.47277,52.90649],[13.47281,52.91858],[13.45658,52.91959],[13.44569,52.9177],[13.44882,52.91346],[13.45401,52.91284],[13.44391,52.91005],[13.4338,52.91441],[13.4333,52.91682],[13.42984,52.91302],[13.42836,52.90643],[13.43283,52.90701],[13.43405,52.90538],[13.42883,52.90367],[13.42466,52.90634],[13.41816,52.90787],[13.41924,52.91145],[13.41195,52.9097],[13.40946,52.91129],[13.41129,52.91233],[13.40861,52.91359],[13.41054,52.9233],[13.41596,52.92574],[13.42904,52.92605],[13.42817,52.92797],[13.43657,52.93419],[13.43139,52.93741],[13.42521,52.93317],[13.41696,52.93704],[13.41391,52.93509],[13.42089,52.93136],[13.4258,52.93238],[13.42644,52.92939],[13.40544,52.9293],[13.40241,52.93411],[13.40103,52.92995],[13.39886,52.93006],[13.39783,52.93392],[13.40558,52.94153],[13.43649,52.95211],[13.44162,52.95952],[13.45284,52.96456],[13.45707,52.96578],[13.4628,52.96512],[13.46375,52.96368],[13.47355,52.96452],[13.47322,52.96676],[13.47635,52.96679],[13.4835,52.96342],[13.51343,52.97491],[13.51748,52.98851],[13.51266,52.9888],[13.51242,52.98708],[13.4913,52.98717],[13.49115,52.98981],[13.49495,52.98992],[13.50088,52.99827],[13.49673,52.99716],[13.49703,53.00171],[13.48706,53.0021],[13.48591,53.00899],[13.46613,53.00755],[13.4604,53.00844],[13.45666,53.01325],[13.45691,53.01584],[13.45214,53.02185],[13.44577,53.02516],[13.44443,53.02962],[13.4335,53.02329],[13.41428,53.02361],[13.40676,53.02527],[13.4028,53.03151],[13.41095,53.04452],[13.4082,53.04837],[13.41547,53.05331],[13.41468,53.05632],[13.40811,53.05835],[13.39147,53.05985],[13.3831,53.06809],[13.37563,53.06746],[13.36895,53.06928],[13.36915,53.07237],[13.37173,53.07367],[13.3711,53.07688],[13.36652,53.07932],[13.36711,53.08187],[13.36192,53.08549],[13.36243,53.08783],[13.35985,53.08813],[13.35739,53.09107],[13.352,53.09155],[13.34968,53.09603],[13.34408,53.09743],[13.33404,53.09695],[13.32355,53.10112],[13.32178,53.10242],[13.32432,53.10455],[13.32188,53.11115],[13.31505,53.11272],[13.31482,53.11659],[13.3111,53.12126],[13.3016,53.12667],[13.29763,53.12742],[13.29838,53.1308],[13.29337,53.13261],[13.29602,53.13512],[13.28756,53.13633],[13.29653,53.14126],[13.30138,53.14059],[13.30221,53.1416],[13.29643,53.1428],[13.29228,53.14003],[13.28779,53.13998],[13.30331,53.1551],[13.29403,53.15876],[13.31356,53.17705],[13.30498,53.17886],[13.28397,53.18667],[13.28443,53.18823],[13.29341,53.19241],[13.28967,53.19427],[13.28925,53.19728],[13.28454,53.19653],[13.2727,53.19087],[13.27234,53.19281],[13.27795,53.19614],[13.27428,53.20287],[13.26246,53.20646],[13.25653,53.20477],[13.2471,53.20595],[13.24672,53.20972],[13.24168,53.2129],[13.25167,53.21982],[13.24508,53.22872],[13.2424,53.22942],[13.24351,53.23273],[13.24644,53.23412],[13.24385,53.23634],[13.23692,53.22729],[13.23883,53.22551],[13.22939,53.21659],[13.21307,53.22098],[13.20506,53.22055],[13.20268,53.22212],[13.19939,53.22748],[13.19055,53.23496],[13.1904,53.2407],[13.1854,53.24854],[13.18191,53.25073],[13.1752,53.24718],[13.17092,53.25003],[13.1638,53.24976],[13.15914,53.24937],[13.15833,53.24773],[13.15255,53.24604],[13.15222,53.25111],[13.13741,53.24462],[13.13298,53.23732],[13.12907,53.23699],[13.12784,53.23915],[13.12302,53.24059],[13.10993,53.24023],[13.10326,53.23554],[13.10828,53.22555],[13.10536,53.22018],[13.10656,53.21515],[13.09748,53.21299],[13.09381,53.21709],[13.08727,53.2154],[13.08814,53.21403],[13.08438,53.21306],[13.08575,53.21031],[13.08206,53.21005],[13.07843,53.20467],[13.08049,53.2024],[13.07953,53.20018],[13.07309,53.20036],[13.06913,53.20364],[13.06406,53.20098],[13.05756,53.20019],[13.0556,53.20105],[13.04241,53.1965],[13.03839,53.19317],[13.03892,53.1917],[13.0315,53.19006],[13.02801,53.18559],[13.01873,53.18525],[13.02004,53.17571],[13.01323,53.17217],[13.00913,53.17285],[13.0051,53.16965],[13.0062,53.16728],[13.00186,53.16697],[13.00207,53.16894],[12.99836,53.16893],[12.98442,53.16687],[12.98468,53.16499],[12.99004,53.16111],[12.98868,53.15757],[13.00642,53.15552],[13.00361,53.15377],[12.99638,53.15266],[12.9946,53.15045],[12.99671,53.14778],[12.99982,53.15028],[13.00423,53.15126],[13.00746,53.14929],[13.0079,53.1505],[13.015,53.15057],[13.02762,53.14714],[13.01282,53.14485],[13.00886,53.14579],[13.00931,53.13965],[13.00374,53.13912],[13.00314,53.13685],[12.99834,53.13628],[12.99879,53.13476],[12.99251,53.13195],[12.99172,53.1294],[12.96343,53.13299],[12.96403,53.13029],[12.96004,53.12326],[12.95428,53.12359],[12.949,53.11721],[12.95074,53.11332],[12.9479,53.11307],[12.948,53.11049],[12.95191,53.10915],[12.95164,53.10673],[12.94916,53.10696],[12.9474,53.10397],[12.94232,53.10591],[12.93777,53.10425],[12.94252,53.09418],[12.94633,53.09301],[12.94287,53.09045],[12.94973,53.08899],[12.94892,53.08737],[12.95514,53.08598],[12.96396,53.08664],[12.96737,53.08488],[12.96971,53.08096],[12.96861,53.07966],[12.97391,53.07694],[12.97254,53.07284],[12.98649,53.07233],[12.98869,53.07478],[12.99481,53.07314],[13.01124,53.07465],[13.01353,53.07317],[13.01995,53.07412],[13.02616,53.07147],[13.02281,53.06311],[13.02482,53.05935],[13.02263,53.05995],[13.0226,53.057],[13.02482,53.05522],[13.02331,53.03172],[13.03272,53.02411],[13.02032,53.01762],[13.01232,53.01144],[13.00634,52.99877],[13.02205,52.99629],[13.02686,52.98964],[13.05079,52.99051],[13.04767,52.9783],[13.05433,52.96392],[13.05413,52.95736],[13.05677,52.95595],[13.05473,52.94962],[13.05078,52.94812],[13.04931,52.94583],[13.05172,52.9356],[13.04671,52.91729],[13.01783,52.90592],[13.02435,52.87875],[13.03893,52.87781],[13.04015,52.87581],[13.03854,52.86789],[13.04087,52.86073],[13.03919,52.85475],[13.02858,52.85546],[13.02497,52.85691],[13.01573,52.8655],[13.00946,52.86574],[13.00958,52.86442],[12.99911,52.86538],[12.99953,52.86126],[13.00622,52.86068],[13.00577,52.8575],[12.99307,52.85711],[12.99134,52.86303],[12.97517,52.86214],[12.97537,52.85624],[12.98062,52.84936],[12.98693,52.84651],[12.98718,52.84379],[12.97312,52.84212],[12.96623,52.84265],[12.96741,52.83975],[12.98639,52.84074],[12.98638,52.83651],[12.97512,52.83507],[12.95456,52.83748],[12.95253,52.83402],[12.97127,52.83136],[12.9714,52.8287],[12.9774,52.82759],[12.98608,52.82857],[12.97996,52.81781],[12.97041,52.81728],[12.9631,52.81232],[12.93798,52.80407],[12.9439,52.80095],[12.93784,52.79358],[12.924,52.79036],[12.91915,52.79465],[12.91827,52.78787],[12.91685,52.78922],[12.91027,52.77222],[12.9228,52.77007],[12.92044,52.7587],[12.92129,52.74471],[12.90982,52.7443],[12.87201,52.727],[12.86509,52.72251],[12.88081,52.71852],[12.8686,52.7144],[12.86548,52.71053],[12.84674,52.70551],[12.83115,52.70883],[12.82503,52.70757]]],[[[13.40471,52.93532],[13.4071,52.93464],[13.40896,52.93863],[13.405,52.93719],[13.40638,52.93634],[13.40471,52.93532]]]]}},{"type":"Feature","id":"12066","bbox":[13.63414,51.35902,14.21747,51.90311],"properties":{"id":"12066","name":"Oberspreewald-Lausitz","typ":"Landkreis","bundeslandAlt":"Brandenburg","bezirkAlt":"Niederlausitz","neueKreise":["Elbe-Elster","Kamenz-Oberlausitz","Oberspreewald-Lausitz"],"quelle":"VG250 / Bezirkseinführungsgesetz"},"geometry":{"type":"MultiPolygon","coordinates":[[[[13.63414,51.50438],[13.63935,51.49978],[13.64897,51.49704],[13.64168,51.49358],[13.66047,51.49365],[13.66301,51.49203],[13.68044,51.48821],[13.68851,51.48334],[13.69385,51.48307],[13.69689,51.48036],[13.69275,51.47952],[13.69328,51.46223],[13.69626,51.46143],[13.69611,51.46023],[13.7094,51.45948],[13.71741,51.4507],[13.71988,51.44428],[13.71944,51.43921],[13.71552,51.43762],[13.71914,51.43125],[13.72243,51.43177],[13.71524,51.41694],[13.7069,51.41816],[13.707,51.42034],[13.70339,51.42169],[13.70343,51.4254],[13.69891,51.42558],[13.69509,51.40997],[13.68538,51.41306],[13.6802,51.41289],[13.68577,51.41136],[13.68814,51.40879],[13.68983,51.40414],[13.69896,51.39573],[13.70112,51.38969],[13.69997,51.38699],[13.70178,51.38263],[13.69503,51.37564],[13.69125,51.37401],[13.70624,51.36553],[13.71339,51.3635],[13.72735,51.36471],[13.74084,51.36126],[13.75316,51.36595],[13.75769,51.37149],[13.76662,51.37072],[13.76897,51.3694],[13.76776,51.36778],[13.76522,51.36794],[13.7649,51.36547],[13.76268,51.36541],[13.76325,51.35902],[13.76542,51.36099],[13.76734,51.36062],[13.76774,51.36301],[13.77652,51.36199],[13.78062,51.36885],[13.78794,51.37091],[13.80786,51.37287],[13.81897,51.3695],[13.82909,51.37581],[13.83531,51.37679],[13.83583,51.38128],[13.83258,51.38292],[13.83319,51.38384],[13.8394,51.38251],[13.86325,51.38176],[13.86828,51.37691],[13.88307,51.37512],[13.89097,51.37744],[13.90867,51.37858],[13.90999,51.37897],[13.9082,51.38323],[13.92036,51.38445],[13.93474,51.38918],[13.93899,51.38911],[13.94544,51.39164],[13.95092,51.39583],[13.96103,51.39719],[13.96526,51.395],[13.97234,51.39382],[13.97021,51.37584],[14.0007,51.3726],[13.99879,51.38068],[13.99632,51.38261],[13.99735,51.38524],[14.0059,51.38801],[14.00832,51.39198],[14.00361,51.39318],[14.00356,51.39561],[14.01333,51.39832],[14.02809,51.39594],[14.02579,51.40055],[14.01702,51.40047],[14.0159,51.40514],[14.02094,51.40816],[14.02744,51.40832],[14.03685,51.4168],[14.04459,51.41875],[14.04364,51.42455],[14.03825,51.42844],[14.04635,51.42822],[14.04624,51.42913],[14.04355,51.43336],[14.03715,51.43459],[14.03816,51.43558],[14.04304,51.43924],[14.06284,51.44551],[14.05483,51.44909],[14.05259,51.45251],[14.05529,51.46095],[14.03565,51.47164],[14.03301,51.4751],[14.03874,51.47991],[14.07259,51.47209],[14.08382,51.47711],[14.08726,51.4774],[14.08873,51.47938],[14.07637,51.48884],[14.07382,51.49267],[14.08776,51.49396],[14.09567,51.49872],[14.10058,51.51416],[14.1078,51.52176],[14.11696,51.5232],[14.13523,51.52106],[14.13817,51.52352],[14.14236,51.5228],[14.13339,51.52803],[14.12973,51.53386],[14.13082,51.53783],[14.13671,51.54331],[14.14368,51.54391],[14.14699,51.54154],[14.15754,51.5404],[14.16332,51.54104],[14.16557,51.54684],[14.16221,51.55563],[14.16402,51.56037],[14.15186,51.56272],[14.15219,51.56768],[14.14605,51.57489],[14.15464,51.58894],[14.15765,51.59172],[14.17544,51.59011],[14.17591,51.60016],[14.17877,51.6014],[14.19071,51.59855],[14.19973,51.61105],[14.2056,51.61566],[14.20845,51.61758],[14.2125,51.61779],[14.21217,51.61577],[14.21743,51.61674],[14.21747,51.6185],[14.21232,51.6203],[14.19784,51.62168],[14.19401,51.6262],[14.18765,51.63004],[14.17811,51.62659],[14.18046,51.6364],[14.16919,51.63663],[14.16663,51.63956],[14.14085,51.63594],[14.12866,51.63932],[14.12371,51.64816],[14.12036,51.65066],[14.12429,51.65389],[14.12086,51.65634],[14.11667,51.66485],[14.1053,51.66422],[14.09207,51.67431],[14.10148,51.6806],[14.10472,51.68927],[14.11766,51.70733],[14.12472,51.70816],[14.12609,51.70657],[14.13078,51.70776],[14.1366,51.71263],[14.13994,51.72266],[14.14371,51.72663],[14.14318,51.73296],[14.13885,51.74018],[14.12557,51.73698],[14.11242,51.73892],[14.10734,51.7464],[14.10236,51.74935],[14.1004,51.75415],[14.10353,51.76461],[14.1125,51.78335],[14.11515,51.78564],[14.11359,51.787],[14.1155,51.78976],[14.12135,51.79012],[14.12281,51.79153],[14.11952,51.79618],[14.12379,51.79708],[14.12271,51.79866],[14.12419,51.79905],[14.1155,51.80337],[14.11643,51.81501],[14.11049,51.81708],[14.10873,51.81967],[14.10667,51.81938],[14.10561,51.8232],[14.10054,51.82659],[14.08254,51.82649],[14.07898,51.8282],[14.07513,51.82609],[14.07295,51.82889],[14.07606,51.83191],[14.0757,51.84763],[14.07874,51.85623],[14.08057,51.85599],[14.07935,51.8693],[14.08038,51.87185],[14.08849,51.87831],[14.07177,51.88038],[14.05631,51.88045],[14.03059,51.88437],[13.99329,51.89689],[13.98012,51.90007],[13.96753,51.899],[13.9582,51.90013],[13.95253,51.89779],[13.93724,51.90173],[13.92924,51.89811],[13.92223,51.90311],[13.92457,51.90044],[13.92165,51.89956],[13.92061,51.90064],[13.916,51.90034],[13.91656,51.8981],[13.90747,51.89647],[13.9057,51.89441],[13.89926,51.89258],[13.89602,51.89394],[13.86373,51.89219],[13.86422,51.87876],[13.85654,51.87855],[13.84748,51.87634],[13.83391,51.86579],[13.83274,51.86205],[13.82725,51.85746],[13.82835,51.85343],[13.83153,51.85335],[13.84295,51.84856],[13.83604,51.84618],[13.83755,51.84391],[13.84963,51.84128],[13.8542,51.83894],[13.85293,51.83661],[13.84665,51.83328],[13.84705,51.83118],[13.84338,51.83095],[13.84288,51.82811],[13.83317,51.82889],[13.83285,51.82587],[13.8359,51.82601],[13.84266,51.82138],[13.82995,51.81822],[13.83887,51.81167],[13.83423,51.80485],[13.83808,51.7895],[13.82632,51.78954],[13.82263,51.7864],[13.81827,51.78708],[13.81513,51.78952],[13.806,51.78469],[13.82091,51.77509],[13.82194,51.7686],[13.83058,51.75789],[13.84251,51.7556],[13.85092,51.75866],[13.85514,51.75201],[13.84385,51.73519],[13.83622,51.73817],[13.83471,51.74116],[13.83095,51.74168],[13.81854,51.73923],[13.8176,51.74256],[13.81456,51.74269],[13.80559,51.74097],[13.79809,51.73713],[13.80518,51.72041],[13.81125,51.71531],[13.81017,51.71282],[13.81433,51.71294],[13.81438,51.70907],[13.80867,51.70894],[13.80725,51.70333],[13.80911,51.69521],[13.82628,51.69529],[13.83136,51.68834],[13.83069,51.68653],[13.83493,51.68263],[13.83348,51.67547],[13.83618,51.668],[13.84614,51.66637],[13.85659,51.66056],[13.86392,51.65937],[13.86763,51.65313],[13.87944,51.65234],[13.88649,51.64704],[13.88716,51.6362],[13.89025,51.6303],[13.89001,51.61956],[13.8841,51.61341],[13.87766,51.6102],[13.87965,51.60289],[13.87147,51.59357],[13.86635,51.591],[13.87403,51.58146],[13.88053,51.57689],[13.87548,51.56634],[13.86922,51.56423],[13.85808,51.56486],[13.84983,51.56303],[13.84636,51.5606],[13.81508,51.54863],[13.79672,51.53759],[13.77794,51.5334],[13.76881,51.53283],[13.76197,51.53762],[13.74872,51.54241],[13.75141,51.54416],[13.74583,51.54589],[13.74245,51.5438],[13.74303,51.5421],[13.74052,51.54142],[13.74292,51.5343],[13.74062,51.53205],[13.73446,51.53261],[13.73118,51.52688],[13.73198,51.52486],[13.72822,51.5259],[13.71978,51.52432],[13.70841,51.51893],[13.70469,51.5188],[13.69793,51.52158],[13.68932,51.52125],[13.68331,51.5232],[13.68531,51.52865],[13.68161,51.52939],[13.65397,51.5289],[13.65818,51.50629],[13.63414,51.50438]]]]}},{"type":"Feature","id":"12067","bbox":[13.66698,51.99988,14.75887,52.50276],"properties":{"id":"12067","name":"Oder-Spree","typ":"Landkreis","bundeslandAlt":"Brandenburg","bezirkAlt":"Brandenburg","neueKreise":["Eisenhüttenstadt","Oder-Spree"],"quelle":"VG250 / Bezirkseinführungsgesetz"},"geometry":{"type":"MultiPolygon","coordinates":[[[[13.66698,52.47417],[13.67879,52.46937],[13.6826,52.46618],[13.69683,52.46416],[13.69843,52.45508],[13.70444,52.45426],[13.70537,52.45577],[13.70405,52.46424],[13.69919,52.4682],[13.70132,52.46815],[13.71349,52.46226],[13.71645,52.46219],[13.72064,52.45658],[13.72911,52.4506],[13.73478,52.45076],[13.73893,52.44904],[13.75322,52.4476],[13.75411,52.44317],[13.75903,52.44258],[13.75766,52.43879],[13.76047,52.43848],[13.75959,52.43627],[13.7523,52.43708],[13.75422,52.44161],[13.75054,52.44146],[13.74406,52.43807],[13.74312,52.434],[13.73796,52.43414],[13.73946,52.43006],[13.74205,52.42966],[13.74138,52.42692],[13.73791,52.42687],[13.72951,52.41739],[13.73357,52.4111],[13.73875,52.40732],[13.73517,52.406],[13.73454,52.40198],[13.73099,52.39996],[13.72334,52.39859],[13.71644,52.39953],[13.70578,52.395],[13.69899,52.39016],[13.69777,52.39191],[13.69123,52.38584],[13.6874,52.38625],[13.68575,52.38408],[13.69488,52.38097],[13.69863,52.38159],[13.69688,52.37755],[13.69974,52.37788],[13.69949,52.38048],[13.70415,52.38736],[13.7079,52.38912],[13.71743,52.3891],[13.72901,52.38593],[13.73208,52.38191],[13.73133,52.37946],[13.74086,52.37253],[13.741,52.37119],[13.72849,52.36722],[13.72764,52.36562],[13.7363,52.35949],[13.7559,52.35181],[13.75354,52.34443],[13.73984,52.33398],[13.74502,52.33076],[13.73409,52.323],[13.75236,52.31497],[13.75212,52.31893],[13.75707,52.31753],[13.76612,52.31737],[13.77844,52.3231],[13.80126,52.31714],[13.80694,52.32028],[13.81877,52.31301],[13.8243,52.31224],[13.83188,52.31296],[13.83431,52.31449],[13.83979,52.31406],[13.83953,52.30437],[13.82554,52.29413],[13.8217,52.28809],[13.84603,52.28852],[13.85404,52.28999],[13.85175,52.28548],[13.86224,52.27598],[13.85584,52.27517],[13.84908,52.26987],[13.8599,52.26353],[13.85736,52.26068],[13.83852,52.2629],[13.83912,52.25557],[13.83378,52.24697],[13.83002,52.24547],[13.82809,52.24711],[13.8273,52.24521],[13.81958,52.24456],[13.82461,52.24313],[13.82374,52.23771],[13.82834,52.23269],[13.83386,52.23217],[13.85071,52.22508],[13.85603,52.22485],[13.85335,52.22233],[13.84176,52.21875],[13.83969,52.21327],[13.8424,52.21342],[13.8481,52.20507],[13.85516,52.20165],[13.85482,52.20066],[13.8462,52.19817],[13.83503,52.18537],[13.85161,52.18318],[13.85644,52.18941],[13.86498,52.18619],[13.87693,52.18389],[13.87907,52.18214],[13.89429,52.18429],[13.89087,52.17969],[13.88947,52.16961],[13.88149,52.16939],[13.87746,52.1713],[13.87223,52.17159],[13.87211,52.1701],[13.86589,52.17039],[13.86598,52.17142],[13.8602,52.17244],[13.85616,52.16438],[13.85012,52.1647],[13.85058,52.16054],[13.85419,52.16054],[13.85728,52.15847],[13.86146,52.15082],[13.86683,52.1506],[13.86601,52.14932],[13.86979,52.14653],[13.87562,52.14733],[13.86782,52.13617],[13.86426,52.13725],[13.85872,52.13117],[13.84927,52.13321],[13.84591,52.13267],[13.8458,52.12841],[13.84729,52.12815],[13.84529,52.12172],[13.87119,52.11813],[13.87564,52.12035],[13.88906,52.12144],[13.88953,52.12333],[13.90788,52.12286],[13.90922,52.12825],[13.91677,52.12747],[13.91825,52.12447],[13.92783,52.12729],[13.93074,52.1268],[13.92966,52.12878],[13.92448,52.12783],[13.91911,52.13051],[13.93343,52.1313],[13.93825,52.13514],[13.93837,52.13775],[13.96813,52.13617],[13.96778,52.1335],[13.96975,52.13212],[13.97165,52.13396],[13.9787,52.13206],[13.98266,52.12439],[13.99,52.11899],[13.9918,52.1204],[13.99859,52.11931],[13.99996,52.1158],[14.00233,52.11762],[14.007,52.11757],[14.00596,52.11511],[14.00988,52.11408],[14.00699,52.11212],[14.00963,52.10954],[14.01274,52.10916],[14.0134,52.11091],[14.02148,52.11224],[14.03354,52.11028],[14.03985,52.11408],[14.04412,52.11485],[14.04284,52.1052],[14.05555,52.10549],[14.0611,52.10849],[14.06308,52.10742],[14.06404,52.10169],[14.06709,52.10028],[14.08761,52.09687],[14.08948,52.09107],[14.09699,52.09177],[14.10107,52.08863],[14.11195,52.08721],[14.11145,52.08196],[14.10953,52.0806],[14.11448,52.0752],[14.11404,52.072],[14.12505,52.06716],[14.12782,52.06106],[14.128,52.05718],[14.12562,52.05585],[14.12783,52.05486],[14.12671,52.0538],[14.1288,52.05186],[14.13898,52.04877],[14.14377,52.05122],[14.14318,52.05272],[14.15963,52.05733],[14.17363,52.05845],[14.19419,52.05773],[14.1939,52.06011],[14.1995,52.065],[14.20407,52.07404],[14.20517,52.08676],[14.20983,52.08535],[14.21258,52.08119],[14.21774,52.07823],[14.22251,52.07884],[14.22306,52.08289],[14.22733,52.08523],[14.23728,52.08433],[14.24755,52.08687],[14.24817,52.08602],[14.24006,52.08334],[14.23379,52.08368],[14.2321,52.08154],[14.23018,52.08212],[14.23039,52.07957],[14.22253,52.07571],[14.22075,52.06865],[14.21751,52.06906],[14.21341,52.06709],[14.21314,52.06456],[14.21828,52.06122],[14.214,52.05284],[14.21977,52.04186],[14.23013,52.04034],[14.23325,52.04219],[14.24171,52.03997],[14.23974,52.03878],[14.24007,52.03499],[14.24271,52.03598],[14.25339,52.03522],[14.25602,52.03292],[14.26004,52.03207],[14.27027,52.03233],[14.26971,52.03527],[14.28099,52.03706],[14.28661,52.03985],[14.29992,52.03647],[14.29572,52.04448],[14.30233,52.0478],[14.30497,52.05617],[14.31142,52.06081],[14.31995,52.06179],[14.32067,52.06343],[14.32307,52.06314],[14.33066,52.06858],[14.35512,52.07305],[14.37064,52.06771],[14.40093,52.05283],[14.40332,52.03137],[14.40547,52.02803],[14.415,52.02451],[14.43613,52.02441],[14.446,52.02636],[14.44697,52.03086],[14.44858,52.03115],[14.44555,52.03995],[14.45456,52.0433],[14.45418,52.04431],[14.46451,52.04697],[14.48272,52.05774],[14.48573,52.05477],[14.47908,52.04595],[14.48248,52.04104],[14.48271,52.03721],[14.49176,52.02997],[14.49032,52.02273],[14.49176,52.01604],[14.50084,52.00761],[14.52344,52.01045],[14.54357,52.00649],[14.55737,52.0053],[14.55772,52.00814],[14.56232,52.00885],[14.56589,52.01708],[14.56284,52.0184],[14.56316,52.01975],[14.56796,52.02378],[14.57253,52.02477],[14.5779,52.02986],[14.5901,52.03421],[14.5959,52.03301],[14.60135,52.03348],[14.61587,52.02852],[14.62757,52.02734],[14.63948,52.02797],[14.64908,52.02699],[14.64969,52.02783],[14.6609,52.01734],[14.66602,52.01544],[14.66111,52.0108],[14.67026,52.00674],[14.66884,52.00524],[14.67474,52.0026],[14.68107,52.00172],[14.68186,52.00445],[14.69775,52.00998],[14.69886,52.01478],[14.70145,52.01518],[14.70892,52.01316],[14.69935,52.00695],[14.70812,52.00345],[14.71243,51.99988],[14.71671,52.00118],[14.71418,52.00262],[14.71484,52.00493],[14.72525,52.00823],[14.72671,52.01393],[14.74131,52.02341],[14.74037,52.02908],[14.74826,52.03183],[14.7475,52.03681],[14.74978,52.04304],[14.74571,52.04654],[14.7468,52.05046],[14.74524,52.05385],[14.75725,52.06067],[14.75887,52.06646],[14.75179,52.07204],[14.74612,52.08125],[14.74128,52.08523],[14.7243,52.09352],[14.70035,52.09812],[14.6878,52.10733],[14.6816,52.11665],[14.68421,52.12419],[14.67912,52.14198],[14.68221,52.14813],[14.69544,52.15722],[14.70524,52.16794],[14.70306,52.17802],[14.69731,52.18377],[14.6881,52.18927],[14.68518,52.19408],[14.68854,52.1989],[14.70257,52.2061],[14.70839,52.21175],[14.71575,52.23588],[14.70521,52.24275],[14.69896,52.25214],[14.69021,52.25664],[14.67438,52.25856],[14.65914,52.26232],[14.64647,52.26264],[14.61377,52.2719],[14.60089,52.27205],[14.60136,52.27026],[14.59742,52.27078],[14.598,52.26755],[14.59121,52.26906],[14.58731,52.27125],[14.5874,52.27553],[14.58411,52.27546],[14.57826,52.28517],[14.57582,52.28646],[14.58172,52.27708],[14.56813,52.2762],[14.5573,52.27079],[14.55296,52.27048],[14.55099,52.26764],[14.54955,52.26807],[14.54898,52.26511],[14.55217,52.26461],[14.55326,52.26258],[14.54945,52.2613],[14.53985,52.26117],[14.53336,52.26328],[14.53507,52.25617],[14.51766,52.26238],[14.50851,52.26337],[14.50552,52.26221],[14.50194,52.26279],[14.50706,52.25485],[14.49201,52.25277],[14.4794,52.262],[14.47729,52.26145],[14.47834,52.27104],[14.46703,52.27608],[14.45137,52.27315],[14.45099,52.27093],[14.44658,52.27112],[14.44661,52.27241],[14.41473,52.27026],[14.40695,52.26959],[14.40549,52.26687],[14.39991,52.26831],[14.39681,52.26654],[14.39483,52.26882],[14.39897,52.27329],[14.39711,52.27343],[14.40253,52.28477],[14.39789,52.28507],[14.40387,52.29398],[14.39589,52.2989],[14.39854,52.30295],[14.39793,52.30788],[14.42606,52.33305],[14.43268,52.33712],[14.43664,52.34288],[14.43261,52.34267],[14.42572,52.34508],[14.41943,52.35034],[14.41707,52.35009],[14.40771,52.35383],[14.41421,52.35872],[14.42376,52.37397],[14.41329,52.37538],[14.37538,52.38734],[14.36175,52.38569],[14.35551,52.3816],[14.34954,52.37408],[14.33684,52.37751],[14.32885,52.37776],[14.32893,52.37902],[14.31484,52.38221],[14.32321,52.39841],[14.32764,52.40291],[14.30296,52.40357],[14.28138,52.40926],[14.27739,52.41986],[14.28493,52.42481],[14.28306,52.43354],[14.27594,52.44681],[14.27009,52.44894],[14.27265,52.4512],[14.27305,52.45919],[14.27549,52.4626],[14.25867,52.46747],[14.24984,52.47184],[14.24501,52.47828],[14.23784,52.48139],[14.22939,52.49034],[14.21152,52.49614],[14.1885,52.49875],[14.18238,52.48889],[14.18122,52.47529],[14.18284,52.47452],[14.17707,52.46914],[14.1676,52.46656],[14.16524,52.46738],[14.13629,52.46598],[14.12191,52.46221],[14.12217,52.46035],[14.1178,52.45961],[14.09746,52.46326],[14.09509,52.45413],[14.09045,52.45458],[14.08901,52.45076],[14.07694,52.45339],[14.08284,52.46067],[14.08381,52.46533],[14.07341,52.48063],[14.05066,52.47689],[14.02799,52.4708],[14.02224,52.46439],[14.02077,52.45774],[14.00709,52.44677],[13.99272,52.45559],[13.99263,52.4616],[13.99611,52.46184],[13.99666,52.4647],[13.98904,52.46366],[13.9776,52.46852],[13.97703,52.4664],[13.97049,52.46783],[13.96448,52.46505],[13.95987,52.46861],[13.95978,52.47182],[13.95407,52.47329],[13.95031,52.47694],[13.94497,52.47664],[13.94313,52.47862],[13.94129,52.47793],[13.94304,52.47598],[13.93789,52.47419],[13.93622,52.47596],[13.9274,52.47316],[13.92593,52.47429],[13.9156,52.47499],[13.89984,52.47412],[13.89215,52.46762],[13.88691,52.46828],[13.88173,52.4635],[13.87938,52.45719],[13.87222,52.45579],[13.87081,52.45339],[13.8585,52.45267],[13.85309,52.45288],[13.85391,52.45775],[13.85223,52.45795],[13.82516,52.44006],[13.82482,52.43761],[13.80295,52.43931],[13.80497,52.44369],[13.76436,52.44675],[13.76509,52.45337],[13.76238,52.45801],[13.76759,52.4599],[13.77488,52.46601],[13.77059,52.46589],[13.76885,52.46717],[13.75876,52.46601],[13.75609,52.46702],[13.74322,52.46557],[13.74363,52.46681],[13.74078,52.46733],[13.74168,52.48591],[13.71116,52.49339],[13.71169,52.49504],[13.71661,52.49679],[13.71099,52.50268],[13.69185,52.50276],[13.67829,52.49415],[13.67178,52.48557],[13.66698,52.47417]]]]}},{"type":"Feature","id":"12068","bbox":[12.12021,52.68131,13.05677,53.3213],"properties":{"id":"12068","name":"Ostprignitz-Ruppin","typ":"Landkreis","bundeslandAlt":"Brandenburg","bezirkAlt":"Brandenburg","neueKreise":["Ostprignitz-Ruppin"],"quelle":"VG250 / Bezirkseinführungsgesetz"},"geometry":{"type":"MultiPolygon","coordinates":[[[[12.12021,52.87551],[12.13312,52.86578],[12.12371,52.8538],[12.12633,52.85316],[12.13285,52.85581],[12.17219,52.8647],[12.18498,52.87095],[12.19265,52.87746],[12.19694,52.87798],[12.19995,52.87088],[12.2023,52.86851],[12.20839,52.8665],[12.20996,52.86242],[12.21406,52.86167],[12.2154,52.86597],[12.21739,52.86598],[12.22241,52.86531],[12.23224,52.86083],[12.23439,52.85836],[12.23188,52.85067],[12.23968,52.84368],[12.23726,52.83929],[12.24367,52.82069],[12.25754,52.80491],[12.25249,52.80373],[12.25558,52.7986],[12.24772,52.79652],[12.2492,52.79186],[12.25174,52.79233],[12.25061,52.79382],[12.25906,52.79482],[12.2621,52.79651],[12.26404,52.80022],[12.26964,52.80089],[12.27167,52.79914],[12.27798,52.79853],[12.2823,52.7963],[12.29808,52.80085],[12.30625,52.79842],[12.31804,52.79695],[12.32575,52.79751],[12.33564,52.79511],[12.33894,52.79665],[12.35995,52.79776],[12.36311,52.80045],[12.36581,52.79977],[12.36846,52.80214],[12.37735,52.80536],[12.37842,52.80248],[12.39717,52.80262],[12.39987,52.79775],[12.39641,52.79327],[12.40691,52.78894],[12.40423,52.78527],[12.37873,52.77013],[12.38025,52.76853],[12.38609,52.76956],[12.38645,52.77136],[12.39368,52.77081],[12.39521,52.77215],[12.40194,52.76576],[12.40024,52.76231],[12.40255,52.75824],[12.40069,52.75625],[12.40938,52.75198],[12.41732,52.75327],[12.42357,52.7566],[12.43251,52.75567],[12.43836,52.75728],[12.44151,52.75528],[12.44676,52.75528],[12.44966,52.75735],[12.4608,52.7564],[12.46433,52.75832],[12.46672,52.75683],[12.48112,52.75842],[12.48779,52.76091],[12.49139,52.75772],[12.49571,52.75904],[12.51888,52.75287],[12.53009,52.75233],[12.53078,52.75344],[12.53834,52.75217],[12.54045,52.7536],[12.54612,52.75251],[12.55024,52.76303],[12.5408,52.76476],[12.54095,52.76605],[12.54626,52.7685],[12.54656,52.77139],[12.55243,52.77155],[12.54499,52.781],[12.53401,52.78108],[12.53278,52.7831],[12.53358,52.79296],[12.54096,52.79205],[12.54132,52.80235],[12.55073,52.80107],[12.55181,52.80296],[12.54879,52.80384],[12.54825,52.81053],[12.58248,52.8083],[12.60191,52.80099],[12.60968,52.79425],[12.60949,52.79055],[12.61213,52.79241],[12.61455,52.79116],[12.61966,52.79438],[12.6342,52.79715],[12.64267,52.80115],[12.64902,52.80108],[12.65113,52.80001],[12.64938,52.79826],[12.65045,52.79685],[12.646,52.79268],[12.65486,52.78905],[12.6567,52.79139],[12.66438,52.78626],[12.66463,52.78413],[12.66981,52.78216],[12.66683,52.77763],[12.67653,52.7733],[12.67258,52.7696],[12.68758,52.7639],[12.70486,52.75959],[12.71799,52.75855],[12.71717,52.75713],[12.72059,52.75599],[12.71736,52.75289],[12.71605,52.74784],[12.7216,52.74592],[12.72229,52.74339],[12.71236,52.73776],[12.70826,52.73276],[12.70777,52.72881],[12.71742,52.72882],[12.71622,52.72339],[12.72755,52.72249],[12.72924,52.71775],[12.73798,52.71223],[12.74051,52.70339],[12.76405,52.69748],[12.76233,52.69581],[12.76602,52.69458],[12.83218,52.68308],[12.83312,52.68131],[12.8348,52.68214],[12.83169,52.68476],[12.82503,52.70757],[12.83115,52.70883],[12.84674,52.70551],[12.86548,52.71053],[12.8686,52.7144],[12.88081,52.71852],[12.86509,52.72251],[12.87201,52.727],[12.90982,52.7443],[12.92129,52.74471],[12.92044,52.7587],[12.9228,52.77007],[12.91027,52.77222],[12.91685,52.78922],[12.91827,52.78787],[12.91915,52.79465],[12.924,52.79036],[12.93784,52.79358],[12.9439,52.80095],[12.93798,52.80407],[12.9631,52.81232],[12.97041,52.81728],[12.97996,52.81781],[12.98608,52.82857],[12.9774,52.82759],[12.9714,52.8287],[12.97127,52.83136],[12.95253,52.83402],[12.95456,52.83748],[12.97512,52.83507],[12.98638,52.83651],[12.98639,52.84074],[12.96741,52.83975],[12.96623,52.84265],[12.97312,52.84212],[12.98718,52.84379],[12.98693,52.84651],[12.98062,52.84936],[12.97537,52.85624],[12.97517,52.86214],[12.99134,52.86303],[12.99307,52.85711],[13.00577,52.8575],[13.00622,52.86068],[12.99953,52.86126],[12.99911,52.86538],[13.00958,52.86442],[13.00946,52.86574],[13.01573,52.8655],[13.02497,52.85691],[13.02858,52.85546],[13.03919,52.85475],[13.04087,52.86073],[13.03854,52.86789],[13.04015,52.87581],[13.03893,52.87781],[13.02435,52.87875],[13.01783,52.90592],[13.04671,52.91729],[13.05172,52.9356],[13.04931,52.94583],[13.05078,52.94812],[13.05473,52.94962],[13.05677,52.95595],[13.05413,52.95736],[13.05433,52.96392],[13.04767,52.9783],[13.05079,52.99051],[13.02686,52.98964],[13.02205,52.99629],[13.00634,52.99877],[13.01232,53.01144],[13.02032,53.01762],[13.03272,53.02411],[13.02331,53.03172],[13.02482,53.05522],[13.0226,53.057],[13.02263,53.05995],[13.02482,53.05935],[13.02281,53.06311],[13.02616,53.07147],[13.01995,53.07412],[13.01353,53.07317],[13.01124,53.07465],[12.99481,53.07314],[12.98869,53.07478],[12.98649,53.07233],[12.97254,53.07284],[12.97391,53.07694],[12.96861,53.07966],[12.96971,53.08096],[12.96737,53.08488],[12.96396,53.08664],[12.95514,53.08598],[12.94892,53.08737],[12.94973,53.08899],[12.94287,53.09045],[12.94633,53.09301],[12.94252,53.09418],[12.93777,53.10425],[12.94232,53.10591],[12.9474,53.10397],[12.94916,53.10696],[12.95164,53.10673],[12.95191,53.10915],[12.948,53.11049],[12.9479,53.11307],[12.95074,53.11332],[12.949,53.11721],[12.95428,53.12359],[12.96004,53.12326],[12.96403,53.13029],[12.96343,53.13299],[12.99172,53.1294],[12.99251,53.13195],[12.99879,53.13476],[12.99834,53.13628],[13.00314,53.13685],[13.00374,53.13912],[13.00931,53.13965],[13.00886,53.14579],[13.01282,53.14485],[13.02761,53.14754],[13.0141,53.15065],[13.0079,53.1505],[13.00746,53.14929],[13.00423,53.15126],[12.99982,53.15028],[12.99671,53.14778],[12.9946,53.15045],[12.99638,53.15266],[13.00361,53.15377],[13.00642,53.15552],[12.98868,53.15757],[12.99004,53.16111],[12.98468,53.16499],[12.98047,53.16253],[12.97617,53.16307],[12.97344,53.16598],[12.96852,53.16637],[12.96515,53.17591],[12.96151,53.17774],[12.94727,53.1725],[12.94459,53.17245],[12.942,53.17432],[12.94723,53.17845],[12.96138,53.18102],[12.96034,53.18399],[12.96233,53.18519],[12.97335,53.18973],[12.97943,53.19055],[12.97938,53.1925],[12.97631,53.19438],[12.97688,53.19737],[12.96424,53.20039],[12.94887,53.19927],[12.94282,53.19569],[12.93711,53.19432],[12.94393,53.19092],[12.94434,53.18742],[12.94243,53.18593],[12.93841,53.18611],[12.9344,53.18823],[12.91997,53.18638],[12.91927,53.18805],[12.92883,53.19077],[12.92974,53.19442],[12.92532,53.19598],[12.91914,53.19448],[12.91284,53.19517],[12.90998,53.19372],[12.90371,53.1936],[12.90193,53.18997],[12.89204,53.18795],[12.88949,53.1804],[12.88434,53.18131],[12.88011,53.17969],[12.87071,53.18328],[12.86737,53.18681],[12.85887,53.18818],[12.84957,53.19971],[12.84598,53.2014],[12.84128,53.20027],[12.83791,53.19726],[12.83073,53.196],[12.82469,53.19705],[12.82079,53.19342],[12.81717,53.19606],[12.81487,53.19198],[12.81307,53.19193],[12.81026,53.1954],[12.81293,53.19741],[12.80888,53.19765],[12.80632,53.19661],[12.80563,53.19421],[12.80088,53.19378],[12.79909,53.19107],[12.79471,53.18987],[12.79385,53.19139],[12.79028,53.19123],[12.78492,53.18784],[12.78034,53.18759],[12.77793,53.18932],[12.77187,53.1882],[12.76438,53.18893],[12.75915,53.195],[12.73949,53.1996],[12.74951,53.20633],[12.75806,53.22159],[12.75741,53.22435],[12.74688,53.22547],[12.74554,53.22367],[12.74227,53.22305],[12.72274,53.22167],[12.71579,53.22452],[12.69581,53.22705],[12.68261,53.22646],[12.67118,53.2295],[12.66618,53.23143],[12.66397,53.23495],[12.66944,53.23711],[12.66554,53.23862],[12.66624,53.24156],[12.67025,53.24263],[12.67566,53.24772],[12.6724,53.24916],[12.66829,53.24816],[12.66569,53.25329],[12.66056,53.25441],[12.65493,53.25525],[12.62842,53.25456],[12.62411,53.25176],[12.61728,53.2515],[12.61559,53.24894],[12.61131,53.24799],[12.60605,53.2444],[12.60118,53.24508],[12.59815,53.24853],[12.56632,53.25591],[12.54991,53.26198],[12.52977,53.26479],[12.5024,53.26217],[12.50279,53.25778],[12.49763,53.2552],[12.46709,53.25623],[12.44531,53.24993],[12.43948,53.25595],[12.43538,53.2574],[12.43158,53.26258],[12.43206,53.27081],[12.42801,53.27499],[12.40984,53.27968],[12.40043,53.27919],[12.39183,53.28506],[12.39823,53.29466],[12.39425,53.30181],[12.38125,53.30235],[12.37397,53.30586],[12.36331,53.30671],[12.35184,53.31304],[12.33175,53.31801],[12.3251,53.3213],[12.32103,53.31685],[12.32361,53.31281],[12.31938,53.30845],[12.31094,53.30951],[12.30249,53.30492],[12.31294,53.29511],[12.31624,53.28842],[12.31588,53.27284],[12.3119,53.27086],[12.32194,53.26349],[12.32574,53.26356],[12.3351,53.25101],[12.33889,53.2484],[12.34893,53.24515],[12.355,53.23685],[12.35014,53.23385],[12.34826,53.23783],[12.34018,53.2325],[12.33628,53.22894],[12.33674,53.22735],[12.33013,53.22479],[12.32781,53.22095],[12.31175,53.20884],[12.29929,53.20503],[12.30861,53.19319],[12.32853,53.18958],[12.32701,53.18212],[12.32289,53.17646],[12.33207,53.16308],[12.32986,53.16223],[12.33029,53.15969],[12.3228,53.15844],[12.31715,53.1557],[12.31702,53.15192],[12.31413,53.14976],[12.30752,53.15036],[12.30356,53.14444],[12.29132,53.13768],[12.30016,53.12691],[12.29334,53.12106],[12.32423,53.11011],[12.32558,53.11266],[12.32798,53.10885],[12.34105,53.1037],[12.33832,53.10208],[12.33035,53.10186],[12.32832,53.0842],[12.32268,53.08424],[12.31047,53.08785],[12.30391,53.07978],[12.29814,53.0787],[12.2901,53.0649],[12.28926,53.05937],[12.29106,53.05326],[12.30138,53.0508],[12.30726,53.04786],[12.31587,53.0386],[12.32245,53.03889],[12.33027,53.02909],[12.33264,53.02925],[12.34057,53.02457],[12.34141,53.01919],[12.34571,53.01851],[12.35108,53.0145],[12.35493,53.01501],[12.35337,53.01656],[12.36132,53.0188],[12.36028,53.02317],[12.3503,53.02661],[12.34934,53.02899],[12.35161,53.03061],[12.35581,53.03012],[12.35975,53.0315],[12.36096,53.02936],[12.36458,53.03039],[12.36887,53.0246],[12.37073,53.02506],[12.37461,53.02298],[12.38162,53.0255],[12.38154,53.03024],[12.38663,53.03332],[12.38282,53.03828],[12.39012,53.04045],[12.39037,53.04247],[12.39477,53.04228],[12.39909,53.04678],[12.40241,53.04704],[12.4091,53.05275],[12.41348,53.051],[12.41221,53.04903],[12.41495,53.04781],[12.41885,53.04215],[12.41824,53.03284],[12.41106,53.03236],[12.40698,53.03021],[12.40984,53.02306],[12.41435,53.02014],[12.41607,53.01668],[12.4169,53.00474],[12.4102,53.00403],[12.39511,52.99961],[12.37824,52.99887],[12.36992,52.99468],[12.35627,52.99173],[12.34895,52.99508],[12.34569,52.99502],[12.34167,52.9916],[12.32988,52.99048],[12.32462,52.99119],[12.32171,52.98724],[12.32358,52.97762],[12.31853,52.97683],[12.31945,52.96913],[12.30621,52.9535],[12.30279,52.95293],[12.29669,52.95479],[12.29038,52.95237],[12.27951,52.95594],[12.2657,52.94691],[12.27221,52.93548],[12.28042,52.92814],[12.28425,52.91878],[12.24617,52.91296],[12.21725,52.91241],[12.20762,52.91471],[12.20024,52.91335],[12.19246,52.90804],[12.18999,52.90216],[12.16992,52.89738],[12.16289,52.89724],[12.13394,52.89221],[12.13099,52.88949],[12.12529,52.89052],[12.12262,52.8885],[12.12021,52.87551]]],[[[12.21683,52.86075],[12.21732,52.86045],[12.21759,52.86013],[12.21908,52.86086],[12.22231,52.86255],[12.22132,52.86381],[12.21817,52.86245],[12.21712,52.86199],[12.21683,52.86075]]]]}},{"type":"Feature","id":"12069","bbox":[12.21678,51.97927,13.31278,52.55713],"properties":{"id":"12069","name":"Potsdam-Mittelmark","typ":"Landkreis","bundeslandAlt":"Brandenburg","bezirkAlt":"Brandenburg","neueKreise":["Fläming","Potsdam-Mittelmark"],"quelle":"VG250 / Bezirkseinführungsgesetz"},"geometry":{"type":"MultiPolygon","coordinates":[[[[12.21678,52.17007],[12.22047,52.16667],[12.234,52.16279],[12.2313,52.15495],[12.23713,52.15013],[12.24532,52.13873],[12.26316,52.13276],[12.26511,52.13066],[12.26878,52.12385],[12.27196,52.11005],[12.27672,52.10402],[12.29224,52.10138],[12.30014,52.09622],[12.31582,52.09237],[12.31961,52.08912],[12.32046,52.08342],[12.32903,52.06963],[12.33311,52.06606],[12.34809,52.0593],[12.35978,52.0465],[12.3896,52.04357],[12.39822,52.03565],[12.40929,52.02907],[12.4202,52.02652],[12.42403,52.02172],[12.43023,52.01831],[12.45,52.01621],[12.45302,52.02605],[12.46076,52.03472],[12.48062,52.03334],[12.48496,52.01715],[12.49883,52.00892],[12.53631,52.00288],[12.53534,52.0011],[12.54084,51.98817],[12.53939,51.98489],[12.60302,51.98109],[12.61516,51.98228],[12.6144,51.99172],[12.64475,51.99438],[12.6486,52.00831],[12.6565,52.01294],[12.66726,52.01323],[12.6727,52.01185],[12.67566,52.00693],[12.68252,52.00332],[12.69792,52.00298],[12.71194,51.99987],[12.71167,51.99727],[12.72964,51.98896],[12.73339,51.98806],[12.73702,51.98928],[12.74344,51.98905],[12.75548,51.98639],[12.75925,51.98218],[12.76978,51.97927],[12.77043,51.98213],[12.8158,51.98984],[12.81422,51.99335],[12.82507,51.99382],[12.84452,51.9975],[12.85374,52.01978],[12.86256,52.0188],[12.8642,52.02351],[12.87624,52.01961],[12.88139,52.02568],[12.89383,52.02727],[12.90445,52.03563],[12.91805,52.0326],[12.92693,52.03408],[12.94129,52.03377],[12.95564,52.02932],[12.95327,52.02765],[12.96209,52.02484],[12.97454,52.02356],[12.97592,52.02437],[12.9699,52.02668],[12.97114,52.03156],[12.96382,52.03414],[12.96774,52.03644],[12.96162,52.03951],[12.95576,52.03937],[12.95741,52.04231],[12.95637,52.05577],[12.96028,52.06449],[12.96986,52.0652],[12.96516,52.06913],[12.96919,52.06971],[12.97173,52.07584],[12.97349,52.07627],[12.96969,52.07887],[12.97514,52.08018],[12.98005,52.08528],[12.97563,52.08574],[12.97141,52.08396],[12.9731,52.08615],[12.98233,52.08753],[12.98685,52.09369],[12.99447,52.09258],[12.99661,52.09351],[12.97522,52.11377],[12.97867,52.1232],[12.96939,52.12962],[12.96243,52.12986],[12.96049,52.13531],[12.95145,52.14351],[12.97355,52.14546],[12.99799,52.15468],[13.00859,52.16178],[13.01263,52.16255],[13.04806,52.17934],[13.05984,52.1816],[13.05893,52.18493],[13.08335,52.19709],[13.09013,52.21119],[13.09409,52.2131],[13.09245,52.2151],[13.09488,52.21697],[13.09986,52.21762],[13.09827,52.2196],[13.10272,52.22536],[13.10153,52.22636],[13.10818,52.22867],[13.10929,52.23046],[13.1116,52.23041],[13.11328,52.23382],[13.11129,52.23419],[13.11091,52.23627],[13.11273,52.23721],[13.10533,52.24343],[13.11026,52.24792],[13.11332,52.24787],[13.11643,52.25595],[13.11833,52.25731],[13.12519,52.25587],[13.1298,52.25785],[13.13501,52.26382],[13.1388,52.26299],[13.14027,52.26517],[13.14272,52.26453],[13.15492,52.26947],[13.15793,52.27446],[13.16307,52.27698],[13.16219,52.27878],[13.15533,52.28111],[13.15669,52.28371],[13.15193,52.28914],[13.14882,52.28914],[13.14799,52.2905],[13.14316,52.28967],[13.14052,52.29401],[13.13684,52.29535],[13.13807,52.29674],[13.13962,52.29614],[13.1442,52.29893],[13.14724,52.29747],[13.14548,52.29633],[13.14896,52.29505],[13.16247,52.29916],[13.17165,52.29772],[13.17641,52.30195],[13.16162,52.31099],[13.16485,52.31781],[13.16834,52.31649],[13.17175,52.31918],[13.18317,52.32127],[13.18188,52.32395],[13.18554,52.32469],[13.18734,52.32687],[13.1898,52.32761],[13.1928,52.32662],[13.19501,52.32849],[13.20161,52.32902],[13.22258,52.32377],[13.2514,52.33151],[13.24929,52.33785],[13.25277,52.33863],[13.25265,52.34377],[13.25091,52.3433],[13.25058,52.34439],[13.25399,52.34797],[13.25137,52.35016],[13.275,52.35583],[13.29026,52.36879],[13.29531,52.38058],[13.3062,52.38157],[13.30888,52.38688],[13.3052,52.38799],[13.30995,52.38936],[13.31278,52.39769],[13.29855,52.41203],[13.29613,52.41645],[13.27671,52.40581],[13.26996,52.40453],[13.25784,52.40656],[13.24984,52.40496],[13.2458,52.4208],[13.22229,52.42036],[13.20515,52.41586],[13.19557,52.41509],[13.15935,52.40288],[13.15783,52.39636],[13.17136,52.39776],[13.17152,52.39583],[13.15319,52.38949],[13.14722,52.38007],[13.14705,52.36149],[13.13805,52.36134],[13.13781,52.35561],[13.13551,52.35315],[13.13656,52.35095],[13.12477,52.35077],[13.1209,52.35498],[13.1135,52.35425],[13.10638,52.35519],[13.10385,52.35725],[13.1058,52.35809],[13.10272,52.35942],[13.10481,52.36298],[13.1023,52.36432],[13.09278,52.35472],[13.08854,52.35672],[13.08056,52.35634],[13.07213,52.35407],[13.06145,52.35702],[13.05225,52.35774],[13.04837,52.35443],[13.06089,52.34891],[13.05568,52.34395],[13.04932,52.34345],[13.04777,52.34567],[13.04309,52.34546],[13.04195,52.34294],[13.03121,52.34745],[13.02235,52.34694],[13.00391,52.35776],[12.99274,52.36658],[12.98847,52.36462],[12.98217,52.36519],[12.97766,52.37054],[12.97129,52.37366],[12.97276,52.37662],[12.98019,52.38057],[12.97668,52.38197],[12.98401,52.3879],[12.97993,52.38982],[12.97647,52.39057],[12.97578,52.38766],[12.9714,52.38518],[12.9699,52.38699],[12.96145,52.38564],[12.95991,52.38899],[12.9511,52.39235],[12.9353,52.39115],[12.93642,52.40513],[12.93497,52.40637],[12.93807,52.40831],[12.93684,52.41572],[12.93403,52.41767],[12.935,52.42494],[12.94024,52.4328],[12.94769,52.43399],[12.9491,52.44295],[12.94256,52.44923],[12.94611,52.45273],[12.92595,52.45772],[12.89353,52.46076],[12.89558,52.45961],[12.89589,52.4536],[12.89154,52.45026],[12.88476,52.45394],[12.87728,52.45323],[12.86965,52.45594],[12.86633,52.45972],[12.8554,52.46076],[12.81812,52.47343],[12.80958,52.47273],[12.81316,52.47035],[12.81225,52.46632],[12.79891,52.46537],[12.79434,52.46274],[12.78364,52.46397],[12.77944,52.46238],[12.77283,52.46408],[12.77159,52.46556],[12.76569,52.46621],[12.75516,52.45845],[12.7452,52.45849],[12.73958,52.46528],[12.74661,52.46712],[12.74253,52.47746],[12.75964,52.48113],[12.75474,52.48973],[12.75003,52.48903],[12.74848,52.49151],[12.73456,52.49822],[12.74974,52.50958],[12.72724,52.52263],[12.71607,52.52521],[12.71127,52.5228],[12.71274,52.51703],[12.70855,52.51842],[12.70943,52.52195],[12.70877,52.52356],[12.70649,52.52324],[12.7072,52.52749],[12.71233,52.53332],[12.71294,52.5368],[12.71673,52.54176],[12.72433,52.54053],[12.72419,52.5423],[12.71718,52.54619],[12.71265,52.5442],[12.6904,52.55006],[12.68379,52.54579],[12.68082,52.54105],[12.67702,52.54148],[12.67239,52.5371],[12.65123,52.54225],[12.64464,52.54079],[12.64648,52.53804],[12.64416,52.53705],[12.63795,52.53703],[12.6355,52.53954],[12.62776,52.53774],[12.61001,52.53676],[12.6104,52.5337],[12.58315,52.52742],[12.57552,52.52693],[12.54713,52.5309],[12.54753,52.53364],[12.54174,52.53374],[12.53632,52.53822],[12.53267,52.53703],[12.53156,52.53816],[12.52375,52.53821],[12.52352,52.53664],[12.51415,52.53426],[12.50572,52.53555],[12.50042,52.53734],[12.49568,52.54526],[12.49045,52.54471],[12.48922,52.54288],[12.48592,52.54705],[12.49125,52.54779],[12.48885,52.55014],[12.48104,52.55215],[12.48163,52.55475],[12.48596,52.55403],[12.48796,52.55649],[12.47822,52.55713],[12.47777,52.55507],[12.4722,52.55607],[12.46555,52.55508],[12.46236,52.55416],[12.46086,52.55109],[12.44881,52.55121],[12.42837,52.55395],[12.42613,52.54668],[12.43059,52.54299],[12.4293,52.53948],[12.4156,52.54271],[12.40668,52.53875],[12.40677,52.53662],[12.40998,52.53611],[12.41424,52.53162],[12.42107,52.53093],[12.42648,52.52818],[12.4267,52.52502],[12.42476,52.52344],[12.42943,52.51439],[12.42753,52.51134],[12.41418,52.50986],[12.4189,52.50821],[12.42039,52.5033],[12.42423,52.50155],[12.41989,52.49865],[12.41704,52.5002],[12.41108,52.49497],[12.42412,52.49247],[12.41255,52.48085],[12.41418,52.47944],[12.41192,52.47819],[12.41393,52.47591],[12.43572,52.47567],[12.44963,52.479],[12.44764,52.47203],[12.44149,52.47146],[12.43791,52.46252],[12.4324,52.45784],[12.42818,52.45814],[12.43151,52.45622],[12.43061,52.45495],[12.42531,52.45338],[12.42116,52.44939],[12.42547,52.44266],[12.4209,52.43519],[12.42743,52.42951],[12.43218,52.43054],[12.43433,52.42937],[12.43049,52.41581],[12.43674,52.41856],[12.43829,52.42565],[12.44241,52.42558],[12.44104,52.42449],[12.44333,52.42152],[12.44806,52.42503],[12.44806,52.43102],[12.44469,52.43982],[12.44361,52.45167],[12.445,52.45347],[12.46767,52.44991],[12.47613,52.4596],[12.48188,52.4607],[12.49244,52.46904],[12.4966,52.47046],[12.49865,52.46958],[12.5046,52.47347],[12.50653,52.47272],[12.51266,52.47537],[12.51431,52.47504],[12.50836,52.4685],[12.50937,52.46509],[12.51211,52.46494],[12.51754,52.45296],[12.52542,52.45323],[12.52523,52.45145],[12.55172,52.44943],[12.55656,52.44735],[12.56003,52.44757],[12.56594,52.45225],[12.56477,52.45832],[12.56758,52.46226],[12.56561,52.4652],[12.56637,52.47667],[12.57113,52.47797],[12.57895,52.47682],[12.58367,52.48039],[12.5892,52.47928],[12.59446,52.47981],[12.59972,52.48784],[12.60573,52.49312],[12.6092,52.49037],[12.62386,52.48951],[12.62423,52.48628],[12.63158,52.49163],[12.6354,52.49208],[12.64289,52.49032],[12.64418,52.4882],[12.64718,52.48891],[12.64661,52.48377],[12.65101,52.48352],[12.65377,52.48507],[12.65737,52.4964],[12.66304,52.49773],[12.66555,52.50097],[12.67711,52.50263],[12.69175,52.50933],[12.69957,52.51059],[12.70387,52.51302],[12.70657,52.51101],[12.7049,52.50908],[12.69216,52.50557],[12.68979,52.49619],[12.68678,52.49304],[12.68093,52.49314],[12.67175,52.49683],[12.66563,52.49031],[12.65901,52.4898],[12.65423,52.48399],[12.65073,52.48265],[12.64497,52.48351],[12.63916,52.48699],[12.63463,52.48772],[12.63262,52.48428],[12.62448,52.48199],[12.61665,52.48578],[12.60558,52.48495],[12.59847,52.47793],[12.5928,52.47845],[12.58945,52.47663],[12.58723,52.47767],[12.58446,52.47558],[12.57934,52.47457],[12.57669,52.46726],[12.57312,52.46403],[12.57648,52.45524],[12.57182,52.44903],[12.57358,52.44557],[12.5907,52.44686],[12.59515,52.45167],[12.60038,52.45168],[12.60525,52.45515],[12.62232,52.4589],[12.63741,52.45257],[12.63911,52.45059],[12.65762,52.45553],[12.65853,52.45388],[12.66338,52.45412],[12.66419,52.45249],[12.67015,52.45268],[12.67084,52.44787],[12.67805,52.44742],[12.68639,52.44961],[12.6894,52.44494],[12.6919,52.44675],[12.69784,52.44629],[12.70297,52.44755],[12.70543,52.44489],[12.70135,52.44241],[12.69509,52.44498],[12.69406,52.44213],[12.68901,52.44121],[12.68693,52.44314],[12.67842,52.44192],[12.67532,52.43905],[12.67105,52.43846],[12.67527,52.42707],[12.6873,52.41841],[12.6835,52.4111],[12.67648,52.40946],[12.66677,52.40925],[12.66277,52.3986],[12.65566,52.39133],[12.65126,52.39601],[12.61173,52.39291],[12.60317,52.37246],[12.60554,52.37009],[12.6062,52.36515],[12.59999,52.36575],[12.59486,52.36094],[12.59364,52.34789],[12.57547,52.3486],[12.56101,52.34672],[12.55086,52.35308],[12.53627,52.35353],[12.53454,52.3501],[12.52657,52.34752],[12.52266,52.34765],[12.52578,52.34211],[12.51942,52.33753],[12.51105,52.33753],[12.5101,52.33203],[12.5063,52.3322],[12.50525,52.33107],[12.50525,52.32246],[12.49962,52.32225],[12.48103,52.32649],[12.47875,52.32405],[12.47669,52.32431],[12.47465,52.31846],[12.46425,52.32125],[12.46448,52.31811],[12.44239,52.31636],[12.41913,52.31151],[12.41717,52.31595],[12.41691,52.33269],[12.42267,52.33478],[12.42083,52.34051],[12.41428,52.34418],[12.41239,52.34779],[12.40839,52.34744],[12.40305,52.35589],[12.39558,52.36235],[12.40007,52.36479],[12.3986,52.3793],[12.39565,52.38076],[12.39112,52.38889],[12.3932,52.39034],[12.39043,52.3963],[12.39461,52.40042],[12.38822,52.40374],[12.38888,52.41217],[12.38672,52.41998],[12.38912,52.43437],[12.37354,52.43153],[12.37634,52.42783],[12.37536,52.42586],[12.36456,52.42889],[12.36118,52.44277],[12.34396,52.43938],[12.33412,52.43895],[12.33237,52.44086],[12.32796,52.43971],[12.32172,52.44446],[12.31851,52.45376],[12.31536,52.45196],[12.30508,52.4512],[12.30325,52.44596],[12.30757,52.44431],[12.30229,52.43881],[12.30268,52.43449],[12.28925,52.43069],[12.29699,52.42378],[12.2934,52.42349],[12.27447,52.41606],[12.27484,52.41227],[12.29234,52.40754],[12.2994,52.40911],[12.30233,52.40501],[12.30118,52.40104],[12.30329,52.39755],[12.29537,52.39242],[12.29181,52.38614],[12.29427,52.38142],[12.30561,52.37849],[12.30599,52.37743],[12.30065,52.37109],[12.28609,52.36888],[12.28381,52.36425],[12.29798,52.35328],[12.29775,52.3508],[12.30813,52.3447],[12.29006,52.323],[12.28438,52.32153],[12.28153,52.31842],[12.27298,52.30477],[12.26277,52.29507],[12.25108,52.27243],[12.2511,52.26423],[12.25467,52.26189],[12.24776,52.2553],[12.24465,52.24844],[12.26154,52.24609],[12.25801,52.24315],[12.27068,52.24172],[12.26978,52.24033],[12.27526,52.23627],[12.26451,52.23603],[12.26424,52.23689],[12.26175,52.2361],[12.26453,52.23355],[12.27397,52.235],[12.28378,52.23451],[12.28862,52.22922],[12.2942,52.22967],[12.27883,52.21704],[12.26767,52.21451],[12.26026,52.21645],[12.24892,52.21174],[12.24525,52.20739],[12.25368,52.20565],[12.25095,52.20103],[12.24229,52.19608],[12.2418,52.19428],[12.24535,52.18657],[12.24829,52.18422],[12.24156,52.18198],[12.22859,52.18598],[12.21678,52.17007]]]]}},{"type":"Feature","id":"12070","bbox":[11.26573,52.87573,12.41885,53.37142],"properties":{"id":"12070","name":"Prignitz","typ":"Landkreis","bundeslandAlt":"Brandenburg","bezirkAlt":"Brandenburg","neueKreise":["Prignitz"],"quelle":"VG250 / Bezirkseinführungsgesetz"},"geometry":{"type":"MultiPolygon","coordinates":[[[[11.26573,53.12198],[11.26841,53.11705],[11.26775,53.10419],[11.27316,53.09722],[11.28769,53.08676],[11.30977,53.07786],[11.3285,53.06084],[11.3402,53.05476],[11.35017,53.05437],[11.35758,53.05594],[11.38299,53.06416],[11.40259,53.07237],[11.42551,53.07437],[11.43856,53.07786],[11.44838,53.07838],[11.46377,53.07442],[11.4936,53.05465],[11.50214,53.05012],[11.51117,53.04793],[11.52378,53.04714],[11.54158,53.05211],[11.5481,53.05239],[11.55191,53.05137],[11.56535,53.04101],[11.58466,53.03531],[11.59639,53.03566],[11.622,53.0417],[11.62961,53.04171],[11.63758,53.0395],[11.6414,53.03656],[11.6415,53.03285],[11.62703,53.02166],[11.62503,53.01734],[11.62633,53.01265],[11.63327,53.00789],[11.64575,53.00538],[11.66774,53.00968],[11.67717,53.00814],[11.68406,52.99974],[11.68302,52.98616],[11.69024,52.97913],[11.69591,52.97765],[11.70257,52.97781],[11.73202,52.98857],[11.74379,52.98854],[11.75531,52.98558],[11.76419,52.98141],[11.77956,52.96508],[11.7863,52.96096],[11.81112,52.9571],[11.8289,52.95727],[11.84004,52.95453],[11.84603,52.9516],[11.84938,52.94726],[11.84793,52.94103],[11.82952,52.9306],[11.82309,52.92326],[11.82414,52.91687],[11.83,52.91197],[11.83929,52.9093],[11.87151,52.90887],[11.87809,52.90609],[11.88662,52.89791],[11.89486,52.8941],[11.90557,52.89241],[11.93225,52.89158],[11.94898,52.88768],[11.95944,52.87993],[11.96192,52.88099],[11.9805,52.87611],[11.98725,52.87673],[11.99048,52.88122],[12.00532,52.8818],[12.00612,52.88746],[12.01879,52.88831],[12.02261,52.89037],[12.02923,52.88815],[12.043,52.88885],[12.04815,52.88591],[12.05547,52.88895],[12.06087,52.88817],[12.06754,52.88614],[12.06628,52.88373],[12.07648,52.8864],[12.08115,52.88248],[12.08138,52.87708],[12.09768,52.87764],[12.11262,52.87573],[12.1147,52.88213],[12.1246,52.89359],[12.12849,52.89265],[12.12681,52.8902],[12.13099,52.88949],[12.13394,52.89221],[12.16289,52.89724],[12.16992,52.89738],[12.18999,52.90216],[12.19246,52.90804],[12.20024,52.91335],[12.20762,52.91471],[12.21725,52.91241],[12.24617,52.91296],[12.28425,52.91878],[12.28042,52.92814],[12.27221,52.93548],[12.2657,52.94691],[12.27951,52.95594],[12.29038,52.95237],[12.29669,52.95479],[12.30279,52.95293],[12.30621,52.9535],[12.31945,52.96913],[12.31853,52.97683],[12.32358,52.97762],[12.32171,52.98724],[12.32462,52.99119],[12.32988,52.99048],[12.34167,52.9916],[12.34569,52.99502],[12.34895,52.99508],[12.35627,52.99173],[12.36992,52.99468],[12.37824,52.99887],[12.39511,52.99961],[12.4102,53.00403],[12.4169,53.00474],[12.41607,53.01668],[12.41435,53.02014],[12.40984,53.02306],[12.40698,53.03021],[12.41106,53.03236],[12.41824,53.03284],[12.41885,53.04215],[12.41495,53.04781],[12.41221,53.04903],[12.41348,53.051],[12.4091,53.05275],[12.40241,53.04704],[12.39909,53.04678],[12.39477,53.04228],[12.39037,53.04247],[12.39012,53.04045],[12.38282,53.03828],[12.38663,53.03332],[12.38154,53.03024],[12.38162,53.0255],[12.37461,53.02298],[12.37073,53.02506],[12.36887,53.0246],[12.36458,53.03039],[12.36096,53.02936],[12.35975,53.0315],[12.35105,53.03025],[12.34934,53.02899],[12.3503,53.02661],[12.36028,53.02317],[12.36132,53.0188],[12.35337,53.01656],[12.35493,53.01501],[12.35108,53.0145],[12.34571,53.01851],[12.34141,53.01919],[12.34057,53.02457],[12.33264,53.02925],[12.33027,53.02909],[12.32245,53.03889],[12.31587,53.0386],[12.30726,53.04786],[12.30138,53.0508],[12.29106,53.05326],[12.28897,53.0617],[12.29814,53.0787],[12.30391,53.07978],[12.31047,53.08785],[12.32268,53.08424],[12.32832,53.0842],[12.33035,53.10186],[12.33832,53.10208],[12.34105,53.1037],[12.32798,53.10885],[12.32558,53.11266],[12.32423,53.11011],[12.29334,53.12106],[12.30016,53.12691],[12.29132,53.13768],[12.30356,53.14444],[12.30752,53.15036],[12.31413,53.14976],[12.31702,53.15192],[12.31715,53.1557],[12.3228,53.15844],[12.33029,53.15969],[12.32986,53.16223],[12.33207,53.16308],[12.32289,53.17646],[12.32701,53.18212],[12.32853,53.18958],[12.30861,53.19319],[12.29929,53.20503],[12.31175,53.20884],[12.32781,53.22095],[12.33013,53.22479],[12.33674,53.22735],[12.33628,53.22894],[12.34018,53.2325],[12.34826,53.23783],[12.35014,53.23385],[12.355,53.23685],[12.34893,53.24515],[12.33889,53.2484],[12.3351,53.25101],[12.32574,53.26356],[12.32194,53.26349],[12.3119,53.27086],[12.31588,53.27284],[12.31624,53.28842],[12.31294,53.29511],[12.30249,53.30492],[12.31094,53.30951],[12.31938,53.30845],[12.32361,53.31281],[12.32103,53.31685],[12.3251,53.3213],[12.31102,53.32322],[12.31077,53.32724],[12.2913,53.32868],[12.27956,53.32781],[12.27184,53.32406],[12.26462,53.325],[12.26021,53.32391],[12.25747,53.32502],[12.26001,53.32772],[12.25244,53.33151],[12.24529,53.33301],[12.24251,53.33778],[12.23643,53.34198],[12.22944,53.35816],[12.2216,53.35734],[12.21219,53.35316],[12.19775,53.35272],[12.19112,53.35395],[12.18621,53.3507],[12.18494,53.34699],[12.18744,53.34632],[12.18685,53.34333],[12.16856,53.33912],[12.15651,53.34972],[12.1558,53.35606],[12.15195,53.36151],[12.14126,53.35906],[12.13944,53.36142],[12.1392,53.35468],[12.13485,53.35151],[12.13469,53.34857],[12.10846,53.34994],[12.10917,53.34381],[12.09209,53.34486],[12.08208,53.3463],[12.07923,53.35852],[12.07967,53.36697],[12.07755,53.36939],[12.06574,53.36972],[12.06162,53.37142],[12.05579,53.37043],[12.04528,53.37099],[12.05137,53.36687],[12.04806,53.36503],[12.04716,53.36095],[12.05152,53.36022],[12.05459,53.35406],[12.05269,53.35325],[12.05642,53.34966],[12.03871,53.34508],[12.03927,53.34425],[12.02272,53.33796],[12.02315,53.33683],[12.01461,53.33442],[12.02208,53.32129],[12.01851,53.31543],[12.02364,53.30414],[12.01853,53.29959],[12.00282,53.29964],[11.99707,53.29391],[11.9877,53.29566],[11.98647,53.29983],[11.97386,53.29916],[11.97345,53.29517],[11.96571,53.28523],[11.96211,53.28408],[11.95622,53.2788],[11.95425,53.27381],[11.94806,53.27177],[11.94542,53.27434],[11.91837,53.2733],[11.9047,53.27459],[11.89873,53.27831],[11.8926,53.27898],[11.89274,53.27276],[11.88986,53.26905],[11.88482,53.26454],[11.87216,53.26029],[11.86686,53.25655],[11.86175,53.24822],[11.85282,53.24897],[11.85205,53.25018],[11.84866,53.2497],[11.84679,53.25146],[11.83349,53.25161],[11.81667,53.25419],[11.80948,53.25261],[11.80045,53.25465],[11.79607,53.25335],[11.80357,53.24686],[11.81722,53.24525],[11.82479,53.23844],[11.82961,53.23651],[11.83299,53.23204],[11.82873,53.23123],[11.82889,53.22866],[11.81834,53.22906],[11.81615,53.22719],[11.80847,53.22645],[11.80427,53.22746],[11.79448,53.22623],[11.7877,53.2287],[11.78357,53.22728],[11.76907,53.22749],[11.74836,53.21991],[11.72933,53.21715],[11.72761,53.21932],[11.72753,53.23166],[11.71748,53.23171],[11.71463,53.23051],[11.71363,53.23284],[11.70737,53.23424],[11.70852,53.2375],[11.70253,53.23994],[11.70002,53.24398],[11.69543,53.24438],[11.69095,53.24176],[11.67685,53.24201],[11.67333,53.24402],[11.66701,53.24422],[11.66278,53.2438],[11.66072,53.24137],[11.65362,53.23917],[11.6402,53.23865],[11.62924,53.24222],[11.62592,53.24137],[11.6197,53.23768],[11.61685,53.2306],[11.60403,53.22758],[11.59904,53.22498],[11.58896,53.21584],[11.57608,53.21203],[11.57071,53.21326],[11.56155,53.21242],[11.55159,53.20841],[11.56058,53.20267],[11.55807,53.20107],[11.55671,53.19424],[11.55979,53.18741],[11.55782,53.18486],[11.56708,53.18249],[11.56255,53.17583],[11.56893,53.17048],[11.56936,53.16609],[11.56497,53.16421],[11.55587,53.15409],[11.55652,53.15042],[11.55277,53.15005],[11.5521,53.15188],[11.55008,53.15107],[11.55596,53.13878],[11.54694,53.13475],[11.54851,53.13082],[11.53637,53.12924],[11.53457,53.12532],[11.51005,53.12554],[11.50778,53.12269],[11.50222,53.12139],[11.50048,53.12642],[11.48408,53.12903],[11.47343,53.12725],[11.47371,53.13461],[11.46084,53.14023],[11.44833,53.13952],[11.44405,53.13721],[11.43867,53.13669],[11.42176,53.14095],[11.4139,53.1367],[11.4047,53.13691],[11.39563,53.14],[11.3918,53.12965],[11.40057,53.11582],[11.39389,53.11179],[11.39377,53.1103],[11.38679,53.11255],[11.3833,53.11095],[11.37275,53.11271],[11.37091,53.11156],[11.36899,53.11436],[11.36072,53.11622],[11.33662,53.11375],[11.33031,53.11544],[11.33179,53.11684],[11.32472,53.1193],[11.32024,53.11865],[11.31724,53.12001],[11.31025,53.11623],[11.3,53.11642],[11.29042,53.1169],[11.28988,53.1187],[11.28391,53.12],[11.28297,53.12144],[11.27541,53.12057],[11.26573,53.12198]]]]}},{"type":"Feature","id":"12071","bbox":[14.07295,51.50502,14.76564,52.05774],"properties":{"id":"12071","name":"Spree-Neiße","typ":"Landkreis","bundeslandAlt":"Brandenburg","bezirkAlt":"Niederlausitz","neueKreise":["Spree-Neiße"],"quelle":"VG250 / Bezirkseinführungsgesetz"},"geometry":{"type":"MultiPolygon","coordinates":[[[[14.07295,51.82889],[14.07513,51.82609],[14.07898,51.8282],[14.08254,51.82649],[14.10054,51.82659],[14.10561,51.8232],[14.10667,51.81938],[14.10873,51.81967],[14.11049,51.81708],[14.11643,51.81501],[14.1155,51.80337],[14.12419,51.79905],[14.12271,51.79866],[14.12379,51.79708],[14.11952,51.79618],[14.12281,51.79153],[14.12135,51.79012],[14.1155,51.78976],[14.11359,51.787],[14.11515,51.78564],[14.1125,51.78335],[14.10353,51.76461],[14.1004,51.75415],[14.10236,51.74935],[14.10734,51.7464],[14.11242,51.73892],[14.12557,51.73698],[14.13885,51.74018],[14.14318,51.73296],[14.14371,51.72663],[14.13994,51.72266],[14.13617,51.71212],[14.13078,51.70776],[14.12609,51.70657],[14.12472,51.70816],[14.11766,51.70733],[14.10472,51.68927],[14.10148,51.6806],[14.09397,51.67628],[14.09252,51.67349],[14.1053,51.66422],[14.11667,51.66485],[14.12086,51.65634],[14.12429,51.65389],[14.12036,51.65066],[14.12371,51.64816],[14.12866,51.63932],[14.14085,51.63594],[14.16663,51.63956],[14.16919,51.63663],[14.18046,51.6364],[14.17811,51.62659],[14.18765,51.63004],[14.19401,51.6262],[14.19784,51.62168],[14.21232,51.6203],[14.21747,51.6185],[14.21743,51.61674],[14.21217,51.61577],[14.2125,51.61779],[14.20845,51.61758],[14.20208,51.61305],[14.19071,51.59855],[14.17877,51.6014],[14.17591,51.60016],[14.17544,51.59011],[14.15765,51.59172],[14.14681,51.57828],[14.14605,51.57489],[14.15219,51.56768],[14.15186,51.56272],[14.16402,51.56037],[14.16221,51.55563],[14.16557,51.54684],[14.16332,51.54104],[14.17514,51.53912],[14.18813,51.54067],[14.19894,51.53857],[14.20455,51.53991],[14.21302,51.53981],[14.22119,51.53807],[14.22785,51.53483],[14.22647,51.53422],[14.22893,51.53284],[14.24086,51.5319],[14.24211,51.53309],[14.2453,51.53119],[14.24254,51.53027],[14.24249,51.52876],[14.24704,51.52784],[14.25142,51.52976],[14.25298,51.5292],[14.25357,51.53191],[14.25581,51.53232],[14.27401,51.53213],[14.28821,51.52806],[14.29308,51.52511],[14.30598,51.52418],[14.32292,51.51943],[14.32736,51.50736],[14.33235,51.50502],[14.33811,51.50591],[14.34212,51.51084],[14.34355,51.51711],[14.3433,51.51821],[14.33934,51.51823],[14.33993,51.52076],[14.35369,51.52079],[14.36344,51.52454],[14.36478,51.52671],[14.37587,51.53313],[14.38669,51.53402],[14.38716,51.54177],[14.39888,51.54179],[14.40944,51.53721],[14.4149,51.53958],[14.44131,51.54461],[14.44777,51.54207],[14.44674,51.55273],[14.45407,51.55637],[14.46397,51.55724],[14.46627,51.55619],[14.46694,51.55736],[14.47367,51.55689],[14.49986,51.5594],[14.50647,51.55683],[14.50861,51.55819],[14.51545,51.55423],[14.52231,51.55635],[14.52508,51.55863],[14.54099,51.56009],[14.54519,51.56178],[14.54749,51.56362],[14.54444,51.57362],[14.55383,51.57193],[14.56058,51.57346],[14.56621,51.57996],[14.56964,51.58119],[14.58048,51.58041],[14.58306,51.57464],[14.59401,51.57418],[14.59903,51.57175],[14.60178,51.56134],[14.60637,51.55723],[14.60375,51.55512],[14.60989,51.55015],[14.63158,51.55082],[14.6396,51.55429],[14.664,51.55455],[14.6639,51.55298],[14.67012,51.5526],[14.67401,51.55065],[14.68091,51.55383],[14.69114,51.56279],[14.69575,51.57461],[14.69276,51.57634],[14.7028,51.57555],[14.70645,51.57646],[14.7042,51.58256],[14.69834,51.58973],[14.69665,51.59666],[14.70756,51.59731],[14.71116,51.59576],[14.72081,51.58849],[14.72061,51.58636],[14.72987,51.58178],[14.73037,51.58415],[14.74148,51.59259],[14.7514,51.59529],[14.75327,51.59924],[14.76201,51.60341],[14.76564,51.61172],[14.76247,51.62014],[14.75353,51.6274],[14.75613,51.63305],[14.7541,51.64081],[14.75589,51.64572],[14.75098,51.65226],[14.75775,51.66105],[14.75332,51.66413],[14.75275,51.66846],[14.74907,51.67084],[14.74762,51.67529],[14.73777,51.67851],[14.73701,51.68081],[14.73946,51.68343],[14.73684,51.68823],[14.72895,51.68851],[14.70144,51.70477],[14.69092,51.70827],[14.68023,51.7175],[14.67772,51.72269],[14.66812,51.72583],[14.66204,51.73656],[14.65622,51.74131],[14.66003,51.74876],[14.65762,51.75354],[14.66414,51.7567],[14.66156,51.75881],[14.65253,51.76034],[14.65046,51.76208],[14.65474,51.76809],[14.65494,51.77522],[14.65274,51.7796],[14.65382,51.78357],[14.64908,51.78714],[14.64512,51.79582],[14.63606,51.79769],[14.63311,51.80136],[14.62278,51.80045],[14.61593,51.80201],[14.61365,51.80405],[14.60671,51.80404],[14.60081,51.80918],[14.60077,51.81256],[14.59715,51.81731],[14.59014,51.82101],[14.58962,51.82647],[14.59313,51.83065],[14.59055,51.83865],[14.59614,51.84221],[14.60242,51.83946],[14.6052,51.84041],[14.60414,51.84789],[14.60715,51.84808],[14.60962,51.84495],[14.61189,51.84505],[14.61219,51.8473],[14.60714,51.85224],[14.61159,51.85742],[14.62447,51.85823],[14.63464,51.86538],[14.64417,51.86744],[14.64678,51.87232],[14.65263,51.87436],[14.65457,51.88336],[14.66123,51.88661],[14.66312,51.89051],[14.67437,51.88956],[14.67447,51.89442],[14.68054,51.89513],[14.68529,51.89848],[14.6939,51.9016],[14.69127,51.90806],[14.6996,51.91419],[14.70235,51.92115],[14.70549,51.92355],[14.70337,51.93085],[14.70716,51.93588],[14.71249,51.93679],[14.71934,51.94195],[14.72121,51.95223],[14.71804,51.95592],[14.71394,51.95695],[14.70796,51.96453],[14.70694,51.97346],[14.70471,51.97662],[14.70698,51.97957],[14.71105,51.97958],[14.7162,51.98243],[14.71741,51.98863],[14.72166,51.99506],[14.71766,52.00079],[14.71243,51.99988],[14.70812,52.00345],[14.69935,52.00695],[14.70892,52.01316],[14.69886,52.01478],[14.69775,52.00998],[14.68186,52.00445],[14.68107,52.00172],[14.67474,52.0026],[14.66884,52.00524],[14.67026,52.00674],[14.66111,52.0108],[14.66602,52.01544],[14.6609,52.01734],[14.64969,52.02783],[14.64908,52.02699],[14.63948,52.02797],[14.62757,52.02734],[14.61587,52.02852],[14.60135,52.03348],[14.5959,52.03301],[14.5901,52.03421],[14.5779,52.02986],[14.57253,52.02477],[14.56796,52.02378],[14.56316,52.01975],[14.56284,52.0184],[14.56589,52.01708],[14.56232,52.00885],[14.55772,52.00814],[14.55737,52.0053],[14.54357,52.00649],[14.52344,52.01045],[14.50084,52.00761],[14.49176,52.01604],[14.49032,52.02273],[14.49176,52.02997],[14.48271,52.03721],[14.48248,52.04104],[14.47908,52.04595],[14.48573,52.05477],[14.48272,52.05774],[14.48051,52.05712],[14.47444,52.05208],[14.46451,52.04697],[14.45418,52.04431],[14.45456,52.0433],[14.44555,52.03995],[14.44858,52.03115],[14.44697,52.03086],[14.446,52.02636],[14.45341,52.01428],[14.43576,52.0127],[14.43725,52.00999],[14.42578,52.00871],[14.393,52.00815],[14.38596,52.00293],[14.36887,52.00014],[14.37477,51.98766],[14.37266,51.98699],[14.3753,51.97389],[14.39317,51.93533],[14.37725,51.93196],[14.3492,51.93269],[14.33259,51.93599],[14.32535,51.93474],[14.31961,51.93535],[14.2523,51.90815],[14.23705,51.90506],[14.22333,51.90416],[14.22551,51.88832],[14.22143,51.88485],[14.2149,51.86938],[14.20435,51.86794],[14.2006,51.86857],[14.1811,51.86455],[14.17351,51.85716],[14.16462,51.85875],[14.15996,51.86285],[14.14607,51.86562],[14.13353,51.8719],[14.11843,51.8726],[14.11123,51.87449],[14.09647,51.87366],[14.09089,51.8754],[14.08849,51.87831],[14.08038,51.87185],[14.07935,51.8693],[14.08057,51.85599],[14.07874,51.85623],[14.0757,51.84763],[14.07606,51.83191],[14.07295,51.82889]],[[14.27368,51.80114],[14.27433,51.80317],[14.28793,51.80527],[14.29957,51.80923],[14.30718,51.81626],[14.3058,51.81909],[14.312,51.82136],[14.30278,51.82539],[14.30493,51.83625],[14.29701,51.84316],[14.29716,51.84654],[14.30094,51.84834],[14.30374,51.86416],[14.32164,51.86263],[14.32001,51.85729],[14.33626,51.85381],[14.33462,51.85022],[14.34882,51.85328],[14.36127,51.85304],[14.36483,51.85429],[14.37232,51.85309],[14.37756,51.85456],[14.39367,51.85268],[14.39362,51.85052],[14.39125,51.85069],[14.39101,51.84856],[14.38647,51.8461],[14.38517,51.84042],[14.38371,51.84161],[14.37789,51.842],[14.37727,51.8368],[14.37133,51.83093],[14.37825,51.82241],[14.38146,51.82187],[14.38501,51.81774],[14.39145,51.81831],[14.39628,51.80966],[14.39881,51.80928],[14.39802,51.80578],[14.40188,51.80562],[14.40581,51.80048],[14.41275,51.8016],[14.42311,51.80067],[14.42872,51.80285],[14.44631,51.81511],[14.45061,51.81282],[14.45355,51.8085],[14.45147,51.80546],[14.45577,51.8019],[14.47495,51.79956],[14.47558,51.80155],[14.48164,51.80198],[14.48682,51.80533],[14.49344,51.80631],[14.48893,51.79911],[14.49385,51.79765],[14.49058,51.79521],[14.49528,51.79067],[14.48963,51.78672],[14.49218,51.78306],[14.49945,51.78434],[14.5013,51.77841],[14.49507,51.77785],[14.49225,51.77474],[14.49041,51.77486],[14.4869,51.77965],[14.48318,51.7794],[14.48084,51.77613],[14.47334,51.77619],[14.46671,51.77031],[14.46204,51.76132],[14.45957,51.7484],[14.4498,51.74733],[14.43796,51.74947],[14.43221,51.75257],[14.41598,51.75454],[14.40275,51.75222],[14.39183,51.75339],[14.39517,51.7485],[14.39528,51.74283],[14.4108,51.7378],[14.40986,51.73546],[14.41515,51.73358],[14.41933,51.73013],[14.43598,51.72854],[14.45063,51.7214],[14.44327,51.70312],[14.4203,51.70456],[14.40356,51.70274],[14.39319,51.70842],[14.39072,51.70833],[14.38367,51.71307],[14.38291,51.70913],[14.37701,51.70727],[14.37326,51.70238],[14.37755,51.69892],[14.37558,51.69674],[14.36749,51.69795],[14.34884,51.6968],[14.33934,51.69248],[14.33836,51.69616],[14.33341,51.69489],[14.32052,51.69988],[14.31127,51.70142],[14.3108,51.70031],[14.30367,51.70095],[14.30243,51.70206],[14.30816,51.70664],[14.30759,51.71422],[14.31019,51.72329],[14.30013,51.7255],[14.30206,51.72661],[14.3007,51.72695],[14.28988,51.72629],[14.29004,51.72866],[14.28583,51.72795],[14.29125,51.73368],[14.27572,51.73792],[14.27558,51.74764],[14.28186,51.7477],[14.27985,51.75049],[14.28539,51.75114],[14.2834,51.75489],[14.2799,51.75514],[14.27806,51.75874],[14.27951,51.76502],[14.2758,51.76474],[14.27523,51.76698],[14.28779,51.77078],[14.28275,51.77571],[14.28223,51.78257],[14.27793,51.7855],[14.27777,51.7922],[14.27546,51.7921],[14.27331,51.79508],[14.27368,51.80114]]]]}},{"type":"Feature","id":"12072","bbox":[12.76978,51.79104,13.65295,52.41162],"properties":{"id":"12072","name":"Teltow-Fläming","typ":"Landkreis","bundeslandAlt":"Brandenburg","bezirkAlt":"Brandenburg","neueKreise":["Fläming","Teltow-Dahme"],"quelle":"VG250 / Bezirkseinführungsgesetz"},"geometry":{"type":"MultiPolygon","coordinates":[[[[12.76978,51.97927],[12.77655,51.97657],[12.77602,51.96512],[12.77881,51.96435],[12.79406,51.96231],[12.81127,51.96257],[12.84415,51.96773],[12.84528,51.96271],[12.85025,51.9587],[12.85273,51.93501],[12.87403,51.93397],[12.88817,51.93477],[12.89042,51.92838],[12.89606,51.92841],[12.91746,51.93269],[12.91837,51.93936],[12.93568,51.93615],[12.9362,51.93725],[12.96057,51.93491],[12.95597,51.92266],[12.97654,51.91986],[12.97266,51.90088],[12.98608,51.90411],[13.00986,51.90278],[13.01746,51.90038],[13.02178,51.89685],[13.02277,51.90323],[13.04541,51.90052],[13.04854,51.89186],[13.03757,51.89088],[13.03944,51.88247],[13.03729,51.88026],[13.02916,51.88104],[13.02955,51.87853],[13.03924,51.87091],[13.07546,51.86885],[13.08055,51.86748],[13.08501,51.87402],[13.09624,51.87288],[13.10701,51.87541],[13.11356,51.8749],[13.11361,51.87659],[13.11899,51.87654],[13.11908,51.88283],[13.13234,51.88249],[13.13203,51.87955],[13.13895,51.87951],[13.14223,51.87256],[13.1496,51.87233],[13.15091,51.85961],[13.16296,51.86074],[13.15986,51.87395],[13.16442,51.87911],[13.16242,51.88385],[13.18353,51.88614],[13.19669,51.88342],[13.20228,51.87653],[13.21211,51.87896],[13.23039,51.87818],[13.23298,51.86871],[13.22464,51.8663],[13.22068,51.85696],[13.22203,51.84956],[13.22651,51.84438],[13.22802,51.83772],[13.23571,51.83427],[13.23642,51.82859],[13.23995,51.82829],[13.24801,51.82227],[13.25857,51.81978],[13.27052,51.82045],[13.27807,51.82283],[13.27864,51.82596],[13.28153,51.82646],[13.29239,51.82064],[13.30369,51.8188],[13.30913,51.82376],[13.31068,51.83074],[13.34254,51.82811],[13.34853,51.82886],[13.35447,51.83255],[13.37222,51.82693],[13.39167,51.81688],[13.39661,51.81572],[13.40235,51.81637],[13.40729,51.81503],[13.41401,51.81887],[13.4204,51.82013],[13.4226,51.81173],[13.42546,51.81236],[13.43395,51.80736],[13.43879,51.80939],[13.44071,51.80845],[13.44324,51.80911],[13.4426,51.802],[13.45227,51.80096],[13.46362,51.79335],[13.46744,51.79702],[13.47489,51.79941],[13.47981,51.79854],[13.48066,51.7935],[13.48625,51.79104],[13.49358,51.79148],[13.49772,51.79492],[13.50547,51.79253],[13.53256,51.79812],[13.55672,51.80948],[13.55885,51.80745],[13.56906,51.81074],[13.55542,51.82127],[13.5363,51.82519],[13.5475,51.83256],[13.55059,51.83597],[13.55145,51.84053],[13.5472,51.84332],[13.54774,51.86302],[13.53911,51.86624],[13.54218,51.87859],[13.55284,51.87919],[13.55784,51.88639],[13.56615,51.89017],[13.5813,51.89154],[13.57873,51.89571],[13.57016,51.89534],[13.54584,51.90565],[13.55124,51.92131],[13.51926,51.93017],[13.49146,51.92752],[13.48182,51.93291],[13.45487,51.92715],[13.44706,51.92731],[13.43099,51.92486],[13.4121,51.93006],[13.41865,51.94134],[13.42065,51.951],[13.41987,51.96189],[13.41162,51.96294],[13.41095,51.96422],[13.41504,51.9716],[13.41484,51.97615],[13.43095,51.97704],[13.4351,51.9754],[13.44653,51.97478],[13.45075,51.97135],[13.4534,51.97309],[13.45909,51.97293],[13.48366,51.96664],[13.49398,51.96587],[13.50274,51.96865],[13.51557,51.97668],[13.52595,51.9873],[13.54631,51.99005],[13.557,51.99402],[13.55647,51.99816],[13.5914,52.001],[13.59072,52.00468],[13.60445,52.00814],[13.62273,52.01047],[13.64263,52.01017],[13.64684,52.01201],[13.64687,52.01395],[13.63951,52.01704],[13.63982,52.01872],[13.63493,52.01997],[13.63767,52.02502],[13.64108,52.02341],[13.63703,52.03496],[13.65295,52.04815],[13.64376,52.06119],[13.6288,52.07153],[13.60559,52.07797],[13.5966,52.08375],[13.57748,52.09037],[13.55616,52.0908],[13.54082,52.09722],[13.54922,52.11859],[13.54894,52.13781],[13.55687,52.14801],[13.54337,52.14765],[13.5429,52.14894],[13.55162,52.15003],[13.54889,52.15277],[13.54366,52.17331],[13.54624,52.17702],[13.54906,52.17692],[13.55015,52.18266],[13.54457,52.1849],[13.54597,52.19318],[13.55815,52.19466],[13.581,52.19485],[13.58162,52.19942],[13.57728,52.20299],[13.57588,52.21077],[13.56396,52.21882],[13.56256,52.2242],[13.55313,52.23434],[13.53943,52.23736],[13.54573,52.24201],[13.53964,52.24431],[13.53755,52.241],[13.51777,52.24295],[13.50094,52.24059],[13.49524,52.23794],[13.49293,52.23345],[13.4771,52.23375],[13.47292,52.23221],[13.47202,52.23408],[13.47571,52.23783],[13.47455,52.23848],[13.46809,52.23647],[13.46567,52.23974],[13.46041,52.24009],[13.45653,52.24767],[13.45828,52.253],[13.45126,52.25599],[13.4564,52.25998],[13.47113,52.26194],[13.48974,52.26091],[13.49561,52.2654],[13.50443,52.265],[13.51156,52.26705],[13.50754,52.26829],[13.5094,52.27087],[13.50751,52.28179],[13.48319,52.28617],[13.48698,52.29841],[13.49584,52.29819],[13.49755,52.30724],[13.48309,52.32229],[13.4928,52.33073],[13.49517,52.33086],[13.4991,52.33666],[13.46065,52.34075],[13.44722,52.34655],[13.44184,52.35268],[13.44199,52.36285],[13.41881,52.36581],[13.41863,52.37169],[13.42098,52.37625],[13.38852,52.37797],[13.38722,52.38858],[13.37045,52.38846],[13.37214,52.39382],[13.3592,52.39843],[13.34303,52.40767],[13.34325,52.41162],[13.31413,52.40076],[13.31193,52.39919],[13.30995,52.38936],[13.3052,52.38799],[13.30888,52.38688],[13.3062,52.38157],[13.29531,52.38058],[13.29026,52.36879],[13.28631,52.36489],[13.275,52.35583],[13.25137,52.35016],[13.25399,52.34797],[13.25058,52.34439],[13.25091,52.3433],[13.25265,52.34377],[13.25277,52.33863],[13.24929,52.33785],[13.2514,52.33151],[13.22258,52.32377],[13.20161,52.32902],[13.19501,52.32849],[13.1928,52.32662],[13.1898,52.32761],[13.18734,52.32687],[13.18554,52.32469],[13.18188,52.32395],[13.18317,52.32127],[13.17175,52.31918],[13.16834,52.31649],[13.16485,52.31781],[13.16162,52.31099],[13.17641,52.30195],[13.17165,52.29772],[13.16247,52.29916],[13.14896,52.29505],[13.14548,52.29633],[13.14724,52.29747],[13.1442,52.29893],[13.13962,52.29614],[13.13807,52.29674],[13.13684,52.29535],[13.14052,52.29401],[13.14316,52.28967],[13.14799,52.2905],[13.14882,52.28914],[13.15193,52.28914],[13.15669,52.28371],[13.15533,52.28111],[13.16219,52.27878],[13.16307,52.27698],[13.15793,52.27446],[13.15492,52.26947],[13.14272,52.26453],[13.14027,52.26517],[13.1388,52.26299],[13.13501,52.26382],[13.1298,52.25785],[13.12519,52.25587],[13.11833,52.25731],[13.11643,52.25595],[13.11332,52.24787],[13.11026,52.24792],[13.10533,52.24343],[13.11273,52.23721],[13.11091,52.23627],[13.11129,52.23419],[13.11328,52.23382],[13.1116,52.23041],[13.10929,52.23046],[13.10818,52.22867],[13.10153,52.22636],[13.10272,52.22536],[13.09827,52.2196],[13.09986,52.21762],[13.09488,52.21697],[13.09245,52.2151],[13.09409,52.2131],[13.09013,52.21119],[13.08335,52.19709],[13.05893,52.18493],[13.05984,52.1816],[13.04806,52.17934],[13.01263,52.16255],[13.00859,52.16178],[12.99799,52.15468],[12.97355,52.14546],[12.95145,52.14351],[12.96049,52.13531],[12.96243,52.12986],[12.96939,52.12962],[12.97867,52.1232],[12.97522,52.11377],[12.99661,52.09351],[12.99447,52.09258],[12.98685,52.09369],[12.98233,52.08753],[12.9731,52.08615],[12.97141,52.08396],[12.97563,52.08574],[12.98005,52.08528],[12.97514,52.08018],[12.96969,52.07887],[12.97349,52.07627],[12.97173,52.07584],[12.96919,52.06971],[12.96516,52.06913],[12.96986,52.0652],[12.96028,52.06449],[12.95637,52.05577],[12.95741,52.04231],[12.95576,52.03937],[12.96162,52.03951],[12.96774,52.03644],[12.96382,52.03414],[12.97114,52.03156],[12.9699,52.02668],[12.97592,52.02437],[12.97454,52.02356],[12.96209,52.02484],[12.95327,52.02765],[12.95564,52.02932],[12.94129,52.03377],[12.92693,52.03408],[12.91805,52.0326],[12.90445,52.03563],[12.89383,52.02727],[12.88139,52.02568],[12.87624,52.01961],[12.8642,52.02351],[12.86256,52.0188],[12.85374,52.01978],[12.84452,51.9975],[12.82507,51.99382],[12.81422,51.99335],[12.8158,51.98984],[12.77043,51.98213],[12.76978,51.97927]]]]}},{"type":"Feature","id":"12073","bbox":[13.23965,52.93155,14.45057,53.55858],"properties":{"id":"12073","name":"Uckermark","typ":"Landkreis","bundeslandAlt":"Brandenburg","bezirkAlt":"Brandenburg","neueKreise":["Barnim","Schwedt-Angermünde","Uckermark"],"quelle":"VG250 / Bezirkseinführungsgesetz"},"geometry":{"type":"MultiPolygon","coordinates":[[[[13.23965,53.23894],[13.24197,53.23714],[13.24033,53.2351],[13.2414,53.2324],[13.24284,53.23628],[13.24635,53.23496],[13.2424,53.22942],[13.24508,53.22872],[13.25167,53.21982],[13.24168,53.2129],[13.24672,53.20972],[13.2471,53.20595],[13.25653,53.20477],[13.26246,53.20646],[13.27428,53.20287],[13.27795,53.19614],[13.27234,53.19281],[13.2727,53.19087],[13.28454,53.19653],[13.28925,53.19728],[13.28967,53.19427],[13.29341,53.19241],[13.28443,53.18823],[13.28397,53.18667],[13.30498,53.17886],[13.31356,53.17705],[13.29403,53.15876],[13.30331,53.1551],[13.28779,53.13998],[13.29228,53.14003],[13.29643,53.1428],[13.30221,53.1416],[13.30138,53.14059],[13.29653,53.14126],[13.28756,53.13633],[13.29602,53.13512],[13.29337,53.13261],[13.29838,53.1308],[13.29763,53.12742],[13.3016,53.12667],[13.3111,53.12126],[13.31482,53.11659],[13.31505,53.11272],[13.32188,53.11115],[13.32432,53.10455],[13.32178,53.10242],[13.32355,53.10112],[13.33404,53.09695],[13.34408,53.09743],[13.34968,53.09603],[13.352,53.09155],[13.35739,53.09107],[13.35985,53.08813],[13.36243,53.08783],[13.36192,53.08549],[13.36711,53.08187],[13.36652,53.07932],[13.3711,53.07688],[13.37173,53.07367],[13.36915,53.07237],[13.36895,53.06928],[13.37563,53.06746],[13.3831,53.06809],[13.39147,53.05985],[13.40811,53.05835],[13.41468,53.05632],[13.41547,53.05331],[13.4082,53.04837],[13.41095,53.04452],[13.4028,53.03151],[13.40676,53.02527],[13.41428,53.02361],[13.4335,53.02329],[13.44443,53.02962],[13.44577,53.02516],[13.45214,53.02185],[13.45691,53.01584],[13.45666,53.01325],[13.4604,53.00844],[13.46613,53.00755],[13.48591,53.00899],[13.48706,53.0021],[13.49703,53.00171],[13.49673,52.99716],[13.50088,52.99827],[13.49495,52.98992],[13.49115,52.98981],[13.4913,52.98717],[13.51242,52.98708],[13.51266,52.9888],[13.52301,52.98735],[13.52858,52.99031],[13.54052,52.98893],[13.54123,52.99215],[13.54256,52.99046],[13.55405,52.98866],[13.56478,52.98941],[13.57379,52.99145],[13.57348,52.9961],[13.57815,52.99578],[13.57743,52.99313],[13.58048,52.9921],[13.58958,52.99448],[13.59055,52.99624],[13.59761,52.99641],[13.59673,52.99871],[13.59896,52.9974],[13.60625,52.99876],[13.60955,53.00186],[13.61553,53.00003],[13.62042,53.00294],[13.67581,53.00119],[13.69124,53.01164],[13.68929,53.01448],[13.67493,53.01371],[13.6651,53.01488],[13.66488,53.01778],[13.67461,53.02508],[13.67874,53.02598],[13.67886,53.02912],[13.68179,53.02872],[13.67651,53.0372],[13.68107,53.0396],[13.68209,53.04249],[13.68836,53.04183],[13.71136,53.03494],[13.7173,53.03974],[13.72647,53.03983],[13.72933,53.04111],[13.73227,53.04027],[13.73462,53.04435],[13.7428,53.04278],[13.7463,53.04033],[13.75133,53.03991],[13.76625,53.04493],[13.78741,53.04684],[13.79151,53.0492],[13.81341,53.04607],[13.81689,53.04725],[13.81943,53.05034],[13.81533,53.05698],[13.81725,53.05785],[13.83949,53.05643],[13.84433,53.05843],[13.84851,53.0585],[13.88517,53.05231],[13.88429,53.04901],[13.87191,53.04054],[13.86208,53.03993],[13.85811,53.03818],[13.85839,53.0355],[13.85582,53.03548],[13.85706,53.03364],[13.85329,53.03233],[13.85415,53.02805],[13.85136,53.02458],[13.85546,53.02368],[13.85213,53.01988],[13.85298,53.01753],[13.85451,53.0177],[13.85186,53.01657],[13.83893,53.01686],[13.8378,53.01571],[13.83715,53.01751],[13.83095,53.02035],[13.82398,52.98811],[13.83982,52.98738],[13.85,52.98496],[13.85162,52.98591],[13.85757,52.97557],[13.86182,52.97363],[13.88143,52.97746],[13.88131,52.97652],[13.88786,52.97668],[13.88741,52.97474],[13.90036,52.9731],[13.90138,52.97617],[13.9126,52.97796],[13.90324,52.98281],[13.91242,52.98339],[13.91826,52.98045],[13.92669,52.98237],[13.92744,52.97895],[13.93181,52.97987],[13.93426,52.97932],[13.93539,52.97617],[13.93849,52.97699],[13.93991,52.97485],[13.93687,52.9728],[13.93821,52.96987],[13.94273,52.9658],[13.95268,52.9613],[13.94142,52.95831],[13.9419,52.95529],[13.94436,52.95481],[13.95966,52.95509],[13.96869,52.96383],[13.97319,52.965],[13.97534,52.96732],[13.98363,52.96694],[13.98536,52.96316],[13.98876,52.96247],[13.99132,52.95999],[13.98375,52.95747],[13.97995,52.95459],[13.98113,52.95169],[13.97754,52.94872],[13.9898,52.93701],[13.99534,52.93548],[13.98974,52.93344],[13.99154,52.93176],[13.99684,52.93358],[14.00041,52.93202],[14.00582,52.93284],[14.00978,52.93155],[14.01177,52.9331],[14.01411,52.93186],[14.01993,52.9397],[14.02302,52.94994],[14.0274,52.95629],[14.04926,52.95514],[14.04944,52.95022],[14.07212,52.9493],[14.07579,52.95025],[14.07311,52.95953],[14.08694,52.96222],[14.09319,52.96073],[14.10746,52.96062],[14.11022,52.96568],[14.12024,52.96316],[14.12368,52.96591],[14.12926,52.96352],[14.14366,52.96137],[14.14945,52.96365],[14.16058,52.96461],[14.16629,52.96856],[14.16873,52.97364],[14.17279,52.97558],[14.18951,52.97975],[14.20686,52.98754],[14.21837,52.98873],[14.22821,52.99234],[14.2356,52.99319],[14.25069,53.00067],[14.25896,53.00298],[14.26855,53.00995],[14.29442,53.0217],[14.30685,53.02974],[14.31233,53.03552],[14.3212,53.03932],[14.32339,53.04165],[14.33799,53.04658],[14.34543,53.05171],[14.3542,53.06101],[14.35865,53.07199],[14.36616,53.07937],[14.37122,53.09456],[14.37017,53.1046],[14.37902,53.1129],[14.38325,53.13697],[14.38774,53.14303],[14.38256,53.14601],[14.37111,53.15729],[14.36626,53.17199],[14.36975,53.18181],[14.37458,53.18782],[14.37727,53.20175],[14.38518,53.20486],[14.39932,53.20681],[14.40522,53.21023],[14.40751,53.21382],[14.4085,53.2232],[14.42121,53.23427],[14.43081,53.23913],[14.43375,53.24212],[14.43519,53.24871],[14.4428,53.2558],[14.4496,53.25945],[14.45057,53.26225],[14.44432,53.27242],[14.4453,53.27445],[14.42122,53.27614],[14.41499,53.30187],[14.40677,53.30871],[14.4155,53.3243],[14.41238,53.32959],[14.40763,53.33015],[14.3992,53.32984],[14.38154,53.32389],[14.38057,53.31994],[14.37482,53.31559],[14.3693,53.3175],[14.36164,53.31756],[14.36193,53.31521],[14.35025,53.31376],[14.34866,53.30997],[14.31657,53.31234],[14.31302,53.30203],[14.30167,53.28914],[14.30185,53.28622],[14.26219,53.2766],[14.26605,53.25959],[14.25218,53.25721],[14.22926,53.25595],[14.22467,53.25674],[14.21106,53.25481],[14.20016,53.26177],[14.19792,53.26067],[14.196,53.26157],[14.18644,53.26056],[14.17598,53.26207],[14.17191,53.26465],[14.16024,53.26781],[14.14252,53.26544],[14.12479,53.26023],[14.11752,53.26018],[14.11704,53.26172],[14.11429,53.2617],[14.11451,53.26043],[14.09882,53.26167],[14.10357,53.27486],[14.10965,53.28264],[14.13881,53.30233],[14.18402,53.32763],[14.20523,53.34229],[14.22341,53.35856],[14.23106,53.36809],[14.24314,53.39232],[14.24327,53.39876],[14.23736,53.41469],[14.24179,53.42244],[14.23771,53.42734],[14.2353,53.42872],[14.23299,53.42815],[14.22466,53.43425],[14.21526,53.42992],[14.20591,53.42303],[14.18957,53.42212],[14.17696,53.42287],[14.13676,53.441],[14.13401,53.43904],[14.12184,53.44171],[14.10928,53.42913],[14.10543,53.42243],[14.09392,53.42212],[14.08229,53.41558],[14.08385,53.41227],[14.08222,53.41091],[14.0712,53.41499],[14.05661,53.41252],[14.05058,53.41399],[14.0456,53.42943],[14.00659,53.43041],[14.00122,53.43499],[13.96208,53.4299],[13.94649,53.43081],[13.92436,53.42554],[13.91805,53.42181],[13.91637,53.42227],[13.90755,53.42624],[13.90289,53.43203],[13.91139,53.43654],[13.91214,53.43842],[13.90629,53.44388],[13.90925,53.44563],[13.91751,53.44653],[13.91826,53.45203],[13.91656,53.45357],[13.91821,53.456],[13.87559,53.47347],[13.88459,53.48534],[13.88184,53.48677],[13.87623,53.48701],[13.87392,53.49059],[13.87927,53.50414],[13.8484,53.51431],[13.82173,53.51811],[13.82388,53.52114],[13.80539,53.54086],[13.79846,53.54569],[13.79941,53.55492],[13.80184,53.55568],[13.80057,53.55825],[13.7945,53.55745],[13.79135,53.55858],[13.78424,53.55184],[13.77638,53.53129],[13.77673,53.52705],[13.78043,53.52155],[13.77766,53.51371],[13.78223,53.51252],[13.78566,53.51322],[13.79246,53.51094],[13.79211,53.50822],[13.80146,53.49796],[13.80897,53.5018],[13.81405,53.5014],[13.81742,53.49948],[13.82126,53.50009],[13.82255,53.49867],[13.8271,53.49871],[13.81208,53.48394],[13.80203,53.47803],[13.77894,53.47422],[13.77546,53.47614],[13.75298,53.47828],[13.74698,53.48138],[13.74704,53.48406],[13.74137,53.48581],[13.73578,53.48141],[13.72646,53.48286],[13.72149,53.48173],[13.7154,53.48226],[13.70299,53.47365],[13.69538,53.47144],[13.68931,53.46752],[13.68036,53.46524],[13.67196,53.45951],[13.66256,53.45774],[13.6543,53.4514],[13.65523,53.44757],[13.65272,53.44707],[13.65129,53.44369],[13.64885,53.4456],[13.6405,53.44724],[13.6339,53.43987],[13.63889,53.43806],[13.63611,53.43407],[13.6373,53.43258],[13.62884,53.432],[13.63602,53.42352],[13.62522,53.4093],[13.61905,53.40895],[13.61761,53.41301],[13.61051,53.41376],[13.60653,53.41129],[13.59661,53.41046],[13.59348,53.40778],[13.58931,53.4097],[13.57362,53.40809],[13.56952,53.40533],[13.57013,53.40344],[13.56406,53.40076],[13.56111,53.39992],[13.55789,53.40117],[13.55011,53.39908],[13.54964,53.39558],[13.54621,53.3942],[13.54714,53.39293],[13.55659,53.39156],[13.55418,53.38307],[13.55021,53.38094],[13.5568,53.37964],[13.55637,53.37609],[13.54743,53.3719],[13.54342,53.36403],[13.53046,53.36479],[13.526,53.36635],[13.51685,53.35209],[13.52526,53.35102],[13.52483,53.34307],[13.52048,53.34104],[13.51963,53.33797],[13.52299,53.33469],[13.52136,53.33288],[13.52353,53.32008],[13.51011,53.31745],[13.50899,53.3219],[13.50284,53.32733],[13.50179,53.3247],[13.50618,53.32025],[13.50727,53.31623],[13.49879,53.30974],[13.49642,53.30663],[13.49733,53.30223],[13.48564,53.29205],[13.46128,53.28869],[13.4565,53.29305],[13.45619,53.29795],[13.44238,53.29807],[13.43821,53.29973],[13.43495,53.29472],[13.43626,53.29225],[13.43873,53.29199],[13.43414,53.28994],[13.43807,53.28725],[13.4424,53.28648],[13.43513,53.28278],[13.43151,53.28455],[13.42092,53.26964],[13.41548,53.26684],[13.41326,53.26302],[13.40768,53.26263],[13.40857,53.25837],[13.40336,53.2492],[13.40584,53.24814],[13.40517,53.24642],[13.39691,53.24595],[13.38899,53.24274],[13.38561,53.24608],[13.38611,53.25048],[13.38221,53.2504],[13.37063,53.26176],[13.3686,53.27104],[13.36045,53.278],[13.3492,53.27826],[13.34036,53.27626],[13.341,53.27368],[13.33708,53.27343],[13.2978,53.28089],[13.28815,53.2752],[13.28442,53.27567],[13.28399,53.27272],[13.27941,53.27123],[13.27531,53.26506],[13.27105,53.26378],[13.26375,53.26392],[13.25728,53.26145],[13.25271,53.26231],[13.2537,53.26007],[13.24786,53.25684],[13.24589,53.24977],[13.24375,53.24869],[13.24585,53.24703],[13.24753,53.24728],[13.24726,53.24888],[13.25124,53.24739],[13.24585,53.24359],[13.24725,53.24273],[13.24364,53.23947],[13.24155,53.24023],[13.23965,53.23894]]]]}},{"type":"Feature","id":"13003","bbox":[11.99848,54.05062,12.29367,54.2447],"properties":{"id":"13003","name":"Rostock","typ":"Kreisfreie Stadt","bundeslandAlt":"Mecklenburg-Vorpommern","bezirkAlt":"Mecklenburg-Vorpommern","neueKreise":["Rostock"],"quelle":"VG250 / Bezirkseinführungsgesetz"},"geometry":{"type":"MultiPolygon","coordinates":[[[[11.99848,54.17497],[11.99963,54.17332],[12.01155,54.17146],[12.01276,54.16911],[12.0177,54.16654],[12.03502,54.16308],[12.02807,54.15624],[12.02013,54.15482],[12.02947,54.1472],[12.0289,54.14406],[12.03569,54.14136],[12.0365,54.13516],[12.03132,54.13461],[12.03188,54.12688],[12.01968,54.1288],[12.01936,54.12545],[12.02199,54.12286],[12.03424,54.11949],[12.03844,54.11285],[12.03684,54.10881],[12.0477,54.10788],[12.04995,54.10394],[12.05448,54.10309],[12.04998,54.09698],[12.05181,54.09525],[12.04747,54.09173],[12.0574,54.08888],[12.06,54.08414],[12.06419,54.08127],[12.06032,54.07946],[12.0625,54.07797],[12.06099,54.07515],[12.06601,54.06783],[12.07292,54.06775],[12.06363,54.06431],[12.06484,54.05925],[12.07314,54.06361],[12.07306,54.05648],[12.07724,54.05303],[12.08785,54.05114],[12.09447,54.05251],[12.09601,54.05062],[12.09657,54.05287],[12.10468,54.05397],[12.11599,54.05829],[12.12838,54.05809],[12.13444,54.05946],[12.147,54.05848],[12.1486,54.06324],[12.15412,54.06487],[12.15816,54.06882],[12.16436,54.07055],[12.16788,54.07041],[12.17174,54.06737],[12.19117,54.06916],[12.19137,54.07827],[12.20065,54.07972],[12.20387,54.09448],[12.20189,54.10059],[12.19425,54.10678],[12.19469,54.10892],[12.1914,54.1083],[12.17192,54.11737],[12.17258,54.12895],[12.18377,54.13469],[12.19004,54.14793],[12.18772,54.14844],[12.18275,54.15908],[12.17401,54.15963],[12.17393,54.16301],[12.18196,54.16604],[12.19626,54.16702],[12.20034,54.17542],[12.20392,54.17845],[12.20386,54.18215],[12.22546,54.18331],[12.22419,54.17848],[12.22918,54.17993],[12.22943,54.18181],[12.24243,54.18396],[12.25798,54.18283],[12.26151,54.18542],[12.26442,54.18541],[12.29367,54.1971],[12.27935,54.20743],[12.27203,54.21046],[12.27194,54.21367],[12.26359,54.21514],[12.26728,54.24136],[12.26282,54.2436],[12.25597,54.24327],[12.25113,54.24143],[12.24312,54.24284],[12.23938,54.24102],[12.20107,54.2447],[12.18611,54.23723],[12.1749,54.22911],[12.1513,54.20387],[12.12747,54.18606],[12.10687,54.17834],[12.10246,54.17896],[12.10398,54.1807],[12.10041,54.18433],[12.09369,54.18542],[12.10099,54.16929],[12.09748,54.17007],[12.08856,54.18569],[12.08685,54.18594],[12.07471,54.18019],[12.06632,54.17861],[12.03933,54.17643],[12.0239,54.17673],[12.01213,54.17845],[11.99848,54.17497]]]]}},{"type":"Feature","id":"13004","bbox":[11.29577,53.54441,11.50556,53.68735],"properties":{"id":"13004","name":"Schwerin","typ":"Kreisfreie Stadt","bundeslandAlt":"Mecklenburg-Vorpommern","bezirkAlt":"Mecklenburg-Vorpommern","neueKreise":["Schwerin"],"quelle":"VG250 / Bezirkseinführungsgesetz"},"geometry":{"type":"MultiPolygon","coordinates":[[[[11.29577,53.66317],[11.2965,53.65981],[11.30345,53.65828],[11.30157,53.65243],[11.30776,53.64751],[11.31801,53.64742],[11.3282,53.6451],[11.32598,53.64285],[11.33116,53.64046],[11.33044,53.63953],[11.33889,53.63307],[11.34163,53.63241],[11.34663,53.63377],[11.35179,53.62823],[11.35863,53.62445],[11.35746,53.61345],[11.36079,53.61347],[11.36622,53.60872],[11.36154,53.60178],[11.36175,53.59756],[11.35617,53.5968],[11.35638,53.59517],[11.38036,53.57784],[11.36764,53.55646],[11.3799,53.55413],[11.38879,53.55591],[11.38684,53.55267],[11.3909,53.55229],[11.38972,53.54938],[11.38825,53.54657],[11.38396,53.54595],[11.38409,53.54441],[11.42306,53.54955],[11.42451,53.54529],[11.46178,53.55014],[11.46145,53.5518],[11.46856,53.55263],[11.46588,53.55662],[11.4834,53.55856],[11.48056,53.56247],[11.45154,53.57042],[11.44995,53.57309],[11.4743,53.57962],[11.47564,53.58373],[11.48356,53.5828],[11.48185,53.57793],[11.48771,53.57978],[11.49072,53.59332],[11.49704,53.59757],[11.49474,53.60367],[11.49774,53.60464],[11.5004,53.60266],[11.50556,53.60667],[11.5012,53.61123],[11.50386,53.61443],[11.50329,53.62306],[11.49822,53.62879],[11.48425,53.63501],[11.48328,53.64832],[11.48569,53.65154],[11.484,53.65967],[11.48574,53.66652],[11.47974,53.67281],[11.48011,53.67635],[11.47349,53.6831],[11.46832,53.68421],[11.4619,53.67856],[11.45168,53.6771],[11.44947,53.68068],[11.43704,53.68041],[11.43518,53.68244],[11.43618,53.68525],[11.4314,53.68547],[11.43167,53.68735],[11.42024,53.68732],[11.41986,53.68613],[11.41173,53.68681],[11.40843,53.67944],[11.40528,53.67793],[11.39988,53.67707],[11.39677,53.67934],[11.39015,53.67557],[11.38647,53.67945],[11.37308,53.67915],[11.36651,53.67333],[11.36832,53.66944],[11.36602,53.66807],[11.36152,53.66869],[11.35898,53.67488],[11.35359,53.67555],[11.34965,53.67441],[11.34186,53.67738],[11.33647,53.6714],[11.33368,53.67231],[11.33326,53.67074],[11.32869,53.66965],[11.32047,53.67124],[11.31709,53.66353],[11.30696,53.66319],[11.30369,53.66436],[11.29577,53.66317]],[[11.36077,53.61918],[11.36169,53.62074],[11.36282,53.62159],[11.36882,53.6191],[11.3682,53.61836],[11.36077,53.61918]]],[[[11.35316,53.67794],[11.35885,53.67712],[11.35904,53.68073],[11.3547,53.68079],[11.35316,53.67794]]]]}},{"type":"Feature","id":"13071","bbox":[12.27515,53.16253,13.796,54.00494],"properties":{"id":"13071","name":"Mecklenburgische Seenplatte","typ":"Landkreis","bundeslandAlt":"Mecklenburg-Vorpommern","bezirkAlt":"Mecklenburg-Vorpommern","neueKreise":["Güstrow-Malchin","Mecklenburg-Strelitz","Mittelvorpommern","Müritz","Neubrandenburg"],"quelle":"VG250 / Bezirkseinführungsgesetz"},"geometry":{"type":"MultiPolygon","coordinates":[[[[12.27515,53.3788],[12.28513,53.3731],[12.28999,53.37591],[12.2903,53.37127],[12.30471,53.37086],[12.30516,53.35703],[12.30239,53.35709],[12.30237,53.34987],[12.33486,53.35015],[12.32654,53.34682],[12.32661,53.34393],[12.3379,53.34209],[12.34477,53.3339],[12.33175,53.31801],[12.35184,53.31304],[12.36489,53.3063],[12.37397,53.30586],[12.38125,53.30235],[12.39425,53.30181],[12.39823,53.29466],[12.39183,53.28506],[12.40043,53.27919],[12.40984,53.27968],[12.42801,53.27499],[12.43206,53.27081],[12.43158,53.26258],[12.43538,53.2574],[12.43948,53.25595],[12.44531,53.24993],[12.46709,53.25623],[12.49763,53.2552],[12.50279,53.25778],[12.5024,53.26217],[12.52977,53.26479],[12.54991,53.26198],[12.56632,53.25591],[12.59815,53.24853],[12.60118,53.24508],[12.60605,53.2444],[12.61131,53.24799],[12.61559,53.24894],[12.61728,53.2515],[12.62411,53.25176],[12.62842,53.25456],[12.65493,53.25525],[12.66056,53.25441],[12.66569,53.25329],[12.66829,53.24816],[12.6724,53.24916],[12.67566,53.24772],[12.67025,53.24263],[12.66624,53.24156],[12.66554,53.23862],[12.66944,53.23711],[12.66397,53.23495],[12.66618,53.23143],[12.67118,53.2295],[12.68261,53.22646],[12.69581,53.22705],[12.71579,53.22452],[12.72274,53.22167],[12.74227,53.22305],[12.74554,53.22367],[12.74688,53.22547],[12.75741,53.22435],[12.75806,53.22159],[12.74951,53.20633],[12.73949,53.1996],[12.75915,53.195],[12.76303,53.18976],[12.76809,53.18831],[12.77793,53.18932],[12.78034,53.18759],[12.78492,53.18784],[12.79028,53.19123],[12.79385,53.19139],[12.79566,53.18997],[12.79909,53.19107],[12.80088,53.19378],[12.80563,53.19421],[12.80632,53.19661],[12.80888,53.19765],[12.81293,53.19741],[12.81026,53.1954],[12.81307,53.19193],[12.81487,53.19198],[12.81717,53.19606],[12.82079,53.19342],[12.82469,53.19705],[12.83073,53.196],[12.83791,53.19726],[12.84128,53.20027],[12.84598,53.2014],[12.84957,53.19971],[12.85887,53.18818],[12.86737,53.18681],[12.87071,53.18328],[12.88011,53.17969],[12.88434,53.18131],[12.88949,53.1804],[12.89204,53.18795],[12.90193,53.18997],[12.90371,53.1936],[12.90998,53.19372],[12.91284,53.19517],[12.91914,53.19448],[12.92532,53.19598],[12.92974,53.19442],[12.92883,53.19077],[12.91927,53.18805],[12.91997,53.18638],[12.9344,53.18823],[12.93841,53.18611],[12.94243,53.18593],[12.94434,53.18742],[12.94393,53.19092],[12.93711,53.19432],[12.94282,53.19569],[12.94887,53.19927],[12.96424,53.20039],[12.97688,53.19737],[12.97631,53.19438],[12.97938,53.1925],[12.97943,53.19055],[12.97335,53.18973],[12.96233,53.18519],[12.96034,53.18399],[12.96138,53.18102],[12.94723,53.17845],[12.942,53.17432],[12.94459,53.17245],[12.94727,53.1725],[12.96151,53.17774],[12.96515,53.17591],[12.96852,53.16637],[12.97344,53.16598],[12.97617,53.16307],[12.98047,53.16253],[12.98436,53.16425],[12.98442,53.16687],[12.99154,53.16856],[13.00207,53.16894],[13.00186,53.16697],[13.0062,53.16728],[13.0051,53.16965],[13.00913,53.17285],[13.01323,53.17217],[13.02004,53.17571],[13.01873,53.18525],[13.02801,53.18559],[13.0315,53.19006],[13.03892,53.1917],[13.03839,53.19317],[13.04241,53.1965],[13.0556,53.20105],[13.05756,53.20019],[13.06406,53.20098],[13.06913,53.20364],[13.07309,53.20036],[13.07953,53.20018],[13.08049,53.2024],[13.07843,53.20467],[13.08206,53.21005],[13.08575,53.21031],[13.08438,53.21306],[13.08814,53.21403],[13.08727,53.2154],[13.09381,53.21709],[13.09748,53.21299],[13.10656,53.21515],[13.10536,53.22018],[13.10828,53.22555],[13.10326,53.23554],[13.10993,53.24023],[13.12302,53.24059],[13.12784,53.23915],[13.12907,53.23699],[13.13298,53.23732],[13.13741,53.24462],[13.15222,53.25111],[13.15255,53.24604],[13.15833,53.24773],[13.15914,53.24937],[13.1638,53.24976],[13.17092,53.25003],[13.1752,53.24718],[13.18191,53.25073],[13.1854,53.24854],[13.1904,53.2407],[13.19055,53.23496],[13.19939,53.22748],[13.20268,53.22212],[13.20506,53.22055],[13.21307,53.22098],[13.22939,53.21659],[13.23883,53.22551],[13.23692,53.22729],[13.2414,53.2324],[13.24033,53.2351],[13.24197,53.23714],[13.23965,53.23894],[13.24155,53.24023],[13.24364,53.23947],[13.24725,53.24273],[13.24585,53.24359],[13.25124,53.24739],[13.24726,53.24888],[13.24753,53.24728],[13.24585,53.24703],[13.24375,53.24869],[13.24589,53.24977],[13.24786,53.25684],[13.2537,53.26007],[13.25271,53.26231],[13.25728,53.26145],[13.26375,53.26392],[13.27105,53.26378],[13.27531,53.26506],[13.27941,53.27123],[13.28399,53.27272],[13.28442,53.27567],[13.28815,53.2752],[13.2978,53.28089],[13.33708,53.27343],[13.341,53.27368],[13.34036,53.27626],[13.3492,53.27826],[13.36045,53.278],[13.3686,53.27104],[13.37063,53.26176],[13.38221,53.2504],[13.38611,53.25048],[13.38561,53.24608],[13.38899,53.24274],[13.39691,53.24595],[13.40517,53.24642],[13.40584,53.24814],[13.40336,53.2492],[13.40857,53.25837],[13.40768,53.26263],[13.41326,53.26302],[13.41548,53.26684],[13.42092,53.26964],[13.43151,53.28455],[13.43513,53.28278],[13.4424,53.28648],[13.43807,53.28725],[13.43414,53.28994],[13.43873,53.29199],[13.43626,53.29225],[13.43495,53.29472],[13.43821,53.29973],[13.44238,53.29807],[13.45619,53.29795],[13.4565,53.29305],[13.46128,53.28869],[13.48306,53.2912],[13.49733,53.30223],[13.49642,53.30663],[13.50727,53.31623],[13.50618,53.32025],[13.50179,53.3247],[13.50284,53.32733],[13.50899,53.3219],[13.51011,53.31745],[13.52353,53.32008],[13.52136,53.33288],[13.52299,53.33469],[13.51963,53.33797],[13.52048,53.34104],[13.52483,53.34307],[13.52526,53.35102],[13.51685,53.35209],[13.526,53.36635],[13.53046,53.36479],[13.54342,53.36403],[13.54743,53.3719],[13.55637,53.37609],[13.5568,53.37964],[13.55021,53.38094],[13.55418,53.38307],[13.55659,53.39156],[13.54714,53.39293],[13.54621,53.3942],[13.54964,53.39558],[13.55011,53.39908],[13.55789,53.40117],[13.56111,53.39992],[13.56406,53.40076],[13.57013,53.40344],[13.56952,53.40533],[13.57362,53.40809],[13.58931,53.4097],[13.59348,53.40778],[13.59661,53.41046],[13.60653,53.41129],[13.61051,53.41376],[13.61761,53.41301],[13.61905,53.40895],[13.62522,53.4093],[13.63602,53.42352],[13.62884,53.432],[13.6373,53.43258],[13.63611,53.43407],[13.63889,53.43806],[13.6339,53.43987],[13.6405,53.44724],[13.64885,53.4456],[13.65129,53.44369],[13.65272,53.44707],[13.65523,53.44757],[13.6543,53.4514],[13.66256,53.45774],[13.67349,53.46019],[13.68036,53.46524],[13.68931,53.46752],[13.69538,53.47144],[13.70299,53.47365],[13.71007,53.47906],[13.70646,53.47981],[13.69252,53.48914],[13.68854,53.48872],[13.68736,53.49187],[13.69568,53.5026],[13.69629,53.50619],[13.69423,53.50582],[13.69381,53.50819],[13.6732,53.50885],[13.67,53.50929],[13.66889,53.51093],[13.6718,53.51697],[13.68103,53.52141],[13.68213,53.52516],[13.67781,53.53177],[13.67895,53.5357],[13.69881,53.53782],[13.70532,53.5361],[13.71431,53.54144],[13.71635,53.54212],[13.7215,53.54095],[13.72425,53.54305],[13.72111,53.55498],[13.72239,53.55824],[13.71787,53.56113],[13.71993,53.5618],[13.72537,53.57173],[13.70946,53.57575],[13.70967,53.58386],[13.70441,53.58744],[13.70444,53.58914],[13.69864,53.59154],[13.70138,53.5927],[13.70613,53.59188],[13.71621,53.5982],[13.72325,53.59996],[13.72787,53.60274],[13.73369,53.6031],[13.73588,53.60208],[13.7349,53.60462],[13.74493,53.61093],[13.75502,53.61032],[13.75711,53.61247],[13.75414,53.61508],[13.76285,53.61513],[13.76349,53.61624],[13.76733,53.61546],[13.76244,53.618],[13.76046,53.62152],[13.74888,53.62492],[13.74572,53.62741],[13.73006,53.62504],[13.73624,53.6298],[13.73698,53.63287],[13.73458,53.63752],[13.71852,53.64078],[13.69427,53.65098],[13.70438,53.65884],[13.71572,53.66498],[13.71811,53.66377],[13.72298,53.66835],[13.75093,53.67232],[13.7644,53.67949],[13.79192,53.67912],[13.796,53.68515],[13.7582,53.68548],[13.75348,53.68657],[13.75474,53.69001],[13.74794,53.6883],[13.71908,53.69777],[13.69868,53.69903],[13.68109,53.69644],[13.65911,53.69767],[13.64628,53.70003],[13.64154,53.7041],[13.59268,53.70042],[13.5519,53.69515],[13.54346,53.69749],[13.54268,53.69954],[13.538,53.70062],[13.53407,53.7041],[13.52301,53.71596],[13.52359,53.72137],[13.52662,53.72192],[13.52564,53.72686],[13.51621,53.73312],[13.51836,53.73454],[13.50945,53.73802],[13.5015,53.74389],[13.47074,53.7463],[13.46786,53.74855],[13.4618,53.74811],[13.4526,53.75016],[13.45004,53.74911],[13.44551,53.75075],[13.4455,53.74794],[13.43651,53.75014],[13.43638,53.75149],[13.42357,53.75248],[13.40043,53.76126],[13.39376,53.76218],[13.39159,53.7622],[13.38688,53.75604],[13.37184,53.74818],[13.36688,53.75002],[13.36924,53.75187],[13.36551,53.75316],[13.36763,53.75511],[13.36058,53.75747],[13.37567,53.76694],[13.35974,53.77671],[13.35952,53.77957],[13.35375,53.78188],[13.35222,53.78548],[13.3435,53.78725],[13.344,53.80361],[13.35341,53.80404],[13.3705,53.79934],[13.37663,53.79967],[13.38303,53.8029],[13.38309,53.80542],[13.38701,53.80679],[13.38798,53.81135],[13.39321,53.81545],[13.39207,53.82112],[13.39699,53.83066],[13.39401,53.83438],[13.38211,53.83941],[13.37902,53.84419],[13.37218,53.84852],[13.36957,53.845],[13.36519,53.84335],[13.33755,53.84908],[13.33297,53.83415],[13.31596,53.83149],[13.3096,53.8261],[13.30263,53.82384],[13.30062,53.81083],[13.2923,53.81145],[13.28811,53.80997],[13.28087,53.81078],[13.2697,53.81885],[13.24972,53.8144],[13.23337,53.80807],[13.20824,53.82551],[13.1922,53.83049],[13.18827,53.83468],[13.18572,53.83507],[13.18537,53.84208],[13.19278,53.84916],[13.18671,53.85185],[13.18152,53.85673],[13.18513,53.85982],[13.17838,53.86191],[13.18275,53.86182],[13.19605,53.86794],[13.19026,53.87087],[13.19395,53.87344],[13.19539,53.88148],[13.20018,53.88905],[13.19702,53.89031],[13.19185,53.89014],[13.19228,53.8949],[13.19795,53.90136],[13.20623,53.90303],[13.21627,53.90863],[13.20748,53.91282],[13.20234,53.9232],[13.19321,53.93127],[13.18629,53.93162],[13.1546,53.94411],[13.13305,53.93179],[13.12546,53.93516],[13.10801,53.94684],[13.09829,53.94869],[13.08809,53.95424],[13.08699,53.95199],[13.09065,53.94812],[13.08928,53.94593],[13.07639,53.9513],[13.07766,53.95188],[13.06433,53.95455],[13.05575,53.96691],[13.06081,53.96942],[13.05924,53.97016],[13.04751,53.97186],[13.02916,53.97952],[13.02284,53.98054],[13.01533,53.98031],[13.00204,53.97533],[12.9966,53.9861],[13.01294,53.98891],[13.01544,53.9931],[12.98692,54.00379],[12.95763,54.00437],[12.95435,54.00064],[12.93849,53.9944],[12.92457,53.99516],[12.91306,53.99108],[12.90863,53.98318],[12.89395,53.98025],[12.876,53.97994],[12.87279,53.9766],[12.87511,53.97589],[12.87443,53.97405],[12.87089,53.97384],[12.8626,53.97421],[12.85462,53.97681],[12.83313,53.99413],[12.83084,53.99412],[12.828,53.99689],[12.81116,54.00285],[12.80865,54.00494],[12.80239,53.99843],[12.81218,53.99658],[12.80833,53.99371],[12.81598,53.98805],[12.80994,53.98219],[12.80674,53.98132],[12.80031,53.97322],[12.79859,53.97387],[12.79628,53.97101],[12.79642,53.96672],[12.78835,53.95891],[12.79114,53.95811],[12.78901,53.95347],[12.78711,53.95329],[12.78793,53.95222],[12.79576,53.9521],[12.80579,53.94362],[12.81259,53.93446],[12.81361,53.92997],[12.80917,53.93024],[12.81114,53.92562],[12.80545,53.92953],[12.79505,53.92733],[12.80103,53.9232],[12.80183,53.92039],[12.78467,53.92283],[12.76851,53.90303],[12.76445,53.90039],[12.76524,53.8983],[12.77082,53.89599],[12.78063,53.89517],[12.78383,53.89325],[12.78359,53.89133],[12.77724,53.88663],[12.78179,53.88319],[12.7832,53.88403],[12.78693,53.8827],[12.78479,53.88108],[12.7861,53.87937],[12.79029,53.8774],[12.80007,53.87712],[12.78092,53.87114],[12.77528,53.8654],[12.76998,53.87288],[12.76456,53.86439],[12.75272,53.86026],[12.75643,53.84481],[12.75508,53.84072],[12.75104,53.83744],[12.7483,53.82887],[12.75051,53.82347],[12.74649,53.82309],[12.73448,53.81726],[12.71737,53.81698],[12.71181,53.8143],[12.70366,53.81447],[12.70443,53.80628],[12.7006,53.79927],[12.70361,53.79273],[12.70313,53.78688],[12.6968,53.78302],[12.69521,53.77759],[12.69907,53.77488],[12.69578,53.77087],[12.69293,53.77039],[12.68936,53.77171],[12.68295,53.76852],[12.64626,53.77213],[12.64317,53.77044],[12.64389,53.76815],[12.64729,53.76653],[12.6489,53.76155],[12.64639,53.75395],[12.62942,53.75359],[12.62743,53.74294],[12.63009,53.74171],[12.62742,53.736],[12.62704,53.73324],[12.62941,53.73219],[12.62749,53.72603],[12.63628,53.72506],[12.63857,53.72058],[12.63607,53.71951],[12.63911,53.71587],[12.62601,53.70093],[12.62349,53.69091],[12.63462,53.67495],[12.64184,53.66948],[12.65199,53.66639],[12.65825,53.66263],[12.65376,53.6557],[12.64683,53.65577],[12.64106,53.65345],[12.62669,53.64096],[12.62441,53.64262],[12.61123,53.64248],[12.60523,53.64478],[12.6059,53.64774],[12.60068,53.64761],[12.59273,53.65277],[12.56393,53.65285],[12.55797,53.65995],[12.55258,53.65851],[12.55135,53.65979],[12.54692,53.65977],[12.54258,53.65779],[12.53176,53.65826],[12.52467,53.65481],[12.5125,53.6534],[12.50392,53.65777],[12.50181,53.66529],[12.49796,53.66766],[12.50159,53.66909],[12.49966,53.67333],[12.49738,53.67411],[12.50223,53.67757],[12.5011,53.6797],[12.49844,53.68028],[12.48842,53.68982],[12.46857,53.68343],[12.46701,53.68411],[12.46537,53.68726],[12.47214,53.69304],[12.47299,53.6986],[12.45725,53.6931],[12.46065,53.6919],[12.4612,53.68884],[12.45888,53.68593],[12.45896,53.67948],[12.45352,53.67579],[12.45109,53.67877],[12.44638,53.67712],[12.46694,53.66634],[12.46824,53.66232],[12.46318,53.66297],[12.46048,53.66004],[12.4553,53.66081],[12.44817,53.6651],[12.44239,53.66744],[12.44109,53.66689],[12.43444,53.67301],[12.39594,53.66603],[12.40312,53.65533],[12.41122,53.64901],[12.41744,53.64708],[12.40839,53.63687],[12.41002,53.63636],[12.41274,53.62566],[12.40716,53.62534],[12.4112,53.60984],[12.40253,53.60702],[12.40443,53.60298],[12.39839,53.60257],[12.41633,53.58409],[12.41067,53.57512],[12.4023,53.573],[12.39864,53.5673],[12.39104,53.56896],[12.39279,53.5719],[12.38871,53.57512],[12.37214,53.5765],[12.3764,53.5852],[12.35436,53.58535],[12.34887,53.59377],[12.33647,53.59079],[12.33947,53.58572],[12.31682,53.57533],[12.31608,53.57058],[12.31089,53.56818],[12.30562,53.5677],[12.30617,53.56272],[12.30243,53.55735],[12.30461,53.55393],[12.29403,53.52966],[12.29346,53.52112],[12.28894,53.51788],[12.3003,53.50759],[12.30229,53.50082],[12.3007,53.49853],[12.31875,53.49306],[12.31691,53.49215],[12.32457,53.48132],[12.33068,53.47814],[12.33632,53.47828],[12.33585,53.47918],[12.36641,53.47935],[12.35075,53.4747],[12.34461,53.46232],[12.3413,53.45931],[12.33326,53.45632],[12.32771,53.45241],[12.31577,53.45359],[12.30788,53.44737],[12.3108,53.43948],[12.30922,53.43137],[12.30049,53.42484],[12.30426,53.41839],[12.31174,53.41478],[12.31035,53.41345],[12.30731,53.41495],[12.30355,53.4143],[12.30279,53.40589],[12.31109,53.39995],[12.31238,53.39657],[12.31614,53.39528],[12.31609,53.39076],[12.31251,53.39068],[12.30763,53.39386],[12.27515,53.3788]]]]}},{"type":"Feature","id":"13072","bbox":[11.51145,53.5673,12.81598,54.27495],"properties":{"id":"13072","name":"Rostock","typ":"Landkreis","bundeslandAlt":"Mecklenburg-Vorpommern","bezirkAlt":"Mecklenburg-Vorpommern","neueKreise":["Güstrow-Malchin","Rostock"],"quelle":"VG250 / Bezirkseinführungsgesetz"},"geometry":{"type":"MultiPolygon","coordinates":[[[[11.51145,54.05034],[11.5123,54.03994],[11.51505,54.038],[11.51703,54.04843],[11.51519,54.0545],[11.523,54.06849],[11.51333,54.05763],[11.51145,54.05034]]],[[[11.52476,54.06967],[11.52621,54.06828],[11.5266,54.07111],[11.53197,54.07524],[11.53364,54.07478],[11.53699,54.05732],[11.53112,54.05236],[11.53247,54.04912],[11.53338,54.05103],[11.54265,54.05547],[11.54174,54.05755],[11.54018,54.05624],[11.53873,54.05745],[11.54268,54.05865],[11.54824,54.06351],[11.54826,54.06636],[11.55101,54.0661],[11.55884,54.06978],[11.56914,54.07868],[11.56329,54.07684],[11.56353,54.07815],[11.57684,54.08083],[11.57924,54.08713],[11.58749,54.09314],[11.60228,54.09576],[11.59983,54.09956],[11.60399,54.10249],[11.61472,54.10158],[11.62649,54.08965],[11.62447,54.07678],[11.61378,54.07316],[11.6109,54.07102],[11.6131,54.07018],[11.60979,54.06952],[11.6104,54.06814],[11.60735,54.06937],[11.60197,54.06748],[11.59459,54.06736],[11.58787,54.06433],[11.58261,54.06369],[11.58709,54.04699],[11.5761,54.03515],[11.56178,54.02809],[11.57975,54.01887],[11.57592,54.01769],[11.58053,54.01231],[11.58066,54.00663],[11.5891,54.00242],[11.58494,53.99408],[11.58181,53.99283],[11.58252,53.98908],[11.58725,53.98656],[11.59498,53.98757],[11.59725,53.98627],[11.61406,53.98594],[11.61374,53.99018],[11.60892,53.99284],[11.61299,53.99412],[11.6185,53.99059],[11.62326,53.9926],[11.63328,53.9889],[11.65772,53.98522],[11.65674,53.9825],[11.66022,53.97967],[11.65839,53.97683],[11.65169,53.9762],[11.65175,53.97314],[11.65755,53.97229],[11.65925,53.97042],[11.66261,53.97156],[11.67105,53.96389],[11.67789,53.96204],[11.67133,53.95942],[11.66692,53.95504],[11.66971,53.9489],[11.66735,53.94736],[11.67284,53.94471],[11.67595,53.94032],[11.67439,53.93611],[11.6797,53.93656],[11.68084,53.93499],[11.68673,53.93421],[11.69992,53.94877],[11.69772,53.95383],[11.70595,53.95554],[11.72479,53.95622],[11.73203,53.95539],[11.73143,53.95301],[11.73909,53.95735],[11.74787,53.95924],[11.74959,53.96334],[11.74117,53.96905],[11.74456,53.96963],[11.74336,53.97118],[11.74598,53.9739],[11.7496,53.97195],[11.75142,53.97295],[11.75993,53.97299],[11.76253,53.97658],[11.76564,53.97715],[11.77529,53.97452],[11.78236,53.97463],[11.7936,53.96936],[11.80492,53.96622],[11.79786,53.96261],[11.79825,53.95819],[11.79474,53.95672],[11.79924,53.9561],[11.79242,53.94558],[11.79488,53.9423],[11.7923,53.94142],[11.79204,53.93968],[11.79413,53.93916],[11.79076,53.93555],[11.79587,53.9297],[11.8011,53.92968],[11.80518,53.91876],[11.80137,53.9176],[11.80089,53.91257],[11.79149,53.91382],[11.78873,53.91158],[11.78926,53.90986],[11.7948,53.91004],[11.79767,53.90846],[11.79311,53.90716],[11.79462,53.90216],[11.78908,53.89876],[11.78781,53.89332],[11.7984,53.8914],[11.79188,53.88562],[11.78718,53.88612],[11.78053,53.88247],[11.77897,53.88396],[11.77073,53.88234],[11.77131,53.881],[11.76491,53.8779],[11.76126,53.87298],[11.77313,53.86785],[11.7764,53.86299],[11.7786,53.86271],[11.77727,53.85965],[11.76802,53.85684],[11.75924,53.85169],[11.76761,53.84586],[11.76047,53.83335],[11.76966,53.8307],[11.76406,53.82878],[11.76668,53.82743],[11.75648,53.82558],[11.75769,53.82403],[11.76491,53.82418],[11.77566,53.82213],[11.77827,53.82027],[11.78258,53.81999],[11.79212,53.82259],[11.80171,53.81773],[11.79876,53.81478],[11.79995,53.81139],[11.79841,53.80952],[11.80247,53.80897],[11.80175,53.8078],[11.80798,53.80215],[11.81028,53.79344],[11.80787,53.78872],[11.80479,53.79033],[11.80213,53.78882],[11.79177,53.77864],[11.79491,53.7764],[11.79337,53.77237],[11.80582,53.76687],[11.81082,53.7665],[11.81241,53.76755],[11.81511,53.7656],[11.81867,53.76596],[11.82654,53.76258],[11.83309,53.76459],[11.84154,53.7639],[11.84187,53.76168],[11.8449,53.7608],[11.84427,53.75825],[11.8381,53.75141],[11.86956,53.74402],[11.8719,53.7462],[11.88057,53.74097],[11.88316,53.7365],[11.90507,53.73224],[11.90419,53.73626],[11.90811,53.7381],[11.91795,53.74015],[11.92828,53.73895],[11.93547,53.74268],[11.95861,53.73839],[11.9784,53.74369],[11.98378,53.74294],[11.99638,53.7344],[11.98282,53.72947],[11.97559,53.72951],[11.97619,53.72456],[11.99551,53.72826],[12.0007,53.72758],[12.0013,53.72304],[12.007,53.72269],[12.00779,53.71447],[12.01323,53.71589],[12.01568,53.71244],[12.0216,53.71215],[12.02035,53.71835],[12.03254,53.71547],[12.03629,53.71114],[12.03901,53.71062],[12.0355,53.70777],[12.0305,53.70916],[12.02692,53.70764],[12.0274,53.70492],[12.03476,53.70003],[12.02651,53.6922],[12.03495,53.68593],[12.03902,53.6773],[12.04178,53.67827],[12.04505,53.67457],[12.04695,53.67507],[12.04585,53.67637],[12.04895,53.67715],[12.05232,53.6743],[12.0504,53.67243],[12.05309,53.67015],[12.05036,53.66593],[12.06971,53.66145],[12.07168,53.65404],[12.07436,53.65565],[12.07755,53.65397],[12.08221,53.64738],[12.08948,53.64557],[12.09062,53.64349],[12.09406,53.64266],[12.0963,53.64487],[12.10057,53.64522],[12.10535,53.64436],[12.10603,53.64207],[12.10849,53.64242],[12.11997,53.64761],[12.13116,53.64296],[12.12836,53.64159],[12.1315,53.64221],[12.13911,53.6361],[12.14913,53.63565],[12.15983,53.63613],[12.16899,53.63998],[12.18381,53.64101],[12.18266,53.64221],[12.19886,53.64258],[12.20224,53.62332],[12.21446,53.61068],[12.20919,53.60324],[12.21821,53.59845],[12.23484,53.59571],[12.24931,53.59071],[12.25025,53.5834],[12.25699,53.58205],[12.28225,53.58195],[12.28866,53.57795],[12.28745,53.57471],[12.29033,53.57024],[12.29808,53.5682],[12.3067,53.56772],[12.31608,53.57058],[12.31682,53.57533],[12.33947,53.58572],[12.33647,53.59079],[12.34887,53.59377],[12.35436,53.58535],[12.3764,53.5852],[12.37214,53.5765],[12.38871,53.57512],[12.39279,53.5719],[12.39104,53.56896],[12.39864,53.5673],[12.4023,53.573],[12.41067,53.57512],[12.41633,53.58409],[12.39839,53.60257],[12.40443,53.60298],[12.40253,53.60702],[12.4112,53.60984],[12.40716,53.62534],[12.41274,53.62566],[12.41002,53.63636],[12.40839,53.63687],[12.41744,53.64708],[12.41122,53.64901],[12.40312,53.65533],[12.39594,53.66603],[12.43444,53.67301],[12.44109,53.66689],[12.44239,53.66744],[12.44817,53.6651],[12.4553,53.66081],[12.46048,53.66004],[12.46318,53.66297],[12.46824,53.66232],[12.46694,53.66634],[12.44638,53.67712],[12.45109,53.67877],[12.45352,53.67579],[12.45896,53.67948],[12.45888,53.68593],[12.4612,53.68884],[12.46065,53.6919],[12.45725,53.6931],[12.47299,53.6986],[12.47214,53.69304],[12.46537,53.68726],[12.46701,53.68411],[12.46857,53.68343],[12.48842,53.68982],[12.49844,53.68028],[12.5011,53.6797],[12.50223,53.67757],[12.49738,53.67411],[12.49966,53.67333],[12.50159,53.66909],[12.49796,53.66766],[12.50181,53.66529],[12.50392,53.65777],[12.5125,53.6534],[12.52467,53.65481],[12.53176,53.65826],[12.54258,53.65779],[12.54692,53.65977],[12.55135,53.65979],[12.55258,53.65851],[12.55797,53.65995],[12.56393,53.65285],[12.59273,53.65277],[12.60068,53.64761],[12.6059,53.64774],[12.60523,53.64478],[12.61123,53.64248],[12.62441,53.64262],[12.62669,53.64096],[12.64106,53.65345],[12.64683,53.65577],[12.65376,53.6557],[12.65825,53.66263],[12.65199,53.66639],[12.64184,53.66948],[12.63462,53.67495],[12.62349,53.69091],[12.62601,53.70093],[12.63911,53.71587],[12.63607,53.71951],[12.63857,53.72058],[12.63628,53.72506],[12.62749,53.72603],[12.62941,53.73219],[12.62704,53.73324],[12.62742,53.736],[12.63009,53.74171],[12.62743,53.74294],[12.62942,53.75359],[12.64639,53.75395],[12.6489,53.76155],[12.64729,53.76653],[12.64389,53.76815],[12.64317,53.77044],[12.64626,53.77213],[12.68295,53.76852],[12.68936,53.77171],[12.69293,53.77039],[12.69578,53.77087],[12.69907,53.77488],[12.69521,53.77759],[12.6968,53.78302],[12.70313,53.78688],[12.70361,53.79273],[12.7006,53.79927],[12.70443,53.80628],[12.70366,53.81447],[12.71181,53.8143],[12.71737,53.81698],[12.73448,53.81726],[12.74649,53.82309],[12.75051,53.82347],[12.7483,53.82887],[12.75104,53.83744],[12.75508,53.84072],[12.75643,53.84481],[12.75272,53.86026],[12.76456,53.86439],[12.76998,53.87288],[12.77528,53.8654],[12.78092,53.87114],[12.80007,53.87712],[12.79029,53.8774],[12.7861,53.87937],[12.78479,53.88108],[12.78693,53.8827],[12.7832,53.88403],[12.78179,53.88319],[12.77724,53.88663],[12.78359,53.89133],[12.78383,53.89325],[12.78063,53.89517],[12.77082,53.89599],[12.76524,53.8983],[12.76445,53.90039],[12.76851,53.90303],[12.78467,53.92283],[12.80183,53.92039],[12.80103,53.9232],[12.79505,53.92733],[12.80545,53.92953],[12.81114,53.92562],[12.80917,53.93024],[12.81361,53.92997],[12.81259,53.93446],[12.80579,53.94362],[12.79576,53.9521],[12.78793,53.95222],[12.78711,53.95329],[12.78901,53.95347],[12.79114,53.95811],[12.78835,53.95891],[12.79642,53.96672],[12.79628,53.97101],[12.79859,53.97387],[12.80031,53.97322],[12.80674,53.98132],[12.80994,53.98219],[12.81598,53.98805],[12.80833,53.99371],[12.81218,53.99658],[12.80239,53.99843],[12.80865,54.00494],[12.79474,54.00775],[12.78862,54.01031],[12.78971,54.01275],[12.78135,54.01621],[12.77529,54.02067],[12.7724,54.01967],[12.77108,54.02124],[12.76662,54.02213],[12.76275,54.02627],[12.75954,54.02655],[12.75885,54.03016],[12.75619,54.02922],[12.74583,54.03323],[12.74206,54.03282],[12.73165,54.0244],[12.72405,54.0241],[12.7237,54.02067],[12.71566,54.01882],[12.69208,54.02984],[12.69681,54.03156],[12.69693,54.0331],[12.68945,54.03067],[12.69267,54.03358],[12.69865,54.03436],[12.69654,54.03594],[12.68141,54.03942],[12.67372,54.04437],[12.66805,54.04419],[12.65838,54.04687],[12.65499,54.05105],[12.64744,54.05367],[12.62784,54.0675],[12.61251,54.0709],[12.6073,54.07791],[12.60333,54.07783],[12.60088,54.07481],[12.59751,54.07534],[12.59581,54.07192],[12.59295,54.07079],[12.58926,54.07018],[12.58121,54.07162],[12.56758,54.08307],[12.56199,54.0905],[12.55672,54.0933],[12.53976,54.08804],[12.53584,54.09105],[12.51828,54.0954],[12.51629,54.09316],[12.50157,54.09326],[12.49456,54.0912],[12.49207,54.09514],[12.4851,54.09647],[12.48438,54.09784],[12.47788,54.09528],[12.45921,54.09241],[12.45449,54.10358],[12.45522,54.10513],[12.46061,54.10665],[12.44965,54.11697],[12.43565,54.12441],[12.4329,54.12278],[12.43198,54.11909],[12.42611,54.12091],[12.41888,54.11985],[12.42445,54.11605],[12.41181,54.11366],[12.40171,54.11473],[12.40139,54.11275],[12.39571,54.1118],[12.39453,54.11299],[12.38767,54.11259],[12.3849,54.1139],[12.38656,54.11558],[12.38422,54.11696],[12.38436,54.13184],[12.39004,54.13085],[12.39193,54.13359],[12.38512,54.13492],[12.38083,54.13961],[12.38127,54.14268],[12.37434,54.14927],[12.37302,54.15275],[12.37884,54.1528],[12.38215,54.15746],[12.36665,54.16152],[12.36521,54.163],[12.3696,54.17225],[12.37509,54.17706],[12.36934,54.17945],[12.35817,54.1786],[12.3555,54.18455],[12.35219,54.18382],[12.35161,54.18532],[12.3664,54.1872],[12.37271,54.19009],[12.37083,54.19553],[12.37159,54.20771],[12.369,54.20955],[12.36152,54.21114],[12.35324,54.21096],[12.34592,54.21708],[12.34964,54.22193],[12.3298,54.22454],[12.33171,54.22905],[12.32382,54.22823],[12.32338,54.23063],[12.31833,54.23103],[12.31935,54.23482],[12.3115,54.23411],[12.31267,54.24378],[12.30884,54.2518],[12.29772,54.25203],[12.3008,54.25634],[12.2829,54.26001],[12.27813,54.26225],[12.28334,54.26588],[12.28553,54.27495],[12.22338,54.25433],[12.20107,54.2447],[12.23938,54.24102],[12.24312,54.24284],[12.25113,54.24143],[12.25597,54.24327],[12.26282,54.2436],[12.26728,54.24136],[12.26359,54.21514],[12.27194,54.21367],[12.27203,54.21046],[12.27935,54.20743],[12.29367,54.1971],[12.26442,54.18541],[12.26151,54.18542],[12.25798,54.18283],[12.24243,54.18396],[12.22943,54.18181],[12.22918,54.17993],[12.22419,54.17848],[12.22546,54.18331],[12.20386,54.18215],[12.20392,54.17845],[12.20034,54.17542],[12.19626,54.16702],[12.18196,54.16604],[12.17393,54.16301],[12.17401,54.15963],[12.18275,54.15908],[12.18772,54.14844],[12.19004,54.14793],[12.18377,54.13469],[12.17258,54.12895],[12.17192,54.11737],[12.1914,54.1083],[12.19469,54.10892],[12.19425,54.10678],[12.20093,54.10181],[12.20384,54.09567],[12.20065,54.07972],[12.19137,54.07827],[12.19117,54.06916],[12.17174,54.06737],[12.16788,54.07041],[12.16436,54.07055],[12.15816,54.06882],[12.15412,54.06487],[12.1486,54.06324],[12.147,54.05848],[12.13444,54.05946],[12.12838,54.05809],[12.11599,54.05829],[12.10468,54.05397],[12.09657,54.05287],[12.09601,54.05062],[12.09447,54.05251],[12.08785,54.05114],[12.07724,54.05303],[12.07306,54.05648],[12.07314,54.06361],[12.06484,54.05925],[12.06363,54.06431],[12.07292,54.06775],[12.06601,54.06783],[12.06099,54.07515],[12.0625,54.07797],[12.06032,54.07946],[12.06419,54.08127],[12.06,54.08414],[12.0574,54.08888],[12.04747,54.09173],[12.05181,54.09525],[12.04998,54.09698],[12.05448,54.10309],[12.04995,54.10394],[12.0477,54.10788],[12.03684,54.10881],[12.03844,54.11285],[12.03424,54.11949],[12.02199,54.12286],[12.01936,54.12545],[12.01968,54.1288],[12.03188,54.12688],[12.03132,54.13461],[12.0365,54.13516],[12.03569,54.14136],[12.0289,54.14406],[12.02947,54.1472],[12.02013,54.15482],[12.02807,54.15624],[12.03502,54.16308],[12.0177,54.16654],[12.01276,54.16911],[12.01155,54.17146],[11.99963,54.17332],[11.99848,54.17497],[11.96498,54.1667],[11.94686,54.16501],[11.92615,54.16061],[11.88798,54.15103],[11.84977,54.145],[11.81921,54.145],[11.79362,54.14733],[11.77484,54.15111],[11.77344,54.15159],[11.77533,54.15395],[11.7684,54.15585],[11.76656,54.15368],[11.75745,54.1546],[11.73857,54.15342],[11.68294,54.15327],[11.67052,54.14697],[11.63214,54.12263],[11.62045,54.1135],[11.60838,54.10703],[11.58933,54.09953],[11.56784,54.09819],[11.55386,54.09342],[11.52717,54.07311],[11.52476,54.06967]]]]}},{"type":"Feature","id":"13073","bbox":[12.27813,53.97384,13.76721,54.685],"properties":{"id":"13073","name":"Vorpommern-Rügen","typ":"Landkreis","bundeslandAlt":"Mecklenburg-Vorpommern","bezirkAlt":"Mecklenburg-Vorpommern","neueKreise":["Nordvorpommern","Rostock","Rügen","Stralsund"],"quelle":"VG250 / Bezirkseinführungsgesetz"},"geometry":{"type":"MultiPolygon","coordinates":[[[[12.27813,54.26225],[12.2829,54.26001],[12.3008,54.25634],[12.29772,54.25203],[12.30884,54.2518],[12.31267,54.24378],[12.3115,54.23411],[12.31935,54.23482],[12.31833,54.23103],[12.32338,54.23063],[12.32382,54.22823],[12.33171,54.22905],[12.3298,54.22454],[12.34964,54.22193],[12.34592,54.21708],[12.35324,54.21096],[12.36152,54.21114],[12.369,54.20955],[12.37159,54.20771],[12.37083,54.19553],[12.37271,54.19009],[12.3664,54.1872],[12.35161,54.18532],[12.35219,54.18382],[12.3555,54.18455],[12.35817,54.1786],[12.36934,54.17945],[12.37509,54.17706],[12.3696,54.17225],[12.36521,54.163],[12.36665,54.16152],[12.38215,54.15746],[12.37884,54.1528],[12.37302,54.15275],[12.37434,54.14927],[12.38127,54.14268],[12.38083,54.13961],[12.38512,54.13492],[12.39193,54.13359],[12.39004,54.13085],[12.38436,54.13184],[12.38422,54.11696],[12.38656,54.11558],[12.3849,54.1139],[12.38767,54.11259],[12.39453,54.11299],[12.39571,54.1118],[12.40139,54.11275],[12.40171,54.11473],[12.41181,54.11366],[12.42445,54.11605],[12.41888,54.11985],[12.42611,54.12091],[12.43198,54.11909],[12.4329,54.12278],[12.43565,54.12441],[12.44965,54.11697],[12.46061,54.10665],[12.45522,54.10513],[12.45449,54.10358],[12.45921,54.09241],[12.47788,54.09528],[12.48438,54.09784],[12.4851,54.09647],[12.49207,54.09514],[12.49456,54.0912],[12.50157,54.09326],[12.51629,54.09316],[12.51828,54.0954],[12.53584,54.09105],[12.53976,54.08804],[12.55672,54.0933],[12.56199,54.0905],[12.56758,54.08307],[12.58121,54.07162],[12.58926,54.07018],[12.59295,54.07079],[12.59581,54.07192],[12.59751,54.07534],[12.60088,54.07481],[12.60333,54.07783],[12.6073,54.07791],[12.61251,54.0709],[12.62784,54.0675],[12.64744,54.05367],[12.65499,54.05105],[12.65838,54.04687],[12.66805,54.04419],[12.67372,54.04437],[12.68141,54.03942],[12.69654,54.03594],[12.69865,54.03436],[12.69267,54.03358],[12.68945,54.03067],[12.69693,54.0331],[12.69681,54.03156],[12.69208,54.02984],[12.71566,54.01882],[12.7237,54.02067],[12.72405,54.0241],[12.73165,54.0244],[12.74325,54.03334],[12.74831,54.03133],[12.75061,54.03215],[12.75619,54.02922],[12.75885,54.03016],[12.75954,54.02655],[12.76275,54.02627],[12.76662,54.02213],[12.77108,54.02124],[12.7724,54.01967],[12.77529,54.02067],[12.78135,54.01621],[12.78971,54.01275],[12.78862,54.01031],[12.79474,54.00775],[12.80865,54.00494],[12.81116,54.00285],[12.828,53.99689],[12.83084,53.99412],[12.83313,53.99413],[12.85462,53.97681],[12.8626,53.97421],[12.87089,53.97384],[12.87443,53.97405],[12.87511,53.97589],[12.87279,53.9766],[12.876,53.97994],[12.89395,53.98025],[12.90863,53.98318],[12.91306,53.99108],[12.92457,53.99516],[12.93849,53.9944],[12.95435,54.00064],[12.95763,54.00437],[12.98692,54.00379],[12.99253,54.00867],[12.99656,54.01676],[13.02268,54.01359],[13.02858,54.01985],[13.04072,54.02542],[13.05433,54.02576],[13.0614,54.02916],[13.07861,54.03178],[13.08105,54.02987],[13.08399,54.03139],[13.08771,54.03749],[13.09697,54.03534],[13.0999,54.03943],[13.1106,54.03839],[13.10828,54.03101],[13.12952,54.02547],[13.1312,54.02713],[13.13099,54.02254],[13.1573,54.02158],[13.15441,54.02786],[13.17565,54.03156],[13.18165,54.03119],[13.19069,54.03613],[13.19493,54.03515],[13.19499,54.03732],[13.20462,54.03442],[13.20774,54.0348],[13.21009,54.03835],[13.21372,54.0401],[13.21296,54.04487],[13.22073,54.04824],[13.2247,54.05369],[13.23127,54.05326],[13.23524,54.06095],[13.24316,54.0634],[13.2484,54.06781],[13.26367,54.0662],[13.26864,54.06358],[13.27776,54.06349],[13.28891,54.07293],[13.26178,54.08139],[13.25723,54.08432],[13.24845,54.0998],[13.2454,54.10189],[13.22413,54.10575],[13.21978,54.11027],[13.21651,54.11789],[13.22007,54.12025],[13.23625,54.12046],[13.23947,54.12188],[13.24671,54.11998],[13.24437,54.12295],[13.25208,54.12864],[13.26627,54.13163],[13.29064,54.13378],[13.29149,54.13918],[13.28735,54.14906],[13.29273,54.1506],[13.28764,54.16008],[13.2887,54.16521],[13.29799,54.17839],[13.3194,54.19351],[13.31896,54.19482],[13.30634,54.20432],[13.29722,54.22503],[13.29071,54.23109],[13.29123,54.23403],[13.28871,54.23333],[13.28379,54.23629],[13.2597,54.24111],[13.22829,54.23971],[13.21567,54.24121],[13.21048,54.24466],[13.21648,54.24781],[13.21622,54.24982],[13.21064,54.25102],[13.20232,54.25742],[13.19023,54.25893],[13.18977,54.26322],[13.18534,54.26634],[13.17268,54.26309],[13.16952,54.26627],[13.16718,54.26623],[13.16256,54.26411],[13.16278,54.26053],[13.15948,54.25849],[13.15094,54.25659],[13.14919,54.25426],[13.14277,54.25365],[13.14192,54.25735],[13.14776,54.26117],[13.15188,54.26156],[13.16044,54.26763],[13.16637,54.26816],[13.17665,54.26649],[13.17843,54.26927],[13.17696,54.2715],[13.16836,54.27594],[13.1666,54.27894],[13.15209,54.26848],[13.13287,54.27941],[13.13067,54.2825],[13.13095,54.28775],[13.13991,54.30737],[13.13492,54.31222],[13.1351,54.31736],[13.13894,54.31929],[13.14297,54.31504],[13.14956,54.31279],[13.16116,54.31021],[13.16962,54.30983],[13.1855,54.30002],[13.18067,54.29638],[13.17268,54.29936],[13.16974,54.30227],[13.16397,54.30108],[13.1647,54.30425],[13.15411,54.30464],[13.15553,54.30331],[13.15245,54.30337],[13.1397,54.29636],[13.13832,54.28619],[13.14167,54.28092],[13.16545,54.28941],[13.18107,54.28744],[13.18225,54.28942],[13.18729,54.29039],[13.18895,54.29427],[13.19298,54.29709],[13.20086,54.29417],[13.20302,54.29027],[13.20276,54.28781],[13.19619,54.28448],[13.19583,54.27971],[13.19954,54.26992],[13.21347,54.27087],[13.21711,54.27302],[13.22645,54.26871],[13.23984,54.2663],[13.24653,54.25968],[13.25043,54.2582],[13.26817,54.25373],[13.27708,54.25516],[13.28743,54.25924],[13.30329,54.25871],[13.31298,54.25698],[13.32152,54.25808],[13.31986,54.25948],[13.31449,54.25946],[13.31459,54.26385],[13.30969,54.2657],[13.31449,54.26836],[13.32427,54.27037],[13.33269,54.27831],[13.33671,54.27856],[13.33756,54.27663],[13.33421,54.27026],[13.32802,54.26949],[13.32278,54.26618],[13.32344,54.26069],[13.32686,54.25847],[13.32657,54.25491],[13.32207,54.25239],[13.32168,54.24566],[13.31908,54.24469],[13.31009,54.24962],[13.29703,54.25229],[13.29504,54.25542],[13.29085,54.25128],[13.29582,54.24939],[13.30547,54.2491],[13.30891,54.24769],[13.31523,54.24188],[13.32367,54.23754],[13.32858,54.23914],[13.33492,54.2371],[13.38352,54.22887],[13.38917,54.22595],[13.39334,54.22093],[13.3993,54.22683],[13.40681,54.23046],[13.41729,54.23247],[13.42472,54.23855],[13.42401,54.24521],[13.41737,54.25582],[13.40155,54.26571],[13.39788,54.26399],[13.39436,54.26522],[13.39159,54.26397],[13.38987,54.2587],[13.37879,54.25333],[13.37032,54.2622],[13.36448,54.2641],[13.36033,54.26252],[13.36174,54.25812],[13.35902,54.25749],[13.36336,54.25466],[13.36587,54.25797],[13.36937,54.25418],[13.36777,54.25136],[13.36085,54.24986],[13.35796,54.24668],[13.35962,54.25046],[13.35527,54.25099],[13.35569,54.25215],[13.35229,54.25382],[13.35867,54.25593],[13.35598,54.25865],[13.35802,54.26006],[13.3542,54.26123],[13.35671,54.2638],[13.35082,54.26984],[13.35801,54.27016],[13.36122,54.27299],[13.36299,54.27104],[13.36853,54.27072],[13.37236,54.27562],[13.37862,54.27739],[13.37595,54.27822],[13.37193,54.2764],[13.37153,54.27781],[13.37601,54.27908],[13.38394,54.27738],[13.38652,54.2796],[13.39076,54.27945],[13.39171,54.27772],[13.38648,54.27239],[13.38388,54.26628],[13.38672,54.26656],[13.39543,54.27215],[13.40177,54.27942],[13.41086,54.28618],[13.4105,54.28804],[13.41323,54.2901],[13.41244,54.29651],[13.4196,54.30279],[13.42731,54.30712],[13.43245,54.30737],[13.44517,54.31394],[13.46134,54.31588],[13.46698,54.32405],[13.46673,54.32682],[13.46359,54.32942],[13.46747,54.33048],[13.47947,54.33031],[13.48301,54.33485],[13.49597,54.3368],[13.5008,54.3407],[13.50388,54.3393],[13.50487,54.3406],[13.50795,54.34026],[13.50855,54.34139],[13.50509,54.34361],[13.50937,54.34405],[13.51565,54.34068],[13.53011,54.33988],[13.53968,54.34298],[13.55076,54.33969],[13.56522,54.34499],[13.57338,54.35259],[13.58372,54.3527],[13.59105,54.35108],[13.60046,54.34655],[13.60762,54.3397],[13.61162,54.33093],[13.61482,54.33018],[13.6292,54.33154],[13.62424,54.33211],[13.62293,54.33428],[13.63051,54.33723],[13.62986,54.33894],[13.63703,54.33852],[13.6391,54.33947],[13.6357,54.34317],[13.63891,54.3457],[13.64875,54.34835],[13.65405,54.34692],[13.66217,54.34778],[13.67481,54.35095],[13.68215,54.34989],[13.6846,54.34631],[13.67987,54.3407],[13.67405,54.33733],[13.64238,54.32549],[13.61773,54.32047],[13.61201,54.32064],[13.60963,54.31699],[13.61132,54.31569],[13.61729,54.31551],[13.6209,54.31863],[13.63729,54.31932],[13.65616,54.32698],[13.67223,54.33031],[13.67702,54.32967],[13.68278,54.32628],[13.69521,54.32471],[13.70414,54.32608],[13.70335,54.32046],[13.69679,54.31746],[13.698,54.318],[13.6998,54.31651],[13.68599,54.31512],[13.67776,54.30839],[13.65662,54.30402],[13.6454,54.29756],[13.65513,54.28847],[13.6617,54.28752],[13.66934,54.2919],[13.69174,54.28971],[13.69326,54.29388],[13.70222,54.29563],[13.70811,54.28731],[13.70947,54.27991],[13.6987,54.28062],[13.69603,54.28208],[13.69564,54.28477],[13.69081,54.28744],[13.68605,54.28636],[13.68384,54.28345],[13.68704,54.27994],[13.69352,54.28003],[13.69891,54.27764],[13.70766,54.26874],[13.72423,54.27386],[13.71922,54.28246],[13.7152,54.29652],[13.72134,54.31465],[13.72483,54.31759],[13.73055,54.31772],[13.73107,54.32435],[13.73598,54.33218],[13.74765,54.32667],[13.75245,54.33007],[13.74091,54.33562],[13.76645,54.33965],[13.76721,54.34134],[13.74753,54.34516],[13.72118,54.35914],[13.71144,54.368],[13.70682,54.37777],[13.70039,54.38357],[13.70328,54.38569],[13.7018,54.38637],[13.69764,54.38406],[13.68205,54.39355],[13.67294,54.4012],[13.66453,54.40322],[13.6566,54.39959],[13.64234,54.39924],[13.63319,54.40062],[13.6271,54.39875],[13.62144,54.3997],[13.61337,54.40337],[13.60059,54.41244],[13.58744,54.42602],[13.57812,54.4391],[13.57145,54.45401],[13.57047,54.47038],[13.578,54.47961],[13.59759,54.47636],[13.60192,54.48343],[13.59716,54.4881],[13.60121,54.48991],[13.60941,54.49886],[13.62265,54.50236],[13.62818,54.50616],[13.63432,54.50465],[13.65394,54.5163],[13.65918,54.51691],[13.66998,54.52163],[13.67327,54.52767],[13.67861,54.53154],[13.67882,54.53827],[13.68164,54.54262],[13.67608,54.55425],[13.67677,54.55897],[13.67981,54.56249],[13.66116,54.57579],[13.64952,54.57897],[13.63486,54.58547],[13.58826,54.5844],[13.54258,54.57977],[13.509,54.57423],[13.49706,54.5754],[13.49082,54.57306],[13.46967,54.57542],[13.46688,54.57182],[13.46039,54.57063],[13.44583,54.57238],[13.42521,54.57777],[13.4073,54.58736],[13.39331,54.59862],[13.38372,54.61199],[13.37724,54.63556],[13.38516,54.64719],[13.39108,54.65132],[13.4052,54.65472],[13.41552,54.65506],[13.42787,54.65963],[13.43323,54.66584],[13.43389,54.67367],[13.43894,54.67753],[13.42833,54.685],[13.40798,54.68222],[13.37826,54.68399],[13.33606,54.67544],[13.28762,54.6738],[13.24605,54.6582],[13.23698,54.65115],[13.22865,54.6481],[13.22845,54.64636],[13.21988,54.64078],[13.21823,54.63577],[13.22574,54.61231],[13.21481,54.59555],[13.19575,54.58261],[13.18127,54.57676],[13.16725,54.57373],[13.16028,54.5643],[13.16094,54.55908],[13.16345,54.55806],[13.17589,54.56091],[13.17487,54.56544],[13.17719,54.56135],[13.17693,54.56312],[13.18332,54.56522],[13.18339,54.56908],[13.18568,54.57082],[13.19476,54.57215],[13.2141,54.58552],[13.22836,54.58743],[13.22719,54.59138],[13.2291,54.59306],[13.23223,54.59138],[13.23794,54.59419],[13.23729,54.59902],[13.23021,54.60914],[13.22605,54.62382],[13.23968,54.63223],[13.26434,54.64329],[13.26835,54.64277],[13.28297,54.64559],[13.28807,54.6373],[13.288,54.627],[13.28572,54.62287],[13.28388,54.62372],[13.28222,54.62172],[13.28401,54.61923],[13.28036,54.61322],[13.25708,54.59008],[13.24731,54.56697],[13.24315,54.56151],[13.24545,54.55783],[13.24824,54.55829],[13.25019,54.56107],[13.25689,54.5631],[13.27784,54.56441],[13.28823,54.57038],[13.30596,54.573],[13.31504,54.57931],[13.3324,54.58194],[13.33492,54.58506],[13.32758,54.59341],[13.3328,54.59631],[13.34819,54.6009],[13.35329,54.60531],[13.35398,54.61152],[13.35535,54.61054],[13.35925,54.61198],[13.35832,54.6133],[13.36306,54.61253],[13.37033,54.61458],[13.38425,54.59573],[13.38441,54.58177],[13.39563,54.57292],[13.40739,54.57291],[13.42479,54.56888],[13.4325,54.55965],[13.44613,54.5516],[13.46189,54.55351],[13.47888,54.55257],[13.48395,54.55402],[13.49739,54.54818],[13.50218,54.54829],[13.50986,54.52987],[13.51179,54.53003],[13.51406,54.52755],[13.5125,54.52665],[13.51294,54.52804],[13.5108,54.52884],[13.50795,54.52524],[13.51361,54.52509],[13.50804,54.5243],[13.51134,54.52299],[13.5147,54.51382],[13.51362,54.50943],[13.50944,54.50869],[13.50007,54.49256],[13.50049,54.48807],[13.50461,54.48524],[13.50467,54.48306],[13.50218,54.48251],[13.50331,54.47933],[13.50834,54.47699],[13.50904,54.47997],[13.52675,54.48034],[13.54626,54.47589],[13.54854,54.47402],[13.54633,54.47117],[13.54804,54.46908],[13.54625,54.45613],[13.53794,54.45176],[13.52546,54.45026],[13.52399,54.44804],[13.52638,54.44598],[13.53101,54.44511],[13.55204,54.44673],[13.55589,54.44397],[13.55716,54.43854],[13.55391,54.43542],[13.54924,54.43587],[13.54497,54.43386],[13.53153,54.43516],[13.52006,54.43391],[13.52004,54.42956],[13.54217,54.42768],[13.54125,54.41933],[13.53779,54.41765],[13.53064,54.4163],[13.52805,54.42],[13.52131,54.41815],[13.51575,54.41956],[13.51078,54.4184],[13.50364,54.42568],[13.49981,54.42535],[13.49431,54.42078],[13.47684,54.4243],[13.47528,54.42589],[13.47555,54.43259],[13.48223,54.43827],[13.47991,54.43835],[13.47763,54.43621],[13.47683,54.43776],[13.48149,54.43962],[13.48347,54.44287],[13.48978,54.44431],[13.4933,54.44663],[13.49852,54.44619],[13.49574,54.44397],[13.48463,54.44042],[13.48273,54.4356],[13.4871,54.43427],[13.49753,54.43629],[13.50391,54.43441],[13.50652,54.43836],[13.51403,54.44319],[13.51053,54.44518],[13.50008,54.44449],[13.4998,54.4465],[13.50746,54.45035],[13.50617,54.45164],[13.49189,54.45304],[13.474,54.45172],[13.4708,54.45404],[13.47146,54.45776],[13.48382,54.47371],[13.49007,54.47717],[13.50205,54.47897],[13.5008,54.48229],[13.49359,54.48146],[13.48612,54.48392],[13.48126,54.48381],[13.46639,54.48059],[13.45257,54.47444],[13.44838,54.47438],[13.44167,54.48734],[13.41205,54.4941],[13.41179,54.49908],[13.4061,54.50569],[13.40864,54.51116],[13.41463,54.5165],[13.41458,54.51987],[13.39632,54.53778],[13.38039,54.54623],[13.37682,54.55953],[13.37251,54.56034],[13.36436,54.55731],[13.36113,54.55277],[13.35403,54.54988],[13.35471,54.54675],[13.35935,54.54604],[13.35947,54.54482],[13.34144,54.5488],[13.33609,54.5485],[13.34497,54.55094],[13.34817,54.55338],[13.35016,54.55296],[13.34943,54.55167],[13.35398,54.55142],[13.35343,54.55494],[13.35989,54.56275],[13.36145,54.56925],[13.37044,54.5766],[13.36897,54.57892],[13.35502,54.58103],[13.34645,54.57837],[13.34438,54.57374],[13.33744,54.57056],[13.33336,54.57119],[13.32509,54.56867],[13.29723,54.55243],[13.29685,54.55],[13.30325,54.54724],[13.30485,54.54036],[13.30749,54.5395],[13.30309,54.5279],[13.31212,54.52442],[13.31125,54.51997],[13.30626,54.51933],[13.31067,54.51734],[13.3049,54.51412],[13.30134,54.51468],[13.29772,54.51928],[13.28794,54.52211],[13.29103,54.53259],[13.29485,54.53408],[13.29527,54.53682],[13.29136,54.53819],[13.28942,54.54164],[13.28647,54.54346],[13.27657,54.54332],[13.26036,54.54874],[13.25626,54.55166],[13.24517,54.55277],[13.24371,54.55557],[13.24212,54.55364],[13.22911,54.55375],[13.21215,54.55035],[13.18748,54.54871],[13.17439,54.54571],[13.1605,54.5454],[13.14418,54.54697],[13.1392,54.54051],[13.14674,54.54209],[13.15185,54.54151],[13.15639,54.53949],[13.15974,54.53549],[13.16329,54.51326],[13.15712,54.51279],[13.1551,54.50712],[13.16006,54.5033],[13.16536,54.50248],[13.16307,54.50385],[13.16884,54.50521],[13.16699,54.50964],[13.16871,54.50984],[13.17147,54.50755],[13.19926,54.50369],[13.21335,54.50878],[13.22304,54.51082],[13.23138,54.5109],[13.23281,54.50804],[13.23062,54.50675],[13.23278,54.50448],[13.22915,54.50367],[13.22836,54.49564],[13.22613,54.493],[13.22859,54.48544],[13.23664,54.4827],[13.24402,54.48693],[13.24939,54.48753],[13.25625,54.48598],[13.25792,54.47839],[13.26462,54.48049],[13.27011,54.47989],[13.26677,54.47674],[13.2573,54.47322],[13.25403,54.47379],[13.25334,54.47133],[13.24217,54.47272],[13.2369,54.46877],[13.23198,54.46852],[13.23146,54.46741],[13.23694,54.4676],[13.24031,54.46536],[13.23624,54.46239],[13.2329,54.46246],[13.23007,54.46475],[13.22449,54.4643],[13.2223,54.46257],[13.22291,54.46063],[13.21768,54.4592],[13.21253,54.46033],[13.20856,54.45963],[13.20873,54.46089],[13.20604,54.46028],[13.20331,54.45713],[13.20472,54.45287],[13.19999,54.44803],[13.19264,54.45021],[13.19268,54.45532],[13.1793,54.45493],[13.17701,54.45311],[13.17266,54.45252],[13.17059,54.45373],[13.16129,54.43724],[13.14942,54.42813],[13.1502,54.42244],[13.1583,54.42065],[13.1717,54.42524],[13.18042,54.42312],[13.19169,54.42353],[13.20272,54.42615],[13.20689,54.43017],[13.21186,54.42994],[13.21371,54.42209],[13.22052,54.41378],[13.2339,54.40959],[13.22945,54.41274],[13.23264,54.41361],[13.23753,54.40984],[13.23731,54.40712],[13.23498,54.40737],[13.23225,54.40443],[13.23422,54.40316],[13.22967,54.40155],[13.23024,54.39737],[13.23542,54.39281],[13.23702,54.38724],[13.24155,54.38478],[13.25,54.38387],[13.25156,54.38626],[13.25984,54.38562],[13.26231,54.3836],[13.26034,54.38045],[13.23803,54.37791],[13.23554,54.37638],[13.23794,54.37081],[13.23469,54.36945],[13.22397,54.37002],[13.22044,54.36773],[13.21599,54.36886],[13.2159,54.3715],[13.20202,54.37137],[13.20016,54.37247],[13.20162,54.37411],[13.19695,54.37591],[13.18829,54.37546],[13.17165,54.37127],[13.15761,54.37493],[13.14523,54.37457],[13.12993,54.37209],[13.12379,54.36595],[13.12316,54.35481],[13.12104,54.34977],[13.11523,54.3441],[13.11369,54.33478],[13.11576,54.33108],[13.12478,54.32933],[13.135,54.32412],[13.1291,54.32114],[13.11502,54.323],[13.11012,54.3294],[13.10471,54.34745],[13.09446,54.34636],[13.07984,54.35295],[13.08566,54.36038],[13.09213,54.36278],[13.09384,54.36578],[13.08258,54.37943],[13.0729,54.38305],[13.06302,54.38063],[13.04846,54.38013],[13.04002,54.38661],[13.03861,54.39024],[13.03278,54.39181],[13.02567,54.39651],[13.02614,54.39929],[13.02099,54.40806],[13.02266,54.40951],[13.02022,54.41236],[13.0225,54.41291],[13.02478,54.42212],[13.03414,54.42422],[13.03427,54.43169],[13.02801,54.43692],[13.01578,54.43939],[13.00145,54.43703],[12.99545,54.42802],[12.98945,54.42588],[12.97927,54.42409],[12.97682,54.42485],[12.97376,54.42345],[12.96964,54.42398],[12.96692,54.42264],[12.95893,54.42311],[12.9559,54.42151],[12.95381,54.41659],[12.92637,54.41396],[12.91269,54.40635],[12.89772,54.40167],[12.8962,54.39374],[12.88528,54.38445],[12.88492,54.38309],[12.88677,54.38292],[12.88482,54.38224],[12.88342,54.36962],[12.87809,54.365],[12.86554,54.36233],[12.85298,54.35329],[12.84631,54.35108],[12.82347,54.35207],[12.81753,54.35096],[12.80966,54.3436],[12.8072,54.34884],[12.80943,54.35156],[12.80906,54.35799],[12.80787,54.36165],[12.80522,54.362],[12.80712,54.36243],[12.80456,54.3652],[12.80401,54.3704],[12.79571,54.3778],[12.785,54.37947],[12.7842,54.38554],[12.78777,54.39391],[12.78649,54.39644],[12.78354,54.39519],[12.78473,54.39362],[12.78291,54.39158],[12.77709,54.39142],[12.7748,54.38881],[12.7689,54.37161],[12.75585,54.37056],[12.75332,54.37249],[12.75365,54.37499],[12.74638,54.37988],[12.74406,54.38406],[12.74098,54.37289],[12.73361,54.37277],[12.72932,54.37418],[12.72796,54.37307],[12.71954,54.37311],[12.71969,54.3778],[12.71708,54.37935],[12.71361,54.38663],[12.71511,54.3987],[12.70009,54.39848],[12.69672,54.39255],[12.69649,54.38514],[12.68259,54.37441],[12.68642,54.37315],[12.68841,54.36813],[12.68294,54.37142],[12.67644,54.37058],[12.68162,54.3809],[12.6882,54.38168],[12.68834,54.38325],[12.69348,54.38608],[12.68563,54.39366],[12.68511,54.39653],[12.68881,54.40028],[12.70272,54.40272],[12.71256,54.40212],[12.71461,54.40397],[12.71121,54.41016],[12.70749,54.41188],[12.69265,54.40951],[12.68403,54.40633],[12.67269,54.40826],[12.67367,54.40645],[12.67209,54.40613],[12.66853,54.40813],[12.66746,54.40442],[12.65906,54.40453],[12.65849,54.40306],[12.66232,54.40239],[12.66022,54.39858],[12.6664,54.3979],[12.67144,54.39517],[12.67137,54.39095],[12.66711,54.38877],[12.66252,54.3899],[12.66123,54.38661],[12.65532,54.38361],[12.6291,54.37676],[12.62174,54.37315],[12.62221,54.37221],[12.60149,54.37055],[12.59685,54.37181],[12.60066,54.36915],[12.59903,54.36835],[12.60076,54.36556],[12.59882,54.36181],[12.59457,54.35812],[12.5858,54.35623],[12.57847,54.35659],[12.57466,54.3586],[12.57615,54.36666],[12.5817,54.37338],[12.57411,54.37115],[12.56651,54.37158],[12.55588,54.37567],[12.55376,54.37959],[12.55468,54.37251],[12.53433,54.36518],[12.53569,54.36256],[12.5438,54.36217],[12.55258,54.35955],[12.55329,54.35614],[12.55061,54.35625],[12.54124,54.3522],[12.5389,54.35249],[12.53989,54.35036],[12.53547,54.34501],[12.53932,54.34517],[12.53811,54.34413],[12.53989,54.34346],[12.5357,54.33843],[12.52627,54.33393],[12.52108,54.3334],[12.51486,54.33546],[12.50183,54.33268],[12.4994,54.33353],[12.49968,54.33124],[12.49558,54.33047],[12.47803,54.33085],[12.47309,54.32961],[12.4716,54.32216],[12.47955,54.31226],[12.47935,54.3078],[12.47648,54.30749],[12.47873,54.30393],[12.4569,54.29914],[12.43455,54.29659],[12.42937,54.29356],[12.42704,54.374],[12.43346,54.37573],[12.43614,54.37909],[12.43888,54.37848],[12.4573,54.38145],[12.49564,54.38239],[12.50387,54.38081],[12.51772,54.3727],[12.52114,54.37371],[12.52072,54.37674],[12.52582,54.38067],[12.53013,54.38221],[12.5354,54.38168],[12.53783,54.38492],[12.54585,54.38669],[12.54871,54.38944],[12.5525,54.39012],[12.56033,54.38896],[12.57284,54.38975],[12.57874,54.38823],[12.58707,54.3895],[12.59183,54.38789],[12.59229,54.38364],[12.59782,54.39157],[12.59316,54.39293],[12.58837,54.39241],[12.57748,54.39637],[12.57585,54.40223],[12.57789,54.40433],[12.58685,54.40781],[12.60155,54.40835],[12.60266,54.40943],[12.61246,54.40914],[12.61751,54.40725],[12.61065,54.41091],[12.61426,54.41452],[12.61763,54.4148],[12.61719,54.41795],[12.62382,54.42032],[12.62857,54.42004],[12.63808,54.42551],[12.64033,54.42438],[12.63996,54.42255],[12.64768,54.4187],[12.64789,54.41547],[12.65315,54.41051],[12.66636,54.40865],[12.66932,54.42144],[12.69316,54.43225],[12.71146,54.42824],[12.71478,54.42857],[12.72103,54.43237],[12.72282,54.43034],[12.72581,54.43014],[12.72935,54.42408],[12.74047,54.41511],[12.75411,54.41459],[12.76324,54.41254],[12.76526,54.41545],[12.77063,54.41715],[12.78603,54.41737],[12.79155,54.41627],[12.80185,54.4087],[12.8124,54.41732],[12.82156,54.42098],[12.83186,54.42306],[12.85754,54.42077],[12.86664,54.41824],[12.87495,54.41371],[12.8833,54.41697],[12.89331,54.4178],[12.90079,54.42055],[12.91152,54.41998],[12.9214,54.4235],[12.92695,54.42796],[12.91727,54.43511],[12.91539,54.43883],[12.91674,54.44268],[12.91842,54.44048],[12.92099,54.44509],[12.85697,54.44066],[12.81936,54.44007],[12.7463,54.44246],[12.67659,54.44218],[12.65766,54.44339],[12.61451,54.45025],[12.56092,54.45473],[12.54345,54.45968],[12.52607,54.4712],[12.52499,54.47273],[12.52714,54.47317],[12.52792,54.47629],[12.52626,54.47604],[12.52552,54.47955],[12.53012,54.48208],[12.51839,54.4846],[12.52933,54.48534],[12.52975,54.48738],[12.52596,54.48751],[12.5122,54.48353],[12.50085,54.47495],[12.48149,54.4479],[12.46641,54.41986],[12.45357,54.4062],[12.4363,54.3917],[12.40593,54.37694],[12.39527,54.36119],[12.38586,54.35257],[12.36589,54.32597],[12.34349,54.30272],[12.32291,54.28955],[12.30653,54.28215],[12.28553,54.27495],[12.28334,54.26588],[12.27813,54.26225]]],[[[12.51858,54.37223],[12.5207,54.37036],[12.52445,54.37059],[12.52208,54.37212],[12.52253,54.37392],[12.51858,54.37223]]],[[[12.52297,54.36847],[12.52295,54.36809],[12.52354,54.36773],[12.52455,54.36743],[12.52498,54.36723],[12.52592,54.36717],[12.52697,54.36717],[12.52804,54.36728],[12.52873,54.36738],[12.529,54.36776],[12.52901,54.36809],[12.5288,54.36828],[12.52854,54.3685],[12.5279,54.36858],[12.52676,54.3686],[12.52578,54.36859],[12.52504,54.36849],[12.52435,54.36852],[12.52371,54.3686],[12.52297,54.36847]]],[[[12.52484,54.36509],[12.52478,54.36386],[12.5248,54.36336],[12.52523,54.36292],[12.52586,54.36261],[12.52644,54.36269],[12.52654,54.36283],[12.5267,54.36307],[12.52668,54.36345],[12.52714,54.3637],[12.52751,54.36396],[12.5277,54.36433],[12.52776,54.36444],[12.52792,54.36471],[12.52798,54.36511],[12.52782,54.36524],[12.52762,54.3654],[12.52743,54.36565],[12.52764,54.36578],[12.5281,54.36592],[12.52856,54.36617],[12.52865,54.36661],[12.52817,54.3667],[12.5274,54.36669],[12.52662,54.36666],[12.52592,54.36648],[12.52575,54.36624],[12.5261,54.3659],[12.52613,54.36569],[12.5258,54.36558],[12.52527,54.36559],[12.52495,54.36536],[12.52484,54.36509]]],[[[12.52513,54.35939],[12.52534,54.35901],[12.52565,54.35876],[12.52608,54.35842],[12.52657,54.35811],[12.52716,54.35778],[12.5274,54.35765],[12.52766,54.35763],[12.52791,54.35778],[12.52789,54.35813],[12.52764,54.35882],[12.52764,54.3597],[12.52784,54.36048],[12.52827,54.36122],[12.52832,54.36164],[12.5279,54.36172],[12.52703,54.36135],[12.52672,54.361],[12.52677,54.36083],[12.52683,54.36059],[12.52632,54.36022],[12.52594,54.35989],[12.52528,54.35963],[12.52513,54.35939]]],[[[12.52666,54.35197],[12.52802,54.34622],[12.52997,54.34553],[12.52959,54.35009],[12.52666,54.35197]]],[[[12.52786,54.35411],[12.53096,54.34993],[12.52927,54.35468],[12.53294,54.35477],[12.53529,54.35635],[12.52922,54.35872],[12.52786,54.35411]]],[[[12.58044,54.37711],[12.58132,54.37568],[12.58453,54.37534],[12.58548,54.38067],[12.58044,54.37711]]],[[[12.63506,54.42125],[12.63689,54.41627],[12.63871,54.41628],[12.64019,54.41937],[12.64233,54.41786],[12.64079,54.41682],[12.64503,54.41558],[12.64308,54.42059],[12.63803,54.42354],[12.63506,54.42125]]],[[[12.65632,54.40657],[12.66195,54.40671],[12.66072,54.40556],[12.6624,54.40485],[12.66561,54.40682],[12.65866,54.40827],[12.65632,54.40657]]],[[[12.66854,54.41906],[12.66861,54.41847],[12.66905,54.41744],[12.66931,54.41704],[12.6699,54.41657],[12.6702,54.41617],[12.6706,54.41597],[12.67101,54.41594],[12.67114,54.4162],[12.67125,54.41662],[12.67104,54.4169],[12.6709,54.41708],[12.67069,54.41768],[12.67043,54.41813],[12.67038,54.41878],[12.67033,54.41944],[12.67044,54.42008],[12.67076,54.42065],[12.67045,54.42096],[12.67007,54.4208],[12.66969,54.42052],[12.66935,54.42015],[12.66902,54.41974],[12.66879,54.41945],[12.66854,54.41906]]],[[[12.67486,54.41829],[12.67671,54.41621],[12.68244,54.41484],[12.69368,54.41875],[12.71335,54.41727],[12.72021,54.41518],[12.73108,54.41665],[12.72982,54.42209],[12.72408,54.42537],[12.71777,54.42468],[12.71064,54.42563],[12.7007,54.43039],[12.6981,54.42982],[12.69453,54.43136],[12.69025,54.43046],[12.68688,54.42759],[12.69359,54.42883],[12.6908,54.42448],[12.67933,54.42333],[12.67486,54.41829]]],[[[12.71795,54.40571],[12.71951,54.40474],[12.72978,54.4049],[12.73622,54.40801],[12.73714,54.41192],[12.73431,54.41313],[12.72503,54.41263],[12.71795,54.40571]]],[[[12.72298,54.42818],[12.72553,54.42717],[12.72542,54.42935],[12.72334,54.42955],[12.72298,54.42818]]],[[[12.92282,54.4329],[12.92283,54.43255],[12.92318,54.43217],[12.92448,54.4314],[12.92501,54.43115],[12.92565,54.43106],[12.92614,54.43087],[12.92615,54.43054],[12.92638,54.43026],[12.92694,54.43007],[12.92735,54.42967],[12.9274,54.42924],[12.92764,54.42886],[12.92775,54.42842],[12.92829,54.42808],[12.92826,54.42779],[12.92841,54.42757],[12.92892,54.42754],[12.92953,54.42768],[12.92989,54.42807],[12.93011,54.42866],[12.92991,54.42905],[12.92969,54.42933],[12.92934,54.42963],[12.92896,54.42999],[12.92911,54.43038],[12.9289,54.43086],[12.92792,54.43135],[12.92722,54.43142],[12.92669,54.43171],[12.92611,54.43215],[12.92519,54.4326],[12.92423,54.43291],[12.92357,54.43306],[12.92306,54.43309],[12.92282,54.4329]]],[[[12.92397,54.43542],[12.93019,54.43208],[12.93307,54.43296],[12.93853,54.43856],[12.94954,54.44037],[12.95709,54.43883],[12.95912,54.43674],[12.9619,54.43911],[12.95848,54.44168],[12.95222,54.4426],[12.93097,54.44321],[12.92665,54.44136],[12.92397,54.43542]]],[[[12.96779,54.43847],[12.96776,54.43803],[12.96808,54.43761],[12.96836,54.43721],[12.96936,54.43644],[12.96975,54.43636],[12.97015,54.43642],[12.97041,54.43663],[12.97047,54.43703],[12.97051,54.4373],[12.97068,54.4379],[12.97075,54.43816],[12.97102,54.43895],[12.97113,54.43935],[12.97132,54.43974],[12.97148,54.44004],[12.97155,54.44026],[12.97153,54.44048],[12.97113,54.44051],[12.97057,54.4404],[12.97008,54.44015],[12.9697,54.43997],[12.96908,54.43989],[12.96851,54.43967],[12.96823,54.43928],[12.96804,54.43894],[12.96779,54.43847]]],[[[12.97204,54.43902],[12.97237,54.43744],[12.97618,54.4367],[12.97281,54.43624],[12.97319,54.43456],[12.97762,54.43472],[12.97452,54.43422],[12.97496,54.43262],[12.98006,54.43323],[12.98184,54.43481],[12.98635,54.4335],[12.99849,54.43999],[13.01564,54.44367],[13.02724,54.44213],[13.03304,54.44261],[13.03656,54.44435],[13.04156,54.44243],[13.05912,54.45157],[13.05081,54.45723],[13.05068,54.46024],[13.04725,54.46022],[13.04529,54.45384],[13.03305,54.4468],[13.02586,54.44874],[13.01688,54.44653],[13.01046,54.44811],[13.00029,54.44784],[12.9931,54.44525],[12.9903,54.43959],[12.98457,54.43727],[12.98483,54.43585],[12.97695,54.43835],[12.97524,54.44036],[12.97204,54.43902]]],[[[12.97353,54.44149],[12.98026,54.43772],[12.98299,54.43769],[12.9842,54.44059],[12.98254,54.44198],[12.97353,54.44149]]],[[[12.98698,54.44404],[12.98745,54.44363],[12.98848,54.44373],[12.98933,54.44402],[12.98995,54.44455],[12.98978,54.44493],[12.98925,54.44511],[12.98826,54.44502],[12.98741,54.44463],[12.98698,54.44404]]],[[[13.06025,54.47492],[13.06124,54.46086],[13.0655,54.45772],[13.07137,54.46813],[13.06779,54.47059],[13.07314,54.46922],[13.07334,54.47576],[13.07157,54.47713],[13.07381,54.47692],[13.07135,54.47922],[13.0767,54.47863],[13.07273,54.48179],[13.07578,54.48289],[13.07447,54.48968],[13.07068,54.49178],[13.07385,54.49143],[13.07297,54.49975],[13.07924,54.50207],[13.0817,54.5136],[13.08409,54.51571],[13.08861,54.5152],[13.08768,54.51685],[13.08467,54.51717],[13.08463,54.51916],[13.09291,54.51737],[13.0925,54.52764],[13.10341,54.5289],[13.10553,54.53148],[13.10081,54.53286],[13.10615,54.53195],[13.11675,54.53766],[13.11363,54.54283],[13.11724,54.55126],[13.11574,54.55766],[13.11231,54.56566],[13.10765,54.56846],[13.11109,54.56988],[13.11013,54.57266],[13.11912,54.57433],[13.11667,54.57441],[13.11763,54.5757],[13.11021,54.58154],[13.11142,54.58467],[13.12524,54.58367],[13.12949,54.59125],[13.14135,54.59885],[13.13946,54.59056],[13.13424,54.58953],[13.13442,54.58847],[13.14085,54.58523],[13.14499,54.57365],[13.1466,54.59552],[13.14667,54.58873],[13.15182,54.58309],[13.1508,54.57544],[13.15536,54.5801],[13.15614,54.57287],[13.15796,54.57372],[13.15731,54.57915],[13.14832,54.5932],[13.14985,54.59328],[13.1464,54.60348],[13.13297,54.60552],[13.11957,54.60329],[13.09797,54.59062],[13.10135,54.58713],[13.10252,54.57738],[13.09843,54.55864],[13.09272,54.54624],[13.08561,54.53803],[13.0793,54.51717],[13.06671,54.49527],[13.06025,54.47492]]],[[[13.07969,54.4754],[13.07975,54.47494],[13.0797,54.47458],[13.08,54.47446],[13.08071,54.47452],[13.08154,54.47483],[13.08222,54.47527],[13.08281,54.47559],[13.08315,54.47582],[13.08331,54.47634],[13.08316,54.47663],[13.08281,54.47688],[13.08245,54.47695],[13.08182,54.477],[13.08127,54.47668],[13.07969,54.4754]]],[[[13.11651,54.54494],[13.11906,54.53879],[13.12109,54.54312],[13.12512,54.54403],[13.12332,54.54984],[13.11731,54.5472],[13.11651,54.54494]]],[[[13.11624,54.42948],[13.11909,54.4264],[13.12535,54.42718],[13.11701,54.43086],[13.11624,54.42948]]],[[[13.12041,54.44435],[13.12306,54.44207],[13.12725,54.44413],[13.13138,54.44287],[13.1471,54.44913],[13.15418,54.44792],[13.16068,54.44898],[13.1642,54.45074],[13.16306,54.45198],[13.16575,54.45536],[13.17308,54.45716],[13.17908,54.45601],[13.18405,54.45718],[13.18782,54.46017],[13.18577,54.46241],[13.18676,54.46541],[13.1892,54.46598],[13.19317,54.46442],[13.1933,54.46597],[13.20385,54.46868],[13.21041,54.4687],[13.20921,54.46716],[13.21186,54.46712],[13.22171,54.47076],[13.22505,54.47049],[13.22689,54.47385],[13.22426,54.47818],[13.22478,54.48182],[13.21855,54.4832],[13.22773,54.48432],[13.22349,54.48692],[13.21778,54.48491],[13.20067,54.4855],[13.19669,54.48683],[13.19584,54.48968],[13.19838,54.49043],[13.19658,54.49218],[13.18251,54.49414],[13.16216,54.49014],[13.14291,54.4774],[13.1312,54.45899],[13.12217,54.45153],[13.12041,54.44435]]],[[[13.19823,54.45972],[13.20027,54.457],[13.20042,54.45984],[13.2096,54.46369],[13.20321,54.46368],[13.19823,54.45972]]],[[[13.20381,54.46587],[13.20379,54.46558],[13.20398,54.46543],[13.20427,54.46531],[13.20455,54.46532],[13.20488,54.46536],[13.20526,54.46536],[13.20561,54.46534],[13.206,54.46514],[13.20652,54.46506],[13.20698,54.46514],[13.20732,54.46537],[13.20721,54.46564],[13.20694,54.46581],[13.2067,54.46599],[13.20637,54.46656],[13.20633,54.46667],[13.20602,54.4667],[13.20571,54.46664],[13.2051,54.46651],[13.20459,54.46634],[13.20408,54.46616],[13.20381,54.46587]]],[[[13.20907,54.46438],[13.20928,54.46418],[13.20956,54.46401],[13.20995,54.46389],[13.2102,54.46374],[13.21035,54.46364],[13.21076,54.46389],[13.21113,54.46413],[13.21154,54.46429],[13.21177,54.46431],[13.21211,54.46434],[13.21249,54.46445],[13.21263,54.46469],[13.21249,54.46507],[13.21218,54.46519],[13.21185,54.4652],[13.2115,54.4653],[13.21105,54.46536],[13.21057,54.46532],[13.21027,54.46515],[13.2106,54.46489],[13.21077,54.46468],[13.21025,54.46459],[13.20975,54.46455],[13.2093,54.4645],[13.20907,54.46438]]],[[[13.21303,54.46691],[13.21418,54.46424],[13.22123,54.46445],[13.22697,54.46968],[13.22376,54.4701],[13.21881,54.46697],[13.21303,54.46691]]],[[[13.20717,54.39902],[13.20894,54.39676],[13.21619,54.39745],[13.2202,54.40143],[13.2185,54.40252],[13.21235,54.40235],[13.20717,54.39902]]],[[[13.29854,54.53941],[13.30284,54.53755],[13.30044,54.53922],[13.30105,54.54097],[13.29854,54.53941]]],[[[13.35861,54.25277],[13.35887,54.25239],[13.36003,54.25211],[13.36113,54.25194],[13.36174,54.25158],[13.36235,54.25114],[13.36288,54.2511],[13.36351,54.25109],[13.3643,54.25121],[13.36407,54.25142],[13.36297,54.25167],[13.36179,54.25227],[13.36128,54.25271],[13.36047,54.25287],[13.3592,54.2529],[13.35861,54.25277]]],[[[13.38847,54.26467],[13.38875,54.2644],[13.38932,54.26425],[13.3901,54.26423],[13.3907,54.26447],[13.39106,54.26481],[13.39084,54.26513],[13.39041,54.26531],[13.38973,54.26532],[13.389,54.26525],[13.38859,54.26503],[13.38847,54.26467]]],[[[13.51802,54.31544],[13.51907,54.31185],[13.52476,54.30941],[13.52412,54.3148],[13.52812,54.31846],[13.53742,54.32261],[13.5439,54.32305],[13.54709,54.32565],[13.54124,54.33096],[13.54284,54.3323],[13.53031,54.32646],[13.53035,54.32247],[13.52404,54.31661],[13.52142,54.31522],[13.51914,54.31627],[13.51802,54.31544]]]]}},{"type":"Feature","id":"13074","bbox":[10.74771,53.56669,11.81028,54.03393],"properties":{"id":"13074","name":"Nordwestmecklenburg","typ":"Landkreis","bundeslandAlt":"Mecklenburg-Vorpommern","bezirkAlt":"Mecklenburg-Vorpommern","neueKreise":["Nordwestmecklenburg","Wismar"],"quelle":"VG250 / Bezirkseinführungsgesetz"},"geometry":{"type":"MultiPolygon","coordinates":[[[[10.74771,53.85151],[10.74816,53.85005],[10.75365,53.84857],[10.74944,53.84506],[10.74804,53.834],[10.75815,53.82794],[10.75752,53.82661],[10.76159,53.8226],[10.76314,53.81055],[10.76691,53.80623],[10.76503,53.80323],[10.77235,53.79717],[10.77325,53.79239],[10.77159,53.78941],[10.76909,53.78875],[10.76876,53.78376],[10.76592,53.7799],[10.77026,53.77548],[10.75798,53.76359],[10.75658,53.75848],[10.75803,53.74752],[10.77192,53.74942],[10.80592,53.73921],[10.80934,53.73528],[10.80819,53.73297],[10.81009,53.73086],[10.80669,53.73023],[10.80648,53.72845],[10.81088,53.72007],[10.82468,53.711],[10.8306,53.71066],[10.83957,53.70723],[10.84334,53.70786],[10.84601,53.70434],[10.85217,53.70584],[10.84953,53.70173],[10.85094,53.70012],[10.85331,53.70042],[10.85344,53.70202],[10.85686,53.70122],[10.85923,53.70285],[10.86189,53.70238],[10.86298,53.70394],[10.86777,53.70387],[10.87322,53.70162],[10.88031,53.70233],[10.88078,53.70414],[10.88791,53.70566],[10.90529,53.70329],[10.91459,53.69935],[10.92214,53.69947],[10.92605,53.69205],[10.91848,53.69113],[10.91897,53.68916],[10.92726,53.68955],[10.9291,53.68651],[10.93712,53.6873],[10.94177,53.68454],[10.94426,53.67417],[10.9398,53.67313],[10.94188,53.66877],[10.93863,53.66582],[10.94257,53.66392],[10.94158,53.66274],[10.94516,53.65909],[10.94857,53.66135],[10.94916,53.65824],[10.9547,53.65858],[10.95192,53.64762],[10.96424,53.64472],[10.96965,53.64577],[10.97056,53.64355],[10.97374,53.64239],[10.98006,53.64317],[10.98715,53.6358],[10.98976,53.63518],[10.99133,53.63707],[10.99863,53.63519],[11.00252,53.6313],[11.0019,53.62539],[11.00465,53.62533],[11.01327,53.6199],[11.00877,53.60812],[11.00979,53.60307],[11.01748,53.60281],[11.03302,53.59788],[11.03434,53.59636],[11.04077,53.59901],[11.06211,53.59898],[11.06569,53.60479],[11.07581,53.60372],[11.08057,53.60195],[11.08294,53.60558],[11.09197,53.60813],[11.09552,53.60522],[11.0987,53.60588],[11.10093,53.60443],[11.10233,53.60586],[11.10445,53.60198],[11.11509,53.59339],[11.11497,53.58873],[11.13409,53.59372],[11.14234,53.58973],[11.14566,53.5895],[11.1485,53.58623],[11.14108,53.57947],[11.14125,53.57838],[11.14625,53.5783],[11.14616,53.57631],[11.1429,53.57531],[11.14102,53.57003],[11.14287,53.56702],[11.14875,53.56669],[11.15916,53.57067],[11.16803,53.57024],[11.19849,53.58073],[11.20293,53.58494],[11.20133,53.59077],[11.20393,53.59743],[11.2075,53.59916],[11.20691,53.60114],[11.21615,53.59841],[11.22597,53.60288],[11.2348,53.60325],[11.23888,53.60071],[11.24045,53.60145],[11.23495,53.59602],[11.23963,53.59307],[11.24072,53.58811],[11.24543,53.58953],[11.24958,53.59568],[11.25287,53.59541],[11.25328,53.59692],[11.2606,53.59776],[11.27374,53.59575],[11.28267,53.58831],[11.30103,53.59385],[11.30099,53.60323],[11.2968,53.60397],[11.30419,53.60792],[11.30545,53.61102],[11.31467,53.61344],[11.31342,53.616],[11.3169,53.62123],[11.30652,53.62227],[11.29843,53.61965],[11.29281,53.62192],[11.29473,53.62715],[11.29266,53.62962],[11.29473,53.6303],[11.29551,53.62822],[11.30335,53.62908],[11.30719,53.63448],[11.30491,53.63655],[11.29936,53.63558],[11.2978,53.63733],[11.29439,53.63746],[11.2942,53.64043],[11.29049,53.64102],[11.28969,53.64294],[11.27927,53.6488],[11.28641,53.64787],[11.29117,53.65325],[11.29493,53.65063],[11.30157,53.65243],[11.30345,53.65828],[11.2965,53.65981],[11.29577,53.66317],[11.30369,53.66436],[11.30696,53.66319],[11.31709,53.66353],[11.32047,53.67124],[11.32869,53.66965],[11.33326,53.67074],[11.33368,53.67231],[11.33647,53.6714],[11.34186,53.67738],[11.34965,53.67441],[11.35359,53.67555],[11.35898,53.67488],[11.36152,53.66869],[11.36602,53.66807],[11.36832,53.66944],[11.36651,53.67333],[11.37308,53.67915],[11.38647,53.67945],[11.39015,53.67557],[11.39677,53.67934],[11.39988,53.67707],[11.40528,53.67793],[11.40843,53.67944],[11.41173,53.68681],[11.41986,53.68613],[11.42024,53.68732],[11.43167,53.68735],[11.4314,53.68547],[11.43618,53.68525],[11.43518,53.68244],[11.43704,53.68041],[11.44601,53.68087],[11.4481,53.67988],[11.45584,53.6817],[11.45999,53.68064],[11.46298,53.68485],[11.4593,53.68498],[11.45041,53.69227],[11.45508,53.69145],[11.45768,53.69328],[11.45885,53.69177],[11.46109,53.69518],[11.46488,53.69653],[11.46948,53.69403],[11.47272,53.68756],[11.47912,53.68801],[11.48526,53.69035],[11.48694,53.70484],[11.49654,53.71634],[11.50239,53.73543],[11.49705,53.75045],[11.49021,53.75776],[11.49265,53.75889],[11.48882,53.76005],[11.4893,53.7615],[11.49176,53.76183],[11.48899,53.76407],[11.48905,53.76655],[11.49515,53.77134],[11.49995,53.76973],[11.50767,53.77055],[11.51238,53.76954],[11.52577,53.77807],[11.5213,53.77094],[11.52506,53.76877],[11.53044,53.76855],[11.52209,53.76066],[11.52736,53.76212],[11.52871,53.76423],[11.54432,53.76879],[11.55219,53.76263],[11.56597,53.76651],[11.5735,53.76742],[11.57554,53.76618],[11.58013,53.76796],[11.5812,53.76684],[11.57606,53.76508],[11.57732,53.76263],[11.58072,53.76405],[11.58531,53.76098],[11.60194,53.76106],[11.60665,53.75887],[11.60946,53.76055],[11.62637,53.76077],[11.63141,53.76442],[11.63986,53.77739],[11.64352,53.77714],[11.65343,53.77594],[11.64917,53.77249],[11.64961,53.76684],[11.65639,53.76445],[11.65633,53.76163],[11.66211,53.75903],[11.66417,53.76201],[11.66203,53.76729],[11.66572,53.77098],[11.66392,53.77356],[11.66171,53.77307],[11.66074,53.77432],[11.66867,53.77585],[11.66927,53.77898],[11.66607,53.78254],[11.6678,53.78475],[11.67285,53.78491],[11.67979,53.7877],[11.69327,53.78073],[11.6937,53.77679],[11.69682,53.77736],[11.6982,53.77909],[11.69507,53.7809],[11.69923,53.78404],[11.69591,53.78934],[11.70264,53.78916],[11.71325,53.79235],[11.71658,53.79706],[11.72133,53.79605],[11.72136,53.79464],[11.72377,53.79553],[11.7279,53.79396],[11.72568,53.79053],[11.72993,53.7895],[11.72956,53.78769],[11.72608,53.78595],[11.73268,53.78138],[11.73892,53.78123],[11.74041,53.7836],[11.75095,53.78344],[11.75198,53.77744],[11.76283,53.77859],[11.76062,53.7779],[11.76344,53.77565],[11.75379,53.77329],[11.75367,53.76984],[11.75181,53.76936],[11.75335,53.76806],[11.7628,53.77043],[11.76203,53.76765],[11.76476,53.76568],[11.76747,53.7676],[11.77174,53.76672],[11.77807,53.77044],[11.78952,53.76851],[11.79735,53.77078],[11.79337,53.77237],[11.79491,53.7764],[11.79177,53.77864],[11.80213,53.78882],[11.80479,53.79033],[11.80787,53.78872],[11.81028,53.79344],[11.80798,53.80215],[11.80175,53.8078],[11.80247,53.80897],[11.79841,53.80952],[11.79995,53.81139],[11.79876,53.81478],[11.80171,53.81773],[11.79212,53.82259],[11.78258,53.81999],[11.77827,53.82027],[11.77566,53.82213],[11.76491,53.82418],[11.75769,53.82403],[11.75648,53.82558],[11.76668,53.82743],[11.76406,53.82878],[11.76966,53.8307],[11.76047,53.83335],[11.76761,53.84586],[11.75924,53.85169],[11.76802,53.85684],[11.77727,53.85965],[11.7786,53.86271],[11.7764,53.86299],[11.77313,53.86785],[11.76126,53.87298],[11.76491,53.8779],[11.77131,53.881],[11.77073,53.88234],[11.77897,53.88396],[11.78053,53.88247],[11.78718,53.88612],[11.79188,53.88562],[11.7984,53.8914],[11.78781,53.89332],[11.78908,53.89876],[11.79462,53.90216],[11.79311,53.90716],[11.79767,53.90846],[11.7948,53.91004],[11.78926,53.90986],[11.78873,53.91158],[11.79149,53.91382],[11.80089,53.91257],[11.80137,53.9176],[11.80518,53.91876],[11.8011,53.92968],[11.79587,53.9297],[11.79076,53.93555],[11.79413,53.93916],[11.79204,53.93968],[11.7923,53.94142],[11.79488,53.9423],[11.79242,53.94558],[11.79924,53.9561],[11.79474,53.95672],[11.79825,53.95819],[11.79786,53.96261],[11.80492,53.96622],[11.7936,53.96936],[11.78236,53.97463],[11.77529,53.97452],[11.76564,53.97715],[11.76253,53.97658],[11.75993,53.97299],[11.75142,53.97295],[11.7496,53.97195],[11.74598,53.9739],[11.74336,53.97118],[11.74456,53.96963],[11.74117,53.96905],[11.74959,53.96334],[11.74787,53.95924],[11.73909,53.95735],[11.73143,53.95301],[11.73203,53.95539],[11.72479,53.95622],[11.70595,53.95554],[11.69772,53.95383],[11.69992,53.94877],[11.68673,53.93421],[11.68084,53.93499],[11.6797,53.93656],[11.67439,53.93611],[11.67595,53.94032],[11.67284,53.94471],[11.66735,53.94736],[11.66971,53.9489],[11.66692,53.95504],[11.67133,53.95942],[11.67789,53.96204],[11.67105,53.96389],[11.66261,53.97156],[11.65925,53.97042],[11.65755,53.97229],[11.65175,53.97314],[11.65169,53.9762],[11.65839,53.97683],[11.66022,53.97967],[11.65674,53.9825],[11.65772,53.98522],[11.63328,53.9889],[11.62326,53.9926],[11.6185,53.99059],[11.61299,53.99412],[11.60892,53.99284],[11.61374,53.99018],[11.61406,53.98594],[11.59725,53.98627],[11.59498,53.98757],[11.58725,53.98656],[11.58252,53.98908],[11.58181,53.99283],[11.58494,53.99408],[11.5891,54.00242],[11.58066,54.00663],[11.58053,54.01231],[11.57592,54.01769],[11.57975,54.01887],[11.56178,54.02809],[11.54761,54.02499],[11.53823,54.02568],[11.53291,54.0282],[11.5291,54.03385],[11.52494,54.03393],[11.51853,54.03029],[11.51701,54.02647],[11.52864,54.02535],[11.52977,54.02711],[11.53409,54.02485],[11.53401,54.01964],[11.51774,54.01571],[11.50978,54.01191],[11.49691,53.99522],[11.49051,53.99379],[11.49199,53.99002],[11.49471,53.98816],[11.49862,53.98857],[11.49982,53.98595],[11.4989,53.9818],[11.49131,53.97737],[11.49393,53.97084],[11.48792,53.96823],[11.48639,53.97254],[11.48815,53.97554],[11.48448,53.97434],[11.48308,53.97144],[11.47325,53.9711],[11.47223,53.96588],[11.47016,53.96536],[11.47208,53.96483],[11.47172,53.96322],[11.4744,53.96493],[11.47809,53.96403],[11.47956,53.96497],[11.47811,53.96901],[11.48297,53.96811],[11.48239,53.96285],[11.47978,53.96164],[11.48219,53.94701],[11.47776,53.9345],[11.48227,53.93018],[11.48165,53.92739],[11.47819,53.92563],[11.47585,53.92902],[11.47285,53.92833],[11.45817,53.91667],[11.44466,53.9149],[11.44453,53.91061],[11.44696,53.91006],[11.44251,53.90936],[11.45029,53.90364],[11.44322,53.89899],[11.442,53.90019],[11.43452,53.90107],[11.43653,53.9073],[11.43996,53.90832],[11.43689,53.91106],[11.42907,53.91392],[11.42635,53.91301],[11.41635,53.91542],[11.4027,53.92231],[11.40116,53.92733],[11.4076,53.93413],[11.40684,53.9352],[11.3886,53.93913],[11.36991,53.93485],[11.36504,53.93514],[11.34953,53.94378],[11.34656,53.9464],[11.34954,53.94704],[11.34868,53.9486],[11.34565,53.94795],[11.33954,53.95604],[11.33446,53.95897],[11.33021,53.95885],[11.32642,53.95689],[11.31483,53.94207],[11.29953,53.93718],[11.28872,53.93157],[11.2732,53.93126],[11.25391,53.93715],[11.25091,53.93907],[11.25457,53.9407],[11.25287,53.94217],[11.24826,53.94041],[11.24555,53.94279],[11.24174,53.94925],[11.24148,53.95415],[11.24589,53.97316],[11.24965,53.97124],[11.25434,53.97264],[11.25972,53.98354],[11.25321,53.98766],[11.24813,53.98679],[11.24118,53.98241],[11.22812,53.98253],[11.2072,53.98838],[11.2003,53.9923],[11.19322,54.00038],[11.19136,54.00942],[11.1816,54.01479],[11.15678,54.01253],[11.14446,54.00964],[11.09848,54.01398],[11.08959,54.01366],[11.07192,54.00963],[11.04739,54.0077],[11.02835,54.00327],[11.00469,53.99402],[10.97954,53.98679],[10.94952,53.97365],[10.93351,53.96493],[10.90366,53.95682],[10.90946,53.94627],[10.89639,53.93597],[10.8951,53.92455],[10.89879,53.92228],[10.90295,53.92399],[10.91301,53.92404],[10.9246,53.92182],[10.92987,53.91828],[10.93573,53.91978],[10.93933,53.91933],[10.94937,53.9129],[10.9616,53.9142],[10.96763,53.91063],[10.96706,53.9072],[10.96434,53.90703],[10.95985,53.90941],[10.96295,53.91053],[10.95897,53.91026],[10.95444,53.90883],[10.94989,53.90427],[10.94318,53.90432],[10.93679,53.90065],[10.92958,53.90079],[10.91102,53.89795],[10.90243,53.9033],[10.9021,53.90629],[10.91129,53.91523],[10.90387,53.91584],[10.90217,53.91773],[10.89609,53.91793],[10.88946,53.92088],[10.8863,53.92484],[10.88257,53.9245],[10.87598,53.9191],[10.87472,53.91454],[10.85916,53.90941],[10.85553,53.90479],[10.8483,53.90511],[10.8489,53.89929],[10.84721,53.89694],[10.83946,53.89549],[10.8357,53.8971],[10.83207,53.89435],[10.82641,53.89304],[10.81893,53.89353],[10.81501,53.88838],[10.8073,53.88612],[10.80827,53.88301],[10.8024,53.87708],[10.79942,53.87615],[10.79179,53.87616],[10.79015,53.87466],[10.7838,53.87386],[10.77826,53.87505],[10.77192,53.87374],[10.76511,53.86752],[10.76426,53.86381],[10.75977,53.86147],[10.75945,53.85826],[10.74771,53.85151]],[[11.35316,53.67794],[11.3547,53.68079],[11.35904,53.68073],[11.35885,53.67712],[11.35316,53.67794]],[[11.66575,53.79321],[11.69113,53.79238],[11.69079,53.78855],[11.6926,53.78789],[11.69366,53.789],[11.69516,53.7831],[11.69415,53.78222],[11.6891,53.78379],[11.67914,53.79058],[11.67779,53.78923],[11.66575,53.79321]]],[[[11.37418,53.99235],[11.37628,53.99255],[11.37561,53.98261],[11.37794,53.97543],[11.38709,53.96666],[11.39288,53.96456],[11.40009,53.96405],[11.41243,53.96711],[11.42053,53.96214],[11.42791,53.96071],[11.43226,53.96193],[11.43432,53.96506],[11.43133,53.96207],[11.42794,53.96183],[11.4265,53.96717],[11.42955,53.96937],[11.42752,53.97556],[11.4295,53.97753],[11.4284,53.98366],[11.43036,53.98452],[11.42787,53.98581],[11.43883,53.99276],[11.43972,53.99532],[11.44615,53.99733],[11.44652,53.97573],[11.44195,53.97017],[11.44147,53.96462],[11.44683,53.95863],[11.45596,53.95753],[11.45496,53.9619],[11.45887,53.96232],[11.46081,53.96541],[11.46386,53.96647],[11.46342,53.96984],[11.47195,53.97071],[11.46753,53.97338],[11.47205,53.97918],[11.48036,53.98183],[11.47813,53.98552],[11.48023,53.99031],[11.47825,53.99797],[11.4818,53.99945],[11.48189,54.00095],[11.48507,53.99881],[11.48895,53.99901],[11.49096,54.00076],[11.4963,54.01565],[11.4952,54.02096],[11.4922,54.02256],[11.47242,54.0245],[11.44905,54.02193],[11.4009,54.00764],[11.3793,53.99793],[11.37418,53.99235]]],[[[11.42321,53.94219],[11.42373,53.94174],[11.42441,53.94143],[11.42464,53.94104],[11.42484,53.94046],[11.42516,53.93992],[11.42592,53.93919],[11.42636,53.93853],[11.42652,53.93818],[11.4268,53.93797],[11.42717,53.93796],[11.42763,53.93811],[11.42759,53.9384],[11.42739,53.93872],[11.42727,53.93898],[11.42753,53.93937],[11.42787,53.93971],[11.42837,53.94009],[11.4282,53.94097],[11.42831,53.94142],[11.42856,53.94183],[11.42899,53.94206],[11.42973,53.9422],[11.43013,53.94243],[11.42991,53.94273],[11.42931,53.94281],[11.42801,53.94264],[11.42703,53.94233],[11.42616,53.94197],[11.42546,53.94189],[11.42487,53.94206],[11.42432,53.94242],[11.42363,53.94265],[11.42329,53.94251],[11.42321,53.94219]]],[[[11.46572,53.96451],[11.46796,53.96416],[11.47065,53.96847],[11.46727,53.96756],[11.46572,53.96451]]],[[[11.4748,53.9639],[11.47502,53.96357],[11.47543,53.96327],[11.47644,53.96227],[11.47688,53.96191],[11.47715,53.96163],[11.47754,53.96167],[11.4776,53.96201],[11.47732,53.96263],[11.47723,53.96301],[11.4775,53.96338],[11.47744,53.96369],[11.47696,53.96398],[11.47661,53.96405],[11.47632,53.96398],[11.47587,53.96394],[11.4755,53.96401],[11.4751,53.96406],[11.4748,53.9639]]],[[[11.48632,54.02521],[11.48804,54.02413],[11.49088,54.02548],[11.49479,54.0242],[11.49623,54.02915],[11.49902,54.02992],[11.49804,54.03094],[11.49576,54.03145],[11.48632,54.02521]]]]}},{"type":"Feature","id":"13075","bbox":[12.98692,53.25481,14.41238,54.2512],"properties":{"id":"13075","name":"Vorpommern-Greifswald","typ":"Landkreis","bundeslandAlt":"Mecklenburg-Vorpommern","bezirkAlt":"Mecklenburg-Vorpommern","neueKreise":["Greifswald","Mittelvorpommern","Südvorpommern","Uckermark"],"quelle":"VG250 / Bezirkseinführungsgesetz"},"geometry":{"type":"MultiPolygon","coordinates":[[[[12.98692,54.00379],[13.01544,53.9931],[13.01294,53.98891],[12.9966,53.9861],[13.00204,53.97533],[13.01533,53.98031],[13.02284,53.98054],[13.02916,53.97952],[13.04751,53.97186],[13.05924,53.97016],[13.06081,53.96942],[13.05575,53.96691],[13.06433,53.95455],[13.07766,53.95188],[13.07639,53.9513],[13.08928,53.94593],[13.09065,53.94812],[13.08699,53.95199],[13.08809,53.95424],[13.09829,53.94869],[13.10801,53.94684],[13.12546,53.93516],[13.13305,53.93179],[13.1546,53.94411],[13.18629,53.93162],[13.19458,53.9303],[13.20234,53.9232],[13.20748,53.91282],[13.21627,53.90863],[13.20623,53.90303],[13.19795,53.90136],[13.19228,53.8949],[13.19185,53.89014],[13.19702,53.89031],[13.20018,53.88905],[13.19539,53.88148],[13.19395,53.87344],[13.19026,53.87087],[13.19605,53.86794],[13.18275,53.86182],[13.17838,53.86191],[13.18513,53.85982],[13.18152,53.85673],[13.18671,53.85185],[13.19278,53.84916],[13.18537,53.84208],[13.18572,53.83507],[13.18827,53.83468],[13.1922,53.83049],[13.20824,53.82551],[13.23337,53.80807],[13.24972,53.8144],[13.2697,53.81885],[13.28087,53.81078],[13.28811,53.80997],[13.2923,53.81145],[13.30062,53.81083],[13.30263,53.82384],[13.3096,53.8261],[13.31596,53.83149],[13.33297,53.83415],[13.33755,53.84908],[13.36519,53.84335],[13.36957,53.845],[13.37218,53.84852],[13.37902,53.84419],[13.38211,53.83941],[13.39401,53.83438],[13.39699,53.83066],[13.39207,53.82112],[13.39321,53.81545],[13.38798,53.81135],[13.38701,53.80679],[13.38309,53.80542],[13.38303,53.8029],[13.37663,53.79967],[13.3705,53.79934],[13.35341,53.80404],[13.344,53.80361],[13.3435,53.78725],[13.35222,53.78548],[13.35375,53.78188],[13.35952,53.77957],[13.35974,53.77671],[13.37567,53.76694],[13.36058,53.75747],[13.36763,53.75511],[13.36551,53.75316],[13.36924,53.75187],[13.36688,53.75002],[13.37184,53.74818],[13.37751,53.75066],[13.38688,53.75604],[13.39159,53.7622],[13.39376,53.76218],[13.40043,53.76126],[13.42357,53.75248],[13.43638,53.75149],[13.43651,53.75014],[13.4455,53.74794],[13.44551,53.75075],[13.45004,53.74911],[13.4526,53.75016],[13.4618,53.74811],[13.46786,53.74855],[13.47074,53.7463],[13.5015,53.74389],[13.50945,53.73802],[13.51836,53.73454],[13.51621,53.73312],[13.52564,53.72686],[13.52662,53.72192],[13.52359,53.72137],[13.52301,53.71596],[13.53407,53.7041],[13.538,53.70062],[13.54268,53.69954],[13.54346,53.69749],[13.5519,53.69515],[13.59268,53.70042],[13.64154,53.7041],[13.64628,53.70003],[13.65911,53.69767],[13.68109,53.69644],[13.69868,53.69903],[13.71908,53.69777],[13.74794,53.6883],[13.75474,53.69001],[13.75348,53.68657],[13.7582,53.68548],[13.796,53.68515],[13.79192,53.67912],[13.7644,53.67949],[13.75093,53.67232],[13.72298,53.66835],[13.71811,53.66377],[13.71572,53.66498],[13.70438,53.65884],[13.69427,53.65098],[13.71852,53.64078],[13.73458,53.63752],[13.73698,53.63287],[13.73624,53.6298],[13.73006,53.62504],[13.74572,53.62741],[13.74888,53.62492],[13.76046,53.62152],[13.76244,53.618],[13.76733,53.61546],[13.76349,53.61624],[13.76285,53.61513],[13.75414,53.61508],[13.75711,53.61247],[13.75502,53.61032],[13.74493,53.61093],[13.7349,53.60462],[13.73588,53.60208],[13.73369,53.6031],[13.72787,53.60274],[13.72325,53.59996],[13.71621,53.5982],[13.70613,53.59188],[13.70138,53.5927],[13.69864,53.59154],[13.70444,53.58914],[13.70441,53.58744],[13.70967,53.58386],[13.70946,53.57575],[13.72537,53.57173],[13.71993,53.5618],[13.71787,53.56113],[13.72239,53.55824],[13.72111,53.55498],[13.72425,53.54305],[13.7215,53.54095],[13.71635,53.54212],[13.71431,53.54144],[13.70532,53.5361],[13.69881,53.53782],[13.67895,53.5357],[13.67781,53.53177],[13.68213,53.52516],[13.68103,53.52141],[13.6718,53.51697],[13.66889,53.51093],[13.67,53.50929],[13.6732,53.50885],[13.69162,53.50862],[13.69381,53.50819],[13.69423,53.50582],[13.69629,53.50619],[13.69511,53.50094],[13.68736,53.49187],[13.68854,53.48872],[13.69252,53.48914],[13.70646,53.47981],[13.71007,53.47906],[13.71772,53.48251],[13.72149,53.48173],[13.72646,53.48286],[13.73578,53.48141],[13.74137,53.48581],[13.74704,53.48406],[13.74698,53.48138],[13.75298,53.47828],[13.77546,53.47614],[13.77894,53.47422],[13.78259,53.47432],[13.80203,53.47803],[13.81208,53.48394],[13.8271,53.49871],[13.82255,53.49867],[13.82126,53.50009],[13.81742,53.49948],[13.81405,53.5014],[13.80897,53.5018],[13.80146,53.49796],[13.79211,53.50822],[13.79246,53.51094],[13.78566,53.51322],[13.78223,53.51252],[13.77766,53.51371],[13.78043,53.52155],[13.77673,53.52705],[13.77638,53.53129],[13.78424,53.55184],[13.79135,53.55858],[13.79876,53.55734],[13.79967,53.5587],[13.80184,53.55568],[13.79941,53.55492],[13.79846,53.54569],[13.80539,53.54086],[13.82388,53.52114],[13.82173,53.51811],[13.8484,53.51431],[13.87927,53.50414],[13.87392,53.49059],[13.87623,53.48701],[13.88184,53.48677],[13.88459,53.48534],[13.87559,53.47347],[13.91821,53.456],[13.91656,53.45357],[13.91826,53.45203],[13.91751,53.44653],[13.90925,53.44563],[13.90629,53.44388],[13.91214,53.43842],[13.91139,53.43654],[13.90289,53.43203],[13.90755,53.42624],[13.91637,53.42227],[13.91805,53.42181],[13.92436,53.42554],[13.94649,53.43081],[13.96208,53.4299],[14.00122,53.43499],[14.00659,53.43041],[14.0456,53.42943],[14.05058,53.41399],[14.05661,53.41252],[14.0712,53.41499],[14.08222,53.41091],[14.08385,53.41227],[14.08229,53.41558],[14.09392,53.42212],[14.10543,53.42243],[14.10928,53.42913],[14.12184,53.44171],[14.13401,53.43904],[14.13676,53.441],[14.17696,53.42287],[14.18957,53.42212],[14.20591,53.42303],[14.21526,53.42992],[14.22466,53.43425],[14.23299,53.42815],[14.2353,53.42872],[14.23736,53.42766],[14.24179,53.42244],[14.23736,53.41469],[14.24327,53.39876],[14.24314,53.39232],[14.23106,53.36809],[14.22341,53.35856],[14.20523,53.34229],[14.18402,53.32763],[14.13881,53.30233],[14.10965,53.28264],[14.10357,53.27486],[14.09882,53.26167],[14.11451,53.26043],[14.11429,53.2617],[14.11704,53.26172],[14.11752,53.26018],[14.12479,53.26023],[14.14252,53.26544],[14.16024,53.26781],[14.17191,53.26465],[14.17598,53.26207],[14.18644,53.26056],[14.196,53.26157],[14.19792,53.26067],[14.20016,53.26177],[14.21106,53.25481],[14.22467,53.25674],[14.22926,53.25595],[14.25218,53.25721],[14.26605,53.25959],[14.26219,53.2766],[14.30185,53.28622],[14.30167,53.28914],[14.31302,53.30203],[14.31657,53.31234],[14.34866,53.30997],[14.35025,53.31376],[14.36193,53.31521],[14.36164,53.31756],[14.3693,53.3175],[14.3725,53.3157],[14.37664,53.31628],[14.38057,53.31994],[14.38154,53.32389],[14.39537,53.32888],[14.40307,53.3301],[14.41238,53.32959],[14.40833,53.3357],[14.40548,53.34709],[14.39032,53.35371],[14.39531,53.36936],[14.39479,53.37572],[14.38923,53.38783],[14.37328,53.40895],[14.37317,53.41826],[14.36973,53.42398],[14.36862,53.43261],[14.37188,53.44781],[14.37128,53.45644],[14.35803,53.45731],[14.35345,53.48228],[14.35416,53.48857],[14.35065,53.49601],[14.32688,53.50381],[14.31575,53.52515],[14.31936,53.52983],[14.31585,53.53693],[14.30577,53.54392],[14.30728,53.55134],[14.30256,53.5534],[14.31396,53.56523],[14.31183,53.57941],[14.31695,53.61807],[14.31111,53.61845],[14.28385,53.63444],[14.28464,53.6588],[14.279,53.66308],[14.27538,53.66257],[14.2709,53.6653],[14.27167,53.66778],[14.27694,53.66953],[14.28111,53.67295],[14.28368,53.6825],[14.27255,53.68936],[14.27192,53.6936],[14.26681,53.6987],[14.26773,53.70463],[14.27193,53.70585],[14.26833,53.70845],[14.273,53.73784],[14.27158,53.74071],[14.27353,53.74435],[14.26695,53.75349],[14.2836,53.7723],[14.27043,53.78995],[14.17852,53.8068],[14.12022,53.80788],[14.07311,53.8116],[14.02297,53.81022],[13.98686,53.81221],[13.96789,53.81516],[13.92031,53.82567],[13.90445,53.82408],[13.8896,53.82719],[13.85134,53.84506],[13.84071,53.84707],[13.82246,53.8477],[13.81863,53.85922],[13.82665,53.86562],[13.82939,53.87433],[13.82615,53.87763],[13.83374,53.87898],[13.84722,53.87795],[13.85131,53.88833],[13.86475,53.90046],[13.86883,53.9011],[13.88737,53.91016],[13.90036,53.90995],[13.90329,53.911],[13.9104,53.91532],[13.91411,53.92186],[13.90825,53.93045],[13.89866,53.93564],[13.89415,53.94269],[13.88457,53.94443],[13.88132,53.9498],[13.86979,53.95239],[13.86576,53.94988],[13.8566,53.9501],[13.85263,53.95276],[13.85167,53.95669],[13.8551,53.96053],[13.85385,53.96463],[13.83945,53.97674],[13.83382,53.98443],[13.8209,53.9886],[13.81088,53.9953],[13.79554,53.99581],[13.79149,53.99904],[13.78269,54.0026],[13.77417,54.00964],[13.76873,54.01072],[13.76041,54.0154],[13.75787,54.02797],[13.75574,54.02835],[13.75365,54.02646],[13.75033,54.0262],[13.7436,54.02872],[13.74432,54.03263],[13.7614,54.03565],[13.77187,54.04282],[13.77639,54.04501],[13.77791,54.0443],[13.78265,54.04754],[13.78539,54.05367],[13.78256,54.05939],[13.77883,54.0555],[13.77381,54.0598],[13.78504,54.06557],[13.78721,54.06328],[13.79017,54.06441],[13.78949,54.07093],[13.79534,54.07755],[13.79337,54.08552],[13.79576,54.09003],[13.80345,54.09612],[13.80467,54.09472],[13.80634,54.09574],[13.80875,54.10045],[13.80322,54.10511],[13.78672,54.11001],[13.78109,54.11495],[13.78171,54.11319],[13.77356,54.1179],[13.76868,54.12322],[13.76828,54.12666],[13.76372,54.12698],[13.74731,54.1346],[13.75157,54.13479],[13.75054,54.1382],[13.74803,54.13812],[13.74907,54.13978],[13.73397,54.13595],[13.71869,54.14458],[13.69739,54.14892],[13.69562,54.15794],[13.71072,54.15993],[13.7183,54.16323],[13.71182,54.16876],[13.70626,54.17118],[13.69668,54.17194],[13.68584,54.16767],[13.67844,54.16296],[13.65295,54.1537],[13.64743,54.1572],[13.64542,54.15609],[13.64401,54.15698],[13.64113,54.15385],[13.64573,54.15082],[13.63266,54.1429],[13.62348,54.13966],[13.57597,54.13181],[13.57424,54.13512],[13.5724,54.1318],[13.55972,54.13046],[13.52915,54.13106],[13.49255,54.12521],[13.48599,54.12278],[13.47703,54.11879],[13.47695,54.11575],[13.47917,54.11239],[13.48057,54.11298],[13.48301,54.11153],[13.48714,54.10038],[13.49979,54.09064],[13.50185,54.08711],[13.50007,54.08466],[13.4894,54.08385],[13.47913,54.08678],[13.46851,54.0871],[13.45809,54.09084],[13.46017,54.09558],[13.4481,54.10184],[13.45152,54.10257],[13.4512,54.10517],[13.44763,54.10545],[13.43919,54.11227],[13.43997,54.12302],[13.43017,54.13555],[13.42603,54.1395],[13.42093,54.14035],[13.41209,54.14635],[13.40674,54.14704],[13.40633,54.14864],[13.40956,54.1502],[13.40801,54.15316],[13.41421,54.15762],[13.41455,54.16375],[13.42217,54.16741],[13.42222,54.1703],[13.41928,54.17284],[13.40643,54.17849],[13.39441,54.18121],[13.40019,54.17831],[13.3998,54.16964],[13.39206,54.17156],[13.38886,54.17475],[13.379,54.17711],[13.37352,54.17587],[13.36286,54.17055],[13.35744,54.17022],[13.35602,54.16791],[13.34993,54.16776],[13.347,54.16529],[13.34335,54.16554],[13.34187,54.16735],[13.33727,54.1675],[13.33384,54.16447],[13.32951,54.16505],[13.32173,54.16003],[13.31639,54.16013],[13.32319,54.16505],[13.3297,54.16736],[13.33525,54.17395],[13.34066,54.17383],[13.34103,54.1753],[13.3378,54.17518],[13.33666,54.177],[13.34461,54.17817],[13.35749,54.18336],[13.36136,54.18225],[13.36536,54.18315],[13.37054,54.18053],[13.37142,54.18128],[13.36533,54.1853],[13.35568,54.18466],[13.3447,54.18111],[13.34161,54.18241],[13.32814,54.18328],[13.3194,54.19351],[13.29799,54.17839],[13.2887,54.16521],[13.28764,54.16008],[13.29273,54.1506],[13.28735,54.14906],[13.29149,54.13918],[13.29064,54.13378],[13.26627,54.13163],[13.25208,54.12864],[13.24437,54.12295],[13.24671,54.11998],[13.23947,54.12188],[13.23625,54.12046],[13.22007,54.12025],[13.21651,54.11789],[13.21978,54.11027],[13.22413,54.10575],[13.2454,54.10189],[13.24845,54.0998],[13.25723,54.08432],[13.26178,54.08139],[13.28891,54.07293],[13.27776,54.06349],[13.26864,54.06358],[13.26367,54.0662],[13.2484,54.06781],[13.24316,54.0634],[13.23524,54.06095],[13.23127,54.05326],[13.2247,54.05369],[13.22073,54.04824],[13.21296,54.04487],[13.21372,54.0401],[13.21009,54.03835],[13.20774,54.0348],[13.20462,54.03442],[13.19499,54.03732],[13.19493,54.03515],[13.19069,54.03613],[13.18165,54.03119],[13.17565,54.03156],[13.15441,54.02786],[13.1573,54.02158],[13.13099,54.02254],[13.1312,54.02713],[13.12952,54.02547],[13.10828,54.03101],[13.1106,54.03839],[13.0999,54.03943],[13.09697,54.03534],[13.08771,54.03749],[13.08399,54.03139],[13.08105,54.02987],[13.07861,54.03178],[13.0614,54.02916],[13.05433,54.02576],[13.04072,54.02542],[13.02858,54.01985],[13.02268,54.01359],[12.99656,54.01676],[12.99253,54.00867],[12.98692,54.00379]]],[[[13.33204,54.16982],[13.33203,54.16959],[13.33223,54.16919],[13.33223,54.16899],[13.3323,54.1688],[13.33269,54.16875],[13.333,54.16886],[13.3333,54.16886],[13.33367,54.16881],[13.33391,54.16892],[13.33408,54.16902],[13.33431,54.1691],[13.33437,54.16931],[13.33429,54.16952],[13.33422,54.16984],[13.33439,54.17001],[13.33457,54.1702],[13.33435,54.17033],[13.33393,54.17028],[13.33346,54.17017],[13.33311,54.17004],[13.33302,54.16985],[13.33277,54.16981],[13.33234,54.16989],[13.33204,54.16982]]],[[[13.3488,54.17698],[13.34899,54.17643],[13.34968,54.1761],[13.35054,54.17578],[13.35156,54.1758],[13.35186,54.17615],[13.35125,54.17641],[13.35091,54.17661],[13.35083,54.17697],[13.35047,54.17743],[13.34993,54.17764],[13.34944,54.17755],[13.34894,54.17733],[13.3488,54.17698]]],[[[13.35423,54.18003],[13.35423,54.17981],[13.35423,54.17958],[13.3542,54.17936],[13.35418,54.17921],[13.35437,54.17911],[13.35468,54.17912],[13.35491,54.17924],[13.35502,54.17945],[13.35505,54.17969],[13.35502,54.17989],[13.35511,54.18006],[13.35531,54.18023],[13.35545,54.18046],[13.3555,54.1807],[13.35552,54.18093],[13.35538,54.18113],[13.35502,54.18113],[13.35475,54.18109],[13.35462,54.18094],[13.35461,54.18071],[13.35458,54.18053],[13.35444,54.18039],[13.35429,54.18022],[13.35423,54.18003]]],[[[13.7493,54.15847],[13.7518,54.15615],[13.75101,54.14983],[13.75809,54.13456],[13.77211,54.134],[13.77641,54.12683],[13.77483,54.12011],[13.77772,54.11906],[13.77603,54.12056],[13.77918,54.12048],[13.78417,54.11889],[13.78594,54.11476],[13.7925,54.1109],[13.80638,54.10976],[13.81297,54.09877],[13.81152,54.09295],[13.80817,54.09053],[13.80834,54.08156],[13.80546,54.07898],[13.80704,54.07838],[13.8008,54.07481],[13.79775,54.06849],[13.79794,54.06196],[13.78809,54.05601],[13.79072,54.05252],[13.79057,54.04868],[13.78457,54.04622],[13.78124,54.03855],[13.77732,54.04122],[13.77289,54.04083],[13.7715,54.03723],[13.76481,54.03097],[13.7638,54.02566],[13.7705,54.01883],[13.7785,54.01958],[13.78008,54.018],[13.78708,54.01756],[13.80129,54.01874],[13.8098,54.03095],[13.81646,54.03298],[13.82086,54.03752],[13.83837,54.04022],[13.8475,54.04355],[13.84502,54.0447],[13.84742,54.04674],[13.85517,54.04702],[13.85525,54.04851],[13.85894,54.04811],[13.87028,54.04347],[13.87305,54.0391],[13.87589,54.04177],[13.86815,54.04562],[13.87535,54.04365],[13.87968,54.04026],[13.87917,54.03651],[13.87411,54.03229],[13.8698,54.03427],[13.87035,54.03647],[13.86597,54.03304],[13.86368,54.02213],[13.85736,54.01843],[13.85324,54.01368],[13.85335,54.00438],[13.85552,54.00197],[13.86159,53.99975],[13.86443,54.00639],[13.86697,54.00747],[13.87249,54.00781],[13.87533,54.00951],[13.88706,54.00972],[13.88868,54.01187],[13.8921,54.01111],[13.89868,54.01207],[13.90723,54.02024],[13.90953,54.02626],[13.91461,54.02874],[13.91732,54.03335],[13.92407,54.0358],[13.91551,54.04679],[13.91266,54.04727],[13.91209,54.04387],[13.90735,54.04311],[13.91097,54.04681],[13.91332,54.05591],[13.91722,54.06052],[13.91069,54.06258],[13.91119,54.06399],[13.94143,54.06165],[13.95136,54.05898],[13.96596,54.05946],[13.96838,54.06245],[13.97326,54.064],[13.97699,54.06212],[13.97134,54.06182],[13.96887,54.05944],[13.97508,54.05709],[13.97845,54.05306],[13.9816,54.05309],[13.98103,54.05088],[13.98427,54.04893],[13.99265,54.04627],[13.99769,54.0415],[13.99932,54.03107],[14.00463,54.02298],[14.00292,54.02283],[14.00436,54.01066],[14.01197,54.01007],[14.01761,54.01502],[14.0181,54.01684],[14.01474,54.02033],[14.01644,54.02148],[14.01856,54.01779],[14.02334,54.01874],[14.03271,54.01711],[14.04138,54.00872],[14.0433,54.00183],[14.03738,53.99858],[14.04306,53.99957],[14.04758,53.99744],[14.04648,53.99342],[14.04887,53.98065],[14.04294,53.96791],[14.04325,53.96233],[14.03503,53.95],[14.03693,53.94655],[14.03989,53.94661],[14.03994,53.94789],[14.04353,53.94619],[14.04018,53.94072],[14.03391,53.94093],[14.03305,53.94287],[14.03062,53.94213],[14.02765,53.94379],[14.02819,53.94557],[14.02629,53.94426],[14.02142,53.94631],[14.02042,53.94525],[14.01179,53.94932],[14.01014,53.95399],[14.01424,53.95679],[14.02345,53.95813],[14.02292,53.95997],[14.01779,53.95883],[14.01658,53.96003],[14.01924,53.9611],[14.02451,53.96052],[14.0233,53.96221],[14.01922,53.96264],[14.00431,53.95912],[13.99521,53.96281],[13.98409,53.95941],[13.98606,53.96158],[13.98368,53.9621],[13.96352,53.95704],[13.9713,53.9508],[13.96747,53.9495],[13.95867,53.93864],[13.9596,53.93399],[13.95271,53.93493],[13.95136,53.94596],[13.95305,53.94959],[13.95822,53.95302],[13.94997,53.95887],[13.97223,53.96961],[13.96921,53.97241],[13.96309,53.97344],[13.96552,53.97957],[13.96388,53.98207],[13.96578,53.9847],[13.96503,53.9898],[13.96004,53.99222],[13.94511,53.99458],[13.93728,53.99359],[13.9351,53.99171],[13.93047,53.99081],[13.91215,53.99132],[13.90595,53.98954],[13.89962,53.98227],[13.89514,53.96649],[13.89773,53.96256],[13.92269,53.95063],[13.92419,53.94262],[13.93217,53.93586],[13.93383,53.92497],[13.932,53.92028],[13.93826,53.9138],[13.93797,53.90895],[13.93331,53.90688],[13.93078,53.8987],[13.9237,53.89356],[13.9245,53.89085],[13.92123,53.88974],[13.92147,53.88797],[13.90296,53.88545],[13.90153,53.88209],[13.89342,53.87717],[13.88051,53.87644],[13.87429,53.87786],[13.85902,53.87165],[13.85072,53.87042],[13.8386,53.8724],[13.83414,53.87101],[13.83403,53.8683],[13.83111,53.86669],[13.83203,53.86433],[13.82915,53.86198],[13.82972,53.85764],[13.82179,53.85703],[13.82615,53.84969],[13.84657,53.85103],[13.85688,53.84698],[13.85863,53.84553],[13.85585,53.84493],[13.85905,53.84314],[13.85963,53.84424],[13.86328,53.84269],[13.87494,53.84251],[13.88148,53.83979],[13.88329,53.84123],[13.89824,53.83991],[13.91784,53.84522],[13.92155,53.84977],[13.92034,53.85324],[13.92278,53.85468],[13.92394,53.85882],[13.92878,53.86206],[13.92828,53.86985],[13.93151,53.87037],[13.93611,53.86752],[13.95245,53.86282],[13.95506,53.86032],[13.95369,53.85329],[13.94991,53.84996],[13.93645,53.8477],[13.92331,53.85209],[13.92175,53.84702],[13.93901,53.84344],[13.96184,53.84621],[13.98012,53.85021],[13.99099,53.84845],[13.99596,53.85415],[14.0088,53.85911],[14.01971,53.8693],[14.02731,53.86936],[14.03368,53.87334],[14.04092,53.87451],[14.06279,53.86946],[14.0744,53.87081],[14.08555,53.87483],[14.09887,53.8709],[14.11301,53.87032],[14.11489,53.86913],[14.1258,53.87186],[14.13844,53.87035],[14.16368,53.87216],[14.17478,53.87194],[14.17906,53.87072],[14.18939,53.87256],[14.19813,53.8711],[14.20835,53.86509],[14.21129,53.86713],[14.21308,53.86648],[14.21537,53.88118],[14.2123,53.90029],[14.20395,53.90663],[14.20587,53.91057],[14.18532,53.91197],[14.18531,53.9141],[14.19109,53.91577],[14.20765,53.91587],[14.22632,53.92864],[14.20569,53.93641],[14.18179,53.94842],[14.14219,53.97688],[14.04999,54.02941],[14.01622,54.05389],[13.96728,54.07033],[13.93827,54.07474],[13.92671,54.07823],[13.89077,54.09233],[13.87007,54.10296],[13.84581,54.12],[13.83325,54.13194],[13.82095,54.14955],[13.81583,54.16161],[13.8137,54.16285],[13.81541,54.16365],[13.81224,54.16956],[13.80892,54.16951],[13.80458,54.17281],[13.79529,54.1745],[13.77394,54.17236],[13.75754,54.1677],[13.75822,54.16656],[13.7493,54.15847]]],[[[13.76829,54.20548],[13.76829,54.20199],[13.77073,54.20074],[13.77435,54.20806],[13.76924,54.20911],[13.76829,54.20548]]],[[[13.80324,54.17773],[13.80468,54.17621],[13.8122,54.17631],[13.81071,54.17819],[13.80324,54.17773]]],[[[13.80613,54.17347],[13.80929,54.16995],[13.81312,54.1704],[13.81192,54.17355],[13.80835,54.17435],[13.80613,54.17347]]],[[[13.81042,54.17481],[13.81058,54.17461],[13.81109,54.17443],[13.81153,54.17423],[13.81187,54.17411],[13.81225,54.17411],[13.81253,54.1742],[13.81259,54.17435],[13.81254,54.17452],[13.81254,54.17475],[13.81258,54.175],[13.81257,54.17526],[13.81234,54.17545],[13.81195,54.1755],[13.81148,54.17546],[13.81112,54.17539],[13.81079,54.17525],[13.81048,54.17502],[13.81042,54.17481]]],[[[13.80179,54.0816],[13.80469,54.07919],[13.80382,54.0833],[13.80619,54.08443],[13.80312,54.08449],[13.80179,54.0816]]],[[[13.90668,54.24044],[13.91449,54.24223],[13.91737,54.24523],[13.92664,54.24915],[13.92308,54.25107],[13.91756,54.2512],[13.91601,54.24813],[13.90862,54.24414],[13.91002,54.24265],[13.90668,54.24044]]],[[[13.91639,54.0231],[13.91763,54.01928],[13.92217,54.01669],[13.92638,54.01623],[13.92689,54.0184],[13.92375,54.02177],[13.9246,54.02355],[13.93137,54.0244],[13.93367,54.02604],[13.93198,54.03058],[13.92475,54.02965],[13.91639,54.0231]]],[[[13.95775,53.9427],[13.95795,53.94111],[13.96053,53.94156],[13.95947,53.94358],[13.95775,53.9427]]],[[[14.024,53.95123],[14.02422,53.9504],[14.02438,53.94996],[14.02469,53.94964],[14.02511,53.9494],[14.02546,53.94899],[14.02588,53.94878],[14.02655,53.94862],[14.02726,53.9484],[14.02769,53.94779],[14.02842,53.94725],[14.02882,53.94738],[14.02885,53.94772],[14.02877,53.94801],[14.02834,53.94865],[14.02819,53.94917],[14.02834,53.94943],[14.02819,53.94985],[14.02785,53.95033],[14.02733,53.95108],[14.02664,53.9515],[14.02587,53.95163],[14.02491,53.95175],[14.02422,53.95151],[14.024,53.95123]]],[[[14.03108,53.94446],[14.03132,53.94428],[14.03184,53.94408],[14.03226,53.94402],[14.03278,53.94414],[14.03316,53.94437],[14.03351,53.94468],[14.03396,53.94517],[14.03416,53.94556],[14.03412,53.94599],[14.03395,53.94634],[14.0334,53.94652],[14.03288,53.94651],[14.0324,53.94641],[14.03183,53.94614],[14.03157,53.94566],[14.03142,53.94524],[14.03112,53.94483],[14.03108,53.94446]]]]}},{"type":"Feature","id":"13076","bbox":[10.59367,53.1103,12.36641,53.79706],"properties":{"id":"13076","name":"Ludwigslust-Parchim","typ":"Landkreis","bundeslandAlt":"Mecklenburg-Vorpommern","bezirkAlt":"Mecklenburg-Vorpommern","neueKreise":["Ludwigslust","Parchim"],"quelle":"VG250 / Bezirkseinführungsgesetz"},"geometry":{"type":"MultiPolygon","coordinates":[[[[10.59367,53.36786],[10.59505,53.36393],[10.61193,53.36914],[10.6307,53.37077],[10.65503,53.36818],[10.67681,53.36746],[10.69305,53.37042],[10.70312,53.36942],[10.72846,53.35667],[10.73809,53.34234],[10.74666,53.34028],[10.75124,53.34079],[10.75561,53.33861],[10.75877,53.34029],[10.76308,53.33885],[10.76259,53.33632],[10.75766,53.33261],[10.75965,53.32999],[10.76289,53.329],[10.76757,53.33046],[10.77071,53.32868],[10.77159,53.32532],[10.79326,53.31557],[10.8262,53.31239],[10.82865,53.30691],[10.83059,53.30757],[10.83581,53.30497],[10.83972,53.30817],[10.85079,53.31],[10.85084,53.31428],[10.85341,53.31587],[10.86751,53.3161],[10.87024,53.31772],[10.8717,53.32159],[10.86604,53.32691],[10.87159,53.32628],[10.87261,53.32398],[10.87834,53.32331],[10.88053,53.3211],[10.88549,53.3243],[10.88803,53.32438],[10.8885,53.32719],[10.88055,53.33023],[10.88032,53.33553],[10.89265,53.33431],[10.89471,53.33666],[10.89654,53.33631],[10.89642,53.33441],[10.89924,53.3342],[10.90504,53.33755],[10.90968,53.33769],[10.91936,53.34842],[10.92825,53.34812],[10.93374,53.34308],[10.93169,53.34083],[10.93401,53.33929],[10.95554,53.33346],[10.95936,53.33853],[10.988,53.33343],[10.98266,53.32754],[10.9885,53.3245],[10.99144,53.32597],[10.99567,53.32115],[10.99908,53.32102],[10.9985,53.31569],[11.00331,53.31082],[11.00226,53.3052],[11.0087,53.30064],[11.00297,53.29355],[11.00836,53.29176],[11.00946,53.28148],[11.02105,53.28143],[11.02757,53.27894],[11.03502,53.27085],[11.03945,53.26245],[11.04713,53.2577],[11.04735,53.25509],[11.05682,53.24599],[11.06226,53.23545],[11.06773,53.23128],[11.07185,53.23021],[11.07404,53.22554],[11.07854,53.22367],[11.08014,53.22052],[11.08706,53.21836],[11.09008,53.21426],[11.10263,53.21085],[11.11552,53.20451],[11.13849,53.2025],[11.13651,53.1994],[11.14499,53.19778],[11.1367,53.19184],[11.16289,53.18786],[11.17989,53.18668],[11.19411,53.18119],[11.19533,53.17674],[11.19095,53.17153],[11.18908,53.16562],[11.18222,53.16243],[11.17941,53.15862],[11.17186,53.15664],[11.17796,53.15045],[11.18457,53.13642],[11.19202,53.13483],[11.1983,53.13666],[11.21017,53.14353],[11.22338,53.14377],[11.23495,53.14113],[11.2457,53.13642],[11.26573,53.12198],[11.27541,53.12057],[11.28297,53.12144],[11.28391,53.12],[11.28988,53.1187],[11.29042,53.1169],[11.31025,53.11623],[11.31724,53.12001],[11.32024,53.11865],[11.32472,53.1193],[11.3293,53.11793],[11.33179,53.11684],[11.33031,53.11544],[11.33662,53.11375],[11.36072,53.11622],[11.36899,53.11436],[11.37091,53.11156],[11.37275,53.11271],[11.3833,53.11095],[11.38679,53.11255],[11.39377,53.1103],[11.39389,53.11179],[11.40057,53.11582],[11.3918,53.12965],[11.39563,53.14],[11.4047,53.13691],[11.4139,53.1367],[11.42176,53.14095],[11.43867,53.13669],[11.44405,53.13721],[11.44833,53.13952],[11.46084,53.14023],[11.47371,53.13461],[11.47343,53.12725],[11.48408,53.12903],[11.50048,53.12642],[11.50222,53.12139],[11.50778,53.12269],[11.51005,53.12554],[11.53457,53.12532],[11.53637,53.12924],[11.54851,53.13082],[11.54694,53.13475],[11.55596,53.13878],[11.55008,53.15107],[11.5521,53.15188],[11.55277,53.15005],[11.55652,53.15042],[11.55587,53.15409],[11.56497,53.16421],[11.56947,53.16661],[11.56893,53.17048],[11.56255,53.17583],[11.56708,53.18249],[11.55782,53.18486],[11.55979,53.18741],[11.55671,53.19424],[11.55807,53.20107],[11.56058,53.20267],[11.55159,53.20841],[11.56155,53.21242],[11.57071,53.21326],[11.57608,53.21203],[11.58896,53.21584],[11.59904,53.22498],[11.60403,53.22758],[11.61685,53.2306],[11.6197,53.23768],[11.62592,53.24137],[11.62924,53.24222],[11.6402,53.23865],[11.65362,53.23917],[11.66072,53.24137],[11.66278,53.2438],[11.66701,53.24422],[11.67333,53.24402],[11.67685,53.24201],[11.69095,53.24176],[11.69543,53.24438],[11.70002,53.24398],[11.70253,53.23994],[11.70852,53.2375],[11.70737,53.23424],[11.71363,53.23284],[11.71463,53.23051],[11.71748,53.23171],[11.72753,53.23166],[11.72761,53.21932],[11.72933,53.21715],[11.74046,53.21822],[11.75546,53.22209],[11.75775,53.22415],[11.76907,53.22749],[11.78357,53.22728],[11.7877,53.2287],[11.79448,53.22623],[11.80427,53.22746],[11.80847,53.22645],[11.81615,53.22719],[11.81834,53.22906],[11.82889,53.22866],[11.82873,53.23123],[11.83299,53.23204],[11.82961,53.23651],[11.82479,53.23844],[11.81722,53.24525],[11.80357,53.24686],[11.79607,53.25335],[11.80045,53.25465],[11.80948,53.25261],[11.81667,53.25419],[11.83349,53.25161],[11.84679,53.25146],[11.84866,53.2497],[11.85205,53.25018],[11.85282,53.24897],[11.86175,53.24822],[11.86686,53.25655],[11.87216,53.26029],[11.88482,53.26454],[11.88986,53.26905],[11.89274,53.27276],[11.8926,53.27898],[11.89873,53.27831],[11.9047,53.27459],[11.91837,53.2733],[11.94542,53.27434],[11.94806,53.27177],[11.95425,53.27381],[11.95622,53.2788],[11.96211,53.28408],[11.96571,53.28523],[11.97161,53.29207],[11.97386,53.29916],[11.98647,53.29983],[11.9877,53.29566],[11.99707,53.29391],[12.00282,53.29964],[12.01853,53.29959],[12.02364,53.30414],[12.01851,53.31543],[12.02208,53.32129],[12.01461,53.33442],[12.02315,53.33683],[12.02272,53.33796],[12.03927,53.34425],[12.03871,53.34508],[12.05642,53.34966],[12.05269,53.35325],[12.05459,53.35406],[12.05152,53.36022],[12.04716,53.36095],[12.04806,53.36503],[12.05137,53.36687],[12.04528,53.37099],[12.05579,53.37043],[12.06162,53.37142],[12.06574,53.36972],[12.07755,53.36939],[12.07967,53.36697],[12.07923,53.35852],[12.08208,53.3463],[12.09209,53.34486],[12.10917,53.34381],[12.10846,53.34994],[12.13469,53.34857],[12.13485,53.35151],[12.1392,53.35468],[12.13944,53.36142],[12.14126,53.35906],[12.15195,53.36151],[12.1558,53.35606],[12.15651,53.34972],[12.16856,53.33912],[12.18685,53.34333],[12.18744,53.34632],[12.18494,53.34699],[12.18621,53.3507],[12.19112,53.35395],[12.19775,53.35272],[12.21219,53.35316],[12.2216,53.35734],[12.22944,53.35816],[12.23643,53.34198],[12.24251,53.33778],[12.24529,53.33301],[12.25244,53.33151],[12.26001,53.32772],[12.25747,53.32502],[12.26021,53.32391],[12.26462,53.325],[12.27184,53.32406],[12.27956,53.32781],[12.2913,53.32868],[12.31077,53.32724],[12.31102,53.32322],[12.3251,53.3213],[12.33175,53.31801],[12.34477,53.3339],[12.3379,53.34209],[12.32661,53.34393],[12.32654,53.34682],[12.33486,53.35015],[12.30237,53.34987],[12.30239,53.35709],[12.30516,53.35703],[12.30471,53.37086],[12.2903,53.37127],[12.28999,53.37591],[12.28513,53.3731],[12.27515,53.3788],[12.30763,53.39386],[12.31251,53.39068],[12.31609,53.39076],[12.31614,53.39528],[12.31238,53.39657],[12.31109,53.39995],[12.30279,53.40589],[12.30355,53.4143],[12.30731,53.41495],[12.31035,53.41345],[12.31174,53.41478],[12.30426,53.41839],[12.30049,53.42484],[12.30922,53.43137],[12.3108,53.43948],[12.30788,53.44737],[12.31577,53.45359],[12.32771,53.45241],[12.33326,53.45632],[12.3413,53.45931],[12.34461,53.46232],[12.35075,53.4747],[12.36641,53.47935],[12.33585,53.47918],[12.33632,53.47828],[12.33068,53.47814],[12.32457,53.48132],[12.31691,53.49215],[12.31875,53.49306],[12.3007,53.49853],[12.30229,53.50082],[12.3003,53.50759],[12.28894,53.51788],[12.29346,53.52112],[12.29403,53.52966],[12.30461,53.55393],[12.30243,53.55735],[12.30617,53.56272],[12.30562,53.5677],[12.29033,53.57024],[12.28745,53.57471],[12.28866,53.57795],[12.28486,53.58118],[12.25311,53.58249],[12.25025,53.5834],[12.24931,53.59071],[12.23484,53.59571],[12.21821,53.59845],[12.20919,53.60324],[12.21446,53.61068],[12.20224,53.62332],[12.19886,53.64258],[12.18266,53.64221],[12.18381,53.64101],[12.16899,53.63998],[12.15983,53.63613],[12.14913,53.63565],[12.13911,53.6361],[12.1315,53.64221],[12.12836,53.64159],[12.13116,53.64296],[12.11997,53.64761],[12.10603,53.64207],[12.10535,53.64436],[12.10057,53.64522],[12.0963,53.64487],[12.09563,53.64274],[12.09062,53.64349],[12.08948,53.64557],[12.08102,53.64829],[12.07755,53.65397],[12.07436,53.65565],[12.07168,53.65404],[12.06971,53.66145],[12.05036,53.66593],[12.05309,53.67015],[12.0504,53.67243],[12.05232,53.6743],[12.04895,53.67715],[12.04585,53.67637],[12.04695,53.67507],[12.04505,53.67457],[12.04178,53.67827],[12.03902,53.6773],[12.03495,53.68593],[12.02651,53.6922],[12.03476,53.70003],[12.02654,53.70706],[12.02805,53.70879],[12.0333,53.70904],[12.0355,53.70777],[12.03876,53.7096],[12.03534,53.7138],[12.02035,53.71835],[12.0216,53.71215],[12.01568,53.71244],[12.01323,53.71589],[12.00779,53.71447],[12.007,53.72269],[12.0013,53.72304],[12.0007,53.72758],[11.99551,53.72826],[11.97619,53.72456],[11.97559,53.72951],[11.98282,53.72947],[11.99638,53.7344],[11.98378,53.74294],[11.9784,53.74369],[11.95861,53.73839],[11.93547,53.74268],[11.92828,53.73895],[11.91795,53.74015],[11.90811,53.7381],[11.90419,53.73626],[11.90507,53.73224],[11.88316,53.7365],[11.88057,53.74097],[11.8719,53.7462],[11.86956,53.74402],[11.8381,53.75141],[11.84427,53.75825],[11.8449,53.7608],[11.84187,53.76168],[11.84154,53.7639],[11.83309,53.76459],[11.82654,53.76258],[11.81867,53.76596],[11.81511,53.7656],[11.81241,53.76755],[11.81082,53.7665],[11.80582,53.76687],[11.79735,53.77078],[11.78952,53.76851],[11.77807,53.77044],[11.77174,53.76672],[11.76747,53.7676],[11.76476,53.76568],[11.76203,53.76765],[11.7628,53.77043],[11.75335,53.76806],[11.75181,53.76936],[11.75367,53.76984],[11.75379,53.77329],[11.76344,53.77565],[11.76062,53.7779],[11.76283,53.77859],[11.75198,53.77744],[11.75095,53.78344],[11.74041,53.7836],[11.73892,53.78123],[11.73268,53.78138],[11.72608,53.78595],[11.72956,53.78769],[11.72993,53.7895],[11.72568,53.79053],[11.7279,53.79396],[11.72377,53.79553],[11.72136,53.79464],[11.72133,53.79605],[11.71658,53.79706],[11.71325,53.79235],[11.70264,53.78916],[11.69591,53.78934],[11.69923,53.78404],[11.69507,53.7809],[11.6982,53.77909],[11.69682,53.77736],[11.6937,53.77679],[11.69327,53.78073],[11.67979,53.7877],[11.67285,53.78491],[11.6678,53.78475],[11.66607,53.78254],[11.66927,53.77898],[11.66867,53.77585],[11.66074,53.77432],[11.66171,53.77307],[11.66392,53.77356],[11.66572,53.77098],[11.66203,53.76729],[11.66417,53.76201],[11.66211,53.75903],[11.65633,53.76163],[11.65639,53.76445],[11.64961,53.76684],[11.64917,53.77249],[11.65343,53.77594],[11.63986,53.77739],[11.63141,53.76442],[11.62637,53.76077],[11.60946,53.76055],[11.60665,53.75887],[11.60194,53.76106],[11.58531,53.76098],[11.58072,53.76405],[11.57732,53.76263],[11.57606,53.76508],[11.5812,53.76684],[11.58013,53.76796],[11.57554,53.76618],[11.5735,53.76742],[11.56597,53.76651],[11.55219,53.76263],[11.54432,53.76879],[11.52871,53.76423],[11.52736,53.76212],[11.52209,53.76066],[11.53044,53.76855],[11.52506,53.76877],[11.5213,53.77094],[11.52577,53.77807],[11.51238,53.76954],[11.50767,53.77055],[11.49995,53.76973],[11.49638,53.77171],[11.48942,53.76693],[11.48899,53.76407],[11.49176,53.76183],[11.4893,53.7615],[11.48882,53.76005],[11.49265,53.75889],[11.49021,53.75776],[11.49705,53.75045],[11.50239,53.73543],[11.49654,53.71634],[11.49081,53.71075],[11.48583,53.70181],[11.48637,53.6916],[11.48028,53.68827],[11.47367,53.68732],[11.46948,53.69403],[11.46556,53.69645],[11.46109,53.69518],[11.45885,53.69177],[11.45768,53.69328],[11.45416,53.69138],[11.45135,53.6929],[11.4506,53.69158],[11.45655,53.6867],[11.46333,53.68425],[11.45999,53.68064],[11.45584,53.6817],[11.45278,53.68031],[11.44947,53.68068],[11.45168,53.6771],[11.46117,53.67831],[11.46692,53.68363],[11.47038,53.6844],[11.47556,53.68182],[11.48011,53.67635],[11.47974,53.67281],[11.48574,53.66652],[11.484,53.65967],[11.48569,53.65154],[11.48328,53.64832],[11.48425,53.63501],[11.49822,53.62879],[11.50329,53.62306],[11.50386,53.61443],[11.5012,53.61123],[11.50556,53.60667],[11.5004,53.60266],[11.49774,53.60464],[11.49474,53.60367],[11.49704,53.59757],[11.49072,53.59332],[11.48771,53.57978],[11.48185,53.57793],[11.48356,53.5828],[11.47564,53.58373],[11.4743,53.57962],[11.44995,53.57309],[11.45154,53.57042],[11.48056,53.56247],[11.4834,53.55856],[11.46588,53.55662],[11.46856,53.55263],[11.46145,53.5518],[11.46178,53.55014],[11.42451,53.54529],[11.42306,53.54955],[11.38409,53.54441],[11.38396,53.54595],[11.38825,53.54657],[11.38972,53.54938],[11.3909,53.55229],[11.38684,53.55267],[11.38879,53.55591],[11.3799,53.55413],[11.36764,53.55646],[11.38036,53.57784],[11.35638,53.59517],[11.35617,53.5968],[11.36175,53.59756],[11.36154,53.60178],[11.36622,53.60872],[11.36079,53.61347],[11.35746,53.61345],[11.35863,53.62445],[11.35179,53.62823],[11.34663,53.63377],[11.34163,53.63241],[11.33889,53.63307],[11.33044,53.63953],[11.33116,53.64046],[11.32598,53.64285],[11.3282,53.6451],[11.31801,53.64742],[11.30848,53.64725],[11.30157,53.65243],[11.29493,53.65063],[11.29117,53.65325],[11.28641,53.64787],[11.27927,53.6488],[11.28969,53.64294],[11.29049,53.64102],[11.2942,53.64043],[11.29439,53.63746],[11.2978,53.63733],[11.29936,53.63558],[11.30491,53.63655],[11.30719,53.63448],[11.30335,53.62908],[11.29551,53.62822],[11.29473,53.6303],[11.29266,53.62962],[11.29473,53.62715],[11.29365,53.62082],[11.29843,53.61965],[11.30652,53.62227],[11.3169,53.62123],[11.31342,53.616],[11.31467,53.61344],[11.30545,53.61102],[11.30419,53.60792],[11.2968,53.60397],[11.30099,53.60323],[11.30192,53.6004],[11.30182,53.59515],[11.2988,53.59243],[11.28267,53.58831],[11.27374,53.59575],[11.2606,53.59776],[11.25328,53.59692],[11.25287,53.59541],[11.24958,53.59568],[11.24543,53.58953],[11.24072,53.58811],[11.23963,53.59307],[11.23495,53.59602],[11.24045,53.60145],[11.23888,53.60071],[11.2348,53.60325],[11.22597,53.60288],[11.21615,53.59841],[11.20691,53.60114],[11.2075,53.59916],[11.20393,53.59743],[11.20133,53.59077],[11.20293,53.58494],[11.19849,53.58073],[11.16803,53.57024],[11.15916,53.57067],[11.14582,53.56644],[11.14168,53.56765],[11.14102,53.57003],[11.1429,53.57531],[11.14616,53.57631],[11.14625,53.5783],[11.14125,53.57838],[11.14108,53.57947],[11.1485,53.58623],[11.14566,53.5895],[11.14234,53.58973],[11.13409,53.59372],[11.11497,53.58873],[11.11509,53.59339],[11.10445,53.60198],[11.10233,53.60586],[11.10093,53.60443],[11.0987,53.60588],[11.09552,53.60522],[11.09197,53.60813],[11.08294,53.60558],[11.08057,53.60195],[11.07581,53.60372],[11.06569,53.60479],[11.06211,53.59898],[11.04077,53.59901],[11.03434,53.59636],[11.03302,53.59788],[11.01748,53.60281],[11.00979,53.60307],[11.00877,53.60812],[11.01327,53.6199],[11.00465,53.62533],[11.0019,53.62539],[11.00252,53.6313],[10.99959,53.63472],[10.99133,53.63707],[10.98976,53.63518],[10.98715,53.6358],[10.98006,53.64317],[10.97374,53.64239],[10.97056,53.64355],[10.96965,53.64577],[10.96424,53.64472],[10.95192,53.64762],[10.94961,53.64529],[10.94497,53.64678],[10.94765,53.64244],[10.92956,53.62871],[10.92226,53.60228],[10.91747,53.59932],[10.91859,53.59429],[10.92356,53.58925],[10.9238,53.58419],[10.9104,53.57176],[10.89483,53.57241],[10.88344,53.56914],[10.87222,53.56852],[10.86265,53.56461],[10.85595,53.56608],[10.85014,53.56527],[10.84219,53.57484],[10.83737,53.57578],[10.833,53.57454],[10.83145,53.57585],[10.82686,53.57617],[10.82282,53.57492],[10.82677,53.56714],[10.82441,53.55627],[10.82721,53.5542],[10.83191,53.54258],[10.81869,53.53392],[10.81842,53.52696],[10.82161,53.52401],[10.81452,53.52202],[10.81547,53.52016],[10.82461,53.51786],[10.82433,53.51374],[10.81064,53.51619],[10.78643,53.51046],[10.77778,53.49518],[10.76511,53.49107],[10.75601,53.48339],[10.75219,53.48433],[10.73124,53.47948],[10.72682,53.48135],[10.72074,53.47607],[10.70166,53.47826],[10.69297,53.45514],[10.65977,53.46117],[10.65204,53.46148],[10.64714,53.45742],[10.64108,53.45552],[10.6349,53.45603],[10.63422,53.45423],[10.63231,53.4548],[10.63332,53.45235],[10.63032,53.4511],[10.63057,53.44877],[10.62583,53.44336],[10.62618,53.44172],[10.62934,53.44094],[10.6245,53.43911],[10.62573,53.43761],[10.62361,53.43471],[10.6254,53.43359],[10.62287,53.43305],[10.62141,53.43048],[10.62271,53.42587],[10.61837,53.42537],[10.62014,53.42026],[10.61775,53.41653],[10.61887,53.40694],[10.61668,53.40509],[10.62097,53.40409],[10.61861,53.39881],[10.6214,53.39857],[10.61873,53.39708],[10.61827,53.38833],[10.61583,53.38683],[10.6169,53.38457],[10.60619,53.37928],[10.5991,53.37783],[10.59689,53.37046],[10.59367,53.36786]]],[[[11.36077,53.61918],[11.3682,53.61836],[11.36882,53.6191],[11.36282,53.62159],[11.36169,53.62074],[11.36077,53.61918]]],[[[11.66575,53.79321],[11.67779,53.78923],[11.67914,53.79058],[11.6891,53.78379],[11.69415,53.78222],[11.69516,53.7831],[11.69366,53.789],[11.6926,53.78789],[11.69079,53.78855],[11.69113,53.79238],[11.66575,53.79321]]]]}},{"type":"Feature","id":"14511","bbox":[12.72705,50.74131,13.05418,50.90383],"properties":{"id":"14511","name":"Chemnitz","typ":"Kreisfreie Stadt","bundeslandAlt":"Sachsen","bezirkAlt":"Sachsen","neueKreise":["Chemnitz"],"quelle":"VG250 / Bezirkseinführungsgesetz"},"geometry":{"type":"MultiPolygon","coordinates":[[[[12.72705,50.81743],[12.7396,50.82027],[12.73868,50.82125],[12.74297,50.82249],[12.74581,50.82218],[12.74765,50.82164],[12.74832,50.8182],[12.75343,50.81719],[12.76099,50.81297],[12.76822,50.81192],[12.76707,50.80509],[12.775,50.80296],[12.7784,50.78688],[12.78297,50.78583],[12.79546,50.78471],[12.80612,50.78799],[12.81663,50.78829],[12.82251,50.79234],[12.82262,50.79441],[12.82904,50.79535],[12.84061,50.80202],[12.84582,50.79771],[12.86571,50.79083],[12.87028,50.7906],[12.87381,50.78823],[12.87084,50.78571],[12.87391,50.78426],[12.86973,50.78177],[12.8711,50.77983],[12.87781,50.77959],[12.87852,50.78151],[12.88372,50.78141],[12.88958,50.78489],[12.89367,50.78296],[12.89489,50.78011],[12.8921,50.77516],[12.89729,50.77317],[12.89391,50.77038],[12.88728,50.76972],[12.88047,50.76617],[12.88119,50.76162],[12.89173,50.76316],[12.89427,50.7548],[12.89692,50.75203],[12.9036,50.7501],[12.91134,50.74409],[12.92334,50.7427],[12.92556,50.74131],[12.93671,50.74345],[12.93872,50.75024],[12.93623,50.75344],[12.94659,50.75602],[12.94705,50.75737],[12.95207,50.75882],[12.95865,50.75541],[12.96387,50.75033],[12.9645,50.75345],[12.96666,50.75316],[12.97179,50.75652],[12.97171,50.75803],[12.97824,50.76121],[12.97787,50.75786],[12.98025,50.75756],[12.98078,50.76223],[12.98573,50.76326],[12.98729,50.76499],[12.98528,50.76542],[12.99015,50.76745],[12.99143,50.77058],[12.98944,50.77152],[12.98951,50.77387],[12.9912,50.77491],[12.98815,50.77715],[12.99169,50.77983],[12.99848,50.77754],[13.00783,50.77093],[13.0141,50.77198],[13.01815,50.76983],[13.0208,50.77023],[13.02243,50.77209],[13.022,50.77667],[13.03187,50.7871],[13.02942,50.78995],[13.03517,50.79199],[13.03845,50.795],[13.04536,50.80636],[13.05303,50.80715],[13.05418,50.81036],[13.05002,50.81098],[13.04884,50.8143],[13.03957,50.81904],[13.04175,50.82247],[13.04342,50.82224],[13.0498,50.83448],[13.04881,50.8413],[13.0443,50.84125],[13.0362,50.84374],[13.03247,50.8481],[13.02082,50.84665],[13.01108,50.8494],[13.00751,50.85248],[12.99804,50.85066],[12.98687,50.85221],[12.98342,50.84669],[12.981,50.84789],[12.98404,50.85089],[12.98493,50.85388],[12.9832,50.85503],[12.98745,50.85882],[12.98648,50.86481],[12.99354,50.86724],[12.99317,50.87123],[12.99581,50.8736],[12.99849,50.87387],[12.98783,50.88228],[12.99198,50.88678],[12.98798,50.89467],[12.98578,50.89287],[12.98084,50.89286],[12.97863,50.89135],[12.97586,50.8927],[12.97766,50.89398],[12.97533,50.89481],[12.97373,50.89382],[12.96774,50.89516],[12.96455,50.89261],[12.95793,50.89179],[12.95324,50.89294],[12.95314,50.89105],[12.95531,50.89033],[12.95273,50.88976],[12.95176,50.8873],[12.94823,50.88712],[12.94702,50.89111],[12.94546,50.88956],[12.94097,50.89074],[12.93722,50.88873],[12.92697,50.88989],[12.92439,50.88898],[12.92434,50.88658],[12.92102,50.88626],[12.91101,50.89133],[12.89739,50.89217],[12.89911,50.89404],[12.89483,50.89509],[12.8985,50.89983],[12.89794,50.90199],[12.89133,50.90239],[12.88824,50.90383],[12.88284,50.90162],[12.87147,50.90036],[12.8691,50.90185],[12.86132,50.89828],[12.84871,50.89807],[12.83636,50.89133],[12.83789,50.88794],[12.83243,50.88806],[12.82755,50.88529],[12.82357,50.87678],[12.81925,50.8774],[12.81446,50.87235],[12.80427,50.86692],[12.80546,50.84863],[12.79288,50.84187],[12.79005,50.83726],[12.78857,50.83877],[12.78286,50.83657],[12.7877,50.83276],[12.78057,50.83029],[12.77838,50.83255],[12.77489,50.82834],[12.77638,50.82489],[12.77327,50.82344],[12.76586,50.83022],[12.76231,50.82926],[12.76556,50.82412],[12.76042,50.82293],[12.75722,50.82369],[12.75472,50.82244],[12.74501,50.82845],[12.73846,50.82924],[12.73697,50.82382],[12.72705,50.81743]]]]}},{"type":"Feature","id":"14521","bbox":[12.45773,50.39732,13.50185,50.80657],"properties":{"id":"14521","name":"Erzgebirgskreis","typ":"Landkreis","bundeslandAlt":"Sachsen","bezirkAlt":"Sachsen","neueKreise":["Annaberg-Stollberg","Westerzgebirge"],"quelle":"VG250 / Bezirkseinführungsgesetz"},"geometry":{"type":"MultiPolygon","coordinates":[[[[12.45773,50.50245],[12.46776,50.50013],[12.46828,50.49915],[12.46589,50.49866],[12.46174,50.49933],[12.46036,50.49729],[12.47871,50.48594],[12.48608,50.48817],[12.49294,50.49298],[12.49531,50.48393],[12.4922,50.47945],[12.49502,50.47844],[12.49366,50.46928],[12.49564,50.46739],[12.5002,50.46356],[12.53755,50.44336],[12.58403,50.42361],[12.58378,50.40708],[12.59294,50.40754],[12.59677,50.40565],[12.60294,50.4065],[12.61695,50.41561],[12.62668,50.41631],[12.64232,50.4113],[12.64917,50.41075],[12.66227,50.41217],[12.67312,50.41688],[12.68153,50.40984],[12.69571,50.40376],[12.69659,50.40106],[12.70706,50.39732],[12.70917,50.4021],[12.70695,50.40398],[12.70761,50.40783],[12.72071,50.4174],[12.7298,50.42167],[12.73461,50.4322],[12.79493,50.44945],[12.81062,50.43106],[12.81112,50.43582],[12.80665,50.44389],[12.81714,50.4501],[12.81938,50.4598],[12.83753,50.45413],[12.84905,50.44764],[12.8947,50.42975],[12.90296,50.42283],[12.90579,50.42219],[12.91239,50.42373],[12.92488,50.41624],[12.93641,50.41164],[12.93731,50.40633],[12.94407,50.40417],[12.94797,50.40428],[12.94745,50.4072],[12.94378,50.40601],[12.94049,50.40771],[12.9419,50.41149],[12.94617,50.41317],[12.9653,50.41493],[12.98345,50.41972],[12.98763,50.4226],[12.99598,50.43378],[13.01987,50.44673],[13.02386,50.45408],[13.01965,50.46075],[13.02017,50.47543],[13.02327,50.48311],[13.02254,50.48692],[13.03244,50.50097],[13.03175,50.50973],[13.03882,50.50958],[13.04281,50.51138],[13.05079,50.50733],[13.056,50.50126],[13.08535,50.50027],[13.09051,50.50199],[13.10147,50.50292],[13.11503,50.5098],[13.11986,50.51393],[13.12753,50.51757],[13.13267,50.51828],[13.13453,50.51435],[13.13864,50.51176],[13.13674,50.50642],[13.14362,50.50581],[13.15412,50.50851],[13.17109,50.506],[13.17811,50.50288],[13.18814,50.50392],[13.19527,50.50326],[13.19701,50.50536],[13.19469,50.51526],[13.20734,50.52157],[13.20961,50.53005],[13.22187,50.54197],[13.22209,50.54622],[13.22908,50.54974],[13.22845,50.55548],[13.22355,50.55829],[13.22286,50.5629],[13.22595,50.56616],[13.23551,50.57037],[13.23363,50.57913],[13.23739,50.58008],[13.24005,50.58479],[13.2475,50.58707],[13.24844,50.59205],[13.25191,50.59482],[13.2551,50.5953],[13.26046,50.5922],[13.27877,50.59299],[13.28452,50.5876],[13.28392,50.58508],[13.29091,50.57502],[13.30151,50.5789],[13.30973,50.57893],[13.32368,50.58165],[13.32432,50.58781],[13.32136,50.59014],[13.32241,50.59706],[13.3194,50.60217],[13.32587,50.60461],[13.32473,50.60804],[13.33455,50.60691],[13.33566,50.60974],[13.33865,50.6109],[13.33745,50.61253],[13.35183,50.61409],[13.35884,50.61629],[13.36042,50.61925],[13.36666,50.61844],[13.36988,50.62457],[13.3777,50.62768],[13.37467,50.6325],[13.37467,50.64127],[13.37098,50.65055],[13.37548,50.65021],[13.38298,50.64485],[13.38543,50.64668],[13.39211,50.64632],[13.39266,50.64175],[13.39637,50.64057],[13.40255,50.63499],[13.40538,50.63458],[13.40722,50.62822],[13.41332,50.62193],[13.41238,50.61841],[13.41531,50.61633],[13.41876,50.61539],[13.42547,50.61645],[13.42685,50.6155],[13.42515,50.61277],[13.42889,50.61076],[13.44109,50.61113],[13.4511,50.60593],[13.46032,50.60409],[13.46287,50.60177],[13.46547,50.60233],[13.46668,50.60587],[13.47675,50.61225],[13.47753,50.61543],[13.49358,50.62396],[13.49636,50.63088],[13.50185,50.63364],[13.49905,50.63552],[13.49794,50.63409],[13.4961,50.63434],[13.49124,50.63872],[13.48589,50.63987],[13.48099,50.64475],[13.48844,50.64655],[13.49418,50.65392],[13.48633,50.65577],[13.48458,50.64981],[13.47827,50.65023],[13.47637,50.65313],[13.47043,50.65526],[13.46666,50.6552],[13.46376,50.65824],[13.45798,50.66022],[13.45642,50.65737],[13.45392,50.65817],[13.45396,50.66122],[13.45105,50.66082],[13.44802,50.66451],[13.43674,50.66238],[13.4304,50.66496],[13.42953,50.66827],[13.43155,50.66839],[13.4321,50.67252],[13.43445,50.67315],[13.43436,50.67626],[13.4306,50.67457],[13.42888,50.67583],[13.43039,50.67668],[13.42527,50.67881],[13.41579,50.67885],[13.41434,50.67985],[13.42177,50.68342],[13.42082,50.685],[13.41653,50.68617],[13.41454,50.68905],[13.40631,50.68423],[13.4044,50.68549],[13.39588,50.69876],[13.37068,50.7153],[13.37212,50.71577],[13.37003,50.72133],[13.37282,50.72158],[13.36844,50.73539],[13.37472,50.73376],[13.37817,50.73473],[13.37636,50.73811],[13.3701,50.74272],[13.36422,50.75296],[13.34837,50.75192],[13.33042,50.74524],[13.31942,50.74401],[13.31817,50.7424],[13.31961,50.74011],[13.31759,50.73988],[13.31385,50.74301],[13.30624,50.74269],[13.30528,50.74509],[13.30101,50.74564],[13.29506,50.74281],[13.2939,50.74442],[13.28123,50.73893],[13.27347,50.74126],[13.27337,50.74329],[13.26945,50.74429],[13.26908,50.74937],[13.27319,50.7526],[13.27795,50.76325],[13.27011,50.76584],[13.25798,50.77345],[13.24846,50.77632],[13.24117,50.77081],[13.23576,50.77316],[13.23892,50.77407],[13.23334,50.77774],[13.22874,50.77705],[13.22651,50.77947],[13.21227,50.77809],[13.20854,50.78154],[13.19746,50.78094],[13.19631,50.78437],[13.18703,50.7828],[13.17005,50.78399],[13.1652,50.78314],[13.16481,50.77744],[13.15797,50.78003],[13.15114,50.77714],[13.14909,50.7738],[13.1436,50.77246],[13.13955,50.76953],[13.13635,50.76972],[13.13367,50.77104],[13.13109,50.77583],[13.12739,50.77769],[13.12399,50.77829],[13.12509,50.77592],[13.11764,50.77802],[13.12028,50.78111],[13.11765,50.78523],[13.12115,50.78619],[13.11187,50.79229],[13.1093,50.7901],[13.09674,50.78849],[13.09626,50.78557],[13.09218,50.78271],[13.08781,50.78304],[13.08587,50.7806],[13.06955,50.79057],[13.06261,50.79983],[13.04877,50.80657],[13.04536,50.80636],[13.04252,50.80344],[13.04307,50.8009],[13.03517,50.79199],[13.02942,50.78995],[13.03187,50.7871],[13.022,50.77667],[13.02243,50.77209],[13.0208,50.77023],[13.01815,50.76983],[13.0141,50.77198],[13.00783,50.77093],[12.99848,50.77754],[12.99169,50.77983],[12.98815,50.77715],[12.9912,50.77491],[12.98951,50.77387],[12.98944,50.77152],[12.99143,50.77058],[12.99015,50.76745],[12.98528,50.76542],[12.98729,50.76499],[12.98573,50.76326],[12.98078,50.76223],[12.98025,50.75756],[12.97787,50.75786],[12.97824,50.76121],[12.97171,50.75803],[12.97179,50.75652],[12.96666,50.75316],[12.9645,50.75345],[12.96387,50.75033],[12.95865,50.75541],[12.95207,50.75882],[12.94705,50.75737],[12.94659,50.75602],[12.93623,50.75344],[12.93872,50.75024],[12.93671,50.74345],[12.92556,50.74131],[12.92334,50.7427],[12.91134,50.74409],[12.9036,50.7501],[12.89692,50.75203],[12.89427,50.7548],[12.89173,50.76316],[12.88119,50.76162],[12.88047,50.76617],[12.88728,50.76972],[12.89391,50.77038],[12.89729,50.77317],[12.8921,50.77516],[12.89489,50.78011],[12.89367,50.78296],[12.88958,50.78489],[12.88372,50.78141],[12.87852,50.78151],[12.87781,50.77959],[12.8711,50.77983],[12.86973,50.78177],[12.87391,50.78426],[12.87084,50.78571],[12.87381,50.78823],[12.87028,50.7906],[12.86571,50.79083],[12.84582,50.79771],[12.84061,50.80202],[12.82904,50.79535],[12.82262,50.79441],[12.82251,50.79234],[12.81663,50.78829],[12.80612,50.78799],[12.7923,50.7846],[12.7784,50.78688],[12.77885,50.78961],[12.77303,50.78759],[12.76528,50.78363],[12.76746,50.77911],[12.75572,50.7712],[12.73988,50.77991],[12.72757,50.7754],[12.7215,50.77039],[12.71711,50.77293],[12.71239,50.76969],[12.71878,50.76359],[12.72258,50.75403],[12.72763,50.75173],[12.71336,50.73861],[12.70121,50.74111],[12.6915,50.73929],[12.69074,50.7433],[12.68624,50.74539],[12.68593,50.75475],[12.68099,50.75288],[12.67354,50.75356],[12.67241,50.75229],[12.66886,50.75416],[12.66885,50.75211],[12.66092,50.75135],[12.66147,50.75293],[12.65877,50.75379],[12.65566,50.75141],[12.65602,50.75529],[12.64968,50.75374],[12.66782,50.73173],[12.66859,50.72519],[12.66511,50.7236],[12.6576,50.72664],[12.65721,50.72814],[12.65525,50.727],[12.64835,50.7286],[12.64481,50.72613],[12.64544,50.72418],[12.63995,50.71724],[12.64028,50.71477],[12.64349,50.71361],[12.64757,50.71553],[12.65036,50.71232],[12.65341,50.71326],[12.65558,50.71127],[12.65219,50.71029],[12.66409,50.70599],[12.66654,50.7066],[12.6708,50.70539],[12.68095,50.70019],[12.68213,50.7011],[12.69061,50.69965],[12.7086,50.69949],[12.70392,50.69439],[12.70756,50.693],[12.70356,50.69023],[12.70875,50.68944],[12.70879,50.68851],[12.71877,50.68858],[12.71465,50.67863],[12.70877,50.67235],[12.70955,50.66681],[12.69793,50.66515],[12.6988,50.65987],[12.69589,50.65528],[12.69929,50.65222],[12.70156,50.654],[12.71091,50.651],[12.71091,50.64262],[12.70815,50.64378],[12.70325,50.64317],[12.70384,50.63833],[12.70202,50.63622],[12.69817,50.63549],[12.69506,50.6374],[12.68549,50.63398],[12.68905,50.62872],[12.68712,50.62859],[12.67836,50.63215],[12.6787,50.63464],[12.67038,50.63594],[12.66598,50.64024],[12.66036,50.63777],[12.65524,50.6378],[12.65442,50.63911],[12.64703,50.64021],[12.64236,50.63548],[12.63815,50.63531],[12.63382,50.63149],[12.63518,50.6294],[12.62986,50.62603],[12.62945,50.61791],[12.62185,50.61668],[12.6016,50.61789],[12.60022,50.61544],[12.58938,50.6093],[12.59773,50.59739],[12.59121,50.5942],[12.58454,50.59389],[12.5789,50.5827],[12.57589,50.58036],[12.58494,50.57547],[12.59167,50.57492],[12.59566,50.57592],[12.60625,50.57431],[12.60481,50.57336],[12.60898,50.57034],[12.61255,50.57302],[12.61555,50.57182],[12.61099,50.56726],[12.61369,50.56499],[12.60691,50.56162],[12.60471,50.55832],[12.59529,50.55554],[12.58666,50.55535],[12.58366,50.55305],[12.58007,50.55329],[12.5783,50.55502],[12.57687,50.55437],[12.57046,50.5577],[12.56082,50.55927],[12.55807,50.55807],[12.54774,50.56155],[12.54712,50.55869],[12.53874,50.55582],[12.53732,50.55279],[12.53166,50.55146],[12.52567,50.54092],[12.51366,50.53537],[12.51201,50.53148],[12.50137,50.52915],[12.49122,50.52876],[12.48557,50.5254],[12.47887,50.52419],[12.46619,50.51386],[12.47163,50.5132],[12.47173,50.50651],[12.46379,50.50409],[12.46054,50.50536],[12.45773,50.50245]]]]}},{"type":"Feature","id":"14522","bbox":[12.61735,50.63364,13.65217,51.23466],"properties":{"id":"14522","name":"Mittelsachsen","typ":"Landkreis","bundeslandAlt":"Sachsen","bezirkAlt":"Sachsen","neueKreise":["Döbeln-Mittweida","Freiberg","Muldental"],"quelle":"VG250 / Bezirkseinführungsgesetz"},"geometry":{"type":"MultiPolygon","coordinates":[[[[12.61735,50.98079],[12.62129,50.97577],[12.62213,50.96343],[12.63011,50.9425],[12.62554,50.94223],[12.62436,50.93971],[12.63144,50.94015],[12.63763,50.9331],[12.64223,50.93317],[12.64166,50.92881],[12.64508,50.9262],[12.65287,50.92368],[12.66654,50.92286],[12.67131,50.9196],[12.6714,50.91668],[12.67503,50.91584],[12.67492,50.91355],[12.67897,50.91453],[12.67345,50.9108],[12.68367,50.90984],[12.68643,50.90695],[12.69224,50.90562],[12.69325,50.90311],[12.69996,50.90765],[12.70482,50.90869],[12.70593,50.90827],[12.70258,50.9053],[12.70814,50.90367],[12.70785,50.90238],[12.71843,50.90161],[12.72516,50.9029],[12.73212,50.90817],[12.73683,50.90699],[12.74244,50.90381],[12.74119,50.89506],[12.74746,50.88757],[12.75214,50.88958],[12.75749,50.88366],[12.76279,50.88294],[12.76581,50.87854],[12.7688,50.88039],[12.7742,50.88077],[12.77407,50.87885],[12.76972,50.87676],[12.77677,50.87471],[12.77193,50.8705],[12.77752,50.867],[12.7841,50.8706],[12.78624,50.86897],[12.79318,50.87208],[12.79543,50.87075],[12.79664,50.86675],[12.80427,50.86692],[12.81446,50.87235],[12.81925,50.8774],[12.82357,50.87678],[12.82755,50.88529],[12.83243,50.88806],[12.83789,50.88794],[12.83636,50.89133],[12.84722,50.89736],[12.86132,50.89828],[12.8691,50.90185],[12.87147,50.90036],[12.88284,50.90162],[12.88824,50.90383],[12.89133,50.90239],[12.8975,50.90221],[12.8985,50.89983],[12.89483,50.89509],[12.89911,50.89404],[12.89739,50.89217],[12.91101,50.89133],[12.92102,50.88626],[12.92434,50.88658],[12.92439,50.88898],[12.92697,50.88989],[12.93722,50.88873],[12.94097,50.89074],[12.94546,50.88956],[12.94702,50.89111],[12.94823,50.88712],[12.95176,50.8873],[12.95273,50.88976],[12.95531,50.89033],[12.95314,50.89105],[12.95324,50.89294],[12.95793,50.89179],[12.96455,50.89261],[12.96774,50.89516],[12.97373,50.89382],[12.97533,50.89481],[12.97766,50.89398],[12.97586,50.8927],[12.97863,50.89135],[12.98084,50.89286],[12.98578,50.89287],[12.98798,50.89467],[12.99198,50.88678],[12.98783,50.88228],[12.99849,50.87387],[12.99581,50.8736],[12.99317,50.87123],[12.99354,50.86724],[12.98648,50.86481],[12.98745,50.85882],[12.9832,50.85503],[12.98493,50.85388],[12.98404,50.85089],[12.981,50.84789],[12.98342,50.84669],[12.98687,50.85221],[12.99804,50.85066],[13.00751,50.85248],[13.01108,50.8494],[13.02082,50.84665],[13.03247,50.8481],[13.0362,50.84374],[13.0443,50.84125],[13.04881,50.8413],[13.0498,50.83448],[13.03987,50.81846],[13.04884,50.8143],[13.05002,50.81098],[13.05418,50.81036],[13.05303,50.80715],[13.04877,50.80657],[13.06261,50.79983],[13.06955,50.79057],[13.08587,50.7806],[13.08781,50.78304],[13.09218,50.78271],[13.09626,50.78557],[13.09674,50.78849],[13.1093,50.7901],[13.11187,50.79229],[13.12115,50.78619],[13.11765,50.78523],[13.12028,50.78111],[13.11764,50.77802],[13.12509,50.77592],[13.12399,50.77829],[13.12739,50.77769],[13.13109,50.77583],[13.13367,50.77104],[13.13635,50.76972],[13.13955,50.76953],[13.1436,50.77246],[13.14909,50.7738],[13.15114,50.77714],[13.15797,50.78003],[13.16481,50.77744],[13.1652,50.78314],[13.17005,50.78399],[13.18703,50.7828],[13.19631,50.78437],[13.19746,50.78094],[13.20854,50.78154],[13.21227,50.77809],[13.22651,50.77947],[13.22874,50.77705],[13.23334,50.77774],[13.23892,50.77407],[13.23576,50.77316],[13.24117,50.77081],[13.24846,50.77632],[13.25798,50.77345],[13.27011,50.76584],[13.27795,50.76325],[13.27319,50.7526],[13.26908,50.74937],[13.26945,50.74429],[13.27337,50.74329],[13.27347,50.74126],[13.28123,50.73893],[13.2939,50.74442],[13.29506,50.74281],[13.30101,50.74564],[13.30528,50.74509],[13.30624,50.74269],[13.31385,50.74301],[13.31759,50.73988],[13.31961,50.74011],[13.31817,50.7424],[13.31942,50.74401],[13.33042,50.74524],[13.34837,50.75192],[13.36422,50.75296],[13.3701,50.74272],[13.37636,50.73811],[13.37817,50.73473],[13.37472,50.73376],[13.36844,50.73539],[13.37282,50.72158],[13.37003,50.72133],[13.37238,50.71352],[13.38059,50.70992],[13.39588,50.69876],[13.40263,50.68715],[13.40631,50.68423],[13.41454,50.68905],[13.41653,50.68617],[13.42082,50.685],[13.42177,50.68342],[13.41434,50.67985],[13.41579,50.67885],[13.42527,50.67881],[13.43039,50.67668],[13.42888,50.67583],[13.4306,50.67457],[13.43436,50.67626],[13.43445,50.67315],[13.4321,50.67252],[13.43155,50.66839],[13.42953,50.66827],[13.4304,50.66496],[13.43674,50.66238],[13.44802,50.66451],[13.45105,50.66082],[13.45396,50.66122],[13.45392,50.65817],[13.45642,50.65737],[13.45798,50.66022],[13.46376,50.65824],[13.46666,50.6552],[13.47043,50.65526],[13.47637,50.65313],[13.47827,50.65023],[13.48458,50.64981],[13.48633,50.65577],[13.49418,50.65392],[13.48844,50.64655],[13.48099,50.64475],[13.48589,50.63987],[13.49124,50.63872],[13.4961,50.63434],[13.49794,50.63409],[13.49905,50.63552],[13.50185,50.63364],[13.51699,50.63631],[13.52395,50.63899],[13.52353,50.64431],[13.52611,50.64942],[13.51698,50.64835],[13.51281,50.65371],[13.53062,50.66823],[13.54024,50.66801],[13.53849,50.67287],[13.54437,50.67745],[13.54043,50.68975],[13.53305,50.69639],[13.52755,50.69902],[13.52524,50.70441],[13.53848,50.70601],[13.54522,50.71131],[13.55633,50.71455],[13.56865,50.71251],[13.57338,50.71347],[13.58933,50.71291],[13.60225,50.71006],[13.61113,50.71353],[13.6201,50.71396],[13.62691,50.71592],[13.62504,50.72285],[13.63682,50.72539],[13.64263,50.72934],[13.65217,50.73036],[13.65028,50.73366],[13.64149,50.73858],[13.61698,50.7483],[13.61495,50.75315],[13.61008,50.75747],[13.60445,50.77012],[13.5997,50.77192],[13.59927,50.77417],[13.59403,50.77642],[13.57309,50.7722],[13.5664,50.77502],[13.56232,50.7788],[13.55147,50.78215],[13.55086,50.7887],[13.56242,50.80293],[13.56043,50.8036],[13.56158,50.80501],[13.55592,50.8058],[13.55657,50.80656],[13.56164,50.80943],[13.57233,50.80921],[13.57652,50.81108],[13.57366,50.81255],[13.56991,50.8116],[13.56283,50.81364],[13.55853,50.81333],[13.55661,50.81652],[13.55066,50.81794],[13.54592,50.8246],[13.54323,50.82571],[13.5438,50.82961],[13.53968,50.83071],[13.5342,50.82933],[13.53144,50.83033],[13.52399,50.82702],[13.5205,50.82693],[13.52208,50.82964],[13.51662,50.83322],[13.51595,50.83774],[13.50495,50.83944],[13.5071,50.84394],[13.49832,50.84871],[13.50223,50.8497],[13.50946,50.84916],[13.51459,50.8525],[13.51342,50.85532],[13.51511,50.85598],[13.50198,50.86694],[13.50185,50.86934],[13.49707,50.87404],[13.4942,50.88479],[13.4882,50.89242],[13.47691,50.89604],[13.46918,50.90029],[13.46371,50.90019],[13.45976,50.90203],[13.46005,50.90483],[13.45706,50.90662],[13.45848,50.91201],[13.45559,50.9147],[13.45814,50.9235],[13.44852,50.92669],[13.44601,50.92841],[13.45003,50.92942],[13.44886,50.93057],[13.44624,50.92995],[13.44375,50.93279],[13.44918,50.93527],[13.44814,50.9393],[13.4544,50.94012],[13.45535,50.94229],[13.44226,50.94333],[13.43688,50.94226],[13.42814,50.94355],[13.4304,50.9463],[13.42935,50.94833],[13.43475,50.95075],[13.4317,50.95156],[13.43477,50.9568],[13.43828,50.95577],[13.44157,50.96067],[13.44667,50.96391],[13.44547,50.96491],[13.45011,50.96493],[13.44554,50.9661],[13.44578,50.96815],[13.45326,50.96789],[13.4583,50.96956],[13.46279,50.96797],[13.46533,50.97101],[13.46459,50.97247],[13.47366,50.97717],[13.47685,50.98459],[13.47513,50.98505],[13.47389,50.98331],[13.46666,50.98361],[13.45445,50.98134],[13.4428,50.98204],[13.43839,50.98053],[13.43086,50.98763],[13.42677,50.99635],[13.43261,51.00849],[13.44514,51.01738],[13.44699,51.02043],[13.45017,51.02149],[13.44421,51.02455],[13.44178,51.02843],[13.43515,51.0324],[13.4348,51.03015],[13.42948,51.03138],[13.42598,51.03409],[13.42394,51.03217],[13.42138,51.03298],[13.42189,51.0342],[13.41779,51.03718],[13.41135,51.03649],[13.41395,51.03839],[13.40685,51.03877],[13.4015,51.04073],[13.40001,51.04403],[13.39544,51.04545],[13.38718,51.05179],[13.36586,51.05083],[13.34318,51.04597],[13.33328,51.03964],[13.32589,51.03676],[13.27685,51.03119],[13.2364,51.0073],[13.2289,51.01256],[13.23996,51.01764],[13.24222,51.02653],[13.23887,51.02876],[13.24022,51.02976],[13.2426,51.028],[13.25225,51.03552],[13.26062,51.03915],[13.25729,51.04143],[13.25874,51.04355],[13.25637,51.04548],[13.2609,51.04868],[13.26661,51.0493],[13.26642,51.05146],[13.25609,51.05261],[13.25462,51.05462],[13.246,51.05395],[13.24639,51.05823],[13.24249,51.05986],[13.24209,51.06449],[13.24612,51.06514],[13.25577,51.06365],[13.25999,51.06849],[13.25455,51.07687],[13.25548,51.09017],[13.25833,51.08984],[13.2585,51.09193],[13.25528,51.09438],[13.25733,51.09577],[13.25406,51.09912],[13.25343,51.105],[13.25078,51.10467],[13.24951,51.10887],[13.25111,51.10902],[13.25122,51.11088],[13.24374,51.11167],[13.24145,51.11082],[13.24218,51.10726],[13.23163,51.10647],[13.22728,51.10244],[13.22719,51.11368],[13.2375,51.11533],[13.23766,51.11246],[13.24633,51.11408],[13.24642,51.11744],[13.25076,51.11833],[13.24873,51.12485],[13.2523,51.12521],[13.2475,51.13206],[13.24975,51.13325],[13.24947,51.13746],[13.25882,51.14039],[13.25879,51.1416],[13.25044,51.1414],[13.25154,51.14606],[13.2531,51.14627],[13.25203,51.14819],[13.25771,51.15038],[13.25694,51.15447],[13.25301,51.15469],[13.25196,51.15963],[13.25384,51.16255],[13.2501,51.16378],[13.24915,51.16284],[13.24524,51.16322],[13.24334,51.16087],[13.24071,51.16458],[13.23666,51.16606],[13.23627,51.16906],[13.22788,51.16962],[13.22916,51.17191],[13.22557,51.17285],[13.22506,51.17567],[13.21092,51.17574],[13.21147,51.1819],[13.21421,51.18263],[13.20842,51.20242],[13.20051,51.20381],[13.19251,51.21169],[13.20502,51.21318],[13.20514,51.21714],[13.20756,51.21744],[13.20205,51.22264],[13.20151,51.22938],[13.19803,51.22989],[13.19399,51.23316],[13.19075,51.23195],[13.18922,51.23361],[13.18351,51.23466],[13.17111,51.23108],[13.17293,51.22801],[13.14798,51.22843],[13.14741,51.22101],[13.14267,51.22323],[13.14241,51.2212],[13.13538,51.21934],[13.13423,51.22077],[13.12646,51.22227],[13.12484,51.2207],[13.12199,51.22066],[13.11832,51.22127],[13.11821,51.22238],[13.10866,51.2226],[13.10694,51.22142],[13.10378,51.22322],[13.10464,51.21775],[13.1105,51.21387],[13.10928,51.21282],[13.10013,51.21344],[13.0884,51.21133],[13.08708,51.21389],[13.07852,51.21887],[13.07002,51.21423],[13.06819,51.21524],[13.06398,51.21319],[13.05102,51.2162],[13.04667,51.21385],[13.0481,51.20567],[13.04606,51.2026],[13.03121,51.19969],[13.01826,51.20008],[13.01595,51.20299],[13.01746,51.20642],[13.01195,51.2095],[13.00448,51.20871],[13.00423,51.2146],[12.99314,51.21381],[12.99671,51.2192],[12.99533,51.22021],[12.99406,51.21941],[12.99195,51.22207],[12.98153,51.22331],[12.96096,51.2252],[12.94673,51.22283],[12.93909,51.21967],[12.92602,51.21821],[12.92846,51.21529],[12.92185,51.21443],[12.92373,51.21008],[12.90182,51.21282],[12.90163,51.21005],[12.89978,51.21037],[12.89813,51.20746],[12.8941,51.2086],[12.8943,51.20643],[12.89056,51.20553],[12.88906,51.19996],[12.89318,51.20033],[12.89388,51.19721],[12.88359,51.19488],[12.88603,51.19055],[12.88271,51.19015],[12.88049,51.1872],[12.88166,51.18291],[12.87863,51.18184],[12.88168,51.18045],[12.87728,51.17885],[12.8781,51.17801],[12.8747,51.17787],[12.87494,51.17519],[12.87132,51.17448],[12.87143,51.17323],[12.86626,51.17215],[12.86658,51.17047],[12.86209,51.16839],[12.86288,51.16476],[12.85991,51.16412],[12.86153,51.16159],[12.85734,51.16014],[12.8533,51.15551],[12.84926,51.15438],[12.8571,51.14647],[12.86759,51.14746],[12.873,51.14552],[12.87222,51.14434],[12.87598,51.14386],[12.87728,51.14106],[12.88125,51.14096],[12.88383,51.13604],[12.89198,51.13758],[12.88821,51.13277],[12.89453,51.13152],[12.89385,51.13021],[12.88949,51.12353],[12.88397,51.12271],[12.88789,51.11682],[12.89147,51.11737],[12.8985,51.10987],[12.89239,51.10703],[12.88937,51.10347],[12.88879,51.10179],[12.89335,51.09886],[12.88087,51.09435],[12.87398,51.09388],[12.87525,51.09117],[12.87395,51.09073],[12.87123,51.09456],[12.85933,51.09575],[12.8571,51.09494],[12.84804,51.09804],[12.84252,51.09362],[12.82888,51.09318],[12.82551,51.09444],[12.82519,51.09183],[12.81359,51.09145],[12.80336,51.09678],[12.80316,51.10035],[12.80642,51.10324],[12.79976,51.10416],[12.80189,51.1059],[12.79562,51.10581],[12.7909,51.10166],[12.78679,51.10127],[12.77706,51.10536],[12.76947,51.10233],[12.74547,51.10625],[12.74552,51.10798],[12.74363,51.10756],[12.74173,51.10476],[12.73942,51.10484],[12.7377,51.1013],[12.73827,51.09591],[12.74446,51.09433],[12.74136,51.09157],[12.73625,51.09104],[12.73879,51.08919],[12.73581,51.08659],[12.72615,51.08409],[12.72795,51.08265],[12.7269,51.07661],[12.71819,51.0682],[12.71906,51.06379],[12.71613,51.06239],[12.72508,51.0547],[12.72942,51.05408],[12.73314,51.0514],[12.72922,51.05112],[12.72655,51.04635],[12.73073,51.03774],[12.72299,51.03641],[12.72396,51.03472],[12.72094,51.03381],[12.72155,51.03089],[12.71279,51.02881],[12.71148,51.02479],[12.7118,51.02285],[12.72932,51.01925],[12.72923,51.01371],[12.73795,51.00311],[12.74432,51.00257],[12.74062,51.00011],[12.73174,50.99792],[12.72994,51.00034],[12.71746,51.00197],[12.70601,51.00711],[12.68626,50.98514],[12.66768,50.98752],[12.66245,50.98307],[12.65079,50.98194],[12.63951,50.98333],[12.64087,50.98109],[12.63366,50.97879],[12.61735,50.98079]]]]}},{"type":"Feature","id":"14523","bbox":[11.87146,50.17153,12.58403,50.67709],"properties":{"id":"14523","name":"Vogtlandkreis","typ":"Landkreis","bundeslandAlt":"Sachsen","bezirkAlt":"Sachsen","neueKreise":["Plauen","Vogtlandkreis"],"quelle":"VG250 / Bezirkseinführungsgesetz"},"geometry":{"type":"MultiPolygon","coordinates":[[[[11.87146,50.53982],[11.88822,50.51668],[11.89408,50.51827],[11.89945,50.51606],[11.91846,50.51698],[11.91585,50.52452],[11.91834,50.52551],[11.91892,50.52239],[11.92525,50.52632],[11.9285,50.52281],[11.93097,50.52296],[11.93293,50.52126],[11.93023,50.51294],[11.93398,50.50603],[11.93994,50.50299],[11.94381,50.50561],[11.95103,50.49589],[11.95655,50.49195],[11.96035,50.49173],[11.96423,50.48696],[11.96465,50.4839],[11.962,50.48336],[11.95923,50.47867],[11.94649,50.47936],[11.94291,50.47646],[11.94295,50.47346],[11.93769,50.47169],[11.9389,50.47],[11.94294,50.47178],[11.944,50.47111],[11.94106,50.46829],[11.9445,50.46547],[11.94366,50.46445],[11.94679,50.46407],[11.94839,50.46536],[11.94869,50.46373],[11.94279,50.45958],[11.9518,50.45551],[11.9508,50.45407],[11.94736,50.45398],[11.93906,50.45897],[11.93629,50.45908],[11.9319,50.46422],[11.92766,50.45925],[11.92034,50.46005],[11.91903,50.45432],[11.90983,50.4529],[11.90494,50.45438],[11.90285,50.45184],[11.895,50.44946],[11.89471,50.44405],[11.88851,50.44361],[11.89065,50.4401],[11.89311,50.44007],[11.89964,50.43525],[11.90384,50.43671],[11.90418,50.43456],[11.90601,50.43426],[11.90816,50.43658],[11.90866,50.43479],[11.91146,50.4357],[11.91621,50.43306],[11.9278,50.43252],[11.92677,50.42868],[11.91988,50.4244],[11.92978,50.42117],[11.93473,50.42366],[11.93915,50.41839],[11.94565,50.41628],[11.94307,50.41303],[11.94416,50.41158],[11.95437,50.40707],[11.94807,50.40038],[11.94938,50.39481],[11.95146,50.39443],[11.95301,50.39647],[11.95723,50.39708],[11.96025,50.39542],[11.96457,50.39993],[11.96908,50.39721],[11.97035,50.39348],[11.9747,50.39054],[11.97823,50.39136],[11.98066,50.38783],[11.98394,50.38871],[11.98091,50.38444],[11.98127,50.38207],[11.9786,50.38],[11.98469,50.37541],[11.97896,50.36949],[11.97907,50.36814],[11.9843,50.36653],[11.98229,50.36564],[11.98477,50.3647],[11.98153,50.36385],[11.97956,50.3648],[11.97976,50.3635],[11.97651,50.36194],[11.98068,50.3616],[11.98255,50.35667],[11.97604,50.35229],[11.98228,50.34988],[11.98817,50.35062],[11.99229,50.35274],[11.99479,50.35225],[11.99697,50.35402],[11.99837,50.35251],[11.99628,50.34868],[11.99725,50.34689],[12.00824,50.3457],[12.01478,50.34756],[12.01464,50.34361],[12.01941,50.34041],[12.02165,50.33942],[12.02764,50.34093],[12.03088,50.33931],[12.0295,50.3365],[12.03216,50.33007],[12.04183,50.33097],[12.03721,50.33578],[12.03891,50.33658],[12.04585,50.32993],[12.04685,50.325],[12.04908,50.32559],[12.04906,50.32855],[12.04644,50.33115],[12.05185,50.33091],[12.05777,50.32627],[12.05903,50.32676],[12.05587,50.33165],[12.06162,50.32893],[12.06318,50.32942],[12.06137,50.33082],[12.06422,50.33304],[12.06951,50.33113],[12.07086,50.32916],[12.07472,50.32955],[12.07561,50.32791],[12.07989,50.32683],[12.08308,50.32852],[12.08251,50.33016],[12.08514,50.33121],[12.0876,50.33018],[12.08614,50.33188],[12.09134,50.33261],[12.08993,50.33059],[12.09242,50.3289],[12.09035,50.32425],[12.09408,50.32511],[12.09513,50.32324],[12.09798,50.32303],[12.1009,50.31803],[12.10647,50.32253],[12.10961,50.32048],[12.11548,50.32047],[12.11379,50.3168],[12.11634,50.3159],[12.1254,50.31544],[12.1305,50.31889],[12.14682,50.3218],[12.18445,50.32232],[12.18496,50.3192],[12.18258,50.31762],[12.18679,50.31168],[12.19828,50.30735],[12.19965,50.30944],[12.20134,50.30895],[12.19823,50.30518],[12.19562,50.29317],[12.20232,50.28775],[12.20177,50.27606],[12.19999,50.27427],[12.20146,50.27278],[12.21323,50.2702],[12.23006,50.27121],[12.23462,50.26944],[12.24704,50.26826],[12.24783,50.27028],[12.2537,50.27109],[12.26144,50.26126],[12.26602,50.2587],[12.2646,50.25242],[12.26604,50.25021],[12.26031,50.25105],[12.25941,50.25231],[12.25501,50.25125],[12.24754,50.25779],[12.24567,50.25641],[12.2496,50.25429],[12.24591,50.25097],[12.24155,50.25088],[12.23963,50.24617],[12.25113,50.24197],[12.25512,50.23673],[12.26035,50.23464],[12.26312,50.23572],[12.26588,50.23443],[12.26277,50.23368],[12.2669,50.23192],[12.27458,50.23329],[12.28633,50.22548],[12.2794,50.22462],[12.27932,50.22248],[12.28582,50.223],[12.29388,50.22127],[12.28287,50.21367],[12.28182,50.2082],[12.28868,50.21045],[12.28889,50.20892],[12.28513,50.20603],[12.28847,50.20398],[12.28162,50.19987],[12.27776,50.1995],[12.27467,50.19669],[12.27722,50.19524],[12.27743,50.19171],[12.2822,50.18851],[12.28472,50.18987],[12.28408,50.18743],[12.28624,50.18548],[12.28934,50.18605],[12.29176,50.18077],[12.29038,50.17852],[12.29193,50.1784],[12.2898,50.17693],[12.29494,50.17468],[12.3035,50.17527],[12.32275,50.17182],[12.32689,50.17268],[12.33264,50.17153],[12.33753,50.17338],[12.32765,50.17598],[12.32751,50.17964],[12.32372,50.18132],[12.32783,50.18257],[12.32932,50.18604],[12.33601,50.18849],[12.33822,50.19248],[12.33214,50.20063],[12.32601,50.2019],[12.32305,50.20745],[12.32793,50.21243],[12.32652,50.21865],[12.33451,50.21688],[12.33496,50.22155],[12.32905,50.22533],[12.33269,50.23426],[12.3279,50.23466],[12.33243,50.23845],[12.33108,50.24271],[12.34171,50.24067],[12.34904,50.2365],[12.34989,50.23771],[12.35516,50.23766],[12.35114,50.23925],[12.35684,50.24277],[12.3593,50.24232],[12.35011,50.25353],[12.35212,50.26175],[12.36113,50.26977],[12.3595,50.27348],[12.36491,50.28031],[12.36906,50.28138],[12.37086,50.28527],[12.3816,50.28885],[12.39426,50.2896],[12.40057,50.29521],[12.40045,50.29826],[12.40304,50.30072],[12.39837,50.3079],[12.40075,50.31583],[12.39802,50.32115],[12.40343,50.32395],[12.4093,50.32317],[12.41654,50.32448],[12.42148,50.32252],[12.42564,50.32435],[12.4312,50.32272],[12.43715,50.32756],[12.43553,50.33322],[12.4418,50.34116],[12.4496,50.34612],[12.45844,50.34858],[12.46025,50.35161],[12.46943,50.35499],[12.48158,50.34701],[12.48931,50.34982],[12.4925,50.35627],[12.48753,50.36295],[12.48839,50.36728],[12.48653,50.37084],[12.48873,50.37438],[12.4963,50.3792],[12.50319,50.38728],[12.50875,50.39101],[12.51205,50.39726],[12.52894,50.39702],[12.53394,50.39974],[12.54293,50.39832],[12.54603,50.40089],[12.55063,50.39906],[12.55844,50.3994],[12.57485,50.40324],[12.58035,50.40725],[12.58378,50.40708],[12.58403,50.42361],[12.53755,50.44336],[12.5002,50.46356],[12.49564,50.46739],[12.49366,50.46928],[12.49502,50.47844],[12.4922,50.47945],[12.49531,50.48393],[12.49294,50.49298],[12.48608,50.48817],[12.47871,50.48594],[12.46036,50.49729],[12.46174,50.49933],[12.46828,50.49915],[12.45773,50.50245],[12.46054,50.50536],[12.46379,50.50409],[12.47173,50.50651],[12.47163,50.5132],[12.46619,50.51386],[12.47439,50.52116],[12.47887,50.52419],[12.48557,50.5254],[12.49122,50.52876],[12.50137,50.52915],[12.51201,50.53148],[12.51366,50.53537],[12.52567,50.54092],[12.52775,50.54667],[12.51811,50.54886],[12.51921,50.55309],[12.50892,50.55407],[12.50554,50.55599],[12.50483,50.56409],[12.50072,50.56386],[12.5012,50.56182],[12.49835,50.5618],[12.49795,50.56284],[12.49573,50.56172],[12.49389,50.55812],[12.48818,50.55801],[12.4841,50.55643],[12.48453,50.55778],[12.48166,50.55853],[12.47605,50.5544],[12.4724,50.5538],[12.46175,50.56497],[12.45879,50.56545],[12.43922,50.56146],[12.43515,50.56741],[12.43128,50.56762],[12.43144,50.57137],[12.42871,50.57574],[12.43486,50.59014],[12.43721,50.59139],[12.43572,50.59331],[12.43329,50.59303],[12.43474,50.59716],[12.44096,50.60343],[12.44925,50.60584],[12.44547,50.60808],[12.44177,50.61342],[12.4327,50.61568],[12.43523,50.61975],[12.42828,50.61977],[12.41725,50.61768],[12.4167,50.61901],[12.41072,50.621],[12.41696,50.62673],[12.4162,50.63081],[12.42251,50.63304],[12.42311,50.63506],[12.42072,50.63828],[12.4099,50.64113],[12.40537,50.64875],[12.40226,50.64973],[12.39751,50.64872],[12.39738,50.65451],[12.38796,50.65495],[12.37987,50.65749],[12.37657,50.66571],[12.37979,50.66935],[12.37718,50.66997],[12.37941,50.67557],[12.37779,50.6741],[12.37145,50.6736],[12.37175,50.67445],[12.36141,50.67427],[12.36125,50.67332],[12.35816,50.6744],[12.34885,50.66592],[12.3418,50.66392],[12.3387,50.66801],[12.33323,50.66599],[12.32541,50.66881],[12.33657,50.66958],[12.3375,50.67428],[12.32264,50.67709],[12.31892,50.67653],[12.31423,50.66959],[12.31772,50.66336],[12.30354,50.66226],[12.30312,50.65705],[12.29889,50.65168],[12.28962,50.64788],[12.2845,50.64827],[12.28232,50.64657],[12.27969,50.64778],[12.28132,50.64455],[12.27995,50.64418],[12.26807,50.64481],[12.26429,50.64339],[12.26665,50.63449],[12.26552,50.63079],[12.24464,50.6333],[12.24184,50.63235],[12.24051,50.62942],[12.23281,50.62707],[12.23111,50.62815],[12.23083,50.63263],[12.22645,50.62984],[12.22143,50.63162],[12.21676,50.63146],[12.21724,50.63374],[12.20755,50.6366],[12.20754,50.63994],[12.1982,50.64131],[12.19969,50.63293],[12.18819,50.62312],[12.19212,50.61933],[12.19075,50.61442],[12.18277,50.61211],[12.17472,50.61451],[12.17814,50.61865],[12.17351,50.6213],[12.17597,50.62451],[12.17021,50.62756],[12.17044,50.62923],[12.16916,50.6298],[12.16524,50.62793],[12.16329,50.63002],[12.15604,50.6295],[12.15364,50.6305],[12.14989,50.6288],[12.15017,50.62704],[12.14643,50.62598],[12.14571,50.62143],[12.15083,50.6156],[12.14523,50.60974],[12.14722,50.6061],[12.13342,50.60096],[12.12656,50.60067],[12.1149,50.59698],[12.11245,50.59034],[12.11015,50.58872],[12.12472,50.58442],[12.13265,50.58774],[12.12637,50.584],[12.13519,50.58213],[12.14019,50.58266],[12.14483,50.58574],[12.15069,50.58467],[12.1516,50.58345],[12.15471,50.58383],[12.15609,50.58558],[12.16067,50.58005],[12.15602,50.57349],[12.1415,50.57399],[12.14019,50.57295],[12.12765,50.57413],[12.12279,50.56754],[12.11577,50.56695],[12.10557,50.57339],[12.10152,50.57894],[12.08359,50.57857],[12.07812,50.57659],[12.07914,50.56926],[12.07467,50.56683],[12.07711,50.56304],[12.07664,50.55801],[12.07269,50.55512],[12.06549,50.55582],[12.06032,50.55217],[12.05738,50.55312],[12.05207,50.55096],[12.04922,50.55322],[12.04122,50.55354],[12.03027,50.5494],[12.03117,50.55239],[12.03365,50.55321],[12.02835,50.55386],[12.02876,50.55489],[12.0322,50.555],[12.03099,50.55778],[12.02551,50.56012],[12.01754,50.56784],[12.03563,50.58137],[12.03416,50.58255],[12.03111,50.5819],[12.03107,50.58423],[12.03614,50.59395],[12.03129,50.59821],[12.0284,50.59697],[12.02097,50.59855],[12.00548,50.61202],[12.00476,50.61382],[12.00904,50.61614],[12.01244,50.6207],[12.02212,50.62554],[12.0104,50.63546],[12.00394,50.63483],[12.00089,50.63322],[12.00338,50.63019],[11.99872,50.62714],[11.97927,50.62141],[11.98364,50.61762],[11.98351,50.61478],[11.98878,50.61073],[11.98675,50.60948],[11.9662,50.59983],[11.96231,50.60096],[11.95997,50.60445],[11.95659,50.60124],[11.95714,50.599],[11.94972,50.5939],[11.93946,50.59023],[11.93596,50.58744],[11.92357,50.58571],[11.92978,50.57847],[11.93065,50.57555],[11.92894,50.57412],[11.93368,50.56852],[11.92677,50.56548],[11.92757,50.56393],[11.9254,50.56377],[11.92315,50.56078],[11.92245,50.55764],[11.92694,50.55808],[11.92601,50.55684],[11.92046,50.55555],[11.91882,50.55783],[11.91994,50.56035],[11.91771,50.56066],[11.91393,50.55507],[11.90942,50.55443],[11.90665,50.55589],[11.90132,50.55332],[11.90008,50.55407],[11.88521,50.55194],[11.88015,50.54563],[11.87146,50.53982]]]]}},{"type":"Feature","id":"14524","bbox":[12.22665,50.54667,12.80607,50.92368],"properties":{"id":"14524","name":"Zwickau","typ":"Landkreis","bundeslandAlt":"Sachsen","bezirkAlt":"Sachsen","neueKreise":["Zwickau"],"quelle":"VG250 / Bezirkseinführungsgesetz"},"geometry":{"type":"MultiPolygon","coordinates":[[[[12.22665,50.74622],[12.2267,50.74159],[12.22823,50.74374],[12.23024,50.74351],[12.22698,50.73822],[12.23144,50.73821],[12.23434,50.73617],[12.235,50.73327],[12.26476,50.73755],[12.2687,50.73084],[12.27335,50.72957],[12.27071,50.72518],[12.26577,50.72443],[12.26324,50.72041],[12.25854,50.71935],[12.25338,50.7157],[12.2571,50.7129],[12.26095,50.70555],[12.2649,50.7037],[12.26596,50.7011],[12.26199,50.70039],[12.26276,50.69528],[12.27476,50.68612],[12.27811,50.68778],[12.28363,50.68501],[12.29689,50.68654],[12.29939,50.68377],[12.30639,50.68388],[12.30854,50.68261],[12.31481,50.68524],[12.3189,50.684],[12.32205,50.68143],[12.31892,50.67653],[12.32264,50.67709],[12.3375,50.67428],[12.33657,50.66958],[12.32541,50.66881],[12.33323,50.66599],[12.3387,50.66801],[12.3418,50.66392],[12.34885,50.66592],[12.35816,50.6744],[12.36125,50.67332],[12.36141,50.67427],[12.37175,50.67445],[12.37145,50.6736],[12.37779,50.6741],[12.37941,50.67557],[12.37718,50.66997],[12.37979,50.66935],[12.37657,50.66571],[12.37987,50.65749],[12.38796,50.65495],[12.39738,50.65451],[12.39751,50.64872],[12.40226,50.64973],[12.40537,50.64875],[12.4099,50.64113],[12.42072,50.63828],[12.42311,50.63506],[12.42251,50.63304],[12.4162,50.63081],[12.41696,50.62673],[12.41072,50.621],[12.4167,50.61901],[12.41725,50.61768],[12.42828,50.61977],[12.43523,50.61975],[12.4327,50.61568],[12.44177,50.61342],[12.44547,50.60808],[12.44925,50.60584],[12.44096,50.60343],[12.43474,50.59716],[12.43329,50.59303],[12.43572,50.59331],[12.43721,50.59139],[12.43486,50.59014],[12.42871,50.57574],[12.43144,50.57137],[12.43128,50.56762],[12.43515,50.56741],[12.43922,50.56146],[12.45879,50.56545],[12.46175,50.56497],[12.4724,50.5538],[12.47605,50.5544],[12.48166,50.55853],[12.48453,50.55778],[12.4841,50.55643],[12.48818,50.55801],[12.49389,50.55812],[12.49573,50.56172],[12.49795,50.56284],[12.49835,50.5618],[12.5012,50.56182],[12.50072,50.56386],[12.50483,50.56409],[12.50554,50.55599],[12.50892,50.55407],[12.51921,50.55309],[12.51811,50.54886],[12.52775,50.54667],[12.53166,50.55146],[12.53732,50.55279],[12.53874,50.55582],[12.54712,50.55869],[12.54774,50.56155],[12.55807,50.55807],[12.56082,50.55927],[12.57046,50.5577],[12.57687,50.55437],[12.5783,50.55502],[12.58007,50.55329],[12.58366,50.55305],[12.58666,50.55535],[12.59529,50.55554],[12.60471,50.55832],[12.60691,50.56162],[12.61369,50.56499],[12.61099,50.56726],[12.61555,50.57182],[12.61255,50.57302],[12.60898,50.57034],[12.60481,50.57336],[12.60625,50.57431],[12.59566,50.57592],[12.59167,50.57492],[12.58494,50.57547],[12.5797,50.579],[12.57679,50.57898],[12.57589,50.58036],[12.5789,50.5827],[12.58454,50.59389],[12.59121,50.5942],[12.59773,50.59739],[12.58938,50.6093],[12.60022,50.61544],[12.6016,50.61789],[12.62185,50.61668],[12.62945,50.61791],[12.62986,50.62603],[12.63518,50.6294],[12.63382,50.63149],[12.63815,50.63531],[12.64236,50.63548],[12.64703,50.64021],[12.65442,50.63911],[12.65524,50.6378],[12.66036,50.63777],[12.66598,50.64024],[12.67038,50.63594],[12.6787,50.63464],[12.67836,50.63215],[12.68712,50.62859],[12.68905,50.62872],[12.68549,50.63398],[12.69506,50.6374],[12.69817,50.63549],[12.70202,50.63622],[12.70384,50.63833],[12.70325,50.64317],[12.70815,50.64378],[12.71091,50.64262],[12.71091,50.651],[12.70156,50.654],[12.69929,50.65222],[12.69589,50.65528],[12.6988,50.65987],[12.69793,50.66515],[12.70955,50.66681],[12.70877,50.67235],[12.71465,50.67863],[12.71877,50.68858],[12.70879,50.68851],[12.70875,50.68944],[12.70356,50.69023],[12.70756,50.693],[12.70392,50.69439],[12.7086,50.69949],[12.69061,50.69965],[12.68213,50.7011],[12.68095,50.70019],[12.6708,50.70539],[12.66654,50.7066],[12.66409,50.70599],[12.65219,50.71029],[12.65558,50.71127],[12.65341,50.71326],[12.65036,50.71232],[12.64757,50.71553],[12.64349,50.71361],[12.64028,50.71477],[12.63995,50.71724],[12.64544,50.72418],[12.64481,50.72613],[12.64835,50.7286],[12.65525,50.727],[12.65721,50.72814],[12.6576,50.72664],[12.66511,50.7236],[12.66859,50.72519],[12.66782,50.73173],[12.64968,50.75374],[12.65602,50.75529],[12.65566,50.75141],[12.65877,50.75379],[12.66147,50.75293],[12.66092,50.75135],[12.66885,50.75211],[12.66886,50.75416],[12.67241,50.75229],[12.67354,50.75356],[12.68099,50.75288],[12.68593,50.75475],[12.68624,50.74539],[12.69074,50.7433],[12.6915,50.73929],[12.70121,50.74111],[12.71336,50.73861],[12.72763,50.75173],[12.72258,50.75403],[12.71878,50.76359],[12.71239,50.76969],[12.71403,50.77127],[12.71711,50.77293],[12.7215,50.77039],[12.72757,50.7754],[12.73988,50.77991],[12.75572,50.7712],[12.76746,50.77911],[12.76528,50.78363],[12.77885,50.78961],[12.775,50.80296],[12.76707,50.80509],[12.76822,50.81192],[12.76099,50.81297],[12.75343,50.81719],[12.74832,50.8182],[12.74765,50.82164],[12.74581,50.82218],[12.74297,50.82249],[12.73868,50.82125],[12.7396,50.82027],[12.72705,50.81743],[12.73697,50.82382],[12.73846,50.82924],[12.74501,50.82845],[12.75472,50.82244],[12.75722,50.82369],[12.76042,50.82293],[12.76556,50.82412],[12.76231,50.82926],[12.76586,50.83022],[12.77327,50.82344],[12.77638,50.82489],[12.77489,50.82834],[12.77838,50.83255],[12.78057,50.83029],[12.7877,50.83276],[12.78286,50.83657],[12.78857,50.83877],[12.79005,50.83726],[12.79288,50.84187],[12.80546,50.84863],[12.80411,50.85348],[12.80607,50.85832],[12.80456,50.86001],[12.80563,50.86441],[12.80427,50.86692],[12.79664,50.86675],[12.79543,50.87075],[12.79318,50.87208],[12.78624,50.86897],[12.7841,50.8706],[12.77752,50.867],[12.77193,50.8705],[12.77677,50.87471],[12.76972,50.87676],[12.77407,50.87885],[12.7742,50.88077],[12.7688,50.88039],[12.76581,50.87854],[12.76279,50.88294],[12.75749,50.88366],[12.75214,50.88958],[12.74746,50.88757],[12.74119,50.89506],[12.74244,50.90381],[12.73683,50.90699],[12.73212,50.90817],[12.72516,50.9029],[12.71843,50.90161],[12.70785,50.90238],[12.70814,50.90367],[12.70258,50.9053],[12.70593,50.90827],[12.70482,50.90869],[12.69592,50.9057],[12.69449,50.90279],[12.69197,50.90581],[12.68643,50.90695],[12.68367,50.90984],[12.67345,50.9108],[12.67897,50.91453],[12.67492,50.91355],[12.67503,50.91584],[12.6714,50.91668],[12.67131,50.9196],[12.66654,50.92286],[12.65287,50.92368],[12.65412,50.91906],[12.64688,50.91636],[12.64127,50.91142],[12.64012,50.90307],[12.62542,50.90575],[12.62357,50.90887],[12.62006,50.90938],[12.6148,50.90481],[12.61179,50.90615],[12.6062,50.90584],[12.59202,50.90267],[12.58474,50.90402],[12.58059,50.90188],[12.57343,50.90108],[12.5693,50.90405],[12.56594,50.9026],[12.56023,50.90614],[12.55282,50.90554],[12.53819,50.90069],[12.52526,50.90266],[12.52132,50.9076],[12.50786,50.90373],[12.51303,50.89611],[12.51112,50.8941],[12.48667,50.8939],[12.48024,50.89051],[12.48219,50.88868],[12.45925,50.88045],[12.4642,50.87339],[12.46112,50.87178],[12.46403,50.87013],[12.44836,50.86745],[12.44932,50.86576],[12.44415,50.86258],[12.44825,50.85617],[12.44113,50.84939],[12.44039,50.84644],[12.4425,50.84403],[12.43745,50.84242],[12.42933,50.84416],[12.42021,50.83959],[12.41159,50.84738],[12.41806,50.85541],[12.41299,50.85687],[12.40728,50.85698],[12.40612,50.85052],[12.40295,50.84923],[12.39251,50.84903],[12.3868,50.85063],[12.37703,50.84905],[12.37839,50.85371],[12.37413,50.85325],[12.37486,50.84883],[12.36489,50.84654],[12.36485,50.84397],[12.36231,50.8423],[12.34832,50.83753],[12.34768,50.83484],[12.34959,50.83317],[12.3467,50.83207],[12.34758,50.82363],[12.33302,50.82204],[12.33388,50.82042],[12.32064,50.82163],[12.31571,50.81945],[12.30695,50.81876],[12.29858,50.8299],[12.29591,50.82833],[12.29835,50.82095],[12.30236,50.8172],[12.29978,50.81555],[12.29567,50.8169],[12.29271,50.82381],[12.28972,50.82397],[12.29113,50.82211],[12.28574,50.82031],[12.28607,50.81187],[12.27986,50.8097],[12.27808,50.80962],[12.27698,50.81786],[12.27266,50.81639],[12.27504,50.81364],[12.26857,50.81232],[12.26734,50.81436],[12.25976,50.81145],[12.25309,50.81809],[12.2505,50.81854],[12.25094,50.81501],[12.24284,50.80906],[12.25348,50.79951],[12.25018,50.7991],[12.25485,50.79506],[12.25315,50.78883],[12.26757,50.78733],[12.28764,50.78964],[12.28795,50.78359],[12.29016,50.78343],[12.28405,50.77347],[12.27573,50.76925],[12.26906,50.76252],[12.26392,50.76046],[12.24461,50.76478],[12.24184,50.76788],[12.24069,50.76724],[12.23382,50.75984],[12.22869,50.75745],[12.22917,50.75002],[12.22665,50.74622]]]]}},{"type":"Feature","id":"14612","bbox":[13.57972,50.97523,13.96585,51.17736],"properties":{"id":"14612","name":"Dresden","typ":"Kreisfreie Stadt","bundeslandAlt":"Sachsen","bezirkAlt":"Sachsen","neueKreise":["Dresden"],"quelle":"VG250 / Bezirkseinführungsgesetz"},"geometry":{"type":"MultiPolygon","coordinates":[[[[13.58008,51.06389],[13.58477,51.05709],[13.57972,51.05093],[13.58477,51.04952],[13.5834,51.04422],[13.59505,51.04219],[13.60494,51.04289],[13.59976,51.03742],[13.60429,51.03188],[13.61574,51.03457],[13.62537,51.03136],[13.6282,51.03404],[13.6308,51.03254],[13.63732,51.03278],[13.64271,51.03059],[13.64771,51.03055],[13.65107,51.03095],[13.65076,51.03239],[13.65441,51.03465],[13.66062,51.03426],[13.66635,51.0366],[13.66883,51.0357],[13.66377,51.02945],[13.66453,51.0207],[13.66687,51.02076],[13.66586,51.01726],[13.66987,51.01466],[13.67471,51.01756],[13.68175,51.01541],[13.68283,51.01088],[13.68696,51.00722],[13.68523,51.00475],[13.68744,51.00286],[13.69447,51.00275],[13.70036,51.00521],[13.707,51.00459],[13.71217,51.00837],[13.72104,51.00713],[13.72895,51.01002],[13.74167,51.00744],[13.7465,51.00348],[13.75471,51.00018],[13.76531,51.0011],[13.7652,50.99792],[13.76777,50.9976],[13.76545,50.99656],[13.7707,50.98771],[13.77441,50.98795],[13.77663,50.98965],[13.78105,50.9877],[13.78193,50.98946],[13.78697,50.98588],[13.78964,50.9871],[13.79191,50.97704],[13.79514,50.97751],[13.79894,50.97609],[13.79915,50.97984],[13.80412,50.97888],[13.80508,50.97998],[13.80732,50.97961],[13.80711,50.97794],[13.82128,50.97523],[13.82177,50.97786],[13.82551,50.97939],[13.83258,50.97906],[13.83774,50.98345],[13.83973,50.98755],[13.84569,50.99016],[13.85037,50.98739],[13.85343,50.98741],[13.85847,50.99295],[13.87207,50.98365],[13.87888,50.98395],[13.87989,50.98546],[13.88084,50.98244],[13.88446,50.98243],[13.88278,50.98684],[13.88737,50.98768],[13.88725,50.9891],[13.8951,50.99052],[13.89415,50.993],[13.89677,50.99309],[13.89524,50.99486],[13.90502,50.99706],[13.90588,50.9995],[13.91012,50.99937],[13.91072,51.00196],[13.90828,51.00233],[13.90915,51.00526],[13.90672,51.00986],[13.9079,51.01283],[13.91108,51.01298],[13.91208,51.0167],[13.91638,51.01618],[13.91856,51.01355],[13.92726,51.0142],[13.93015,51.01717],[13.93421,51.0176],[13.93827,51.01474],[13.94059,51.02219],[13.94465,51.02538],[13.958,51.02717],[13.9581,51.02949],[13.96297,51.03174],[13.9616,51.0405],[13.96463,51.04689],[13.95854,51.05007],[13.96585,51.05478],[13.96149,51.06106],[13.9656,51.0616],[13.96356,51.06305],[13.95794,51.06311],[13.95623,51.06585],[13.96057,51.06557],[13.95462,51.06975],[13.95325,51.06908],[13.95313,51.07376],[13.94147,51.07252],[13.9368,51.06769],[13.93894,51.06524],[13.94044,51.06622],[13.9432,51.06512],[13.94183,51.06261],[13.93064,51.06185],[13.92289,51.05985],[13.92381,51.06257],[13.91966,51.06223],[13.91793,51.0633],[13.92009,51.06467],[13.91045,51.06853],[13.89229,51.07016],[13.88406,51.07255],[13.88485,51.07363],[13.88734,51.07306],[13.89126,51.07696],[13.89721,51.07879],[13.8962,51.08241],[13.89205,51.08353],[13.89624,51.08751],[13.90136,51.08849],[13.90086,51.08677],[13.89742,51.08555],[13.90213,51.08371],[13.90757,51.08449],[13.90575,51.08523],[13.90597,51.0874],[13.91002,51.0889],[13.91095,51.09423],[13.9066,51.09886],[13.90298,51.09849],[13.89991,51.10227],[13.89561,51.10408],[13.89906,51.10837],[13.89478,51.10979],[13.89406,51.11401],[13.88689,51.11405],[13.87938,51.12442],[13.87229,51.12787],[13.86967,51.13614],[13.88761,51.14059],[13.88927,51.14276],[13.88818,51.14569],[13.8842,51.14644],[13.88437,51.14958],[13.88068,51.15034],[13.87852,51.15254],[13.87981,51.15397],[13.87386,51.15661],[13.86549,51.15559],[13.8604,51.15828],[13.84951,51.15291],[13.8434,51.15191],[13.83887,51.1463],[13.83448,51.14673],[13.8312,51.14535],[13.82902,51.14832],[13.81841,51.15415],[13.81151,51.15539],[13.81015,51.15954],[13.80511,51.15982],[13.80495,51.16411],[13.80202,51.16824],[13.79779,51.16994],[13.79835,51.16863],[13.78879,51.1659],[13.77975,51.16592],[13.78051,51.16748],[13.7714,51.17463],[13.75924,51.17423],[13.75293,51.17736],[13.74372,51.17692],[13.74528,51.17301],[13.75053,51.17326],[13.75201,51.16889],[13.74755,51.16676],[13.74668,51.16394],[13.75261,51.16229],[13.75457,51.15638],[13.76158,51.15579],[13.76254,51.1496],[13.75955,51.14862],[13.75949,51.14694],[13.76859,51.14459],[13.75864,51.13829],[13.7565,51.13442],[13.74719,51.1379],[13.74195,51.1334],[13.73609,51.13455],[13.73683,51.13618],[13.72083,51.14014],[13.71787,51.13602],[13.71268,51.13376],[13.71322,51.13113],[13.71109,51.12926],[13.71416,51.12846],[13.71285,51.12517],[13.70862,51.12326],[13.71032,51.12278],[13.7073,51.11741],[13.70801,51.11195],[13.70095,51.10974],[13.69951,51.11387],[13.69231,51.11223],[13.69209,51.10939],[13.69551,51.10536],[13.69025,51.0999],[13.69994,51.09384],[13.69847,51.09058],[13.69116,51.09299],[13.68886,51.08874],[13.68642,51.09019],[13.68489,51.08939],[13.67147,51.09569],[13.65881,51.09274],[13.66268,51.09094],[13.66134,51.09005],[13.62365,51.1026],[13.61543,51.10195],[13.60521,51.09654],[13.59852,51.09831],[13.59648,51.09557],[13.59259,51.09447],[13.59527,51.09117],[13.59823,51.09122],[13.59897,51.08541],[13.59308,51.07953],[13.58938,51.07942],[13.5881,51.07755],[13.5904,51.07335],[13.58805,51.06717],[13.58262,51.0668],[13.58008,51.06389]]]]}},{"type":"Feature","id":"14625","bbox":[13.76074,51.01877,14.69912,51.54461],"properties":{"id":"14625","name":"Bautzen","typ":"Landkreis","bundeslandAlt":"Sachsen","bezirkAlt":"Oberlausitz","neueKreise":["Hoyerswerda","Kamenz-Oberlausitz","Oberlausitz-Bautzen"],"quelle":"VG250 / Bezirkseinführungsgesetz"},"geometry":{"type":"MultiPolygon","coordinates":[[[[13.76074,51.21542],[13.76563,51.21218],[13.78007,51.20994],[13.77754,51.20495],[13.77861,51.20374],[13.78778,51.20098],[13.79048,51.2022],[13.79583,51.19731],[13.79319,51.19659],[13.79209,51.19288],[13.78973,51.1916],[13.78032,51.1913],[13.76953,51.18566],[13.76602,51.17918],[13.76521,51.176],[13.7714,51.17463],[13.78051,51.16748],[13.77975,51.16592],[13.78879,51.1659],[13.79835,51.16863],[13.79779,51.16994],[13.80202,51.16824],[13.80495,51.16411],[13.80511,51.15982],[13.81015,51.15954],[13.81151,51.15539],[13.81841,51.15415],[13.82902,51.14832],[13.8312,51.14535],[13.83448,51.14673],[13.83887,51.1463],[13.8434,51.15191],[13.84951,51.15291],[13.8604,51.15828],[13.86549,51.15559],[13.87386,51.15661],[13.87981,51.15397],[13.87852,51.15254],[13.88068,51.15034],[13.88437,51.14958],[13.8842,51.14644],[13.88818,51.14569],[13.88927,51.14276],[13.88761,51.14059],[13.86967,51.13614],[13.87229,51.12787],[13.87938,51.12442],[13.88689,51.11405],[13.89406,51.11401],[13.89478,51.10979],[13.89906,51.10837],[13.89561,51.10408],[13.89991,51.10227],[13.90298,51.09849],[13.9066,51.09886],[13.91095,51.09423],[13.91002,51.0889],[13.90597,51.0874],[13.90575,51.08523],[13.90757,51.08449],[13.90213,51.08371],[13.89742,51.08555],[13.90086,51.08677],[13.90136,51.08849],[13.89624,51.08751],[13.89205,51.08353],[13.8962,51.08241],[13.89721,51.07879],[13.89126,51.07696],[13.88734,51.07306],[13.88485,51.07363],[13.88406,51.07255],[13.89229,51.07016],[13.91045,51.06853],[13.92009,51.06467],[13.91793,51.0633],[13.91966,51.06223],[13.92381,51.06257],[13.92289,51.05985],[13.93064,51.06185],[13.94183,51.06261],[13.9432,51.06512],[13.94044,51.06622],[13.93894,51.06524],[13.9368,51.06769],[13.94147,51.07252],[13.94987,51.07377],[13.95313,51.07376],[13.95325,51.06908],[13.95462,51.06975],[13.96057,51.06557],[13.95623,51.06585],[13.95794,51.06311],[13.96356,51.06305],[13.96767,51.06102],[13.9766,51.06204],[13.98182,51.0651],[13.98137,51.0688],[13.98423,51.06843],[13.98667,51.06997],[13.99539,51.06899],[13.99331,51.06696],[14.00289,51.06537],[14.00441,51.06958],[14.00888,51.07072],[14.01743,51.06779],[14.024,51.06974],[14.02948,51.06732],[14.03283,51.06814],[14.03688,51.06678],[14.04386,51.06928],[14.03963,51.07162],[14.04722,51.08123],[14.04745,51.08497],[14.05113,51.08625],[14.06381,51.07339],[14.07708,51.07444],[14.08065,51.07271],[14.08637,51.07523],[14.08569,51.07625],[14.09488,51.07298],[14.10155,51.07259],[14.10599,51.0735],[14.111,51.07918],[14.11263,51.0797],[14.11449,51.07841],[14.1197,51.08197],[14.1268,51.08421],[14.12607,51.08567],[14.12828,51.08774],[14.13284,51.08987],[14.13606,51.08832],[14.1382,51.08479],[14.14038,51.08575],[14.14102,51.08463],[14.13827,51.08276],[14.14349,51.07897],[14.14304,51.0745],[14.16202,51.06672],[14.16794,51.06677],[14.17184,51.06779],[14.1644,51.06862],[14.16576,51.07157],[14.16987,51.07033],[14.17255,51.07152],[14.1786,51.07133],[14.17548,51.07244],[14.17775,51.07324],[14.1712,51.0751],[14.17379,51.07618],[14.18001,51.07543],[14.18129,51.08204],[14.18645,51.08759],[14.20287,51.085],[14.2048,51.08643],[14.23749,51.07744],[14.2355,51.07529],[14.2407,51.07404],[14.24546,51.0745],[14.25127,51.06862],[14.2512,51.0663],[14.25504,51.0647],[14.25312,51.06024],[14.26539,51.06298],[14.2739,51.06804],[14.27965,51.07396],[14.29202,51.07236],[14.30162,51.06832],[14.32032,51.06785],[14.31664,51.06152],[14.30879,51.0616],[14.31239,51.05892],[14.31707,51.05933],[14.31916,51.05712],[14.31869,51.05363],[14.32642,51.04946],[14.32703,51.04702],[14.33503,51.03969],[14.34052,51.03846],[14.3451,51.03907],[14.34664,51.04128],[14.36199,51.04543],[14.37402,51.03861],[14.38257,51.03857],[14.38317,51.02853],[14.38476,51.02696],[14.38991,51.02408],[14.40532,51.02083],[14.40844,51.01877],[14.42179,51.01957],[14.43177,51.02341],[14.43542,51.02716],[14.45382,51.03589],[14.46545,51.03531],[14.47056,51.03094],[14.47529,51.0295],[14.47437,51.0255],[14.49266,51.0234],[14.49423,51.03631],[14.49056,51.04819],[14.48448,51.04875],[14.49008,51.06098],[14.47926,51.06546],[14.47996,51.06636],[14.47319,51.07013],[14.47381,51.07268],[14.48566,51.07687],[14.51061,51.07937],[14.52251,51.08181],[14.54421,51.08261],[14.55284,51.07948],[14.55858,51.08128],[14.5658,51.08532],[14.57216,51.09122],[14.57196,51.0966],[14.56936,51.09617],[14.56535,51.09839],[14.56758,51.1005],[14.58414,51.10517],[14.58376,51.10773],[14.5805,51.10777],[14.57901,51.11208],[14.57261,51.11435],[14.57506,51.12026],[14.58285,51.11902],[14.58349,51.1204],[14.5935,51.1199],[14.6061,51.11692],[14.61799,51.11765],[14.61812,51.11939],[14.61284,51.11982],[14.61149,51.12256],[14.60625,51.12342],[14.60671,51.12731],[14.61049,51.13017],[14.61278,51.12906],[14.62212,51.12883],[14.62572,51.1302],[14.63169,51.13],[14.63744,51.13327],[14.64109,51.13237],[14.64294,51.13433],[14.63708,51.13399],[14.63379,51.13511],[14.63403,51.13894],[14.63967,51.13919],[14.63848,51.14067],[14.64018,51.14516],[14.64283,51.14502],[14.64338,51.14701],[14.64687,51.14724],[14.6493,51.15152],[14.64796,51.15242],[14.65583,51.15638],[14.65909,51.15551],[14.6599,51.15722],[14.66706,51.15379],[14.66828,51.15064],[14.67066,51.15111],[14.67363,51.1483],[14.67491,51.15065],[14.67683,51.15066],[14.67677,51.14776],[14.68276,51.14868],[14.6806,51.15593],[14.68289,51.15816],[14.67817,51.16001],[14.68054,51.16607],[14.68381,51.16644],[14.68384,51.16809],[14.68647,51.16643],[14.68991,51.16656],[14.68938,51.16958],[14.69125,51.17012],[14.6885,51.17292],[14.69835,51.18034],[14.69329,51.18453],[14.69912,51.18524],[14.69853,51.18628],[14.69237,51.1856],[14.68229,51.18695],[14.67997,51.18811],[14.6843,51.1886],[14.68126,51.19014],[14.67224,51.19105],[14.67088,51.19242],[14.67877,51.195],[14.6762,51.19863],[14.68308,51.20113],[14.68179,51.2059],[14.68408,51.21057],[14.67488,51.21111],[14.67516,51.2124],[14.6728,51.21277],[14.67205,51.21086],[14.66419,51.21082],[14.65803,51.21312],[14.65871,51.21431],[14.6537,51.21563],[14.6525,51.21757],[14.64867,51.21789],[14.64965,51.22386],[14.65311,51.22596],[14.64999,51.22998],[14.64578,51.23059],[14.63982,51.22592],[14.6385,51.22188],[14.6354,51.22199],[14.63493,51.2206],[14.63317,51.22434],[14.62828,51.2281],[14.62053,51.22892],[14.62962,51.24055],[14.63502,51.24154],[14.63635,51.24886],[14.62683,51.25851],[14.61302,51.25996],[14.61749,51.26402],[14.62021,51.27391],[14.62356,51.27857],[14.62163,51.27993],[14.61186,51.28027],[14.60985,51.28463],[14.6002,51.28833],[14.59866,51.29539],[14.60512,51.3032],[14.60574,51.30755],[14.59474,51.30668],[14.59954,51.3112],[14.58684,51.31201],[14.58796,51.3162],[14.59417,51.31937],[14.5877,51.31974],[14.58902,51.32183],[14.58402,51.32197],[14.57765,51.32412],[14.57033,51.31873],[14.57031,51.31724],[14.56481,51.31735],[14.55789,51.32521],[14.55444,51.32695],[14.55498,51.32803],[14.55015,51.32976],[14.54943,51.33502],[14.54055,51.33778],[14.53699,51.34073],[14.53482,51.33959],[14.5331,51.34039],[14.54094,51.34935],[14.54225,51.35518],[14.54483,51.35719],[14.54164,51.35737],[14.53906,51.35535],[14.53388,51.34843],[14.52416,51.34754],[14.52127,51.34187],[14.52373,51.3392],[14.52112,51.33732],[14.52366,51.33538],[14.51947,51.33394],[14.52209,51.32881],[14.51017,51.3294],[14.50701,51.32823],[14.50849,51.3204],[14.50317,51.32319],[14.50341,51.32761],[14.49577,51.32652],[14.47895,51.32103],[14.4726,51.3238],[14.47599,51.32609],[14.47518,51.32918],[14.47202,51.33136],[14.47173,51.34203],[14.46715,51.34594],[14.45795,51.34593],[14.45859,51.34862],[14.47218,51.36748],[14.47457,51.36782],[14.47722,51.37198],[14.48023,51.37113],[14.48455,51.37549],[14.48517,51.37862],[14.47929,51.38533],[14.48275,51.39154],[14.49102,51.39854],[14.49131,51.4022],[14.49595,51.40411],[14.49955,51.40871],[14.48774,51.40954],[14.48813,51.4107],[14.50668,51.4109],[14.50643,51.41444],[14.51294,51.4145],[14.51062,51.41914],[14.5227,51.43204],[14.51954,51.43658],[14.50831,51.4378],[14.5097,51.44373],[14.50599,51.44807],[14.49069,51.44835],[14.48321,51.4507],[14.48652,51.45679],[14.49518,51.46149],[14.49117,51.46151],[14.48495,51.46606],[14.48755,51.46844],[14.48084,51.46998],[14.4797,51.46923],[14.47087,51.47576],[14.47574,51.47899],[14.47513,51.48259],[14.47175,51.48493],[14.47523,51.49428],[14.48003,51.49334],[14.48506,51.49596],[14.47611,51.49839],[14.47616,51.50281],[14.47267,51.50869],[14.46666,51.51105],[14.4401,51.51162],[14.45195,51.53068],[14.45025,51.54082],[14.44131,51.54461],[14.4149,51.53958],[14.40944,51.53721],[14.39888,51.54179],[14.38716,51.54177],[14.38669,51.53402],[14.37587,51.53313],[14.36478,51.52671],[14.36344,51.52454],[14.35369,51.52079],[14.33993,51.52076],[14.33934,51.51823],[14.3433,51.51821],[14.34355,51.51711],[14.34212,51.51084],[14.33811,51.50591],[14.33235,51.50502],[14.32736,51.50736],[14.32292,51.51943],[14.30598,51.52418],[14.29308,51.52511],[14.28821,51.52806],[14.27401,51.53213],[14.25581,51.53232],[14.25357,51.53191],[14.25298,51.5292],[14.25142,51.52976],[14.24704,51.52784],[14.24249,51.52876],[14.24254,51.53027],[14.2453,51.53119],[14.24211,51.53309],[14.24086,51.5319],[14.22893,51.53284],[14.22647,51.53422],[14.22785,51.53483],[14.22119,51.53807],[14.21302,51.53981],[14.20455,51.53991],[14.19894,51.53857],[14.18813,51.54067],[14.17514,51.53912],[14.16611,51.54138],[14.15754,51.5404],[14.14699,51.54154],[14.14368,51.54391],[14.13671,51.54331],[14.13082,51.53783],[14.12973,51.53386],[14.13339,51.52803],[14.14236,51.5228],[14.13817,51.52352],[14.13523,51.52106],[14.11696,51.5232],[14.1078,51.52176],[14.10058,51.51416],[14.09567,51.49872],[14.08776,51.49396],[14.07382,51.49267],[14.07637,51.48884],[14.08873,51.47938],[14.08726,51.4774],[14.08382,51.47711],[14.07259,51.47209],[14.03874,51.47991],[14.03301,51.4751],[14.03565,51.47164],[14.05529,51.46095],[14.05259,51.45251],[14.05483,51.44909],[14.06284,51.44551],[14.04304,51.43924],[14.03816,51.43558],[14.03715,51.43459],[14.04355,51.43336],[14.04624,51.42913],[14.04635,51.42822],[14.03825,51.42844],[14.04364,51.42455],[14.04459,51.41875],[14.03685,51.4168],[14.02744,51.40832],[14.02094,51.40816],[14.0159,51.40514],[14.01702,51.40047],[14.02579,51.40055],[14.02809,51.39594],[14.01333,51.39832],[14.00356,51.39561],[14.00361,51.39318],[14.00832,51.39198],[14.0059,51.38801],[13.99735,51.38524],[13.99632,51.38261],[13.99879,51.38068],[14.0007,51.3726],[13.97021,51.37584],[13.97234,51.39382],[13.96526,51.395],[13.96103,51.39719],[13.95092,51.39583],[13.94544,51.39164],[13.93899,51.38911],[13.93474,51.38918],[13.92036,51.38445],[13.9082,51.38323],[13.90999,51.37897],[13.90867,51.37858],[13.89097,51.37744],[13.88307,51.37512],[13.86828,51.37691],[13.86325,51.38176],[13.8394,51.38251],[13.83319,51.38384],[13.836,51.38045],[13.83388,51.37192],[13.84532,51.3652],[13.84639,51.36253],[13.84942,51.36183],[13.84771,51.35942],[13.85017,51.3502],[13.8565,51.34001],[13.85546,51.33653],[13.82593,51.34093],[13.82625,51.33267],[13.81697,51.32014],[13.81846,51.31956],[13.80355,51.309],[13.79739,51.30167],[13.80214,51.30078],[13.80469,51.29529],[13.81726,51.28195],[13.80381,51.27979],[13.81275,51.27647],[13.80349,51.27235],[13.81877,51.2668],[13.82631,51.26708],[13.82456,51.26174],[13.8214,51.26284],[13.80916,51.2577],[13.81443,51.24763],[13.81008,51.2468],[13.79869,51.2502],[13.79834,51.24768],[13.7967,51.24813],[13.79635,51.24584],[13.80055,51.24513],[13.79815,51.24225],[13.7982,51.23974],[13.80156,51.23822],[13.80035,51.23708],[13.80149,51.23624],[13.80891,51.2374],[13.81244,51.2358],[13.81088,51.23152],[13.81235,51.22984],[13.80208,51.23006],[13.80256,51.22667],[13.79916,51.22449],[13.79527,51.22421],[13.78353,51.22799],[13.78245,51.22078],[13.77996,51.21785],[13.76074,51.21542]]]]}},{"type":"Feature","id":"14626","bbox":[14.4401,50.81935,15.04182,51.59731],"properties":{"id":"14626","name":"Görlitz","typ":"Landkreis","bundeslandAlt":"Sachsen","bezirkAlt":"Oberlausitz","neueKreise":["Görlitz","Niederschlesien","Oberlausitz-Bautzen"],"quelle":"VG250 / Bezirkseinführungsgesetz"},"geometry":{"type":"MultiPolygon","coordinates":[[[[14.4401,51.51162],[14.46666,51.51105],[14.47267,51.50869],[14.47616,51.50281],[14.47611,51.49839],[14.48506,51.49596],[14.48003,51.49334],[14.47523,51.49428],[14.47175,51.48493],[14.47513,51.48259],[14.47574,51.47899],[14.47087,51.47576],[14.4797,51.46923],[14.48084,51.46998],[14.48755,51.46844],[14.48495,51.46606],[14.49117,51.46151],[14.49518,51.46149],[14.48652,51.45679],[14.48321,51.4507],[14.49069,51.44835],[14.50599,51.44807],[14.5097,51.44373],[14.50831,51.4378],[14.51954,51.43658],[14.5227,51.43204],[14.51062,51.41914],[14.51294,51.4145],[14.50643,51.41444],[14.50668,51.4109],[14.48813,51.4107],[14.48774,51.40954],[14.49955,51.40871],[14.49595,51.40411],[14.49131,51.4022],[14.49102,51.39854],[14.48275,51.39154],[14.47929,51.38533],[14.48517,51.37862],[14.48455,51.37549],[14.48023,51.37113],[14.47722,51.37198],[14.47457,51.36782],[14.47218,51.36748],[14.45859,51.34862],[14.45795,51.34593],[14.46715,51.34594],[14.47173,51.34203],[14.47202,51.33136],[14.47518,51.32918],[14.47599,51.32609],[14.4726,51.3238],[14.47895,51.32103],[14.49577,51.32652],[14.50341,51.32761],[14.50317,51.32319],[14.50849,51.3204],[14.50701,51.32823],[14.51017,51.3294],[14.52209,51.32881],[14.51947,51.33394],[14.52366,51.33538],[14.52112,51.33732],[14.52373,51.3392],[14.52127,51.34187],[14.52416,51.34754],[14.53388,51.34843],[14.53906,51.35535],[14.54164,51.35737],[14.54483,51.35719],[14.54225,51.35518],[14.54094,51.34935],[14.5331,51.34039],[14.53482,51.33959],[14.53699,51.34073],[14.54055,51.33778],[14.54943,51.33502],[14.55015,51.32976],[14.55498,51.32803],[14.55444,51.32695],[14.55789,51.32521],[14.56481,51.31735],[14.57031,51.31724],[14.57033,51.31873],[14.57765,51.32412],[14.58402,51.32197],[14.58902,51.32183],[14.5877,51.31974],[14.59417,51.31937],[14.58796,51.3162],[14.58684,51.31201],[14.59954,51.3112],[14.59474,51.30668],[14.60574,51.30755],[14.60512,51.3032],[14.59866,51.29539],[14.6002,51.28833],[14.60985,51.28463],[14.61186,51.28027],[14.62163,51.27993],[14.62356,51.27857],[14.62021,51.27391],[14.61749,51.26402],[14.61302,51.25996],[14.62683,51.25851],[14.63635,51.24886],[14.63502,51.24154],[14.62962,51.24055],[14.62053,51.22892],[14.62828,51.2281],[14.63317,51.22434],[14.63493,51.2206],[14.6354,51.22199],[14.6385,51.22188],[14.63982,51.22592],[14.64578,51.23059],[14.64999,51.22998],[14.65311,51.22596],[14.64965,51.22386],[14.64867,51.21789],[14.6525,51.21757],[14.6537,51.21563],[14.65871,51.21431],[14.65803,51.21312],[14.66419,51.21082],[14.67205,51.21086],[14.6728,51.21277],[14.67516,51.2124],[14.67488,51.21111],[14.68408,51.21057],[14.68179,51.2059],[14.68308,51.20113],[14.6762,51.19863],[14.67877,51.195],[14.67088,51.19242],[14.67224,51.19105],[14.68126,51.19014],[14.6843,51.1886],[14.67997,51.18811],[14.68229,51.18695],[14.69237,51.1856],[14.69853,51.18628],[14.69912,51.18524],[14.69329,51.18453],[14.69835,51.18034],[14.6885,51.17292],[14.69125,51.17012],[14.68938,51.16958],[14.68991,51.16656],[14.68647,51.16643],[14.68384,51.16809],[14.68381,51.16644],[14.68054,51.16607],[14.67817,51.16001],[14.68289,51.15816],[14.6806,51.15593],[14.68276,51.14868],[14.67677,51.14776],[14.67683,51.15066],[14.67491,51.15065],[14.67363,51.1483],[14.67066,51.15111],[14.66828,51.15064],[14.66706,51.15379],[14.6599,51.15722],[14.65909,51.15551],[14.65583,51.15638],[14.64796,51.15242],[14.6493,51.15152],[14.64687,51.14724],[14.64338,51.14701],[14.64283,51.14502],[14.64018,51.14516],[14.63848,51.14067],[14.63967,51.13919],[14.63403,51.13894],[14.63379,51.13511],[14.63708,51.13399],[14.64294,51.13433],[14.64109,51.13237],[14.63744,51.13327],[14.63169,51.13],[14.62572,51.1302],[14.62212,51.12883],[14.61278,51.12906],[14.61049,51.13017],[14.60671,51.12731],[14.60625,51.12342],[14.61149,51.12256],[14.61284,51.11982],[14.61812,51.11939],[14.61799,51.11765],[14.6061,51.11692],[14.5935,51.1199],[14.58349,51.1204],[14.58285,51.11902],[14.57506,51.12026],[14.57261,51.11435],[14.57901,51.11208],[14.5805,51.10777],[14.58376,51.10773],[14.58414,51.10517],[14.56758,51.1005],[14.56535,51.09839],[14.56936,51.09617],[14.57196,51.0966],[14.57216,51.09122],[14.5658,51.08532],[14.55858,51.08128],[14.55284,51.07948],[14.54421,51.08261],[14.51839,51.08135],[14.51061,51.07937],[14.48566,51.07687],[14.47581,51.07415],[14.47319,51.07013],[14.47996,51.06636],[14.47926,51.06546],[14.49008,51.06098],[14.48448,51.04875],[14.49056,51.04819],[14.49122,51.04353],[14.49979,51.04654],[14.50821,51.04315],[14.50115,51.03164],[14.49856,51.02206],[14.52142,51.01914],[14.53215,51.01653],[14.53989,51.01038],[14.53506,51.00893],[14.53275,51.00563],[14.5347,51.00371],[14.56091,51.00699],[14.56453,51.01014],[14.56872,51.00433],[14.5787,51.00031],[14.58134,50.99354],[14.59506,50.98716],[14.59918,50.98711],[14.59851,50.98038],[14.60068,50.97952],[14.59714,50.97455],[14.59674,50.96891],[14.59215,50.96676],[14.59607,50.96281],[14.58562,50.95216],[14.58068,50.94188],[14.57239,50.93795],[14.56066,50.92537],[14.56481,50.91835],[14.58321,50.91426],[14.58939,50.91704],[14.59326,50.91653],[14.60269,50.92132],[14.61261,50.9225],[14.61711,50.92554],[14.62812,50.92539],[14.63852,50.92995],[14.65022,50.93153],[14.65224,50.92596],[14.6529,50.90549],[14.64771,50.90433],[14.63623,50.89745],[14.63347,50.88673],[14.62434,50.8687],[14.61873,50.86456],[14.62013,50.86015],[14.61887,50.85771],[14.63248,50.85528],[14.64826,50.84872],[14.66013,50.85017],[14.66479,50.84937],[14.6902,50.838],[14.70871,50.84089],[14.72007,50.83235],[14.71725,50.83056],[14.71638,50.82436],[14.72232,50.82208],[14.73434,50.82547],[14.7391,50.82897],[14.74495,50.82945],[14.74721,50.82882],[14.74987,50.82432],[14.75873,50.82471],[14.76187,50.82205],[14.76432,50.82213],[14.76644,50.81935],[14.77926,50.81999],[14.7905,50.82408],[14.79231,50.82382],[14.79391,50.82015],[14.80181,50.82486],[14.80066,50.82892],[14.80772,50.84642],[14.81025,50.85081],[14.82122,50.85937],[14.82145,50.86321],[14.82475,50.86697],[14.82495,50.86956],[14.81931,50.87421],[14.81738,50.87958],[14.82043,50.88625],[14.84341,50.90066],[14.85163,50.91057],[14.86809,50.9179],[14.87686,50.93235],[14.89082,50.93524],[14.89655,50.94064],[14.8954,50.94727],[14.89296,50.94958],[14.89762,50.95939],[14.90387,50.96122],[14.8996,50.96331],[14.90404,50.96749],[14.90308,50.97172],[14.91741,50.97391],[14.91943,50.97534],[14.91831,50.98256],[14.92029,50.98793],[14.91749,50.98997],[14.9172,50.9952],[14.92036,50.99785],[14.92612,50.99676],[14.92905,50.99798],[14.93798,51.01147],[14.93929,51.01702],[14.9358,51.01808],[14.93521,51.02017],[14.93778,51.02212],[14.94011,51.02093],[14.93912,51.02348],[14.94194,51.02314],[14.94243,51.02413],[14.94029,51.02609],[14.94564,51.02649],[14.94906,51.0306],[14.94644,51.03159],[14.95173,51.0378],[14.94822,51.03918],[14.94896,51.04283],[14.95108,51.04336],[14.95172,51.04231],[14.95381,51.04668],[14.95876,51.04708],[14.96168,51.05003],[14.9647,51.05036],[14.96301,51.0579],[14.97131,51.06607],[14.97001,51.06767],[14.97133,51.06953],[14.96801,51.06965],[14.96769,51.071],[14.97928,51.07708],[14.97633,51.08701],[14.98012,51.08721],[14.97983,51.08979],[14.98401,51.09075],[14.98248,51.09516],[14.98025,51.09605],[14.98393,51.09742],[14.98399,51.10226],[14.97826,51.10786],[14.9808,51.10879],[14.98007,51.11065],[14.9825,51.11313],[14.98092,51.11605],[14.9831,51.11794],[14.98684,51.11617],[14.9892,51.11662],[14.99777,51.12242],[14.99491,51.1239],[14.99675,51.13247],[14.99537,51.13687],[14.99043,51.14215],[14.99223,51.14373],[14.99588,51.14381],[15.00071,51.14948],[14.99423,51.15756],[14.99321,51.16246],[15.00504,51.16771],[15.00154,51.17238],[15.00878,51.18233],[15.00474,51.19088],[15.0143,51.19609],[15.01414,51.19827],[15.00765,51.19983],[15.0076,51.20451],[15.01306,51.20895],[15.00981,51.21345],[15.01688,51.21493],[15.01602,51.21736],[15.01824,51.22143],[15.0162,51.2276],[15.02143,51.2288],[15.02554,51.23173],[15.02678,51.23369],[15.02351,51.23522],[15.02862,51.23705],[15.02691,51.23958],[15.02833,51.24156],[15.03384,51.24106],[15.03762,51.2442],[15.03141,51.24828],[15.02948,51.25142],[15.02755,51.25126],[15.02638,51.24905],[15.02335,51.25031],[15.02518,51.25402],[15.03002,51.25457],[15.032,51.25738],[15.03779,51.25803],[15.03607,51.26173],[15.03823,51.26696],[15.03676,51.27045],[15.04182,51.2726],[15.04159,51.27427],[15.03437,51.27744],[15.03532,51.28305],[15.03205,51.28726],[15.03348,51.29393],[15.02963,51.29465],[15.02922,51.2967],[15.02175,51.30062],[15.01201,51.30131],[15.0139,51.30434],[15.01263,51.30858],[15.0077,51.31017],[15.00665,51.31179],[15.00925,51.3163],[15.00547,51.31718],[15.00246,51.32029],[14.99766,51.32052],[14.99314,51.32298],[14.99355,51.32826],[14.98615,51.32929],[14.98574,51.33222],[14.98061,51.33672],[14.98066,51.33986],[14.97777,51.3417],[14.97693,51.34602],[14.97847,51.34809],[14.97622,51.35694],[14.97296,51.35974],[14.96738,51.35935],[14.96524,51.36108],[14.96538,51.36228],[14.97717,51.36549],[14.97779,51.36964],[14.98374,51.37355],[14.97402,51.37848],[14.9693,51.37908],[14.96921,51.38199],[14.9647,51.38681],[14.96589,51.39136],[14.96353,51.39412],[14.95828,51.39534],[14.96273,51.39772],[14.96893,51.39773],[14.96784,51.40272],[14.96298,51.40788],[14.95872,51.40975],[14.95982,51.41127],[14.96447,51.41219],[14.96707,51.41732],[14.96418,51.42336],[14.96609,51.42677],[14.96012,51.42913],[14.95863,51.43125],[14.96329,51.4342],[14.97007,51.43217],[14.97361,51.43647],[14.97422,51.44167],[14.96685,51.44599],[14.96273,51.4532],[14.95586,51.45852],[14.95645,51.46337],[14.94909,51.47126],[14.92611,51.47348],[14.92533,51.47943],[14.92235,51.48226],[14.90807,51.48398],[14.8978,51.48205],[14.88662,51.48794],[14.87078,51.48488],[14.86447,51.49047],[14.85164,51.48956],[14.84442,51.49483],[14.83961,51.49617],[14.83777,51.49904],[14.83508,51.49941],[14.83241,51.5038],[14.8237,51.50543],[14.81942,51.50764],[14.81178,51.50609],[14.8054,51.51419],[14.7987,51.5154],[14.79597,51.51787],[14.78769,51.51707],[14.7837,51.51845],[14.77728,51.51768],[14.76527,51.519],[14.76099,51.52323],[14.75182,51.5218],[14.74311,51.52526],[14.73576,51.52596],[14.73363,51.52918],[14.72912,51.53144],[14.7291,51.53574],[14.72631,51.539],[14.73144,51.54439],[14.72935,51.54974],[14.72359,51.55385],[14.71639,51.55519],[14.71124,51.56266],[14.72719,51.57536],[14.72987,51.58178],[14.72061,51.58636],[14.72081,51.58849],[14.70756,51.59731],[14.69665,51.59666],[14.69834,51.58973],[14.7042,51.58256],[14.70645,51.57646],[14.7028,51.57555],[14.69276,51.57634],[14.69575,51.57461],[14.69114,51.56279],[14.68091,51.55383],[14.67401,51.55065],[14.67012,51.5526],[14.6639,51.55298],[14.664,51.55455],[14.6396,51.55429],[14.63158,51.55082],[14.60989,51.55015],[14.60375,51.55512],[14.60637,51.55723],[14.60178,51.56134],[14.59903,51.57175],[14.59401,51.57418],[14.58306,51.57464],[14.58214,51.57923],[14.5763,51.58104],[14.56723,51.58061],[14.56058,51.57346],[14.55383,51.57193],[14.54444,51.57362],[14.54749,51.56362],[14.54519,51.56178],[14.54099,51.56009],[14.52508,51.55863],[14.52231,51.55635],[14.51545,51.55423],[14.50861,51.55819],[14.50647,51.55683],[14.49986,51.5594],[14.45058,51.55564],[14.44674,51.55273],[14.4472,51.54433],[14.45025,51.54082],[14.45195,51.53068],[14.4401,51.51162]]]]}},{"type":"Feature","id":"14627","bbox":[13.18222,51.0073,13.8565,51.45417],"properties":{"id":"14627","name":"Meißen","typ":"Landkreis","bundeslandAlt":"Sachsen","bezirkAlt":"Sachsen","neueKreise":["Meißen"],"quelle":"VG250 / Bezirkseinführungsgesetz"},"geometry":{"type":"MultiPolygon","coordinates":[[[[13.18222,51.3777],[13.18289,51.3751],[13.19687,51.37314],[13.20296,51.36815],[13.20662,51.36918],[13.20831,51.36692],[13.20461,51.36608],[13.20296,51.36274],[13.19786,51.36203],[13.19193,51.35853],[13.20433,51.35576],[13.2021,51.35108],[13.19865,51.35104],[13.19972,51.34901],[13.20536,51.34784],[13.21203,51.34335],[13.20242,51.32948],[13.2063,51.31293],[13.20817,51.31322],[13.20871,51.31187],[13.20577,51.31161],[13.21442,51.29349],[13.2135,51.28853],[13.20769,51.2889],[13.20777,51.28015],[13.20983,51.27818],[13.2068,51.27748],[13.21664,51.26918],[13.21314,51.26845],[13.21351,51.26618],[13.20871,51.26401],[13.2088,51.25992],[13.2049,51.25951],[13.20333,51.26081],[13.20232,51.25924],[13.19686,51.25867],[13.19624,51.26105],[13.19407,51.26068],[13.19466,51.2558],[13.20071,51.25162],[13.19662,51.25022],[13.19556,51.24701],[13.20075,51.24644],[13.20193,51.24376],[13.20416,51.2436],[13.20697,51.2404],[13.19795,51.236],[13.20158,51.23285],[13.19871,51.23041],[13.20151,51.22938],[13.20205,51.22264],[13.20756,51.21744],[13.20514,51.21714],[13.20502,51.21318],[13.19251,51.21169],[13.20051,51.20381],[13.20842,51.20242],[13.21421,51.18263],[13.21147,51.1819],[13.21092,51.17574],[13.22506,51.17567],[13.22557,51.17285],[13.22916,51.17191],[13.22788,51.16962],[13.23627,51.16906],[13.23666,51.16606],[13.24071,51.16458],[13.24334,51.16087],[13.24524,51.16322],[13.24915,51.16284],[13.2501,51.16378],[13.25384,51.16255],[13.25196,51.15963],[13.25301,51.15469],[13.25694,51.15447],[13.25771,51.15038],[13.25203,51.14819],[13.2531,51.14627],[13.25154,51.14606],[13.25044,51.1414],[13.25879,51.1416],[13.25882,51.14039],[13.24947,51.13746],[13.24975,51.13325],[13.2475,51.13206],[13.2523,51.12521],[13.24873,51.12485],[13.25076,51.11833],[13.24642,51.11744],[13.24633,51.11408],[13.23766,51.11246],[13.2375,51.11533],[13.22719,51.11368],[13.22848,51.10224],[13.23163,51.10647],[13.24218,51.10726],[13.24145,51.11082],[13.24696,51.11168],[13.25122,51.11088],[13.25111,51.10902],[13.24951,51.10887],[13.25078,51.10467],[13.25343,51.105],[13.25406,51.09912],[13.25733,51.09577],[13.25528,51.09438],[13.2585,51.09193],[13.25833,51.08984],[13.25548,51.09017],[13.25455,51.07687],[13.25999,51.06849],[13.25577,51.06365],[13.24612,51.06514],[13.24209,51.06449],[13.24249,51.05986],[13.24639,51.05823],[13.246,51.05395],[13.25462,51.05462],[13.25609,51.05261],[13.26642,51.05146],[13.26661,51.0493],[13.2609,51.04868],[13.25637,51.04548],[13.25874,51.04355],[13.25729,51.04143],[13.26062,51.03915],[13.25225,51.03552],[13.2426,51.028],[13.24022,51.02976],[13.23887,51.02876],[13.24222,51.02653],[13.23996,51.01764],[13.2289,51.01256],[13.2364,51.0073],[13.27685,51.03119],[13.32589,51.03676],[13.33328,51.03964],[13.34318,51.04597],[13.36586,51.05083],[13.38718,51.05179],[13.39544,51.04545],[13.40001,51.04403],[13.4015,51.04073],[13.40685,51.03877],[13.41395,51.03839],[13.41135,51.03649],[13.41779,51.03718],[13.42189,51.0342],[13.42514,51.03596],[13.42194,51.03799],[13.4239,51.03774],[13.42774,51.04029],[13.4259,51.04505],[13.42791,51.04724],[13.42727,51.05026],[13.42955,51.05021],[13.43208,51.05516],[13.43759,51.05616],[13.45067,51.0558],[13.45282,51.05424],[13.47137,51.06231],[13.4753,51.06164],[13.485,51.06661],[13.50422,51.06091],[13.50533,51.05932],[13.52739,51.05795],[13.53258,51.05926],[13.55984,51.06017],[13.56323,51.05887],[13.57519,51.06554],[13.58032,51.06462],[13.58262,51.0668],[13.58805,51.06717],[13.5904,51.07335],[13.5881,51.07755],[13.58938,51.07942],[13.59308,51.07953],[13.59897,51.08541],[13.59823,51.09122],[13.59527,51.09117],[13.59259,51.09447],[13.59648,51.09557],[13.59852,51.09831],[13.60223,51.09662],[13.60688,51.09697],[13.61719,51.10236],[13.62517,51.10224],[13.66134,51.09005],[13.66268,51.09094],[13.65881,51.09274],[13.67147,51.09569],[13.68489,51.08939],[13.68642,51.09019],[13.68886,51.08874],[13.69116,51.09299],[13.69847,51.09058],[13.69994,51.09384],[13.69025,51.0999],[13.69551,51.10536],[13.69209,51.10939],[13.69231,51.11223],[13.69951,51.11387],[13.70095,51.10974],[13.70801,51.11195],[13.7073,51.11741],[13.71032,51.12278],[13.70862,51.12326],[13.71285,51.12517],[13.71416,51.12846],[13.71109,51.12926],[13.71322,51.13113],[13.71268,51.13376],[13.71787,51.13602],[13.72083,51.14014],[13.73683,51.13618],[13.73609,51.13455],[13.74195,51.1334],[13.74719,51.1379],[13.7565,51.13442],[13.75864,51.13829],[13.76859,51.14459],[13.75949,51.14694],[13.75955,51.14862],[13.76254,51.1496],[13.76158,51.15579],[13.75457,51.15638],[13.75261,51.16229],[13.7473,51.16303],[13.74755,51.16676],[13.75201,51.16889],[13.75053,51.17326],[13.74528,51.17301],[13.74372,51.17692],[13.75597,51.17685],[13.75924,51.17423],[13.76616,51.17521],[13.76602,51.17918],[13.76953,51.18566],[13.78032,51.1913],[13.78973,51.1916],[13.79209,51.19288],[13.79319,51.19659],[13.79583,51.19731],[13.79048,51.2022],[13.78778,51.20098],[13.77861,51.20374],[13.77754,51.20495],[13.78007,51.20994],[13.76563,51.21218],[13.76074,51.21542],[13.77996,51.21785],[13.78245,51.22078],[13.78353,51.22799],[13.79527,51.22421],[13.79916,51.22449],[13.80256,51.22667],[13.80208,51.23006],[13.81235,51.22984],[13.81088,51.23152],[13.81244,51.2358],[13.80891,51.2374],[13.80149,51.23624],[13.80035,51.23708],[13.80156,51.23822],[13.7982,51.23974],[13.79815,51.24225],[13.80055,51.24513],[13.79635,51.24584],[13.7967,51.24813],[13.79834,51.24768],[13.79869,51.2502],[13.81008,51.2468],[13.81443,51.24763],[13.80916,51.2577],[13.8214,51.26284],[13.82456,51.26174],[13.82631,51.26708],[13.81877,51.2668],[13.80349,51.27235],[13.81275,51.27647],[13.80381,51.27979],[13.81726,51.28195],[13.80469,51.29529],[13.80214,51.30078],[13.79739,51.30167],[13.80355,51.309],[13.81846,51.31956],[13.81697,51.32014],[13.82625,51.33267],[13.82593,51.34093],[13.85546,51.33653],[13.8565,51.34001],[13.85017,51.3502],[13.84771,51.35942],[13.84964,51.36148],[13.83435,51.3712],[13.83531,51.37679],[13.82909,51.37581],[13.81897,51.3695],[13.80786,51.37287],[13.78253,51.36967],[13.77652,51.36199],[13.76774,51.36301],[13.76734,51.36062],[13.76542,51.36099],[13.76325,51.35902],[13.76268,51.36541],[13.7649,51.36547],[13.76522,51.36794],[13.76776,51.36778],[13.76897,51.3694],[13.76662,51.37072],[13.75769,51.37149],[13.75316,51.36595],[13.74474,51.36215],[13.73911,51.3612],[13.72735,51.36471],[13.71339,51.3635],[13.70624,51.36553],[13.69125,51.37401],[13.68276,51.36762],[13.6684,51.37613],[13.66145,51.36897],[13.64842,51.37007],[13.64271,51.36871],[13.6321,51.36854],[13.61723,51.37106],[13.61668,51.36976],[13.59406,51.36936],[13.59576,51.37453],[13.59134,51.37514],[13.59201,51.37777],[13.58765,51.38183],[13.58985,51.38423],[13.56996,51.38567],[13.56458,51.38199],[13.55627,51.37904],[13.55082,51.37925],[13.54614,51.36917],[13.54263,51.36932],[13.53777,51.37716],[13.53777,51.38105],[13.52312,51.38103],[13.52486,51.38427],[13.52122,51.40206],[13.51279,51.40199],[13.50274,51.40471],[13.49439,51.40292],[13.49135,51.40768],[13.46328,51.41175],[13.46553,51.42177],[13.47379,51.41788],[13.46331,51.42626],[13.46307,51.42324],[13.46063,51.42224],[13.45034,51.42283],[13.44591,51.43145],[13.44349,51.42877],[13.44606,51.42596],[13.43978,51.42786],[13.43448,51.42653],[13.43341,51.42762],[13.42851,51.42179],[13.42143,51.42151],[13.42231,51.42533],[13.42793,51.42895],[13.42657,51.43009],[13.42815,51.43125],[13.42601,51.43403],[13.42177,51.43456],[13.41971,51.43884],[13.41219,51.43937],[13.41127,51.44275],[13.40563,51.44595],[13.40932,51.44977],[13.40105,51.45417],[13.40041,51.45276],[13.38823,51.44781],[13.3876,51.44112],[13.38215,51.43605],[13.37656,51.43653],[13.3748,51.43842],[13.37294,51.4378],[13.37543,51.43519],[13.37788,51.43493],[13.37714,51.43332],[13.38308,51.42806],[13.38251,51.42593],[13.37665,51.42461],[13.36968,51.42959],[13.35835,51.43397],[13.35709,51.43253],[13.3492,51.43334],[13.33795,51.42916],[13.33423,51.43316],[13.33335,51.43744],[13.32032,51.4375],[13.32576,51.43365],[13.32834,51.42664],[13.31363,51.42318],[13.3113,51.42228],[13.309,51.41771],[13.28667,51.41138],[13.28635,51.39929],[13.25998,51.4004],[13.25909,51.39533],[13.26377,51.39446],[13.26366,51.39099],[13.27004,51.3905],[13.26854,51.38479],[13.26372,51.38495],[13.26264,51.38831],[13.25607,51.39209],[13.25051,51.39273],[13.25065,51.39411],[13.24346,51.39319],[13.23773,51.39504],[13.21731,51.39506],[13.21355,51.39725],[13.21015,51.40474],[13.20782,51.40424],[13.2046,51.40934],[13.1999,51.41132],[13.2023,51.40602],[13.20506,51.40479],[13.20333,51.40026],[13.19884,51.39924],[13.20141,51.39752],[13.20133,51.39499],[13.19735,51.39633],[13.19063,51.39455],[13.19142,51.38871],[13.18687,51.3877],[13.18628,51.38612],[13.18829,51.38233],[13.18359,51.38078],[13.18222,51.3777]]]]}},{"type":"Feature","id":"14628","bbox":[13.42138,50.71705,14.40214,51.08987],"properties":{"id":"14628","name":"Sächsische Schweiz-Osterzgebirge","typ":"Landkreis","bundeslandAlt":"Sachsen","bezirkAlt":"Sachsen","neueKreise":["Osterzgebirge","Sächsische Schweiz"],"quelle":"VG250 / Bezirkseinführungsgesetz"},"geometry":{"type":"MultiPolygon","coordinates":[[[[13.42159,51.03716],[13.42514,51.03596],[13.42138,51.03298],[13.42394,51.03217],[13.42598,51.03409],[13.42948,51.03138],[13.4348,51.03015],[13.43515,51.0324],[13.44178,51.02843],[13.44421,51.02455],[13.45017,51.02149],[13.44699,51.02043],[13.44514,51.01738],[13.43261,51.00849],[13.42677,50.99635],[13.43086,50.98763],[13.43673,50.98118],[13.45445,50.98134],[13.46666,50.98361],[13.47389,50.98331],[13.47513,50.98505],[13.47685,50.98459],[13.47366,50.97717],[13.46459,50.97247],[13.46533,50.97101],[13.46279,50.96797],[13.4583,50.96956],[13.45326,50.96789],[13.44578,50.96815],[13.44554,50.9661],[13.45011,50.96493],[13.44547,50.96491],[13.44667,50.96391],[13.44157,50.96067],[13.43828,50.95577],[13.43477,50.9568],[13.4317,50.95156],[13.43475,50.95075],[13.42935,50.94833],[13.4304,50.9463],[13.42814,50.94355],[13.43688,50.94226],[13.44226,50.94333],[13.45535,50.94229],[13.4544,50.94012],[13.44814,50.9393],[13.44918,50.93527],[13.44375,50.93279],[13.44624,50.92995],[13.44886,50.93057],[13.45003,50.92942],[13.44601,50.92841],[13.44852,50.92669],[13.45814,50.9235],[13.45559,50.9147],[13.45848,50.91201],[13.45706,50.90662],[13.46005,50.90483],[13.45976,50.90203],[13.46371,50.90019],[13.46918,50.90029],[13.47691,50.89604],[13.4882,50.89242],[13.4942,50.88479],[13.49707,50.87404],[13.50185,50.86934],[13.50198,50.86694],[13.51511,50.85598],[13.51342,50.85532],[13.51459,50.8525],[13.50946,50.84916],[13.50223,50.8497],[13.49832,50.84871],[13.5071,50.84394],[13.50495,50.83944],[13.51595,50.83774],[13.51662,50.83322],[13.52208,50.82964],[13.5205,50.82693],[13.52399,50.82702],[13.53144,50.83033],[13.5342,50.82933],[13.53968,50.83071],[13.5438,50.82961],[13.54323,50.82571],[13.54592,50.8246],[13.55066,50.81794],[13.55661,50.81652],[13.55853,50.81333],[13.56283,50.81364],[13.56991,50.8116],[13.57366,50.81255],[13.57652,50.81108],[13.57233,50.80921],[13.56164,50.80943],[13.55657,50.80656],[13.55592,50.8058],[13.56158,50.80501],[13.56043,50.8036],[13.56242,50.80293],[13.55086,50.7887],[13.55147,50.78215],[13.56232,50.7788],[13.5664,50.77502],[13.57309,50.7722],[13.59499,50.77617],[13.59927,50.77417],[13.5997,50.77192],[13.60445,50.77012],[13.61008,50.75747],[13.61495,50.75315],[13.61698,50.7483],[13.64149,50.73858],[13.65028,50.73366],[13.65217,50.73036],[13.66733,50.73174],[13.6815,50.72489],[13.68737,50.71986],[13.69231,50.71851],[13.7079,50.71705],[13.71239,50.71966],[13.71119,50.7235],[13.70822,50.72532],[13.71366,50.72512],[13.72818,50.73365],[13.7404,50.72717],[13.75075,50.72953],[13.75834,50.73581],[13.7601,50.73439],[13.76388,50.73522],[13.76745,50.73439],[13.76898,50.73297],[13.77731,50.73636],[13.78481,50.73359],[13.79011,50.73504],[13.79088,50.73255],[13.79692,50.73441],[13.80048,50.733],[13.80733,50.73326],[13.81535,50.72777],[13.81965,50.72755],[13.82707,50.72422],[13.83465,50.7269],[13.84397,50.72525],[13.85519,50.72711],[13.85847,50.72928],[13.86157,50.73532],[13.86178,50.74291],[13.86816,50.74264],[13.88023,50.73781],[13.89819,50.74449],[13.90057,50.75179],[13.90275,50.75291],[13.88959,50.763],[13.88753,50.77046],[13.89238,50.7741],[13.8946,50.77997],[13.89994,50.7848],[13.89642,50.78866],[13.89772,50.79203],[13.90106,50.79343],[13.90398,50.79397],[13.91837,50.78912],[13.92973,50.78875],[13.93918,50.78998],[13.95584,50.80059],[13.95378,50.80729],[13.95878,50.80969],[13.97088,50.81109],[13.97631,50.81398],[13.98631,50.81653],[13.99031,50.82001],[14.00339,50.81435],[14.00346,50.81027],[14.01204,50.81175],[14.01645,50.81111],[14.0229,50.80916],[14.02942,50.8043],[14.03405,50.80464],[14.04114,50.8108],[14.04732,50.81018],[14.05125,50.81142],[14.05199,50.81049],[14.05768,50.81192],[14.06259,50.80992],[14.07243,50.81079],[14.07838,50.81242],[14.07905,50.81867],[14.08953,50.82585],[14.09934,50.82644],[14.107,50.83031],[14.11097,50.82967],[14.11635,50.83224],[14.12688,50.83426],[14.13287,50.834],[14.14489,50.84088],[14.15523,50.84353],[14.16147,50.84754],[14.17029,50.84736],[14.19063,50.8496],[14.19591,50.85173],[14.20103,50.85134],[14.2165,50.86023],[14.22329,50.85924],[14.23201,50.86904],[14.23602,50.87645],[14.23627,50.88257],[14.23315,50.88752],[14.24414,50.88641],[14.25225,50.88792],[14.2675,50.8953],[14.27148,50.89511],[14.2822,50.89256],[14.28966,50.88589],[14.30485,50.88398],[14.31936,50.88874],[14.34821,50.89257],[14.35034,50.89568],[14.34855,50.89748],[14.34927,50.90073],[14.35461,50.89841],[14.35838,50.89957],[14.3628,50.89765],[14.37415,50.89623],[14.37529,50.89786],[14.38653,50.89884],[14.38834,50.9003],[14.38608,50.90284],[14.38861,50.90817],[14.38564,50.91649],[14.38971,50.91666],[14.38888,50.91887],[14.39415,50.91815],[14.3918,50.92083],[14.40214,50.92407],[14.39941,50.93076],[14.4007,50.93371],[14.38732,50.94181],[14.38589,50.94053],[14.37318,50.93824],[14.36916,50.93949],[14.36948,50.94218],[14.36052,50.94145],[14.36107,50.94272],[14.35588,50.94465],[14.34932,50.94514],[14.3458,50.94857],[14.33922,50.94987],[14.33432,50.94899],[14.32537,50.94972],[14.31171,50.95376],[14.31075,50.95528],[14.31724,50.95792],[14.31691,50.96067],[14.30656,50.96286],[14.30256,50.96533],[14.30862,50.96816],[14.31296,50.97226],[14.31657,50.97328],[14.32548,50.97217],[14.32842,50.97351],[14.32606,50.97782],[14.32656,50.98059],[14.32973,50.9822],[14.32355,50.98536],[14.31141,50.98466],[14.2989,50.97922],[14.28578,50.977],[14.28221,50.97772],[14.27613,50.98276],[14.2629,50.9854],[14.26311,50.98643],[14.25865,50.98754],[14.25854,50.99213],[14.2688,51.00004],[14.26224,51.00407],[14.26064,51.00883],[14.26516,51.00816],[14.28022,51.0141],[14.28197,51.01559],[14.27767,51.01884],[14.28632,51.02696],[14.28534,51.03221],[14.27981,51.03637],[14.27359,51.03778],[14.27379,51.03977],[14.28839,51.03912],[14.29219,51.04654],[14.30186,51.05505],[14.31538,51.05569],[14.31787,51.0547],[14.31916,51.05712],[14.31707,51.05933],[14.31239,51.05892],[14.30879,51.0616],[14.31664,51.06152],[14.32032,51.06785],[14.30162,51.06832],[14.29202,51.07236],[14.27965,51.07396],[14.2739,51.06804],[14.26539,51.06298],[14.25312,51.06024],[14.25504,51.0647],[14.2512,51.0663],[14.25127,51.06862],[14.24546,51.0745],[14.2407,51.07404],[14.2355,51.07529],[14.23749,51.07744],[14.2048,51.08643],[14.20287,51.085],[14.18645,51.08759],[14.18129,51.08204],[14.18001,51.07543],[14.17379,51.07618],[14.1712,51.0751],[14.17775,51.07324],[14.17548,51.07244],[14.1786,51.07133],[14.17255,51.07152],[14.16987,51.07033],[14.16576,51.07157],[14.1644,51.06862],[14.17184,51.06779],[14.16794,51.06677],[14.16202,51.06672],[14.14304,51.0745],[14.14349,51.07897],[14.13827,51.08276],[14.14102,51.08463],[14.14038,51.08575],[14.1382,51.08479],[14.13606,51.08832],[14.13284,51.08987],[14.12828,51.08774],[14.12607,51.08567],[14.1268,51.08421],[14.1197,51.08197],[14.11449,51.07841],[14.11263,51.0797],[14.111,51.07918],[14.10599,51.0735],[14.10155,51.07259],[14.09488,51.07298],[14.08569,51.07625],[14.08637,51.07523],[14.08065,51.07271],[14.07708,51.07444],[14.06381,51.07339],[14.05113,51.08625],[14.04745,51.08497],[14.04722,51.08123],[14.03963,51.07162],[14.04386,51.06928],[14.03688,51.06678],[14.03283,51.06814],[14.02948,51.06732],[14.024,51.06974],[14.01743,51.06779],[14.00888,51.07072],[14.00441,51.06958],[14.00289,51.06537],[13.99331,51.06696],[13.99539,51.06899],[13.99339,51.06956],[13.98667,51.06997],[13.98423,51.06843],[13.98137,51.0688],[13.98182,51.0651],[13.9766,51.06204],[13.96149,51.06106],[13.96585,51.05478],[13.95854,51.05007],[13.96463,51.04689],[13.9616,51.0405],[13.96297,51.03174],[13.9581,51.02949],[13.958,51.02717],[13.94465,51.02538],[13.94059,51.02219],[13.93827,51.01474],[13.93421,51.0176],[13.93015,51.01717],[13.92726,51.0142],[13.91856,51.01355],[13.91638,51.01618],[13.91208,51.0167],[13.91108,51.01298],[13.9079,51.01283],[13.90672,51.00986],[13.90915,51.00526],[13.90828,51.00233],[13.91072,51.00196],[13.91012,50.99937],[13.90588,50.9995],[13.90502,50.99706],[13.89524,50.99486],[13.89677,50.99309],[13.89415,50.993],[13.8951,50.99052],[13.88725,50.9891],[13.88737,50.98768],[13.88278,50.98684],[13.88446,50.98243],[13.88084,50.98244],[13.87989,50.98546],[13.87888,50.98395],[13.87207,50.98365],[13.85847,50.99295],[13.85343,50.98741],[13.85037,50.98739],[13.84569,50.99016],[13.83973,50.98755],[13.83774,50.98345],[13.83258,50.97906],[13.82551,50.97939],[13.82177,50.97786],[13.82128,50.97523],[13.80711,50.97794],[13.80732,50.97961],[13.80508,50.97998],[13.80412,50.97888],[13.79915,50.97984],[13.79894,50.97609],[13.79514,50.97751],[13.79191,50.97704],[13.78964,50.9871],[13.78697,50.98588],[13.78193,50.98946],[13.78105,50.9877],[13.77663,50.98965],[13.77441,50.98795],[13.7707,50.98771],[13.76545,50.99656],[13.76777,50.9976],[13.7652,50.99792],[13.76531,51.0011],[13.75471,51.00018],[13.7465,51.00348],[13.74167,51.00744],[13.73674,51.00858],[13.72895,51.01002],[13.72104,51.00713],[13.71217,51.00837],[13.707,51.00459],[13.70036,51.00521],[13.69447,51.00275],[13.68744,51.00286],[13.68523,51.00475],[13.68696,51.00722],[13.68283,51.01088],[13.68175,51.01541],[13.67471,51.01756],[13.66987,51.01466],[13.66586,51.01726],[13.66687,51.02076],[13.66453,51.0207],[13.66377,51.02945],[13.66883,51.0357],[13.66635,51.0366],[13.66062,51.03426],[13.65441,51.03465],[13.65076,51.03239],[13.65107,51.03095],[13.64771,51.03055],[13.64271,51.03059],[13.63732,51.03278],[13.6308,51.03254],[13.6282,51.03404],[13.62537,51.03136],[13.61574,51.03457],[13.60429,51.03188],[13.59976,51.03742],[13.60494,51.04289],[13.59505,51.04219],[13.5834,51.04422],[13.58477,51.04952],[13.57972,51.05093],[13.58477,51.05709],[13.58032,51.06462],[13.57519,51.06554],[13.56323,51.05887],[13.55984,51.06017],[13.52231,51.058],[13.51901,51.05917],[13.50533,51.05932],[13.50422,51.06091],[13.485,51.06661],[13.4753,51.06164],[13.47137,51.06231],[13.45282,51.05424],[13.45067,51.0558],[13.43759,51.05616],[13.43208,51.05516],[13.42955,51.05021],[13.42727,51.05026],[13.42791,51.04724],[13.4259,51.04505],[13.42774,51.04029],[13.42159,51.03716]]]]}},{"type":"Feature","id":"14713","bbox":[12.23678,51.23815,12.54261,51.44807],"properties":{"id":"14713","name":"Leipzig","typ":"Kreisfreie Stadt","bundeslandAlt":"Sachsen","bezirkAlt":"Sachsen","neueKreise":["Leipzig"],"quelle":"VG250 / Bezirkseinführungsgesetz"},"geometry":{"type":"MultiPolygon","coordinates":[[[[12.23732,51.37238],[12.24322,51.3711],[12.24098,51.36148],[12.24198,51.34935],[12.24761,51.34546],[12.25038,51.33786],[12.25944,51.3353],[12.25825,51.33257],[12.24717,51.3309],[12.24772,51.32989],[12.24502,51.32956],[12.24496,51.33179],[12.24331,51.33149],[12.24334,51.32728],[12.23688,51.3263],[12.23956,51.32041],[12.23678,51.31978],[12.23763,51.31752],[12.24324,51.31827],[12.23987,51.31618],[12.24408,51.313],[12.24742,51.30506],[12.2494,51.30558],[12.25197,51.29923],[12.25057,51.29791],[12.26254,51.29866],[12.26367,51.28913],[12.27296,51.28665],[12.28055,51.28133],[12.26356,51.28142],[12.2614,51.28571],[12.25011,51.2861],[12.25324,51.27977],[12.24791,51.27807],[12.25202,51.26883],[12.2517,51.26725],[12.24774,51.26594],[12.25023,51.26542],[12.253,51.2585],[12.25929,51.25085],[12.25372,51.24889],[12.25606,51.24466],[12.25143,51.24325],[12.25365,51.23854],[12.25754,51.23942],[12.25808,51.23815],[12.27047,51.24174],[12.28286,51.24307],[12.2823,51.24444],[12.29408,51.24147],[12.30476,51.2435],[12.31345,51.24285],[12.31567,51.24622],[12.31071,51.24873],[12.31552,51.25085],[12.31279,51.25163],[12.31613,51.25449],[12.31503,51.25556],[12.31764,51.25697],[12.32286,51.25711],[12.32381,51.26963],[12.32532,51.26923],[12.32725,51.27126],[12.33198,51.27102],[12.33211,51.26859],[12.33618,51.26854],[12.33635,51.26704],[12.34521,51.26882],[12.34081,51.27092],[12.34549,51.27161],[12.34493,51.27422],[12.34819,51.27393],[12.34663,51.27586],[12.35321,51.28328],[12.35015,51.28989],[12.35314,51.29012],[12.35012,51.29636],[12.35474,51.29624],[12.36142,51.29265],[12.36432,51.29081],[12.3635,51.28925],[12.36803,51.28674],[12.37363,51.29381],[12.38172,51.28284],[12.38851,51.28174],[12.39075,51.28003],[12.39332,51.27999],[12.39344,51.28223],[12.40127,51.28295],[12.40494,51.28169],[12.4095,51.28233],[12.41268,51.279],[12.41513,51.27999],[12.4145,51.28354],[12.43204,51.28526],[12.44715,51.28261],[12.44844,51.26849],[12.47186,51.26107],[12.47921,51.26101],[12.47878,51.25766],[12.48801,51.25764],[12.49316,51.26029],[12.49081,51.26306],[12.48525,51.26136],[12.48977,51.2775],[12.4951,51.27722],[12.49383,51.28281],[12.50057,51.28222],[12.49682,51.28917],[12.50038,51.28943],[12.50501,51.30316],[12.53917,51.30636],[12.53959,51.30792],[12.53154,51.31749],[12.53432,51.31691],[12.54261,51.32407],[12.52686,51.33154],[12.53776,51.33562],[12.53883,51.33679],[12.536,51.33932],[12.53867,51.3406],[12.53665,51.3417],[12.53266,51.34081],[12.52833,51.34277],[12.52644,51.34468],[12.52697,51.34778],[12.50911,51.34729],[12.49874,51.3605],[12.47961,51.36124],[12.46723,51.36841],[12.47276,51.37065],[12.47167,51.3732],[12.47681,51.38345],[12.4666,51.38421],[12.46311,51.39146],[12.46973,51.39422],[12.46831,51.40129],[12.47148,51.40232],[12.47023,51.40377],[12.46614,51.4035],[12.45734,51.41022],[12.45885,51.41879],[12.46538,51.42034],[12.47503,51.41984],[12.47533,51.41717],[12.48892,51.41769],[12.48931,51.42034],[12.49215,51.42044],[12.49191,51.42226],[12.49355,51.42236],[12.49204,51.42529],[12.49289,51.43161],[12.47255,51.4324],[12.47159,51.43745],[12.46954,51.43776],[12.4711,51.44248],[12.45319,51.44364],[12.44121,51.44807],[12.44246,51.43071],[12.42357,51.42664],[12.41454,51.42905],[12.40486,51.42955],[12.40674,51.42631],[12.40455,51.42399],[12.40058,51.42494],[12.39686,51.4178],[12.37532,51.42411],[12.36425,51.42193],[12.36128,51.41969],[12.36149,51.41536],[12.35833,51.41548],[12.35876,51.41766],[12.33338,51.41811],[12.33313,51.41957],[12.31198,51.41839],[12.312,51.41744],[12.26825,51.41977],[12.27043,51.4131],[12.26326,51.41163],[12.2641,51.40299],[12.24948,51.40632],[12.25498,51.40056],[12.26792,51.39707],[12.25646,51.38714],[12.25912,51.38129],[12.24415,51.37384],[12.23732,51.37238]]]]}},{"type":"Feature","id":"14729","bbox":[12.14765,50.97879,12.94262,51.46865],"properties":{"id":"14729","name":"Leipzig","typ":"Landkreis","bundeslandAlt":"Sachsen","bezirkAlt":"Sachsen","neueKreise":["Leipzig","Muldental"],"quelle":"VG250 / Bezirkseinführungsgesetz"},"geometry":{"type":"MultiPolygon","coordinates":[[[[12.14765,51.31997],[12.15456,51.31021],[12.15763,51.30208],[12.15533,51.30123],[12.1574,51.29228],[12.16895,51.29376],[12.16975,51.28569],[12.17226,51.28568],[12.17068,51.27474],[12.16879,51.26983],[12.16557,51.26804],[12.16624,51.26593],[12.17338,51.26605],[12.17374,51.25819],[12.18939,51.25762],[12.19315,51.2414],[12.19496,51.23877],[12.19888,51.23972],[12.19949,51.23842],[12.19208,51.23693],[12.19559,51.22362],[12.19811,51.2167],[12.20343,51.21672],[12.20474,51.2142],[12.20123,51.21344],[12.18959,51.20398],[12.1918,51.19573],[12.1856,51.19429],[12.18718,51.19146],[12.18071,51.18987],[12.17374,51.19008],[12.17484,51.18133],[12.18716,51.18483],[12.1934,51.18531],[12.21308,51.1835],[12.21232,51.17902],[12.20849,51.17623],[12.21213,51.17518],[12.21157,51.17236],[12.20626,51.1713],[12.20232,51.16578],[12.20167,51.16139],[12.19719,51.15913],[12.19816,51.14887],[12.19619,51.14191],[12.23014,51.1362],[12.24164,51.1307],[12.23739,51.1278],[12.23892,51.12624],[12.23483,51.12355],[12.23164,51.12374],[12.22907,51.12023],[12.22549,51.12037],[12.22611,51.12231],[12.22389,51.12355],[12.22056,51.12304],[12.22037,51.12126],[12.22324,51.12097],[12.22237,51.11905],[12.22459,51.11932],[12.22327,51.11568],[12.2246,51.11458],[12.22249,51.11178],[12.22382,51.11082],[12.22144,51.10978],[12.22657,51.10774],[12.22799,51.10534],[12.23125,51.10439],[12.23036,51.10361],[12.23838,51.1022],[12.24115,51.10289],[12.24394,51.10023],[12.25254,51.09959],[12.25308,51.09727],[12.26137,51.09795],[12.26277,51.10029],[12.27857,51.09928],[12.27864,51.09497],[12.28031,51.09589],[12.28355,51.09192],[12.28685,51.09216],[12.28781,51.09077],[12.30483,51.09748],[12.30743,51.09451],[12.31146,51.09371],[12.32157,51.09462],[12.32345,51.09548],[12.32203,51.09753],[12.3316,51.10378],[12.33383,51.10344],[12.34123,51.10084],[12.3431,51.09867],[12.35658,51.09434],[12.35362,51.08461],[12.36103,51.0798],[12.37532,51.07711],[12.38472,51.08029],[12.38558,51.08349],[12.39296,51.08412],[12.39808,51.07852],[12.41045,51.07285],[12.4128,51.07582],[12.42098,51.07814],[12.43315,51.07688],[12.4357,51.07776],[12.43894,51.07701],[12.44159,51.07833],[12.45074,51.07731],[12.44981,51.07872],[12.4531,51.08346],[12.45838,51.08455],[12.46035,51.07045],[12.46317,51.06864],[12.46291,51.0669],[12.46799,51.06784],[12.46947,51.06422],[12.49636,51.06625],[12.49874,51.06372],[12.50152,51.06408],[12.50446,51.06079],[12.50858,51.05306],[12.50193,51.05173],[12.50474,51.04489],[12.50289,51.0349],[12.50605,51.0303],[12.51245,51.02642],[12.50933,51.02545],[12.50739,51.01728],[12.51284,51.01647],[12.51633,51.01822],[12.51437,51.02688],[12.51816,51.02735],[12.5189,51.02286],[12.53149,51.02543],[12.53885,51.02425],[12.53924,51.02041],[12.53664,51.01994],[12.53477,51.01563],[12.54018,51.00573],[12.53348,51.00474],[12.52645,51.00149],[12.52755,50.9989],[12.53877,50.99638],[12.5509,50.99829],[12.55576,50.99749],[12.55579,50.99626],[12.56244,50.99494],[12.57278,50.99024],[12.5772,50.98419],[12.58299,50.98196],[12.58459,50.98188],[12.58408,50.98281],[12.57929,50.98514],[12.58102,50.98924],[12.59162,50.99133],[12.5916,50.99285],[12.59351,50.99307],[12.594,50.9918],[12.59623,50.99302],[12.60119,50.99273],[12.60169,50.99535],[12.60499,50.99663],[12.60753,50.99673],[12.60731,50.99082],[12.61071,50.98761],[12.61643,50.98528],[12.61735,50.98079],[12.63366,50.97879],[12.64087,50.98109],[12.63951,50.98333],[12.65079,50.98194],[12.66245,50.98307],[12.66768,50.98752],[12.68626,50.98514],[12.70601,51.00711],[12.71746,51.00197],[12.72994,51.00034],[12.73174,50.99792],[12.74062,51.00011],[12.74432,51.00257],[12.73795,51.00311],[12.72923,51.01371],[12.72932,51.01925],[12.7118,51.02285],[12.71148,51.02479],[12.71279,51.02881],[12.72155,51.03089],[12.72094,51.03381],[12.72396,51.03472],[12.72299,51.03641],[12.73073,51.03774],[12.72655,51.04635],[12.72922,51.05112],[12.73314,51.0514],[12.72942,51.05408],[12.72508,51.0547],[12.71613,51.06239],[12.71906,51.06379],[12.71819,51.0682],[12.7269,51.07661],[12.72795,51.08265],[12.72615,51.08409],[12.73581,51.08659],[12.73879,51.08919],[12.73625,51.09104],[12.74136,51.09157],[12.74446,51.09433],[12.73827,51.09591],[12.7377,51.1013],[12.73942,51.10484],[12.74173,51.10476],[12.74363,51.10756],[12.74552,51.10798],[12.74547,51.10625],[12.76947,51.10233],[12.77706,51.10536],[12.78679,51.10127],[12.7909,51.10166],[12.79562,51.10581],[12.80189,51.1059],[12.79976,51.10416],[12.80642,51.10324],[12.80316,51.10035],[12.80336,51.09678],[12.81359,51.09145],[12.82519,51.09183],[12.82551,51.09444],[12.82888,51.09318],[12.84252,51.09362],[12.84804,51.09804],[12.8571,51.09494],[12.85933,51.09575],[12.87123,51.09456],[12.87395,51.09073],[12.87525,51.09117],[12.87398,51.09388],[12.88087,51.09435],[12.89335,51.09886],[12.88879,51.10179],[12.88937,51.10347],[12.89239,51.10703],[12.8985,51.10987],[12.89147,51.11737],[12.88789,51.11682],[12.88397,51.12271],[12.88949,51.12353],[12.89385,51.13021],[12.89453,51.13152],[12.88821,51.13277],[12.89198,51.13758],[12.88383,51.13604],[12.88125,51.14096],[12.87728,51.14106],[12.87598,51.14386],[12.87222,51.14434],[12.873,51.14552],[12.86759,51.14746],[12.8571,51.14647],[12.84926,51.15438],[12.8533,51.15551],[12.85734,51.16014],[12.86153,51.16159],[12.85991,51.16412],[12.86288,51.16476],[12.86209,51.16839],[12.86658,51.17047],[12.86626,51.17215],[12.87143,51.17323],[12.87132,51.17448],[12.87494,51.17519],[12.8747,51.17787],[12.8781,51.17801],[12.87728,51.17885],[12.88168,51.18045],[12.87863,51.18184],[12.88166,51.18291],[12.88049,51.1872],[12.88271,51.19015],[12.88603,51.19055],[12.88359,51.19488],[12.89388,51.19721],[12.89318,51.20033],[12.88906,51.19996],[12.89056,51.20553],[12.8943,51.20643],[12.8941,51.2086],[12.89813,51.20746],[12.89978,51.21037],[12.90163,51.21005],[12.90182,51.21282],[12.92373,51.21008],[12.92185,51.21443],[12.92846,51.21529],[12.92602,51.21821],[12.91326,51.22092],[12.90734,51.22701],[12.90714,51.2295],[12.92321,51.23106],[12.92096,51.23343],[12.91462,51.23334],[12.91167,51.23585],[12.91755,51.24299],[12.92555,51.24723],[12.93024,51.24718],[12.9298,51.24847],[12.92556,51.24912],[12.924,51.2582],[12.93031,51.25833],[12.92974,51.26095],[12.93158,51.2612],[12.92947,51.26628],[12.92713,51.26585],[12.92702,51.26733],[12.92871,51.26746],[12.92697,51.2699],[12.92276,51.26688],[12.92206,51.26812],[12.91405,51.2676],[12.91452,51.27076],[12.9089,51.27196],[12.91226,51.2773],[12.8994,51.27845],[12.8996,51.28139],[12.89622,51.28116],[12.89629,51.28533],[12.89925,51.28814],[12.89213,51.29117],[12.89176,51.29301],[12.88844,51.29293],[12.87375,51.29944],[12.87011,51.30601],[12.87156,51.3055],[12.87586,51.30791],[12.88231,51.31353],[12.87679,51.3161],[12.87978,51.3181],[12.88387,51.31853],[12.88799,51.32217],[12.88987,51.32005],[12.9017,51.32235],[12.90789,51.32212],[12.89713,51.32659],[12.90208,51.34106],[12.89978,51.34158],[12.90034,51.34489],[12.89845,51.34707],[12.90077,51.34767],[12.90279,51.34584],[12.90797,51.34885],[12.91026,51.35086],[12.91006,51.35398],[12.91784,51.35429],[12.92856,51.35156],[12.932,51.35345],[12.93518,51.36057],[12.93925,51.36091],[12.93828,51.36654],[12.92942,51.36726],[12.92845,51.3726],[12.92434,51.37262],[12.92462,51.37476],[12.92025,51.37527],[12.91719,51.37123],[12.91371,51.37127],[12.91159,51.37552],[12.90906,51.37555],[12.90676,51.38477],[12.9026,51.38605],[12.90418,51.39002],[12.90691,51.39056],[12.90558,51.39423],[12.90317,51.39474],[12.90411,51.39952],[12.9171,51.39992],[12.92006,51.39314],[12.92611,51.39616],[12.93782,51.39496],[12.93771,51.4005],[12.93528,51.40431],[12.93056,51.40361],[12.93038,51.4056],[12.94262,51.40947],[12.93867,51.41051],[12.94243,51.41283],[12.93828,51.41481],[12.93708,51.41383],[12.93529,51.41455],[12.93538,51.41632],[12.92875,51.41615],[12.92906,51.41443],[12.92697,51.41382],[12.92411,51.41606],[12.9217,51.42337],[12.91402,51.42656],[12.9037,51.43439],[12.88504,51.43827],[12.88468,51.44102],[12.87901,51.44617],[12.85717,51.44567],[12.81676,51.45224],[12.8136,51.45987],[12.79782,51.46384],[12.79733,51.46769],[12.79547,51.46847],[12.78859,51.46865],[12.77682,51.4644],[12.76653,51.45739],[12.75437,51.45388],[12.71979,51.45457],[12.7162,51.45249],[12.71375,51.44525],[12.70694,51.44659],[12.69355,51.44619],[12.69356,51.44876],[12.68239,51.45162],[12.68191,51.44809],[12.67523,51.44816],[12.66936,51.44587],[12.66539,51.44939],[12.66242,51.44577],[12.65811,51.44467],[12.65769,51.4434],[12.65571,51.44517],[12.65244,51.44475],[12.65535,51.44077],[12.65263,51.44025],[12.64869,51.44203],[12.64533,51.43107],[12.6473,51.42793],[12.65316,51.42786],[12.66003,51.42588],[12.6585,51.42479],[12.65084,51.42495],[12.65224,51.42035],[12.64986,51.42008],[12.65227,51.41909],[12.64918,51.41666],[12.64583,51.41737],[12.64531,51.41619],[12.64785,51.41537],[12.64493,51.41438],[12.64563,51.41341],[12.64912,51.41408],[12.65258,51.4121],[12.64811,51.40975],[12.64921,51.40462],[12.64788,51.40421],[12.644,51.40774],[12.64521,51.41015],[12.64385,51.41054],[12.64311,51.40936],[12.63999,51.4109],[12.63561,51.40809],[12.62995,51.40903],[12.63216,51.40731],[12.62617,51.40697],[12.62599,51.40861],[12.62415,51.40857],[12.62461,51.40652],[12.62126,51.40618],[12.62119,51.39636],[12.61716,51.39632],[12.6172,51.39357],[12.62049,51.39248],[12.61225,51.39203],[12.61229,51.38272],[12.60112,51.38486],[12.58934,51.38316],[12.59018,51.3814],[12.5876,51.37673],[12.58442,51.37627],[12.58556,51.3743],[12.5805,51.37331],[12.5788,51.37856],[12.57602,51.3802],[12.56879,51.37748],[12.57032,51.37592],[12.56844,51.37507],[12.54606,51.36955],[12.54095,51.37196],[12.53685,51.37162],[12.5346,51.37356],[12.50685,51.36325],[12.50712,51.36156],[12.49874,51.3605],[12.50911,51.34729],[12.52697,51.34778],[12.52644,51.34468],[12.52833,51.34277],[12.53266,51.34081],[12.53665,51.3417],[12.53867,51.3406],[12.536,51.33932],[12.53883,51.33679],[12.53776,51.33562],[12.52686,51.33154],[12.54261,51.32407],[12.53432,51.31691],[12.53154,51.31749],[12.53959,51.30792],[12.53831,51.30588],[12.50501,51.30316],[12.50038,51.28943],[12.49682,51.28917],[12.50057,51.28222],[12.49383,51.28281],[12.4951,51.27722],[12.48977,51.2775],[12.48525,51.26136],[12.49081,51.26306],[12.49316,51.26029],[12.48801,51.25764],[12.47878,51.25766],[12.47921,51.26101],[12.47186,51.26107],[12.44844,51.26849],[12.44715,51.28261],[12.43204,51.28526],[12.4145,51.28354],[12.41513,51.27999],[12.41268,51.279],[12.4095,51.28233],[12.40494,51.28169],[12.40127,51.28295],[12.39344,51.28223],[12.39332,51.27999],[12.39075,51.28003],[12.38851,51.28174],[12.38172,51.28284],[12.37363,51.29381],[12.36803,51.28674],[12.3635,51.28925],[12.36432,51.29081],[12.36142,51.29265],[12.35474,51.29624],[12.35012,51.29636],[12.35314,51.29012],[12.35015,51.28989],[12.35321,51.28328],[12.34663,51.27586],[12.34819,51.27393],[12.34493,51.27422],[12.34549,51.27161],[12.34081,51.27092],[12.34521,51.26882],[12.33635,51.26704],[12.33618,51.26854],[12.33211,51.26859],[12.33198,51.27102],[12.32725,51.27126],[12.32532,51.26923],[12.32381,51.26963],[12.32286,51.25711],[12.31764,51.25697],[12.31503,51.25556],[12.31613,51.25449],[12.31279,51.25163],[12.31552,51.25085],[12.31071,51.24873],[12.31567,51.24622],[12.31345,51.24285],[12.30476,51.2435],[12.29408,51.24147],[12.2823,51.24444],[12.28286,51.24307],[12.27047,51.24174],[12.25808,51.23815],[12.25754,51.23942],[12.25365,51.23854],[12.25143,51.24325],[12.25606,51.24466],[12.25372,51.24889],[12.25929,51.25085],[12.253,51.2585],[12.25023,51.26542],[12.24774,51.26594],[12.2517,51.26725],[12.25202,51.26883],[12.24791,51.27807],[12.25324,51.27977],[12.25011,51.2861],[12.2614,51.28571],[12.26356,51.28142],[12.28055,51.28133],[12.27296,51.28665],[12.26367,51.28913],[12.26254,51.29866],[12.25057,51.29791],[12.25197,51.29923],[12.2494,51.30558],[12.24742,51.30506],[12.24408,51.313],[12.23987,51.31618],[12.24324,51.31827],[12.23763,51.31752],[12.23678,51.31978],[12.23956,51.32041],[12.23688,51.3263],[12.24334,51.32728],[12.24331,51.33149],[12.24496,51.33179],[12.24502,51.32956],[12.24772,51.32989],[12.24717,51.3309],[12.25825,51.33257],[12.25938,51.33463],[12.24971,51.33841],[12.24935,51.34248],[12.2449,51.3479],[12.2432,51.34847],[12.24074,51.34505],[12.22158,51.34208],[12.22089,51.33809],[12.21206,51.33596],[12.21209,51.33858],[12.19354,51.33252],[12.19435,51.33057],[12.16683,51.32681],[12.16478,51.32084],[12.15572,51.32122],[12.14765,51.31997]]]]}},{"type":"Feature","id":"14730","bbox":[12.14867,51.19969,13.21664,51.68497],"properties":{"id":"14730","name":"Nordsachsen","typ":"Landkreis","bundeslandAlt":"Sachsen","bezirkAlt":"Sachsen","neueKreise":["Delitzsch","Torgau"],"quelle":"VG250 / Bezirkseinführungsgesetz"},"geometry":{"type":"MultiPolygon","coordinates":[[[[12.14891,51.46311],[12.14867,51.45949],[12.15304,51.45754],[12.15314,51.45246],[12.15775,51.45231],[12.15826,51.45124],[12.15839,51.44598],[12.15432,51.44604],[12.15422,51.44439],[12.15763,51.4443],[12.15721,51.43271],[12.16955,51.43031],[12.17103,51.43423],[12.18248,51.43238],[12.18586,51.42079],[12.18982,51.42085],[12.18656,51.41425],[12.18296,51.41411],[12.1832,51.41077],[12.17353,51.41026],[12.17775,51.40396],[12.17746,51.40097],[12.17486,51.4003],[12.17814,51.38915],[12.18424,51.38883],[12.18483,51.38758],[12.17214,51.38416],[12.17744,51.38048],[12.17471,51.37941],[12.17772,51.37674],[12.17518,51.37589],[12.17774,51.37517],[12.18082,51.3755],[12.18371,51.37834],[12.18735,51.37792],[12.18996,51.37945],[12.1895,51.37551],[12.1881,51.37599],[12.18581,51.37407],[12.18277,51.37452],[12.18176,51.36851],[12.18305,51.36769],[12.19288,51.37148],[12.19364,51.36927],[12.18563,51.36596],[12.18609,51.36213],[12.19201,51.3623],[12.19192,51.36078],[12.19608,51.3604],[12.19552,51.3544],[12.19053,51.35393],[12.19026,51.35136],[12.19351,51.34305],[12.19354,51.33252],[12.21209,51.33858],[12.21206,51.33596],[12.22089,51.33809],[12.22158,51.34208],[12.24074,51.34505],[12.2432,51.34847],[12.24095,51.36048],[12.24322,51.3711],[12.23732,51.37238],[12.24415,51.37384],[12.25912,51.38129],[12.25646,51.38714],[12.26792,51.39707],[12.25498,51.40056],[12.24948,51.40632],[12.2641,51.40299],[12.26326,51.41163],[12.27043,51.4131],[12.26825,51.41977],[12.312,51.41744],[12.31198,51.41839],[12.33313,51.41957],[12.33338,51.41811],[12.35876,51.41766],[12.35833,51.41548],[12.36149,51.41536],[12.36128,51.41969],[12.36425,51.42193],[12.37532,51.42411],[12.39686,51.4178],[12.40058,51.42494],[12.40455,51.42399],[12.40674,51.42631],[12.40486,51.42955],[12.41454,51.42905],[12.42357,51.42664],[12.44246,51.43071],[12.44121,51.44807],[12.45319,51.44364],[12.4711,51.44248],[12.46954,51.43776],[12.47159,51.43745],[12.47255,51.4324],[12.49289,51.43161],[12.49204,51.42529],[12.49355,51.42236],[12.49191,51.42226],[12.49215,51.42044],[12.48931,51.42034],[12.48892,51.41769],[12.47533,51.41717],[12.47503,51.41984],[12.46538,51.42034],[12.45885,51.41879],[12.45734,51.41022],[12.46614,51.4035],[12.47023,51.40377],[12.47148,51.40232],[12.46831,51.40129],[12.46973,51.39422],[12.46311,51.39146],[12.4666,51.38421],[12.47681,51.38345],[12.47167,51.3732],[12.47276,51.37065],[12.46723,51.36841],[12.47961,51.36124],[12.49874,51.3605],[12.50712,51.36156],[12.50685,51.36325],[12.5346,51.37356],[12.53685,51.37162],[12.54095,51.37196],[12.54606,51.36955],[12.56844,51.37507],[12.57032,51.37592],[12.56879,51.37748],[12.57602,51.3802],[12.5788,51.37856],[12.5805,51.37331],[12.58556,51.3743],[12.58442,51.37627],[12.5876,51.37673],[12.59018,51.3814],[12.58934,51.38316],[12.60112,51.38486],[12.61229,51.38272],[12.61225,51.39203],[12.62049,51.39248],[12.6172,51.39357],[12.61716,51.39632],[12.62119,51.39636],[12.62126,51.40618],[12.62461,51.40652],[12.62415,51.40857],[12.62599,51.40861],[12.62617,51.40697],[12.63216,51.40731],[12.62995,51.40903],[12.63561,51.40809],[12.63999,51.4109],[12.64311,51.40936],[12.64385,51.41054],[12.64521,51.41015],[12.644,51.40774],[12.64788,51.40421],[12.64921,51.40462],[12.64811,51.40975],[12.65258,51.4121],[12.64912,51.41408],[12.64563,51.41341],[12.64493,51.41438],[12.64785,51.41537],[12.64531,51.41619],[12.64583,51.41737],[12.64918,51.41666],[12.65227,51.41909],[12.64986,51.42008],[12.65224,51.42035],[12.65084,51.42495],[12.6585,51.42479],[12.66003,51.42588],[12.65316,51.42786],[12.6473,51.42793],[12.64533,51.43107],[12.64869,51.44203],[12.65263,51.44025],[12.65535,51.44077],[12.65244,51.44475],[12.65571,51.44517],[12.65769,51.4434],[12.65811,51.44467],[12.66242,51.44577],[12.66539,51.44939],[12.66936,51.44587],[12.67523,51.44816],[12.68191,51.44809],[12.68239,51.45162],[12.69356,51.44876],[12.69355,51.44619],[12.70694,51.44659],[12.71375,51.44525],[12.7162,51.45249],[12.71979,51.45457],[12.75437,51.45388],[12.76653,51.45739],[12.77682,51.4644],[12.78859,51.46865],[12.79547,51.46847],[12.79733,51.46769],[12.79782,51.46384],[12.8136,51.45987],[12.81676,51.45224],[12.85717,51.44567],[12.87901,51.44617],[12.88468,51.44102],[12.88504,51.43827],[12.9037,51.43439],[12.91402,51.42656],[12.9217,51.42337],[12.92411,51.41606],[12.92697,51.41382],[12.92906,51.41443],[12.92875,51.41615],[12.93304,51.41659],[12.93538,51.41632],[12.93708,51.41383],[12.93828,51.41481],[12.94243,51.41283],[12.93867,51.41051],[12.94262,51.40947],[12.93038,51.4056],[12.93056,51.40361],[12.93528,51.40431],[12.93771,51.4005],[12.93782,51.39496],[12.92611,51.39616],[12.92006,51.39314],[12.9171,51.39992],[12.90411,51.39952],[12.90317,51.39474],[12.90558,51.39423],[12.90691,51.39056],[12.90418,51.39002],[12.9026,51.38605],[12.90676,51.38477],[12.90906,51.37555],[12.91159,51.37552],[12.91371,51.37127],[12.91719,51.37123],[12.92025,51.37527],[12.92462,51.37476],[12.92434,51.37262],[12.92845,51.3726],[12.92942,51.36726],[12.93828,51.36654],[12.93925,51.36091],[12.93518,51.36057],[12.932,51.35345],[12.92856,51.35156],[12.91784,51.35429],[12.91006,51.35398],[12.91026,51.35086],[12.90797,51.34885],[12.90279,51.34584],[12.90077,51.34767],[12.89845,51.34707],[12.90034,51.34489],[12.89978,51.34158],[12.90208,51.34106],[12.89713,51.32659],[12.90789,51.32212],[12.9017,51.32235],[12.88987,51.32005],[12.88799,51.32217],[12.88387,51.31853],[12.87978,51.3181],[12.87679,51.3161],[12.88231,51.31353],[12.87586,51.30791],[12.87156,51.3055],[12.87011,51.30601],[12.87375,51.29944],[12.88844,51.29293],[12.89176,51.29301],[12.89213,51.29117],[12.89925,51.28814],[12.89629,51.28533],[12.89622,51.28116],[12.8996,51.28139],[12.8994,51.27845],[12.91226,51.2773],[12.9089,51.27196],[12.91452,51.27076],[12.91405,51.2676],[12.92206,51.26812],[12.92276,51.26688],[12.92697,51.2699],[12.92871,51.26746],[12.92702,51.26733],[12.92713,51.26585],[12.92947,51.26628],[12.93139,51.26278],[12.93031,51.25833],[12.924,51.2582],[12.92556,51.24912],[12.9298,51.24847],[12.93024,51.24718],[12.92555,51.24723],[12.91755,51.24299],[12.91167,51.23585],[12.91462,51.23334],[12.92096,51.23343],[12.92321,51.23106],[12.90714,51.2295],[12.90734,51.22701],[12.91326,51.22092],[12.92602,51.21821],[12.93909,51.21967],[12.94673,51.22283],[12.96096,51.2252],[12.99195,51.22207],[12.99406,51.21941],[12.99533,51.22021],[12.99671,51.2192],[12.99314,51.21381],[13.00423,51.2146],[13.00448,51.20871],[13.01195,51.2095],[13.01746,51.20642],[13.01595,51.20299],[13.01826,51.20008],[13.03121,51.19969],[13.04606,51.2026],[13.0481,51.20567],[13.04667,51.21385],[13.05102,51.2162],[13.06398,51.21319],[13.06819,51.21524],[13.07002,51.21423],[13.07852,51.21887],[13.08708,51.21389],[13.0884,51.21133],[13.10013,51.21344],[13.10928,51.21282],[13.1105,51.21387],[13.10464,51.21775],[13.10378,51.22322],[13.10694,51.22142],[13.10866,51.2226],[13.11821,51.22238],[13.11832,51.22127],[13.12199,51.22066],[13.12484,51.2207],[13.12646,51.22227],[13.13423,51.22077],[13.13538,51.21934],[13.14241,51.2212],[13.14267,51.22323],[13.14741,51.22101],[13.14798,51.22843],[13.17293,51.22801],[13.17111,51.23108],[13.18351,51.23466],[13.18922,51.23361],[13.19075,51.23195],[13.19399,51.23316],[13.19803,51.22989],[13.20158,51.23285],[13.19795,51.236],[13.20697,51.2404],[13.20416,51.2436],[13.20193,51.24376],[13.20075,51.24644],[13.19556,51.24701],[13.19662,51.25022],[13.20071,51.25162],[13.19466,51.2558],[13.19407,51.26068],[13.19624,51.26105],[13.19686,51.25867],[13.20232,51.25924],[13.20333,51.26081],[13.2049,51.25951],[13.2088,51.25992],[13.20871,51.26401],[13.21351,51.26618],[13.21314,51.26845],[13.21664,51.26918],[13.2068,51.27748],[13.20983,51.27818],[13.20777,51.28015],[13.20769,51.2889],[13.2135,51.28853],[13.21442,51.29349],[13.20577,51.31161],[13.20871,51.31187],[13.20817,51.31322],[13.2063,51.31293],[13.20242,51.32948],[13.21203,51.34335],[13.20536,51.34784],[13.19972,51.34901],[13.19865,51.35104],[13.2021,51.35108],[13.20433,51.35576],[13.19193,51.35853],[13.19786,51.36203],[13.20296,51.36274],[13.20461,51.36608],[13.20831,51.36692],[13.20662,51.36918],[13.20296,51.36815],[13.19687,51.37314],[13.18289,51.3751],[13.18222,51.3777],[13.18359,51.38078],[13.18829,51.38233],[13.18628,51.38612],[13.18687,51.3877],[13.19142,51.38871],[13.19063,51.39455],[13.19735,51.39633],[13.20133,51.39499],[13.20141,51.39752],[13.19884,51.39924],[13.20333,51.40026],[13.20506,51.40479],[13.2023,51.40602],[13.1999,51.41132],[13.2046,51.40934],[13.20782,51.40424],[13.21015,51.40474],[13.20219,51.41638],[13.2037,51.42849],[13.19975,51.43323],[13.19339,51.43578],[13.18942,51.43426],[13.18727,51.43098],[13.18837,51.42628],[13.18465,51.42379],[13.1752,51.42712],[13.17428,51.4294],[13.17508,51.43278],[13.18476,51.43851],[13.18708,51.43897],[13.19184,51.43691],[13.19248,51.4417],[13.20312,51.45101],[13.20308,51.45873],[13.18972,51.4649],[13.18292,51.47134],[13.18276,51.47642],[13.18705,51.48575],[13.1823,51.49196],[13.18907,51.49107],[13.19207,51.48805],[13.1969,51.4883],[13.20129,51.49172],[13.19677,51.49361],[13.2025,51.49643],[13.20136,51.49806],[13.20392,51.49878],[13.20205,51.50412],[13.20704,51.50494],[13.20796,51.52435],[13.20052,51.52604],[13.19006,51.53959],[13.18557,51.55808],[13.17744,51.5574],[13.16083,51.55897],[13.15861,51.56426],[13.14672,51.56345],[13.14317,51.56746],[13.14104,51.57117],[13.15321,51.58241],[13.15491,51.5894],[13.16177,51.59215],[13.15495,51.6002],[13.14378,51.59787],[13.14384,51.60046],[13.1345,51.60567],[13.12103,51.61889],[13.11486,51.61773],[13.11495,51.61575],[13.11044,51.61484],[13.11168,51.61284],[13.10675,51.61163],[13.10397,51.61647],[13.0971,51.61631],[13.09967,51.6115],[13.10338,51.61231],[13.10487,51.60968],[13.10308,51.60925],[13.10163,51.61048],[13.09692,51.60922],[13.09802,51.6081],[13.09384,51.60588],[13.0863,51.60814],[13.08066,51.61773],[13.07618,51.61966],[13.07741,51.62112],[13.05103,51.64768],[13.02347,51.6373],[13.01786,51.64435],[13.02047,51.65339],[13.01719,51.65963],[13.01157,51.66455],[13.00525,51.66186],[13.00143,51.66756],[12.99864,51.66714],[12.99629,51.66925],[12.9778,51.66825],[12.9772,51.66636],[12.98176,51.66487],[12.97942,51.6632],[12.96682,51.66566],[12.9715,51.65025],[12.96504,51.65144],[12.96315,51.64957],[12.95826,51.65128],[12.94953,51.64943],[12.95236,51.64359],[12.95078,51.64256],[12.95008,51.64354],[12.94216,51.63801],[12.93598,51.64578],[12.92811,51.64957],[12.91523,51.64846],[12.91341,51.64412],[12.9086,51.64653],[12.9028,51.64602],[12.89752,51.64743],[12.89081,51.65397],[12.89085,51.65613],[12.89264,51.65469],[12.89517,51.66377],[12.88919,51.66688],[12.88039,51.65906],[12.87277,51.65828],[12.86579,51.65503],[12.86496,51.6557],[12.86748,51.65651],[12.86386,51.66151],[12.86652,51.66396],[12.86087,51.66471],[12.86223,51.67378],[12.86047,51.67474],[12.85896,51.6722],[12.85678,51.6727],[12.85903,51.67619],[12.85593,51.67911],[12.85432,51.67849],[12.85015,51.68146],[12.84866,51.68103],[12.84386,51.68497],[12.8419,51.68222],[12.83661,51.68254],[12.83207,51.68115],[12.82788,51.68225],[12.83181,51.67602],[12.82029,51.67294],[12.81774,51.6704],[12.80624,51.66707],[12.79253,51.6655],[12.78221,51.65384],[12.77271,51.64751],[12.76461,51.64657],[12.76484,51.64829],[12.76009,51.64969],[12.74994,51.65006],[12.74016,51.65555],[12.73101,51.65633],[12.71684,51.66131],[12.70622,51.66237],[12.69938,51.66053],[12.6933,51.66243],[12.68668,51.66199],[12.67869,51.65624],[12.67702,51.64984],[12.66652,51.64223],[12.66772,51.63719],[12.66585,51.6316],[12.66378,51.63172],[12.66348,51.63021],[12.65789,51.63032],[12.65302,51.62635],[12.64873,51.62505],[12.64911,51.62045],[12.64004,51.6189],[12.63711,51.61709],[12.62277,51.61564],[12.60833,51.6106],[12.61198,51.61426],[12.62236,51.61645],[12.62393,51.62182],[12.62923,51.62524],[12.62417,51.62798],[12.60453,51.62625],[12.59935,51.62348],[12.59549,51.61838],[12.59186,51.61836],[12.59128,51.62249],[12.5864,51.62237],[12.58594,51.62549],[12.58512,51.62474],[12.58026,51.62607],[12.5747,51.61543],[12.57027,51.61688],[12.56283,51.61376],[12.55998,51.60852],[12.55178,51.60909],[12.54171,51.60744],[12.54464,51.60371],[12.54145,51.6025],[12.53747,51.60247],[12.53448,51.60609],[12.52757,51.60532],[12.52234,51.60675],[12.51576,51.60579],[12.50701,51.60846],[12.50354,51.60455],[12.49676,51.60514],[12.49502,51.60413],[12.49766,51.60299],[12.49746,51.59656],[12.4901,51.5982],[12.48299,51.59318],[12.47714,51.59628],[12.48719,51.60101],[12.48637,51.60428],[12.47112,51.60519],[12.46058,51.60326],[12.45032,51.60652],[12.44806,51.6097],[12.44396,51.60987],[12.43839,51.60517],[12.43331,51.60583],[12.4334,51.60395],[12.43816,51.60247],[12.43682,51.59931],[12.43407,51.59922],[12.43339,51.59762],[12.42733,51.5993],[12.42387,51.5881],[12.42543,51.58779],[12.42542,51.58213],[12.41674,51.58309],[12.41628,51.58207],[12.41142,51.58201],[12.39714,51.58494],[12.39622,51.58705],[12.39178,51.58776],[12.3904,51.58731],[12.39226,51.58563],[12.38464,51.58653],[12.3816,51.58541],[12.36686,51.58801],[12.36649,51.58679],[12.37451,51.58452],[12.3689,51.58501],[12.36768,51.58309],[12.34837,51.58665],[12.34803,51.584],[12.3375,51.58641],[12.33641,51.58478],[12.34362,51.58258],[12.34091,51.57981],[12.33721,51.5803],[12.31938,51.57758],[12.32056,51.57467],[12.31659,51.57285],[12.31326,51.5685],[12.3012,51.56536],[12.29722,51.56667],[12.29688,51.5651],[12.29321,51.5649],[12.29318,51.56056],[12.2851,51.56142],[12.26871,51.56008],[12.25343,51.5606],[12.25048,51.55895],[12.2464,51.56635],[12.24321,51.56688],[12.23716,51.56215],[12.2329,51.56113],[12.23605,51.55297],[12.23005,51.55283],[12.23135,51.54735],[12.21902,51.54651],[12.22217,51.54445],[12.21013,51.54192],[12.21022,51.53981],[12.20693,51.53968],[12.20717,51.53525],[12.20147,51.53457],[12.20194,51.53133],[12.19277,51.5313],[12.19328,51.52532],[12.19116,51.52508],[12.19116,51.52009],[12.19381,51.51866],[12.19384,51.5084],[12.1904,51.50777],[12.19242,51.50638],[12.19635,51.50673],[12.19735,51.50286],[12.2079,51.50259],[12.20833,51.4981],[12.20486,51.49783],[12.20702,51.49206],[12.201,51.49029],[12.20308,51.48514],[12.17571,51.48222],[12.17552,51.46968],[12.17341,51.4696],[12.17328,51.46823],[12.16332,51.4674],[12.16299,51.46575],[12.1555,51.46501],[12.15315,51.46298],[12.14891,51.46311]]]]}},{"type":"Feature","id":"15001","bbox":[12.11207,51.73381,12.35115,51.9704],"properties":{"id":"15001","name":"Dessau-Roßlau","typ":"Kreisfreie Stadt","bundeslandAlt":"Sachsen-Anhalt","bezirkAlt":"Sachsen-Anhalt","neueKreise":["Dessau-Roßlau"],"quelle":"VG250 / Bezirkseinführungsgesetz"},"geometry":{"type":"MultiPolygon","coordinates":[[[[12.11416,51.87879],[12.11377,51.8714],[12.13154,51.87155],[12.13274,51.86978],[12.13849,51.86817],[12.14161,51.86954],[12.14394,51.86583],[12.14237,51.84882],[12.13541,51.83955],[12.13271,51.8221],[12.13787,51.8218],[12.13884,51.81463],[12.13235,51.81037],[12.12763,51.81038],[12.11812,51.80673],[12.12197,51.79989],[12.11796,51.79924],[12.12027,51.79522],[12.11207,51.79239],[12.11786,51.79154],[12.1156,51.78944],[12.11937,51.78863],[12.12218,51.79029],[12.11942,51.7874],[12.11969,51.78213],[12.13804,51.7805],[12.1391,51.78218],[12.14286,51.7809],[12.1412,51.77857],[12.14843,51.77732],[12.14737,51.77568],[12.1523,51.77446],[12.15795,51.776],[12.22801,51.75676],[12.22924,51.76449],[12.24036,51.78566],[12.25016,51.78414],[12.26412,51.78515],[12.26658,51.78445],[12.26808,51.77986],[12.27035,51.78196],[12.27546,51.7833],[12.27945,51.78772],[12.27801,51.78939],[12.27586,51.78911],[12.27678,51.79057],[12.27185,51.79196],[12.27881,51.80016],[12.28095,51.79999],[12.28653,51.79668],[12.2824,51.79141],[12.283,51.78986],[12.29553,51.78879],[12.28974,51.78019],[12.28962,51.77703],[12.29709,51.77281],[12.29744,51.76872],[12.30041,51.76755],[12.30028,51.76048],[12.30717,51.75736],[12.30469,51.75191],[12.31092,51.7469],[12.30578,51.74276],[12.31921,51.74042],[12.32088,51.73399],[12.33591,51.73381],[12.33591,51.73545],[12.34623,51.73389],[12.34537,51.73517],[12.35115,51.73554],[12.35081,51.73793],[12.34776,51.73884],[12.3431,51.749],[12.34894,51.7508],[12.34883,51.75192],[12.34292,51.75291],[12.34309,51.7616],[12.34775,51.77016],[12.33833,51.77987],[12.34293,51.78634],[12.3411,51.78962],[12.31961,51.79335],[12.31987,51.79607],[12.30649,51.80387],[12.30673,51.8074],[12.31736,51.81645],[12.32139,51.81563],[12.32378,51.82464],[12.32148,51.8253],[12.3179,51.83221],[12.31895,51.83883],[12.30741,51.84429],[12.29925,51.85402],[12.29652,51.85463],[12.29596,51.85306],[12.29153,51.85536],[12.29093,51.85621],[12.29501,51.85594],[12.29352,51.85792],[12.29157,51.85877],[12.28985,51.85734],[12.28462,51.86127],[12.28441,51.86465],[12.29613,51.87711],[12.29538,51.88029],[12.31028,51.88572],[12.31895,51.8847],[12.32096,51.88815],[12.32049,51.89816],[12.31719,51.89996],[12.31668,51.90208],[12.31925,51.90435],[12.31507,51.90706],[12.31983,51.91262],[12.31036,51.91464],[12.308,51.93181],[12.31049,51.93494],[12.32059,51.93999],[12.31264,51.94934],[12.30611,51.9521],[12.30422,51.95102],[12.30129,51.95164],[12.30069,51.94866],[12.29066,51.94354],[12.28614,51.94538],[12.28337,51.94353],[12.27937,51.94544],[12.28117,51.94667],[12.27227,51.95384],[12.26958,51.95831],[12.27957,51.96042],[12.27879,51.96332],[12.28225,51.96414],[12.28127,51.97029],[12.26507,51.9704],[12.24985,51.96603],[12.24168,51.9683],[12.22997,51.96894],[12.22967,51.96161],[12.20777,51.96161],[12.20629,51.9561],[12.20807,51.95685],[12.2118,51.95569],[12.21184,51.94965],[12.20502,51.94862],[12.20713,51.94581],[12.21026,51.94542],[12.20986,51.94135],[12.19885,51.93586],[12.19794,51.93686],[12.18828,51.93393],[12.18827,51.9284],[12.17758,51.92711],[12.17494,51.93046],[12.17066,51.93142],[12.16877,51.92962],[12.16416,51.92982],[12.15503,51.92691],[12.15753,51.92134],[12.16897,51.91935],[12.16924,51.91341],[12.17431,51.91227],[12.17329,51.91038],[12.18456,51.90709],[12.18426,51.90163],[12.17711,51.90171],[12.17711,51.9036],[12.16644,51.90384],[12.16575,51.90203],[12.13767,51.90352],[12.13586,51.89654],[12.12167,51.89776],[12.11416,51.87879]]],[[[12.11648,51.89954],[12.11967,51.89913],[12.12238,51.90715],[12.11955,51.9077],[12.11648,51.89954]]]]}},{"type":"Feature","id":"15002","bbox":[11.85705,51.40295,12.0885,51.54368],"properties":{"id":"15002","name":"Halle (Saale)","typ":"Kreisfreie Stadt","bundeslandAlt":"Sachsen-Anhalt","bezirkAlt":"Sachsen-Anhalt","neueKreise":["Halle (Saale)"],"quelle":"VG250 / Bezirkseinführungsgesetz"},"geometry":{"type":"MultiPolygon","coordinates":[[[[11.85705,51.51463],[11.86778,51.50213],[11.87497,51.49801],[11.87882,51.4918],[11.86288,51.4927],[11.86352,51.48909],[11.87141,51.48727],[11.86417,51.48679],[11.86841,51.47866],[11.87391,51.47755],[11.87192,51.47465],[11.88624,51.47264],[11.88832,51.46315],[11.91209,51.46528],[11.91733,51.46279],[11.91758,51.46101],[11.92349,51.46124],[11.92412,51.45674],[11.92592,51.45692],[11.93041,51.45169],[11.92149,51.4499],[11.91597,51.44715],[11.91507,51.44253],[11.92072,51.43939],[11.92815,51.43945],[11.94898,51.43456],[11.95217,51.43271],[11.95168,51.42703],[11.95467,51.41918],[11.94912,51.41759],[11.94818,51.41973],[11.9507,51.42324],[11.94548,51.42444],[11.94146,51.41734],[11.94418,51.41513],[11.95199,51.41666],[11.95321,51.41557],[11.95404,51.4133],[11.95042,51.41065],[11.95157,51.40803],[11.95554,51.40703],[11.96207,51.40949],[11.9678,51.40939],[11.97641,51.40714],[11.97806,51.40435],[11.98096,51.40494],[11.9832,51.40321],[11.98464,51.4041],[11.98175,51.40677],[11.99044,51.40548],[11.99697,51.40771],[12.00518,51.40827],[12.00591,51.40295],[12.01154,51.40351],[12.01088,51.40445],[12.01433,51.40542],[12.01328,51.40821],[12.017,51.4078],[12.0191,51.40891],[12.01272,51.41286],[12.00837,51.41313],[12.01004,51.41533],[12.01242,51.41501],[12.01235,51.41689],[12.02064,51.41965],[12.02905,51.4279],[12.02433,51.43433],[12.02501,51.43709],[12.03335,51.43712],[12.03081,51.44212],[12.03322,51.44608],[12.04004,51.44853],[12.04157,51.4581],[12.05082,51.45833],[12.05641,51.46],[12.05627,51.46422],[12.05313,51.46484],[12.05293,51.47613],[12.07065,51.47473],[12.07188,51.47621],[12.07852,51.47449],[12.08221,51.47776],[12.08278,51.47872],[12.07706,51.48078],[12.07183,51.48518],[12.07402,51.4863],[12.08703,51.48497],[12.0885,51.49163],[12.08199,51.49203],[12.0822,51.49788],[12.0723,51.49533],[12.07215,51.49752],[12.06847,51.49672],[12.07008,51.49271],[12.04367,51.49416],[12.04616,51.49604],[12.03459,51.49726],[12.03321,51.50203],[12.02505,51.5047],[12.02873,51.50646],[12.0299,51.51071],[12.027,51.5117],[12.02643,51.51546],[12.02283,51.51615],[12.02505,51.52618],[12.01219,51.52618],[12.0123,51.52763],[12.00984,51.52828],[12.01742,51.54017],[12.01081,51.54128],[12.00913,51.53864],[12.00431,51.53883],[12.00088,51.54368],[11.99113,51.54002],[11.96597,51.5383],[11.96146,51.53901],[11.96026,51.53692],[11.95345,51.53611],[11.95392,51.53286],[11.95028,51.52677],[11.94684,51.53028],[11.94783,51.53181],[11.94391,51.53282],[11.93824,51.52931],[11.92428,51.53031],[11.92209,51.52575],[11.91592,51.52478],[11.91292,51.5259],[11.90969,51.52999],[11.89926,51.53395],[11.89342,51.53529],[11.88084,51.53489],[11.87955,51.53059],[11.87627,51.53113],[11.87528,51.52227],[11.87754,51.51977],[11.86989,51.51612],[11.85705,51.51463]]]]}},{"type":"Feature","id":"15003","bbox":[11.51854,52.02519,11.76333,52.22842],"properties":{"id":"15003","name":"Magdeburg","typ":"Kreisfreie Stadt","bundeslandAlt":"Sachsen-Anhalt","bezirkAlt":"Sachsen-Anhalt","neueKreise":["Magdeburg"],"quelle":"VG250 / Bezirkseinführungsgesetz"},"geometry":{"type":"MultiPolygon","coordinates":[[[[11.51854,52.07769],[11.52141,52.07233],[11.5209,52.06731],[11.52515,52.06517],[11.54361,52.06212],[11.54543,52.06422],[11.55006,52.06314],[11.55439,52.06798],[11.55789,52.0682],[11.5641,52.06548],[11.59993,52.06974],[11.60052,52.06747],[11.60263,52.06754],[11.60316,52.06007],[11.60762,52.05862],[11.60842,52.05661],[11.61533,52.05654],[11.6159,52.05089],[11.62434,52.05164],[11.62394,52.04547],[11.6281,52.03615],[11.6327,52.03628],[11.63707,52.03012],[11.64338,52.03035],[11.64719,52.02519],[11.65088,52.02901],[11.65201,52.02825],[11.66163,52.03277],[11.65961,52.03445],[11.66346,52.03481],[11.66204,52.03561],[11.66464,52.03583],[11.66359,52.03764],[11.67449,52.04038],[11.67453,52.04189],[11.68029,52.04273],[11.68016,52.04389],[11.69464,52.04997],[11.70852,52.04185],[11.71335,52.04482],[11.72297,52.03928],[11.73352,52.04222],[11.7328,52.04462],[11.74166,52.04713],[11.73351,52.05053],[11.73243,52.05432],[11.73632,52.05546],[11.74251,52.05308],[11.74638,52.05352],[11.74906,52.06209],[11.75564,52.06394],[11.75721,52.06567],[11.75269,52.07141],[11.74949,52.07276],[11.76236,52.07307],[11.76333,52.07647],[11.74553,52.08154],[11.75018,52.08388],[11.74886,52.08622],[11.74258,52.08369],[11.73938,52.08539],[11.73731,52.09031],[11.74872,52.0932],[11.74421,52.10077],[11.72175,52.10014],[11.71891,52.10439],[11.71635,52.11477],[11.71406,52.11545],[11.71566,52.123],[11.72336,52.13498],[11.72208,52.14006],[11.72408,52.14206],[11.71903,52.14567],[11.70902,52.14646],[11.70672,52.14886],[11.70444,52.15186],[11.70597,52.15905],[11.7121,52.15975],[11.7061,52.15986],[11.70746,52.16577],[11.70456,52.16721],[11.71181,52.16779],[11.71123,52.16966],[11.69938,52.17404],[11.69298,52.18265],[11.68733,52.18699],[11.69367,52.19306],[11.70455,52.19947],[11.68879,52.19893],[11.68867,52.20559],[11.67226,52.22698],[11.63712,52.22842],[11.64751,52.19869],[11.62749,52.18697],[11.60484,52.18075],[11.59804,52.18282],[11.5688,52.17501],[11.56812,52.1672],[11.5611,52.16827],[11.56033,52.15798],[11.55424,52.1588],[11.55182,52.15461],[11.55241,52.15231],[11.5578,52.15352],[11.55814,52.14998],[11.56009,52.15024],[11.5606,52.14248],[11.54756,52.14395],[11.54002,52.12686],[11.53823,52.11959],[11.5403,52.11565],[11.53575,52.11459],[11.53645,52.10962],[11.53411,52.10418],[11.53146,52.104],[11.53271,52.09972],[11.52927,52.09386],[11.53148,52.09015],[11.52519,52.07931],[11.51854,52.07769]]]]}},{"type":"Feature","id":"15081","bbox":[10.75523,52.38678,11.63732,52.94163],"properties":{"id":"15081","name":"Altmarkkreis Salzwedel","typ":"Landkreis","bundeslandAlt":"Sachsen-Anhalt","bezirkAlt":"Sachsen-Anhalt","neueKreise":["Altmarkkreis Salzwedel"],"quelle":"VG250 / Bezirkseinführungsgesetz"},"geometry":{"type":"MultiPolygon","coordinates":[[[[10.75523,52.7858],[10.76739,52.76942],[10.77548,52.76236],[10.77621,52.75479],[10.78765,52.75297],[10.79167,52.7482],[10.78818,52.73317],[10.79328,52.72997],[10.7967,52.71433],[10.80343,52.71387],[10.82446,52.71797],[10.8297,52.71614],[10.83616,52.7077],[10.83313,52.70094],[10.83751,52.69581],[10.84609,52.69014],[10.85968,52.67459],[10.86602,52.67198],[10.87776,52.66383],[10.87903,52.656],[10.88355,52.65102],[10.89687,52.64271],[10.9021,52.63576],[10.90438,52.62747],[10.9131,52.6241],[10.91505,52.61763],[10.92503,52.6146],[10.92139,52.60987],[10.9271,52.60923],[10.93032,52.61142],[10.94385,52.61506],[10.94561,52.62021],[10.96425,52.62585],[10.96858,52.6263],[10.97697,52.62414],[10.97673,52.61287],[10.97426,52.60994],[10.97563,52.60682],[10.97165,52.60333],[10.95952,52.59989],[10.95788,52.59587],[10.95521,52.59534],[10.95326,52.59287],[10.93982,52.58957],[10.94744,52.58255],[10.94169,52.57974],[10.94015,52.57521],[10.94144,52.57187],[10.93771,52.56864],[10.94304,52.56049],[10.94234,52.55595],[10.95939,52.53519],[10.97926,52.51841],[11.00878,52.49675],[11.02668,52.50361],[11.02895,52.49971],[11.03506,52.49823],[11.05111,52.50828],[11.05648,52.50644],[11.06151,52.50191],[11.06363,52.49263],[11.07227,52.48582],[11.07248,52.47911],[11.07728,52.47024],[11.09503,52.45813],[11.09044,52.45527],[11.10525,52.44975],[11.11765,52.44754],[11.13069,52.44045],[11.14831,52.43385],[11.21003,52.43828],[11.23217,52.43488],[11.23242,52.43633],[11.24408,52.4374],[11.26038,52.4333],[11.26239,52.43103],[11.26506,52.43213],[11.26957,52.43085],[11.27449,52.43296],[11.27593,52.42992],[11.28441,52.42991],[11.28549,52.4336],[11.29495,52.43841],[11.30747,52.43906],[11.30645,52.43999],[11.30989,52.44039],[11.32143,52.4308],[11.32151,52.42457],[11.33683,52.42441],[11.33923,52.42765],[11.34488,52.42589],[11.34389,52.424],[11.34768,52.42251],[11.34905,52.42613],[11.3519,52.42778],[11.35557,52.42523],[11.37233,52.42978],[11.38203,52.43059],[11.38891,52.42181],[11.40557,52.42531],[11.45143,52.4079],[11.4551,52.40068],[11.44324,52.39991],[11.44667,52.38678],[11.56237,52.41022],[11.60516,52.49378],[11.59007,52.4881],[11.58608,52.49786],[11.59054,52.52006],[11.57584,52.5214],[11.56896,52.52467],[11.57419,52.5344],[11.57128,52.54724],[11.57898,52.5569],[11.58085,52.56658],[11.58907,52.58523],[11.57849,52.58697],[11.5773,52.5894],[11.57963,52.59184],[11.5833,52.59077],[11.58664,52.59177],[11.58715,52.59373],[11.57932,52.6015],[11.58124,52.60232],[11.58595,52.59941],[11.58919,52.6005],[11.58758,52.60098],[11.58765,52.60374],[11.59105,52.60376],[11.59132,52.6049],[11.58891,52.60566],[11.5887,52.61618],[11.56376,52.61379],[11.53819,52.61735],[11.53206,52.61492],[11.52314,52.6157],[11.51676,52.61194],[11.50939,52.61045],[11.50668,52.60809],[11.49244,52.60701],[11.49321,52.60345],[11.48693,52.60222],[11.48669,52.60687],[11.47201,52.60906],[11.46886,52.60539],[11.46407,52.60447],[11.46335,52.60619],[11.45959,52.60668],[11.45719,52.60502],[11.45098,52.60693],[11.45225,52.61145],[11.44121,52.6124],[11.44139,52.6155],[11.4378,52.61567],[11.43785,52.61091],[11.4207,52.61081],[11.41842,52.61434],[11.41371,52.61681],[11.41534,52.61848],[11.39832,52.61984],[11.39855,52.6222],[11.39653,52.62235],[11.40441,52.62898],[11.41544,52.63456],[11.418,52.63912],[11.42347,52.64258],[11.42477,52.64213],[11.42108,52.63708],[11.43668,52.63676],[11.45492,52.63824],[11.45692,52.63963],[11.45474,52.64424],[11.4606,52.64258],[11.47973,52.65123],[11.4908,52.65208],[11.48303,52.66932],[11.48062,52.67183],[11.47678,52.67169],[11.47401,52.67344],[11.47849,52.68097],[11.47399,52.68741],[11.48353,52.69099],[11.48527,52.68781],[11.51625,52.70304],[11.5234,52.71282],[11.52177,52.7168],[11.5233,52.72092],[11.5203,52.72564],[11.52101,52.73502],[11.52334,52.73463],[11.52253,52.74256],[11.5299,52.7473],[11.53923,52.7487],[11.54294,52.75169],[11.55399,52.75601],[11.56227,52.76498],[11.56265,52.76623],[11.55352,52.76752],[11.54221,52.77269],[11.5282,52.76972],[11.52058,52.77091],[11.51222,52.76902],[11.50881,52.76978],[11.50619,52.77323],[11.50837,52.78137],[11.50618,52.78146],[11.50453,52.78614],[11.51356,52.7869],[11.52241,52.79066],[11.52879,52.79534],[11.54032,52.7984],[11.53841,52.80184],[11.53062,52.8147],[11.51609,52.81468],[11.50288,52.81292],[11.48101,52.81463],[11.47881,52.81589],[11.47868,52.82542],[11.47591,52.82704],[11.47471,52.83245],[11.46953,52.83752],[11.46882,52.84157],[11.51277,52.84035],[11.52755,52.8422],[11.53541,52.85225],[11.55383,52.85114],[11.57205,52.84782],[11.57559,52.85214],[11.58413,52.85324],[11.59274,52.85667],[11.6007,52.85499],[11.60875,52.85494],[11.62607,52.85597],[11.63146,52.85897],[11.63215,52.86134],[11.62539,52.87648],[11.6132,52.88194],[11.61692,52.88449],[11.62561,52.88492],[11.63732,52.89816],[11.63342,52.90012],[11.62288,52.90184],[11.60817,52.90083],[11.60165,52.9028],[11.59355,52.90914],[11.57664,52.91679],[11.57192,52.9213],[11.56839,52.93031],[11.55978,52.93302],[11.56045,52.93595],[11.54435,52.93552],[11.54459,52.93392],[11.55748,52.92762],[11.55032,52.92175],[11.53387,52.92512],[11.51908,52.93105],[11.51771,52.92824],[11.51009,52.93405],[11.50503,52.94103],[11.49176,52.94163],[11.47006,52.93893],[11.45444,52.9334],[11.43289,52.91975],[11.42608,52.91992],[11.42374,52.91647],[11.40658,52.9041],[11.39246,52.90168],[11.38478,52.90358],[11.38611,52.90234],[11.37469,52.90024],[11.34996,52.88888],[11.33718,52.88836],[11.33686,52.88636],[11.31425,52.87824],[11.29541,52.87491],[11.29355,52.879],[11.29421,52.88713],[11.29066,52.88913],[11.28861,52.888],[11.28622,52.88875],[11.27657,52.88753],[11.27093,52.88337],[11.2708,52.88149],[11.26724,52.88014],[11.24113,52.87902],[11.23794,52.88061],[11.23576,52.88861],[11.23063,52.89135],[11.21917,52.89268],[11.22065,52.89767],[11.18269,52.90129],[11.15526,52.90621],[11.15467,52.90187],[11.1353,52.89765],[11.11315,52.89572],[11.09319,52.89947],[11.09868,52.91288],[11.07875,52.91296],[11.06587,52.90945],[11.03905,52.9134],[11.03547,52.91159],[11.02825,52.91194],[11.01308,52.90989],[11.00628,52.91164],[11.00049,52.91126],[10.99257,52.90646],[10.99356,52.90353],[10.98905,52.89905],[10.9901,52.88819],[10.98597,52.88246],[10.97881,52.87815],[10.97624,52.87863],[10.97409,52.87743],[10.96808,52.87932],[10.9679,52.87572],[10.95772,52.8698],[10.95781,52.86777],[10.93963,52.85334],[10.92569,52.85413],[10.91502,52.85318],[10.89567,52.85637],[10.89288,52.84798],[10.89062,52.8459],[10.88468,52.8458],[10.87684,52.84775],[10.87417,52.8527],[10.8661,52.85573],[10.85921,52.85334],[10.86037,52.85165],[10.85252,52.85296],[10.84827,52.85143],[10.84156,52.8522],[10.83477,52.84748],[10.82427,52.84727],[10.80055,52.85029],[10.79615,52.84364],[10.76669,52.84219],[10.7647,52.84048],[10.77173,52.83395],[10.76399,52.83021],[10.76665,52.82619],[10.75695,52.81977],[10.76174,52.80273],[10.75523,52.7858]]]]}},{"type":"Feature","id":"15082","bbox":[11.83824,51.53132,12.58026,52.10409],"properties":{"id":"15082","name":"Anhalt-Bitterfeld","typ":"Landkreis","bundeslandAlt":"Sachsen-Anhalt","bezirkAlt":"Sachsen-Anhalt","neueKreise":["Anhalt-Bitterfeld"],"quelle":"VG250 / Bezirkseinführungsgesetz"},"geometry":{"type":"MultiPolygon","coordinates":[[[[11.83824,51.68336],[11.84732,51.68228],[11.85063,51.67984],[11.86235,51.6783],[11.87336,51.66762],[11.88303,51.6647],[11.88588,51.66546],[11.88622,51.66245],[11.89255,51.65964],[11.89416,51.6574],[11.90698,51.65245],[11.91244,51.64842],[11.92498,51.64519],[11.93472,51.64671],[11.94391,51.64582],[11.94776,51.64292],[11.95546,51.64227],[11.96787,51.6435],[11.97371,51.64634],[11.97934,51.64687],[12.03994,51.64373],[12.04243,51.6343],[12.02773,51.62844],[12.02856,51.62132],[12.02687,51.62101],[12.02729,51.62],[12.03457,51.61896],[12.035,51.6155],[12.05057,51.61513],[12.05006,51.61137],[12.0441,51.61193],[12.04258,51.60415],[12.04413,51.604],[12.04598,51.59816],[12.03139,51.59522],[12.03162,51.59025],[12.04004,51.5898],[12.04628,51.58439],[12.05913,51.58468],[12.1202,51.58009],[12.1643,51.58113],[12.16578,51.5647],[12.16665,51.56231],[12.16978,51.56232],[12.16927,51.54983],[12.1872,51.53495],[12.19804,51.53498],[12.19894,51.53132],[12.20194,51.53133],[12.20147,51.53457],[12.20717,51.53525],[12.20693,51.53968],[12.21022,51.53981],[12.21013,51.54192],[12.22217,51.54445],[12.21902,51.54651],[12.23135,51.54735],[12.23005,51.55283],[12.23605,51.55297],[12.2329,51.56113],[12.23716,51.56215],[12.24321,51.56688],[12.2464,51.56635],[12.25048,51.55895],[12.25343,51.5606],[12.26871,51.56008],[12.2851,51.56142],[12.29318,51.56056],[12.29321,51.5649],[12.29688,51.5651],[12.29722,51.56667],[12.3012,51.56536],[12.31326,51.5685],[12.31659,51.57285],[12.32056,51.57467],[12.31938,51.57758],[12.33721,51.5803],[12.34091,51.57981],[12.34362,51.58258],[12.33641,51.58478],[12.3375,51.58641],[12.34803,51.584],[12.34837,51.58665],[12.36768,51.58309],[12.3689,51.58501],[12.37451,51.58452],[12.36649,51.58679],[12.36686,51.58801],[12.3816,51.58541],[12.38464,51.58653],[12.39226,51.58563],[12.3904,51.58731],[12.39178,51.58776],[12.39622,51.58705],[12.39714,51.58494],[12.41142,51.58201],[12.41628,51.58207],[12.41674,51.58309],[12.42542,51.58213],[12.42543,51.58779],[12.42387,51.5881],[12.42733,51.5993],[12.43339,51.59762],[12.43407,51.59922],[12.43682,51.59931],[12.43816,51.60247],[12.4334,51.60395],[12.43331,51.60583],[12.43839,51.60517],[12.44396,51.60987],[12.44806,51.6097],[12.45032,51.60652],[12.46058,51.60326],[12.47112,51.60519],[12.48637,51.60428],[12.48719,51.60101],[12.47714,51.59628],[12.482,51.59314],[12.4901,51.5982],[12.49746,51.59656],[12.49766,51.60299],[12.49502,51.60413],[12.49676,51.60514],[12.50354,51.60455],[12.50701,51.60846],[12.51576,51.60579],[12.52234,51.60675],[12.52757,51.60532],[12.53448,51.60609],[12.53747,51.60247],[12.54145,51.6025],[12.54464,51.60371],[12.54171,51.60744],[12.55178,51.60909],[12.55998,51.60852],[12.56283,51.61376],[12.57027,51.61688],[12.5747,51.61543],[12.58026,51.62607],[12.57495,51.62703],[12.57612,51.6302],[12.5615,51.63549],[12.55948,51.63805],[12.57045,51.63706],[12.5694,51.64168],[12.56649,51.64245],[12.56952,51.64278],[12.57197,51.64778],[12.57096,51.65168],[12.57407,51.66743],[12.54966,51.6684],[12.54888,51.66402],[12.52963,51.66433],[12.51706,51.66049],[12.50847,51.66722],[12.50138,51.67041],[12.49747,51.67069],[12.49513,51.68253],[12.47438,51.68229],[12.47366,51.6896],[12.47183,51.68949],[12.47145,51.69246],[12.47462,51.7028],[12.45993,51.70531],[12.44349,51.70316],[12.43447,51.70371],[12.42985,51.70296],[12.41408,51.69567],[12.40406,51.69408],[12.398,51.69416],[12.39193,51.69707],[12.38558,51.69816],[12.37161,51.69477],[12.3694,51.6929],[12.36986,51.69085],[12.36082,51.6852],[12.35583,51.68567],[12.35056,51.6845],[12.34939,51.6944],[12.34478,51.70363],[12.35423,51.70408],[12.36397,51.70707],[12.35473,51.71169],[12.35479,51.71422],[12.3486,51.71979],[12.32648,51.71767],[12.32391,51.72655],[12.32806,51.72679],[12.32805,51.72953],[12.33596,51.7294],[12.33591,51.73381],[12.32088,51.73399],[12.31921,51.74042],[12.30578,51.74276],[12.31092,51.7469],[12.30469,51.75191],[12.30717,51.75736],[12.30028,51.76048],[12.30041,51.76755],[12.29744,51.76872],[12.29709,51.77281],[12.28962,51.77703],[12.28974,51.78019],[12.29553,51.78879],[12.283,51.78986],[12.2824,51.79141],[12.2866,51.79591],[12.28347,51.79931],[12.27881,51.80016],[12.27185,51.79196],[12.27678,51.79057],[12.27586,51.78911],[12.27801,51.78939],[12.27955,51.788],[12.27546,51.7833],[12.27035,51.78196],[12.26808,51.77986],[12.26658,51.78445],[12.26412,51.78515],[12.25016,51.78414],[12.24036,51.78566],[12.22924,51.76449],[12.22801,51.75676],[12.15795,51.776],[12.1523,51.77446],[12.14737,51.77568],[12.14843,51.77732],[12.1412,51.77857],[12.14286,51.7809],[12.1391,51.78218],[12.13804,51.7805],[12.11969,51.78213],[12.11942,51.7874],[12.12218,51.79029],[12.11937,51.78863],[12.1156,51.78944],[12.11786,51.79154],[12.11207,51.79239],[12.12027,51.79522],[12.11796,51.79924],[12.12197,51.79989],[12.11812,51.80673],[12.12763,51.81038],[12.13235,51.81037],[12.13884,51.81463],[12.13787,51.8218],[12.13271,51.8221],[12.13541,51.83955],[12.14237,51.84882],[12.14394,51.86583],[12.14161,51.86954],[12.13849,51.86817],[12.13274,51.86978],[12.13154,51.87155],[12.11377,51.8714],[12.11416,51.87879],[12.12167,51.89776],[12.13586,51.89654],[12.13767,51.90352],[12.16575,51.90203],[12.16644,51.90384],[12.17711,51.9036],[12.17711,51.90171],[12.18426,51.90163],[12.18456,51.90709],[12.17329,51.91038],[12.17431,51.91227],[12.16924,51.91341],[12.16897,51.91935],[12.15753,51.92134],[12.15503,51.92691],[12.16416,51.92982],[12.16877,51.92962],[12.17066,51.93142],[12.17494,51.93046],[12.17758,51.92711],[12.18827,51.9284],[12.18828,51.93393],[12.19794,51.93686],[12.19885,51.93586],[12.20986,51.94135],[12.21026,51.94542],[12.20713,51.94581],[12.20502,51.94862],[12.21184,51.94965],[12.2118,51.95569],[12.20807,51.95685],[12.20629,51.9561],[12.20777,51.96161],[12.22967,51.96161],[12.22997,51.96894],[12.24168,51.9683],[12.24985,51.96603],[12.26507,51.9704],[12.28127,51.97029],[12.28013,51.97949],[12.26286,51.98067],[12.26247,51.97908],[12.25201,51.97707],[12.25414,51.97823],[12.25468,51.98154],[12.25912,51.98253],[12.25546,51.98753],[12.26797,51.98922],[12.27338,51.99263],[12.27862,51.99344],[12.27799,51.99482],[12.29454,51.99695],[12.30984,51.99613],[12.32173,51.9999],[12.32671,52.0038],[12.3258,52.00613],[12.32965,52.00648],[12.33156,52.01111],[12.33946,52.01901],[12.35454,52.02689],[12.36503,52.02773],[12.36899,52.02257],[12.37594,52.02261],[12.37382,52.02765],[12.37612,52.04512],[12.35978,52.0465],[12.34809,52.0593],[12.33311,52.06606],[12.32903,52.06963],[12.32046,52.08342],[12.31961,52.08912],[12.3144,52.09319],[12.30014,52.09622],[12.29224,52.10138],[12.28073,52.10409],[12.27672,52.10402],[12.26691,52.1003],[12.24494,52.10133],[12.2344,52.10304],[12.21552,52.1026],[12.20681,52.09942],[12.20457,52.08874],[12.19558,52.08699],[12.18486,52.07869],[12.1784,52.07646],[12.15887,52.07504],[12.13297,52.06918],[12.11854,52.07194],[12.1082,52.07204],[12.1069,52.0734],[12.09813,52.07529],[12.07461,52.07564],[12.07556,52.07305],[12.07109,52.0667],[12.0595,52.05755],[12.05491,52.05769],[12.03347,52.06456],[12.03243,52.05882],[12.02537,52.049],[12.02078,52.05012],[12.01735,52.03898],[12.00598,52.03011],[12.0039,52.03087],[12.00415,52.03348],[11.99426,52.0334],[11.98691,52.02596],[11.9665,52.02476],[11.9641,52.02058],[11.95985,52.01768],[11.96067,52.0163],[11.95257,52.01283],[11.95231,52.00839],[11.9371,52.00378],[11.92776,52.00382],[11.92136,52.00109],[11.89081,52.0014],[11.88386,51.98861],[11.88507,51.97733],[11.89936,51.96818],[11.9126,51.95667],[11.93257,51.94662],[11.94572,51.93399],[11.96506,51.92571],[11.9672,51.92348],[11.96711,51.91687],[11.96973,51.91254],[12.01312,51.88836],[12.01825,51.88349],[12.01996,51.8763],[12.01886,51.87256],[12.00954,51.87799],[12.00261,51.87917],[11.9961,51.87189],[11.98728,51.8722],[11.98842,51.87376],[11.98168,51.87584],[11.97865,51.87309],[11.97507,51.87307],[11.97934,51.86888],[11.96688,51.86702],[11.95944,51.86925],[11.94863,51.87637],[11.93818,51.87785],[11.93744,51.8806],[11.9232,51.87996],[11.92198,51.87918],[11.9275,51.8746],[11.91782,51.87323],[11.91541,51.87075],[11.90944,51.87193],[11.91176,51.8665],[11.90576,51.86503],[11.90706,51.86406],[11.8904,51.85941],[11.88072,51.85452],[11.8783,51.8569],[11.86878,51.85103],[11.86558,51.85321],[11.86479,51.8513],[11.86858,51.8503],[11.85768,51.83714],[11.87487,51.82538],[11.87331,51.82196],[11.88264,51.81932],[11.88095,51.81058],[11.87776,51.81045],[11.87276,51.80332],[11.86833,51.80472],[11.86333,51.79523],[11.85544,51.79984],[11.85537,51.79893],[11.84728,51.79945],[11.8467,51.79776],[11.85539,51.79646],[11.85584,51.79376],[11.85509,51.78595],[11.85111,51.78682],[11.84896,51.77975],[11.86614,51.78292],[11.87193,51.77853],[11.86388,51.77389],[11.8636,51.77265],[11.86678,51.7723],[11.86722,51.76917],[11.87237,51.76952],[11.87433,51.76622],[11.8777,51.76652],[11.87791,51.76524],[11.89109,51.76524],[11.89104,51.7633],[11.9043,51.76335],[11.90288,51.76024],[11.89068,51.76043],[11.88323,51.74959],[11.86833,51.74941],[11.86674,51.74086],[11.86039,51.74147],[11.86113,51.74046],[11.85503,51.7394],[11.85694,51.7317],[11.85606,51.71873],[11.85878,51.71838],[11.85529,51.71692],[11.85541,51.71443],[11.85071,51.71242],[11.85141,51.71072],[11.84669,51.71006],[11.84689,51.70379],[11.84274,51.68819],[11.83972,51.68742],[11.83824,51.68336]],[[12.11648,51.89954],[12.11955,51.9077],[12.12238,51.90715],[12.11967,51.89913],[12.11648,51.89954]]],[[[11.88354,51.86494],[11.88464,51.86326],[11.88754,51.86415],[11.88693,51.86603],[11.88354,51.86494]]],[[[11.88733,51.87103],[11.88872,51.86723],[11.89446,51.86999],[11.89195,51.87495],[11.88795,51.87497],[11.8896,51.87124],[11.88733,51.87103]]]]}},{"type":"Feature","id":"15083","bbox":[10.93375,51.8929,11.85715,52.50828],"properties":{"id":"15083","name":"Börde","typ":"Landkreis","bundeslandAlt":"Sachsen-Anhalt","bezirkAlt":"Sachsen-Anhalt","neueKreise":["Börde"],"quelle":"VG250 / Bezirkseinführungsgesetz"},"geometry":{"type":"MultiPolygon","coordinates":[[[[10.93375,52.46095],[10.94782,52.45395],[10.9488,52.44859],[10.95639,52.44475],[10.96226,52.43474],[10.97331,52.43049],[10.98941,52.4203],[10.98944,52.41859],[10.99463,52.41511],[10.99165,52.41333],[11.00558,52.40887],[11.00833,52.40463],[11.0187,52.39704],[11.01648,52.39486],[11.0189,52.39217],[11.01516,52.38811],[11.01851,52.38849],[11.02295,52.39264],[11.02577,52.39062],[11.03421,52.38857],[11.0363,52.38521],[11.04187,52.38638],[11.039,52.38891],[11.04675,52.38787],[11.0545,52.38139],[11.06083,52.38021],[11.06504,52.37685],[11.06352,52.37492],[11.06654,52.3732],[11.06881,52.37652],[11.06985,52.37452],[11.07448,52.3744],[11.07474,52.3733],[11.07322,52.37142],[11.067,52.36988],[11.06868,52.35548],[11.06381,52.35415],[11.06161,52.35745],[11.05747,52.35033],[11.05308,52.34907],[11.04394,52.34934],[11.04405,52.34688],[11.04037,52.34733],[11.03736,52.34474],[11.03037,52.34591],[11.0236,52.34423],[11.02298,52.34743],[11.00845,52.34498],[11.00705,52.34568],[11.0048,52.34386],[11.00234,52.34475],[10.99625,52.34212],[10.99383,52.34202],[10.99255,52.34438],[10.98367,52.34169],[10.98791,52.33502],[10.99135,52.33533],[10.99025,52.33664],[10.99357,52.33698],[10.99519,52.33572],[11.00208,52.33659],[11.0048,52.33075],[10.99998,52.32971],[11.00108,52.32748],[11.00576,52.32893],[11.00887,52.32692],[11.00905,52.3285],[11.01162,52.32824],[11.01133,52.32665],[11.01972,52.32143],[11.02023,52.31912],[11.03259,52.31218],[11.03336,52.31004],[11.03602,52.3104],[11.03729,52.3063],[11.03559,52.30341],[11.03922,52.30167],[11.02958,52.29736],[11.02184,52.2966],[11.01251,52.29132],[11.0138,52.28665],[11.02008,52.28214],[11.02907,52.27012],[11.03617,52.27227],[11.04294,52.27201],[11.05217,52.26736],[11.05027,52.26601],[11.05113,52.2628],[11.05631,52.25873],[11.05237,52.25374],[11.05968,52.24256],[11.05891,52.24065],[11.06957,52.24172],[11.07327,52.24324],[11.07856,52.23942],[11.07996,52.23435],[11.08624,52.22863],[11.07886,52.22465],[11.07718,52.21868],[11.058,52.21739],[11.04488,52.21506],[11.03446,52.21031],[11.02945,52.21145],[11.02431,52.20938],[11.02666,52.20823],[11.02139,52.20498],[11.02458,52.2011],[11.01769,52.19825],[11.01365,52.19956],[11.01317,52.18588],[11.01431,52.18191],[11.01924,52.17809],[11.03592,52.17173],[11.06034,52.17239],[11.06096,52.16482],[11.05462,52.16026],[11.06043,52.15347],[11.04504,52.14355],[11.04634,52.13694],[11.04414,52.13367],[11.03778,52.13407],[11.0283,52.13118],[11.02757,52.12936],[11.01747,52.12826],[11.00916,52.11993],[10.98601,52.1108],[10.97688,52.10573],[10.96567,52.10712],[10.94216,52.10309],[10.94365,52.09965],[10.94064,52.09684],[10.942,52.09436],[10.95847,52.08798],[10.9671,52.08838],[10.97065,52.08626],[10.97313,52.07356],[10.96441,52.05664],[10.96754,52.05362],[10.98661,52.05169],[11.01272,52.0467],[11.02537,52.0399],[11.05754,52.0367],[11.06192,52.03678],[11.06204,52.0396],[11.07016,52.03785],[11.06701,52.02848],[11.06867,52.02481],[11.06982,52.0236],[11.07454,52.02348],[11.08364,52.02679],[11.08449,52.01168],[11.09219,52.01186],[11.09159,52.00715],[11.09338,52.0055],[11.10217,52.00268],[11.10954,52.00289],[11.11166,52.00024],[11.15287,52.00031],[11.15166,51.98493],[11.16218,51.98138],[11.16246,51.97995],[11.15838,51.97476],[11.15171,51.9721],[11.15001,51.96858],[11.15317,51.96846],[11.15531,51.96581],[11.16824,51.96752],[11.1755,51.96555],[11.17361,51.95802],[11.18028,51.95595],[11.17194,51.94585],[11.16552,51.94417],[11.16059,51.93982],[11.16183,51.93417],[11.16987,51.92027],[11.17076,51.921],[11.17498,51.91691],[11.18025,51.91938],[11.17865,51.92069],[11.18081,51.92061],[11.17975,51.92204],[11.18319,51.92069],[11.19079,51.92646],[11.19383,51.92437],[11.19498,51.92619],[11.19821,51.92622],[11.2084,51.92276],[11.21031,51.91737],[11.22239,51.91918],[11.22626,51.90873],[11.24993,51.90136],[11.25178,51.89727],[11.25695,51.89686],[11.26162,51.89341],[11.27197,51.89571],[11.27187,51.89335],[11.27396,51.8929],[11.27761,51.89476],[11.27617,51.89746],[11.27083,51.89693],[11.25924,51.89863],[11.25931,51.90307],[11.26912,51.90187],[11.27489,51.90518],[11.27398,51.90806],[11.28185,51.90556],[11.29779,51.90538],[11.29609,51.90701],[11.2979,51.90928],[11.29969,51.9087],[11.29844,51.90459],[11.31138,51.89977],[11.31529,51.90411],[11.32544,51.90024],[11.3267,51.90311],[11.33365,51.9063],[11.33946,51.90464],[11.34085,51.90123],[11.34635,51.91363],[11.35483,51.9146],[11.3531,51.91698],[11.36562,51.92859],[11.36039,51.93039],[11.36265,51.93373],[11.37128,51.93351],[11.37117,51.93923],[11.3602,51.93912],[11.36525,51.94874],[11.35184,51.95059],[11.35308,51.95254],[11.34939,51.95352],[11.35304,51.96074],[11.34492,51.9624],[11.35586,51.97198],[11.35433,51.97253],[11.365,51.97967],[11.37193,51.97434],[11.37464,51.97585],[11.3746,51.97929],[11.37941,51.98306],[11.38435,51.97953],[11.38466,51.9814],[11.394,51.9796],[11.39544,51.98066],[11.39754,51.97952],[11.40145,51.98211],[11.39997,51.98529],[11.40061,51.9864],[11.40223,51.98559],[11.40498,51.98934],[11.40959,52.00114],[11.41471,52.00075],[11.41529,52.00468],[11.42595,52.00442],[11.42643,52.00582],[11.43604,52.00584],[11.43617,52.00705],[11.44683,52.00679],[11.44728,51.99139],[11.44986,51.99147],[11.4505,51.98814],[11.45925,51.98818],[11.45891,51.98495],[11.48153,51.98145],[11.48198,51.97847],[11.49326,51.97601],[11.4914,51.97244],[11.50958,51.96639],[11.50884,51.96267],[11.51677,51.96241],[11.52054,51.96352],[11.52076,51.96257],[11.52709,51.964],[11.57107,51.9674],[11.59736,51.96598],[11.60322,51.9694],[11.6048,51.98623],[11.60393,52.01103],[11.60148,52.01927],[11.60369,52.01973],[11.60426,52.02174],[11.62497,52.02141],[11.61988,52.02976],[11.63707,52.03012],[11.6327,52.03628],[11.6281,52.03615],[11.62577,52.03972],[11.62434,52.05164],[11.6159,52.05089],[11.61533,52.05654],[11.60842,52.05661],[11.60762,52.05862],[11.60316,52.06007],[11.60263,52.06754],[11.60052,52.06747],[11.59993,52.06974],[11.5641,52.06548],[11.55789,52.0682],[11.55439,52.06798],[11.55006,52.06314],[11.54543,52.06422],[11.54361,52.06212],[11.52515,52.06517],[11.5209,52.06731],[11.52141,52.07233],[11.51854,52.07769],[11.52519,52.07931],[11.53148,52.09015],[11.52927,52.09386],[11.53271,52.09972],[11.53146,52.104],[11.53411,52.10418],[11.53645,52.10962],[11.53575,52.11459],[11.5403,52.11565],[11.53823,52.11959],[11.54002,52.12686],[11.54756,52.14395],[11.5606,52.14248],[11.56009,52.15024],[11.55814,52.14998],[11.5578,52.15352],[11.55241,52.15231],[11.55235,52.15738],[11.55424,52.1588],[11.56033,52.15798],[11.5611,52.16827],[11.56812,52.1672],[11.5688,52.17501],[11.59804,52.18282],[11.60484,52.18075],[11.62424,52.18588],[11.64751,52.19869],[11.63712,52.22842],[11.65862,52.22811],[11.67226,52.22698],[11.67464,52.22575],[11.67558,52.2212],[11.68867,52.20559],[11.68879,52.19893],[11.70455,52.19947],[11.71185,52.20304],[11.71393,52.20915],[11.70379,52.2219],[11.7003,52.23601],[11.70109,52.24114],[11.70676,52.24598],[11.72096,52.24919],[11.72967,52.25337],[11.73601,52.25926],[11.74257,52.26915],[11.75453,52.27781],[11.76497,52.29512],[11.76435,52.3046],[11.76739,52.31133],[11.78651,52.32205],[11.79133,52.32025],[11.7966,52.32364],[11.79675,52.32735],[11.79345,52.329],[11.80033,52.33338],[11.8053,52.33461],[11.80558,52.33732],[11.7923,52.34206],[11.79052,52.3413],[11.78739,52.34422],[11.79075,52.35245],[11.79505,52.35431],[11.79932,52.35441],[11.81906,52.34762],[11.82214,52.34327],[11.81831,52.33421],[11.83492,52.33021],[11.84421,52.33005],[11.85189,52.33158],[11.84784,52.33662],[11.84503,52.34595],[11.85715,52.34737],[11.85453,52.3561],[11.84342,52.35467],[11.83064,52.36317],[11.82809,52.37203],[11.8181,52.37217],[11.83422,52.38166],[11.83614,52.38623],[11.83504,52.38994],[11.84062,52.40097],[11.81719,52.41486],[11.81535,52.41339],[11.80775,52.41358],[11.80196,52.41066],[11.78948,52.41513],[11.79524,52.42153],[11.79137,52.42096],[11.78316,52.4167],[11.78189,52.41726],[11.78586,52.41944],[11.78198,52.42111],[11.77349,52.41818],[11.77428,52.41511],[11.77906,52.41292],[11.78206,52.41514],[11.78877,52.41346],[11.78919,52.41009],[11.78254,52.40432],[11.78568,52.40197],[11.78238,52.40023],[11.77954,52.40235],[11.77411,52.39956],[11.76707,52.40241],[11.74814,52.40302],[11.73129,52.40756],[11.72482,52.40789],[11.72267,52.40939],[11.71903,52.40781],[11.71793,52.41046],[11.72179,52.41188],[11.72195,52.41385],[11.72556,52.41427],[11.72708,52.41879],[11.72988,52.4194],[11.73049,52.42312],[11.73296,52.42438],[11.72592,52.42973],[11.71678,52.42772],[11.70008,52.45916],[11.69687,52.45835],[11.69098,52.45926],[11.67316,52.46408],[11.6626,52.46288],[11.63867,52.46458],[11.6431,52.46985],[11.58716,52.45869],[11.56237,52.41022],[11.44667,52.38678],[11.44324,52.39991],[11.4551,52.40068],[11.45143,52.4079],[11.40557,52.42531],[11.38891,52.42181],[11.38203,52.43059],[11.37233,52.42978],[11.35557,52.42523],[11.3519,52.42778],[11.34905,52.42613],[11.34768,52.42251],[11.34389,52.424],[11.34488,52.42589],[11.33923,52.42765],[11.33683,52.42441],[11.32151,52.42457],[11.32143,52.4308],[11.30989,52.44039],[11.30645,52.43999],[11.30747,52.43906],[11.29495,52.43841],[11.28549,52.4336],[11.28441,52.42991],[11.27593,52.42992],[11.27449,52.43296],[11.26957,52.43085],[11.26506,52.43213],[11.26239,52.43103],[11.26038,52.4333],[11.24408,52.4374],[11.23242,52.43633],[11.23217,52.43488],[11.21003,52.43828],[11.14831,52.43385],[11.13069,52.44045],[11.11765,52.44754],[11.10525,52.44975],[11.09044,52.45527],[11.09503,52.45813],[11.07728,52.47024],[11.07248,52.47911],[11.07227,52.48582],[11.06363,52.49263],[11.06151,52.50191],[11.05648,52.50644],[11.05111,52.50828],[11.03506,52.49823],[11.02895,52.49971],[11.02668,52.50361],[11.0061,52.49583],[10.9817,52.49706],[10.97484,52.50136],[10.9595,52.49671],[10.94999,52.49561],[10.94356,52.49235],[10.94425,52.48681],[10.94155,52.48365],[10.94279,52.4807],[10.94098,52.4766],[10.93458,52.47617],[10.93375,52.46095]]]]}},{"type":"Feature","id":"15084","bbox":[11.36483,50.93803,12.29391,51.32038],"properties":{"id":"15084","name":"Burgenlandkreis","typ":"Landkreis","bundeslandAlt":"Sachsen-Anhalt","bezirkAlt":"Sachsen-Anhalt","neueKreise":["Burgenlandkreis"],"quelle":"VG250 / Bezirkseinführungsgesetz"},"geometry":{"type":"MultiPolygon","coordinates":[[[[11.36483,51.22136],[11.37171,51.21943],[11.38388,51.219],[11.38982,51.21752],[11.39106,51.21057],[11.38798,51.20887],[11.39142,51.20353],[11.39598,51.20401],[11.39936,51.20637],[11.40194,51.20615],[11.40114,51.20361],[11.40589,51.2027],[11.40807,51.20369],[11.40533,51.2074],[11.41511,51.20818],[11.43095,51.21248],[11.44605,51.20814],[11.44505,51.20449],[11.44772,51.20366],[11.44902,51.19627],[11.4524,51.19248],[11.45584,51.19538],[11.46857,51.19265],[11.47032,51.18386],[11.46724,51.18045],[11.4701,51.18031],[11.4714,51.17687],[11.47082,51.16984],[11.48555,51.16802],[11.48526,51.16559],[11.47495,51.16583],[11.47256,51.16092],[11.47928,51.15878],[11.47193,51.14818],[11.451,51.14667],[11.45865,51.13756],[11.45988,51.13016],[11.46283,51.13022],[11.46259,51.12687],[11.46545,51.12738],[11.46336,51.11276],[11.47893,51.10732],[11.48391,51.10786],[11.48522,51.10253],[11.50462,51.10243],[11.50485,51.10394],[11.51059,51.10297],[11.51208,51.10797],[11.5233,51.10486],[11.54564,51.10245],[11.54782,51.1117],[11.55651,51.11126],[11.55521,51.10932],[11.55824,51.10895],[11.56835,51.1184],[11.57166,51.11937],[11.60167,51.11387],[11.6075,51.11161],[11.60681,51.11062],[11.62004,51.10467],[11.61615,51.09796],[11.62021,51.09745],[11.62436,51.10448],[11.63499,51.10733],[11.63824,51.11112],[11.64025,51.10954],[11.64334,51.11044],[11.64708,51.1073],[11.65329,51.10971],[11.66695,51.11079],[11.66848,51.10925],[11.66654,51.10746],[11.67244,51.1029],[11.67531,51.10414],[11.68917,51.09859],[11.68922,51.10055],[11.69238,51.09985],[11.6934,51.09262],[11.697,51.09165],[11.69694,51.08749],[11.69903,51.08778],[11.69943,51.08599],[11.70158,51.08582],[11.7016,51.0845],[11.6976,51.08424],[11.70183,51.07842],[11.69971,51.0766],[11.70188,51.07373],[11.70081,51.0694],[11.70985,51.06814],[11.71365,51.07052],[11.72117,51.07102],[11.72352,51.068],[11.7323,51.06842],[11.73715,51.06314],[11.74468,51.06181],[11.75325,51.05699],[11.7485,51.0542],[11.74553,51.05416],[11.7462,51.05195],[11.75132,51.05184],[11.75211,51.04862],[11.75975,51.04778],[11.75969,51.04286],[11.77209,51.04501],[11.77041,51.04918],[11.77463,51.05316],[11.78687,51.05263],[11.7874,51.05011],[11.7896,51.05117],[11.79196,51.05006],[11.7971,51.05041],[11.79871,51.0483],[11.80262,51.0488],[11.80389,51.04721],[11.81715,51.04787],[11.83389,51.05226],[11.84356,51.05199],[11.84721,51.05303],[11.85226,51.05186],[11.86026,51.05476],[11.8631,51.05115],[11.86885,51.05252],[11.8681,51.0542],[11.87474,51.05706],[11.88881,51.05584],[11.89119,51.05463],[11.89056,51.05334],[11.89666,51.05047],[11.89467,51.04714],[11.89745,51.0453],[11.89917,51.04588],[11.90357,51.04423],[11.91087,51.04502],[11.91073,51.04161],[11.91539,51.03794],[11.91308,51.03605],[11.91463,51.03146],[11.91091,51.02955],[11.9119,51.02818],[11.92146,51.02629],[11.92763,51.02757],[11.93338,51.03072],[11.93702,51.02973],[11.94307,51.03244],[11.9539,51.02581],[11.95831,51.02104],[11.96069,51.02019],[11.96274,51.02218],[11.96529,51.02052],[11.96523,51.01834],[11.96954,51.01734],[11.97228,51.01859],[11.97714,51.01645],[11.98031,51.01235],[11.9763,51.01224],[11.9747,51.00983],[11.97522,51.00682],[11.97864,51.0037],[11.97577,50.99917],[11.96853,50.99916],[11.96987,50.99433],[11.97291,50.99434],[11.97424,50.99032],[11.9965,50.99316],[11.99934,50.98863],[12.00657,50.99102],[12.00867,50.98394],[12.01431,50.9839],[12.01368,50.98239],[12.01719,50.97906],[12.01706,50.97657],[12.01066,50.97469],[12.01096,50.97],[12.01386,50.97008],[12.01413,50.96867],[12.03748,50.97294],[12.04778,50.96922],[12.05536,50.96861],[12.07265,50.97412],[12.09216,50.97653],[12.09374,50.97491],[12.10542,50.9737],[12.11847,50.96815],[12.13499,50.96498],[12.13213,50.96126],[12.13477,50.96079],[12.15005,50.96415],[12.15835,50.96313],[12.16353,50.9586],[12.16608,50.95904],[12.16321,50.96649],[12.17376,50.97291],[12.18251,50.97587],[12.19798,50.95678],[12.20069,50.95611],[12.21281,50.95941],[12.21382,50.95844],[12.21535,50.95327],[12.21107,50.94957],[12.21458,50.93803],[12.21781,50.93942],[12.21953,50.94228],[12.2267,50.94342],[12.22978,50.94709],[12.23872,50.95153],[12.24173,50.95639],[12.24167,50.96151],[12.23982,50.96282],[12.23468,50.96078],[12.23235,50.96135],[12.23637,50.96451],[12.23989,50.97568],[12.2477,50.98228],[12.25181,50.98314],[12.26219,50.98916],[12.27789,51.0058],[12.28034,51.00702],[12.28352,51.00644],[12.28251,51.0117],[12.2866,51.01332],[12.28755,51.01662],[12.29175,51.0187],[12.29391,51.03133],[12.28948,51.03045],[12.28705,51.03764],[12.28247,51.03775],[12.28058,51.04048],[12.27306,51.04063],[12.26456,51.03751],[12.25564,51.03771],[12.25429,51.03916],[12.25219,51.03751],[12.25027,51.03787],[12.25163,51.03957],[12.25046,51.04447],[12.25679,51.04533],[12.25628,51.04925],[12.26221,51.04961],[12.26055,51.05372],[12.26305,51.05411],[12.25957,51.0576],[12.26048,51.06255],[12.25849,51.06614],[12.26655,51.06958],[12.26697,51.07167],[12.26931,51.07181],[12.2656,51.07698],[12.26751,51.07803],[12.27321,51.07506],[12.27413,51.07772],[12.28828,51.08824],[12.2848,51.08882],[12.28031,51.09589],[12.27864,51.09497],[12.27857,51.09928],[12.26277,51.10029],[12.26137,51.09795],[12.25308,51.09727],[12.25254,51.09959],[12.24394,51.10023],[12.24115,51.10289],[12.23838,51.1022],[12.23036,51.10361],[12.23125,51.10439],[12.22799,51.10534],[12.22657,51.10774],[12.22144,51.10978],[12.22382,51.11082],[12.22249,51.11178],[12.2246,51.11458],[12.22327,51.11568],[12.22459,51.11932],[12.22237,51.11905],[12.22324,51.12097],[12.22037,51.12126],[12.22056,51.12304],[12.22389,51.12355],[12.22611,51.12231],[12.22549,51.12037],[12.22907,51.12023],[12.23164,51.12374],[12.23483,51.12355],[12.23892,51.12624],[12.23739,51.1278],[12.24164,51.1307],[12.23014,51.1362],[12.19619,51.14191],[12.19816,51.14887],[12.19719,51.15913],[12.20167,51.16139],[12.20232,51.16578],[12.20626,51.1713],[12.21157,51.17236],[12.21213,51.17518],[12.20849,51.17623],[12.21232,51.17902],[12.21308,51.1835],[12.1934,51.18531],[12.18716,51.18483],[12.17484,51.18133],[12.17374,51.19008],[12.18071,51.18987],[12.18718,51.19146],[12.1856,51.19429],[12.1918,51.19573],[12.18959,51.20398],[12.20123,51.21344],[12.20474,51.2142],[12.20343,51.21672],[12.19811,51.2167],[12.19559,51.22362],[12.19208,51.23693],[12.19949,51.23842],[12.19888,51.23972],[12.19496,51.23877],[12.19315,51.2414],[12.18939,51.25762],[12.17374,51.25819],[12.17338,51.26605],[12.16624,51.26593],[12.16557,51.26804],[12.16879,51.26983],[12.17068,51.27474],[12.16806,51.27642],[12.14764,51.27884],[12.14626,51.27518],[12.14066,51.27508],[12.14478,51.27019],[12.11362,51.26832],[12.11246,51.26097],[12.09399,51.26062],[12.07667,51.25747],[12.0751,51.24806],[12.06631,51.25021],[12.06759,51.25173],[12.06574,51.2523],[12.05159,51.25391],[12.05395,51.25913],[12.04618,51.26154],[12.04576,51.26277],[12.05982,51.26902],[12.0596,51.27087],[12.0532,51.27148],[12.05287,51.27546],[12.04764,51.27788],[12.04962,51.28042],[12.0552,51.28208],[12.05666,51.28467],[12.06183,51.28549],[12.06201,51.28738],[12.05643,51.28871],[12.05461,51.28622],[12.03779,51.28559],[12.00198,51.27661],[11.99892,51.28202],[11.99364,51.2817],[11.98865,51.28094],[11.98992,51.27793],[11.98429,51.27694],[11.98458,51.27396],[11.97009,51.27513],[11.96888,51.26963],[11.94293,51.27139],[11.92562,51.27018],[11.92925,51.25503],[11.92722,51.25432],[11.92768,51.24608],[11.92331,51.24088],[11.92353,51.23637],[11.91278,51.23616],[11.91153,51.23374],[11.89925,51.23335],[11.89892,51.23565],[11.89345,51.2355],[11.89305,51.23839],[11.88926,51.23846],[11.88569,51.24424],[11.87282,51.24292],[11.85892,51.23923],[11.85903,51.23656],[11.85033,51.23537],[11.84607,51.23713],[11.83656,51.24816],[11.8242,51.23837],[11.82286,51.24699],[11.81939,51.24908],[11.80949,51.24495],[11.80885,51.24641],[11.80553,51.24577],[11.80107,51.24704],[11.80015,51.25051],[11.79419,51.2474],[11.78772,51.24764],[11.78565,51.25321],[11.7905,51.25623],[11.78537,51.25898],[11.78804,51.2682],[11.78445,51.26854],[11.78265,51.27036],[11.78083,51.26924],[11.77859,51.27069],[11.77761,51.26999],[11.77038,51.2751],[11.76737,51.27389],[11.76296,51.28036],[11.76427,51.28106],[11.75966,51.28398],[11.75694,51.2823],[11.71052,51.27134],[11.70548,51.26808],[11.69924,51.2663],[11.69012,51.27477],[11.68864,51.27446],[11.68817,51.277],[11.67741,51.27641],[11.6748,51.27979],[11.66982,51.28088],[11.6695,51.28484],[11.67106,51.28568],[11.66966,51.28768],[11.67513,51.28927],[11.67443,51.29122],[11.67191,51.29229],[11.66679,51.29069],[11.66808,51.28925],[11.66648,51.28609],[11.66289,51.28355],[11.66132,51.2845],[11.66292,51.2861],[11.65828,51.29009],[11.65374,51.29212],[11.65094,51.29088],[11.64767,51.29378],[11.64849,51.29565],[11.64653,51.29584],[11.6459,51.29401],[11.63986,51.29228],[11.64284,51.29894],[11.64177,51.30101],[11.63965,51.30023],[11.63728,51.30127],[11.63781,51.30321],[11.63215,51.30416],[11.63278,51.30495],[11.6293,51.30604],[11.6349,51.31422],[11.63044,51.31555],[11.6311,51.31742],[11.62317,51.32003],[11.62094,51.31574],[11.61792,51.3169],[11.61663,51.32036],[11.6148,51.32038],[11.61308,51.31615],[11.60585,51.31585],[11.59729,51.30258],[11.58743,51.30607],[11.58138,51.30571],[11.58144,51.30102],[11.57747,51.30088],[11.56737,51.29549],[11.56757,51.29331],[11.57213,51.29015],[11.56715,51.28721],[11.56394,51.27878],[11.55147,51.27532],[11.54238,51.27854],[11.53916,51.28217],[11.53026,51.28347],[11.5271,51.28654],[11.52135,51.28462],[11.52059,51.28195],[11.52228,51.28137],[11.51843,51.27633],[11.51519,51.276],[11.51406,51.27803],[11.50599,51.27789],[11.49876,51.28048],[11.47302,51.29647],[11.47386,51.29457],[11.46779,51.28839],[11.46248,51.29051],[11.45988,51.29405],[11.45472,51.28707],[11.45233,51.27999],[11.45611,51.2772],[11.44678,51.27112],[11.44174,51.27331],[11.43703,51.26865],[11.44128,51.26696],[11.43952,51.26338],[11.42929,51.25468],[11.42578,51.2556],[11.42181,51.25324],[11.41835,51.24761],[11.41997,51.24636],[11.41357,51.24298],[11.41263,51.24106],[11.40157,51.23627],[11.3978,51.23674],[11.40061,51.24291],[11.38753,51.24407],[11.38686,51.24573],[11.38419,51.24548],[11.37638,51.2394],[11.3782,51.23766],[11.37645,51.23407],[11.37171,51.23059],[11.3691,51.23061],[11.36483,51.22136]]],[[[11.43939,51.19977],[11.43967,51.19767],[11.44395,51.19736],[11.44538,51.19399],[11.44677,51.1945],[11.44661,51.19888],[11.43939,51.19977]]]]}},{"type":"Feature","id":"15085","bbox":[10.56123,51.56602,11.40887,52.05971],"properties":{"id":"15085","name":"Harz","typ":"Landkreis","bundeslandAlt":"Sachsen-Anhalt","bezirkAlt":"Sachsen-Anhalt","neueKreise":["Harz"],"quelle":"VG250 / Bezirkseinführungsgesetz"},"geometry":{"type":"MultiPolygon","coordinates":[[[[10.56123,52.00407],[10.58678,51.98273],[10.58569,51.97623],[10.59606,51.975],[10.60623,51.97729],[10.60624,51.96867],[10.6144,51.96871],[10.61458,51.96709],[10.61962,51.96694],[10.61994,51.95768],[10.63538,51.95907],[10.6417,51.96263],[10.6513,51.95756],[10.64755,51.95362],[10.63492,51.95075],[10.63317,51.94868],[10.62248,51.94754],[10.62114,51.94339],[10.61819,51.94324],[10.61668,51.94004],[10.61326,51.93947],[10.61355,51.93582],[10.61759,51.93351],[10.61811,51.93148],[10.61625,51.93073],[10.61331,51.92152],[10.63816,51.91597],[10.64821,51.90824],[10.65044,51.89929],[10.64932,51.8891],[10.63608,51.87768],[10.63233,51.87216],[10.61603,51.86965],[10.61598,51.86747],[10.60572,51.86076],[10.60262,51.85455],[10.58447,51.85306],[10.5791,51.84826],[10.57697,51.84299],[10.57947,51.84113],[10.58527,51.84007],[10.58843,51.83579],[10.57874,51.82865],[10.57784,51.81577],[10.5742,51.81087],[10.58392,51.79882],[10.58509,51.78763],[10.58044,51.78275],[10.58152,51.78001],[10.58995,51.7722],[10.5912,51.76899],[10.60595,51.76244],[10.6261,51.75902],[10.63127,51.75147],[10.63171,51.73953],[10.63447,51.73535],[10.64287,51.73028],[10.64202,51.72529],[10.64658,51.72288],[10.64934,51.71855],[10.65656,51.71811],[10.66867,51.70942],[10.67262,51.69697],[10.66755,51.69668],[10.66306,51.69121],[10.66517,51.69035],[10.66434,51.68873],[10.66736,51.68481],[10.6663,51.6796],[10.66901,51.67632],[10.67051,51.66691],[10.68288,51.66062],[10.6917,51.6465],[10.69601,51.64299],[10.70912,51.6407],[10.72625,51.64489],[10.73709,51.64507],[10.73873,51.64347],[10.74937,51.64033],[10.75612,51.64175],[10.75568,51.64506],[10.76451,51.64901],[10.7713,51.6446],[10.78542,51.64188],[10.81822,51.63903],[10.81788,51.637],[10.82176,51.63342],[10.82115,51.62394],[10.82257,51.62354],[10.83128,51.62728],[10.83373,51.63069],[10.84094,51.63169],[10.8494,51.63075],[10.85909,51.63279],[10.87651,51.62187],[10.8795,51.61804],[10.88323,51.61769],[10.8815,51.61717],[10.8866,51.61211],[10.894,51.61066],[10.9102,51.61446],[10.91606,51.61637],[10.91743,51.61892],[10.92225,51.6197],[10.92582,51.6231],[10.92303,51.6237],[10.9217,51.6275],[10.93446,51.6241],[10.93548,51.62619],[10.93172,51.62996],[10.95319,51.63161],[10.95711,51.63349],[10.96925,51.63317],[10.97644,51.62652],[10.97629,51.62461],[10.97907,51.62399],[10.99748,51.62883],[11.01019,51.62782],[11.00624,51.6262],[10.9968,51.62624],[10.99679,51.62529],[11.00513,51.62517],[11.00115,51.62151],[11.00322,51.62082],[11.01195,51.62733],[11.01864,51.62703],[11.02629,51.62461],[11.02538,51.62263],[11.0229,51.6226],[11.01837,51.61953],[11.01852,51.61645],[11.02174,51.61447],[11.0249,51.61492],[11.02843,51.61148],[11.03626,51.61112],[11.03391,51.60294],[11.02989,51.60289],[11.02598,51.60578],[11.01109,51.609],[11.00946,51.61025],[11.01068,51.61349],[11.00704,51.61224],[11.00423,51.61276],[11.00297,51.61674],[10.99333,51.61746],[11.00133,51.61495],[11.00269,51.61229],[11.00729,51.61118],[11.00661,51.61015],[11.00014,51.61062],[10.99497,51.61471],[10.98308,51.61231],[10.99404,51.61331],[10.99877,51.6107],[10.98752,51.60983],[10.99723,51.60928],[10.98738,51.60557],[11.00512,51.60966],[11.01554,51.60636],[11.01308,51.60463],[11.0227,51.60547],[11.02867,51.60214],[11.02197,51.59998],[11.01144,51.60079],[11.00821,51.60408],[11.00697,51.60331],[11.00937,51.60105],[11.00137,51.602],[11.00599,51.59842],[11.01095,51.59993],[11.01287,51.59957],[11.01093,51.59838],[11.01223,51.59785],[11.01639,51.59967],[11.02247,51.59916],[11.021,51.59592],[11.00215,51.5929],[11.00101,51.5922],[11.00316,51.59097],[11.01202,51.5932],[11.01857,51.58947],[11.02161,51.58996],[11.01694,51.59204],[11.02155,51.59363],[11.02712,51.59163],[11.02835,51.59299],[11.02406,51.59416],[11.02323,51.59616],[11.02424,51.59894],[11.02624,51.59957],[11.03098,51.59723],[11.02713,51.60033],[11.03458,51.60232],[11.0361,51.60706],[11.03882,51.60798],[11.04359,51.60012],[11.04233,51.59521],[11.03455,51.59476],[11.03827,51.59384],[11.05549,51.59408],[11.06124,51.59562],[11.0615,51.5999],[11.06715,51.59933],[11.07216,51.60096],[11.07727,51.59987],[11.08487,51.60208],[11.08656,51.60426],[11.09154,51.60077],[11.09832,51.59966],[11.10114,51.59046],[11.11411,51.59271],[11.12462,51.59179],[11.12523,51.58494],[11.13254,51.58509],[11.13377,51.58289],[11.13941,51.5846],[11.13885,51.58211],[11.13397,51.57795],[11.12214,51.58302],[11.11235,51.57827],[11.11591,51.57511],[11.12546,51.57317],[11.1247,51.56739],[11.13136,51.56602],[11.14109,51.56736],[11.14691,51.57084],[11.15698,51.57303],[11.1543,51.58247],[11.16131,51.57898],[11.15972,51.58273],[11.16283,51.58332],[11.15758,51.58596],[11.15761,51.58788],[11.16223,51.58975],[11.1622,51.59175],[11.1651,51.59232],[11.16597,51.59574],[11.17025,51.59702],[11.17377,51.59612],[11.17039,51.59267],[11.17267,51.58911],[11.17652,51.59078],[11.19118,51.59251],[11.20322,51.5876],[11.20898,51.5874],[11.20858,51.58859],[11.2035,51.58844],[11.19804,51.59087],[11.20002,51.59327],[11.20343,51.59415],[11.2065,51.59044],[11.20934,51.59155],[11.21371,51.58973],[11.22058,51.59124],[11.2267,51.59517],[11.22971,51.59544],[11.22953,51.59662],[11.23389,51.5968],[11.23133,51.60484],[11.23373,51.60678],[11.25241,51.60974],[11.24229,51.61148],[11.24368,51.61491],[11.24642,51.61551],[11.24617,51.61682],[11.24302,51.61596],[11.24186,51.61953],[11.24987,51.62126],[11.24588,51.63146],[11.24443,51.62928],[11.23689,51.62675],[11.23501,51.62744],[11.23616,51.63432],[11.23283,51.63664],[11.23451,51.63807],[11.23374,51.6425],[11.23858,51.6428],[11.25009,51.63859],[11.25229,51.63956],[11.25182,51.64282],[11.25487,51.64337],[11.25856,51.64682],[11.26389,51.64574],[11.26976,51.64645],[11.27145,51.64368],[11.27484,51.64679],[11.27808,51.64459],[11.28148,51.64529],[11.27847,51.64959],[11.27958,51.65023],[11.28717,51.64889],[11.28711,51.65035],[11.29455,51.6507],[11.29239,51.65583],[11.29427,51.65732],[11.28938,51.65963],[11.30535,51.6623],[11.30645,51.65892],[11.31386,51.66308],[11.32165,51.66524],[11.32596,51.66922],[11.33209,51.66763],[11.33165,51.67462],[11.33437,51.67884],[11.33938,51.67883],[11.33893,51.6814],[11.34108,51.68334],[11.35093,51.68683],[11.35728,51.68743],[11.35611,51.68983],[11.36268,51.69226],[11.36813,51.69081],[11.3735,51.69104],[11.37309,51.69446],[11.37756,51.69505],[11.37985,51.69161],[11.38161,51.69169],[11.38493,51.69492],[11.39603,51.69927],[11.39162,51.7069],[11.39515,51.71322],[11.3906,51.71375],[11.40161,51.72994],[11.39777,51.73128],[11.40055,51.73279],[11.39867,51.73399],[11.40739,51.74297],[11.40259,51.7443],[11.40618,51.7454],[11.40887,51.75027],[11.40362,51.75138],[11.40294,51.7561],[11.39534,51.75816],[11.40394,51.76189],[11.39976,51.76228],[11.4002,51.76485],[11.3979,51.76503],[11.3995,51.76945],[11.37656,51.77465],[11.34666,51.77867],[11.34264,51.77227],[11.33669,51.77406],[11.33397,51.76638],[11.32603,51.7579],[11.31629,51.75824],[11.31233,51.75978],[11.30444,51.75858],[11.29732,51.75933],[11.29795,51.76152],[11.27716,51.77083],[11.27803,51.7721],[11.27113,51.78509],[11.27357,51.79476],[11.2529,51.79982],[11.23963,51.80825],[11.25608,51.81374],[11.25401,51.81932],[11.26117,51.82875],[11.26365,51.8276],[11.26691,51.83457],[11.27472,51.83244],[11.27758,51.8298],[11.27912,51.83247],[11.28654,51.82924],[11.28899,51.83057],[11.29342,51.82918],[11.30327,51.83594],[11.30864,51.83543],[11.30945,51.83817],[11.31848,51.83716],[11.32027,51.84834],[11.32328,51.84913],[11.32661,51.84685],[11.33442,51.84665],[11.33849,51.85324],[11.33439,51.85565],[11.33118,51.8522],[11.32718,51.85465],[11.33113,51.85812],[11.32981,51.85983],[11.33635,51.86194],[11.33781,51.86388],[11.33754,51.86619],[11.33443,51.86595],[11.33248,51.86882],[11.33648,51.87122],[11.33223,51.87515],[11.33711,51.87617],[11.33915,51.87399],[11.34148,51.87557],[11.34452,51.87536],[11.33844,51.87927],[11.33319,51.88553],[11.32804,51.88723],[11.3405,51.90071],[11.34006,51.90417],[11.33592,51.90604],[11.33179,51.90604],[11.32635,51.90281],[11.32544,51.90024],[11.31529,51.90411],[11.31138,51.89977],[11.29844,51.90459],[11.29969,51.9087],[11.2979,51.90928],[11.29609,51.90701],[11.29779,51.90538],[11.28185,51.90556],[11.27398,51.90806],[11.27489,51.90518],[11.26912,51.90187],[11.25931,51.90307],[11.25924,51.89863],[11.27083,51.89693],[11.27617,51.89746],[11.27761,51.89476],[11.27396,51.8929],[11.27187,51.89335],[11.27197,51.89571],[11.26162,51.89341],[11.25695,51.89686],[11.25178,51.89727],[11.24993,51.90136],[11.22626,51.90873],[11.22239,51.91918],[11.21031,51.91737],[11.2084,51.92276],[11.19821,51.92622],[11.19498,51.92619],[11.19383,51.92437],[11.19079,51.92646],[11.18319,51.92069],[11.17975,51.92204],[11.18081,51.92061],[11.17865,51.92069],[11.18025,51.91938],[11.17498,51.91691],[11.17076,51.921],[11.16987,51.92027],[11.16183,51.93417],[11.16059,51.93982],[11.16552,51.94417],[11.17194,51.94585],[11.18028,51.95595],[11.17361,51.95802],[11.1755,51.96555],[11.16824,51.96752],[11.15531,51.96581],[11.15317,51.96846],[11.15001,51.96858],[11.15171,51.9721],[11.15838,51.97476],[11.16246,51.97995],[11.16218,51.98138],[11.15166,51.98493],[11.15287,52.00031],[11.11166,52.00024],[11.10954,52.00289],[11.10217,52.00268],[11.09338,52.0055],[11.09159,52.00715],[11.09219,52.01186],[11.08449,52.01168],[11.08364,52.02679],[11.07454,52.02348],[11.06982,52.0236],[11.06867,52.02481],[11.06701,52.02848],[11.07016,52.03785],[11.06204,52.0396],[11.06192,52.03678],[11.05754,52.0367],[11.02537,52.0399],[11.01272,52.0467],[10.98661,52.05169],[10.96906,52.05298],[10.96296,52.05753],[10.93596,52.05971],[10.91759,52.05849],[10.87651,52.05896],[10.85504,52.0509],[10.84035,52.0502],[10.82871,52.04775],[10.80149,52.048],[10.78214,52.05046],[10.7739,52.05],[10.76024,52.04611],[10.75735,52.04826],[10.73551,52.04795],[10.72211,52.04966],[10.70394,52.04994],[10.64789,52.04172],[10.65174,52.03279],[10.65438,52.03315],[10.65686,52.02852],[10.65549,52.02469],[10.64222,52.02292],[10.6385,52.01775],[10.63897,52.01533],[10.62144,52.01033],[10.62602,52.0082],[10.62091,52.00811],[10.61894,52.00974],[10.61359,52.00852],[10.6119,52.01005],[10.60019,52.00717],[10.60048,52.00974],[10.5958,52.01008],[10.5966,52.01437],[10.59228,52.0142],[10.5916,52.01134],[10.57297,52.01045],[10.57474,52.00636],[10.56123,52.00407]]]]}},{"type":"Feature","id":"15086","bbox":[11.68733,52.00109,12.33078,52.57574],"properties":{"id":"15086","name":"Jerichower Land","typ":"Landkreis","bundeslandAlt":"Sachsen-Anhalt","bezirkAlt":"Sachsen-Anhalt","neueKreise":["Jerichower Land"],"quelle":"VG250 / Bezirkseinführungsgesetz"},"geometry":{"type":"MultiPolygon","coordinates":[[[[11.68733,52.18699],[11.69298,52.18265],[11.69938,52.17404],[11.71123,52.16966],[11.71181,52.16779],[11.70456,52.16721],[11.70746,52.16577],[11.7061,52.15986],[11.7121,52.15975],[11.70597,52.15905],[11.70444,52.15186],[11.70672,52.14886],[11.70902,52.14646],[11.71903,52.14567],[11.72408,52.14206],[11.72208,52.14006],[11.72336,52.13498],[11.71566,52.123],[11.71406,52.11545],[11.71635,52.11477],[11.71741,52.10732],[11.72175,52.10014],[11.74421,52.10077],[11.74774,52.09361],[11.76018,52.08487],[11.76241,52.08048],[11.76006,52.07864],[11.7664,52.07905],[11.76236,52.07307],[11.76594,52.06888],[11.77361,52.06729],[11.77616,52.07013],[11.78094,52.06758],[11.80105,52.06858],[11.81126,52.06514],[11.8148,52.06251],[11.83408,52.06315],[11.8474,52.05756],[11.85368,52.05184],[11.84937,52.0499],[11.84791,52.0431],[11.84235,52.04277],[11.83719,52.04414],[11.83863,52.04159],[11.83689,52.0375],[11.84114,52.03532],[11.84819,52.03443],[11.84918,52.03008],[11.85354,52.02783],[11.86179,52.02571],[11.87036,52.02653],[11.87768,52.02373],[11.88932,52.01061],[11.89081,52.0014],[11.92136,52.00109],[11.92776,52.00382],[11.9371,52.00378],[11.95231,52.00839],[11.95257,52.01283],[11.96067,52.0163],[11.95985,52.01768],[11.9641,52.02058],[11.9665,52.02476],[11.98691,52.02596],[11.99426,52.0334],[12.00415,52.03348],[12.0039,52.03087],[12.00598,52.03011],[12.01735,52.03898],[12.02078,52.05012],[12.02537,52.049],[12.03243,52.05882],[12.03347,52.06456],[12.05491,52.05769],[12.0595,52.05755],[12.07109,52.0667],[12.07556,52.07305],[12.07461,52.07564],[12.09813,52.07529],[12.1069,52.0734],[12.1082,52.07204],[12.11854,52.07194],[12.12704,52.06951],[12.13423,52.06927],[12.15751,52.07482],[12.1784,52.07646],[12.18486,52.07869],[12.19502,52.08672],[12.20457,52.08874],[12.20626,52.09854],[12.21285,52.10223],[12.2344,52.10304],[12.24494,52.10133],[12.26691,52.1003],[12.27285,52.1017],[12.27672,52.10402],[12.27196,52.11005],[12.26878,52.12385],[12.26511,52.13066],[12.26316,52.13276],[12.24532,52.13873],[12.23713,52.15013],[12.2313,52.15495],[12.234,52.16279],[12.22047,52.16667],[12.21678,52.17007],[12.22859,52.18598],[12.24156,52.18198],[12.24829,52.18422],[12.24535,52.18657],[12.2418,52.19428],[12.24229,52.19608],[12.25095,52.20103],[12.25368,52.20565],[12.24525,52.20739],[12.24892,52.21174],[12.26026,52.21645],[12.26767,52.21451],[12.27883,52.21704],[12.2942,52.22967],[12.28862,52.22922],[12.28378,52.23451],[12.27397,52.235],[12.26453,52.23355],[12.26175,52.2361],[12.26424,52.23689],[12.26451,52.23603],[12.27526,52.23627],[12.26978,52.24033],[12.27068,52.24172],[12.25801,52.24315],[12.26154,52.24609],[12.24465,52.24844],[12.24776,52.2553],[12.25467,52.26189],[12.2511,52.26423],[12.25108,52.27243],[12.26277,52.29507],[12.27298,52.30477],[12.28153,52.31842],[12.28438,52.32153],[12.29006,52.323],[12.30813,52.3447],[12.29775,52.3508],[12.29798,52.35328],[12.28381,52.36425],[12.28609,52.36888],[12.30065,52.37109],[12.30599,52.37743],[12.30561,52.37849],[12.29427,52.38142],[12.29181,52.38614],[12.29537,52.39242],[12.30329,52.39755],[12.30118,52.40104],[12.30233,52.40501],[12.2994,52.40911],[12.29234,52.40754],[12.27484,52.41227],[12.27447,52.41606],[12.2934,52.42349],[12.29699,52.42378],[12.28925,52.43069],[12.30268,52.43449],[12.30229,52.43881],[12.30757,52.44431],[12.30325,52.44596],[12.30434,52.4505],[12.31668,52.45238],[12.31536,52.46089],[12.32512,52.46423],[12.32526,52.47209],[12.33078,52.47856],[12.32746,52.47949],[12.32363,52.47652],[12.31686,52.47504],[12.30934,52.47841],[12.3083,52.48029],[12.31016,52.4831],[12.30936,52.48626],[12.31305,52.48971],[12.32427,52.49205],[12.32767,52.49141],[12.32989,52.49686],[12.32076,52.49551],[12.31069,52.49087],[12.29714,52.49614],[12.29437,52.49246],[12.2853,52.4926],[12.27844,52.48718],[12.27145,52.48748],[12.27001,52.49367],[12.26245,52.49547],[12.27008,52.501],[12.25992,52.50423],[12.25749,52.51137],[12.25822,52.51789],[12.25441,52.51934],[12.24677,52.51886],[12.24498,52.52152],[12.23556,52.52378],[12.23105,52.52188],[12.23274,52.51905],[12.23164,52.51623],[12.224,52.51153],[12.2239,52.50947],[12.22776,52.50595],[12.22168,52.50067],[12.21746,52.50021],[12.2115,52.50313],[12.20719,52.49919],[12.20106,52.49724],[12.19681,52.49908],[12.19058,52.49887],[12.1847,52.49578],[12.17129,52.50618],[12.1624,52.50099],[12.1545,52.50406],[12.15233,52.50353],[12.15078,52.50582],[12.14498,52.50755],[12.14145,52.51375],[12.13727,52.50796],[12.1125,52.50657],[12.10303,52.51161],[12.10321,52.52436],[12.09157,52.53055],[12.08853,52.5341],[12.08108,52.53505],[12.07737,52.53989],[12.07462,52.53996],[12.06275,52.53493],[12.06008,52.53088],[12.05102,52.52511],[12.04754,52.52684],[12.0383,52.52436],[12.03742,52.523],[12.02061,52.5248],[12.01234,52.52316],[12.00982,52.52031],[11.9915,52.51899],[11.9935,52.52539],[11.98728,52.53197],[11.98817,52.53549],[11.99278,52.53642],[11.99226,52.543],[11.99911,52.54636],[11.99627,52.55499],[11.9985,52.55988],[11.99513,52.56274],[11.99453,52.56725],[11.99867,52.57095],[11.98851,52.57574],[11.98572,52.56751],[11.98546,52.55056],[11.98016,52.53749],[11.97736,52.53368],[11.96307,52.52378],[11.95997,52.51777],[11.96314,52.51236],[11.97391,52.50617],[11.98327,52.49661],[11.9857,52.49201],[11.98704,52.47521],[12.00164,52.46243],[12.00124,52.45799],[11.9932,52.4486],[11.99398,52.43543],[11.99105,52.42894],[11.97743,52.41971],[11.9679,52.40547],[11.96324,52.40141],[11.9562,52.3989],[11.93839,52.39601],[11.92899,52.39191],[11.92818,52.38808],[11.94022,52.38078],[11.94056,52.37533],[11.93497,52.37299],[11.92066,52.37296],[11.91221,52.37115],[11.9082,52.36682],[11.90531,52.35815],[11.89861,52.35283],[11.87659,52.34446],[11.86383,52.33679],[11.84968,52.33087],[11.83492,52.33021],[11.81492,52.33465],[11.8019,52.33393],[11.79345,52.329],[11.79675,52.32735],[11.7966,52.32364],[11.79133,52.32025],[11.78651,52.32205],[11.76739,52.31133],[11.76435,52.3046],[11.76497,52.29512],[11.75453,52.27781],[11.74257,52.26915],[11.73601,52.25926],[11.72967,52.25337],[11.72096,52.24919],[11.70676,52.24598],[11.70204,52.2428],[11.7003,52.23601],[11.70297,52.22404],[11.7068,52.21687],[11.71297,52.21153],[11.71416,52.20683],[11.71185,52.20304],[11.69701,52.19546],[11.68733,52.18699]]]]}},{"type":"Feature","id":"15087","bbox":[10.88205,51.33981,11.78037,51.72994],"properties":{"id":"15087","name":"Mansfeld-Südharz","typ":"Landkreis","bundeslandAlt":"Sachsen-Anhalt","bezirkAlt":"Sachsen-Anhalt","neueKreise":["Mansfeld-Südharz"],"quelle":"VG250 / Bezirkseinführungsgesetz"},"geometry":{"type":"MultiPolygon","coordinates":[[[[10.88205,51.58051],[10.88468,51.5786],[10.89111,51.57827],[10.89386,51.57638],[10.89268,51.5726],[10.89491,51.56755],[10.90025,51.56442],[10.89972,51.56105],[10.89678,51.56035],[10.89519,51.55704],[10.9005,51.55065],[10.90447,51.54964],[10.90917,51.55271],[10.90947,51.55576],[10.91119,51.55563],[10.91214,51.55026],[10.91606,51.54739],[10.9256,51.54574],[10.92952,51.54338],[10.94,51.54192],[10.94797,51.53757],[10.94784,51.53335],[10.93975,51.5356],[10.93515,51.53322],[10.93285,51.52152],[10.92821,51.52235],[10.92734,51.52085],[10.93375,51.51922],[10.93135,51.51813],[10.93466,51.51777],[10.93624,51.51152],[10.94509,51.50619],[10.94524,51.50373],[10.94263,51.5036],[10.93972,51.50073],[10.94663,51.49901],[10.94865,51.50163],[10.95027,51.49885],[10.95376,51.49815],[10.95208,51.49542],[10.9574,51.49323],[10.96587,51.4854],[10.97294,51.48196],[10.97043,51.48138],[10.96082,51.47122],[10.96331,51.46907],[10.96119,51.46315],[10.96407,51.46313],[10.96299,51.46039],[10.9697,51.45894],[10.96829,51.45442],[10.9727,51.45367],[10.96672,51.44552],[10.96923,51.44508],[10.9687,51.4426],[10.97093,51.44203],[10.96673,51.43235],[10.97968,51.43192],[10.97811,51.42689],[10.98947,51.42578],[10.99821,51.42867],[11.00792,51.42927],[11.01066,51.42532],[11.01024,51.42397],[10.99999,51.42322],[10.99203,51.41785],[11.01875,51.41705],[11.02087,51.41861],[11.02356,51.41826],[11.02524,51.42139],[11.03541,51.42193],[11.04023,51.42459],[11.04985,51.4202],[11.05086,51.42141],[11.04569,51.42393],[11.04604,51.42627],[11.04952,51.42674],[11.05184,51.42953],[11.05499,51.42957],[11.05693,51.42748],[11.06139,51.42979],[11.07148,51.42863],[11.09604,51.42017],[11.0952,51.41898],[11.10347,51.41926],[11.102,51.41691],[11.11423,51.41475],[11.11656,51.41569],[11.1182,51.41403],[11.11476,51.4118],[11.11639,51.411],[11.12075,51.41319],[11.12757,51.41325],[11.12847,51.41033],[11.12566,51.40812],[11.13111,51.40853],[11.13228,51.40447],[11.13505,51.40634],[11.14091,51.40478],[11.14024,51.40309],[11.14175,51.40263],[11.14863,51.40398],[11.15184,51.40358],[11.15293,51.40164],[11.17179,51.40482],[11.17193,51.40624],[11.17689,51.40631],[11.18341,51.4059],[11.1836,51.40287],[11.19241,51.40288],[11.19295,51.40539],[11.1956,51.40517],[11.19686,51.40803],[11.20214,51.40567],[11.2033,51.40703],[11.20772,51.40667],[11.21012,51.40791],[11.20954,51.41174],[11.22388,51.41319],[11.23091,51.40833],[11.23017,51.40574],[11.2479,51.40542],[11.24723,51.40074],[11.24412,51.39695],[11.24851,51.39513],[11.25277,51.40065],[11.27432,51.40075],[11.27525,51.40484],[11.28498,51.40221],[11.30455,51.4063],[11.30687,51.40563],[11.32126,51.41037],[11.32905,51.40002],[11.3308,51.39027],[11.33411,51.3897],[11.34054,51.39242],[11.34266,51.38776],[11.34767,51.38456],[11.35039,51.38811],[11.35743,51.38977],[11.36174,51.38306],[11.36536,51.38308],[11.3656,51.38605],[11.3684,51.38778],[11.37012,51.38508],[11.37662,51.38551],[11.37832,51.38724],[11.39325,51.3839],[11.39382,51.38131],[11.39685,51.38133],[11.39594,51.37293],[11.39115,51.37255],[11.38984,51.36799],[11.39283,51.36526],[11.39231,51.35938],[11.4006,51.36125],[11.40175,51.35529],[11.39944,51.34484],[11.40577,51.3422],[11.40757,51.34447],[11.4114,51.3442],[11.41204,51.34249],[11.42881,51.34283],[11.42887,51.33981],[11.43117,51.34138],[11.43462,51.3407],[11.44063,51.34268],[11.43836,51.34381],[11.43333,51.34295],[11.43026,51.34448],[11.41665,51.34361],[11.41578,51.34554],[11.41955,51.34677],[11.4249,51.35181],[11.4217,51.35189],[11.42059,51.35388],[11.43053,51.36376],[11.43026,51.36765],[11.43288,51.36886],[11.43919,51.36754],[11.46607,51.37505],[11.47858,51.39169],[11.48417,51.39326],[11.49197,51.39237],[11.49064,51.39535],[11.49555,51.40245],[11.50288,51.40272],[11.50041,51.41206],[11.50499,51.4155],[11.50875,51.41709],[11.51341,51.41269],[11.52045,51.4166],[11.52747,51.41633],[11.52411,51.4197],[11.52451,51.42512],[11.53334,51.42704],[11.5334,51.43005],[11.53644,51.43249],[11.5465,51.43483],[11.54307,51.43649],[11.54462,51.43781],[11.54996,51.43772],[11.55177,51.44074],[11.5615,51.44357],[11.57592,51.4448],[11.57589,51.4417],[11.60046,51.44362],[11.60604,51.44738],[11.60514,51.4528],[11.63322,51.46111],[11.63307,51.4595],[11.63599,51.46033],[11.63863,51.45762],[11.64191,51.45873],[11.64394,51.45347],[11.64207,51.45281],[11.65032,51.45179],[11.6525,51.44753],[11.66868,51.45161],[11.67247,51.44378],[11.67763,51.44179],[11.67439,51.4394],[11.67287,51.43538],[11.67558,51.43317],[11.68424,51.43172],[11.69031,51.42327],[11.69688,51.42256],[11.74266,51.42981],[11.73978,51.43384],[11.73987,51.44232],[11.75217,51.44209],[11.75199,51.44533],[11.76587,51.44442],[11.7667,51.43996],[11.77229,51.44062],[11.76736,51.44975],[11.77387,51.45322],[11.77153,51.45971],[11.77569,51.4604],[11.78037,51.46328],[11.77518,51.46269],[11.766,51.46961],[11.76387,51.46821],[11.76205,51.46882],[11.74824,51.47883],[11.74419,51.4765],[11.7427,51.47845],[11.74377,51.4817],[11.73991,51.48572],[11.73474,51.48392],[11.73037,51.48469],[11.73093,51.4875],[11.72825,51.48918],[11.72763,51.49221],[11.70741,51.49855],[11.70406,51.50155],[11.70485,51.51271],[11.71362,51.51404],[11.71437,51.52342],[11.71794,51.52624],[11.72409,51.52768],[11.723,51.52904],[11.7254,51.52867],[11.72536,51.53232],[11.72239,51.53397],[11.71993,51.54408],[11.71868,51.54274],[11.70863,51.54294],[11.71342,51.55026],[11.69167,51.55794],[11.69685,51.55824],[11.69937,51.56081],[11.68923,51.5597],[11.68792,51.56065],[11.68597,51.56951],[11.69254,51.56841],[11.69882,51.573],[11.70594,51.58393],[11.72037,51.59015],[11.73001,51.59198],[11.73507,51.60695],[11.75648,51.61099],[11.76366,51.60927],[11.76229,51.61163],[11.7536,51.61471],[11.75792,51.61879],[11.74848,51.62119],[11.75161,51.63328],[11.74802,51.63232],[11.74536,51.62882],[11.72528,51.6292],[11.72523,51.63006],[11.71976,51.62904],[11.71848,51.63509],[11.71066,51.63696],[11.7111,51.6398],[11.70865,51.64269],[11.6928,51.64902],[11.6818,51.65084],[11.67487,51.65009],[11.66227,51.65114],[11.63263,51.65659],[11.63305,51.65301],[11.62757,51.65286],[11.62724,51.65823],[11.62014,51.6614],[11.60447,51.66441],[11.60391,51.67299],[11.60828,51.67288],[11.60825,51.67657],[11.61262,51.67665],[11.61289,51.6817],[11.61206,51.68806],[11.60462,51.70149],[11.5964,51.6996],[11.59745,51.70111],[11.58387,51.7005],[11.58507,51.69282],[11.5819,51.69306],[11.58181,51.69416],[11.57736,51.69401],[11.57766,51.69229],[11.5669,51.69246],[11.56225,51.68837],[11.54661,51.68503],[11.53898,51.68612],[11.53696,51.68501],[11.5333,51.68779],[11.51856,51.68827],[11.51943,51.69337],[11.51737,51.6945],[11.5164,51.70456],[11.50981,51.71107],[11.50159,51.71248],[11.50198,51.71386],[11.49832,51.71478],[11.49776,51.71666],[11.48762,51.71546],[11.47282,51.71958],[11.47045,51.71738],[11.46832,51.71707],[11.46661,51.71859],[11.46326,51.71779],[11.46231,51.72213],[11.45635,51.723],[11.45241,51.7211],[11.45234,51.71744],[11.44879,51.71806],[11.44637,51.7128],[11.43068,51.71752],[11.43204,51.72159],[11.42131,51.72244],[11.42172,51.72386],[11.40161,51.72994],[11.3906,51.71375],[11.39515,51.71322],[11.39162,51.7069],[11.39603,51.69927],[11.38493,51.69492],[11.38161,51.69169],[11.37985,51.69161],[11.37756,51.69505],[11.37309,51.69446],[11.3735,51.69104],[11.36813,51.69081],[11.36268,51.69226],[11.35611,51.68983],[11.35728,51.68743],[11.35093,51.68683],[11.34108,51.68334],[11.33893,51.6814],[11.33938,51.67883],[11.33437,51.67884],[11.33165,51.67462],[11.33209,51.66763],[11.32596,51.66922],[11.32165,51.66524],[11.31386,51.66308],[11.30645,51.65892],[11.30535,51.6623],[11.28938,51.65963],[11.29427,51.65732],[11.29239,51.65583],[11.29455,51.6507],[11.28711,51.65035],[11.28717,51.64889],[11.27958,51.65023],[11.27847,51.64959],[11.28148,51.64529],[11.27808,51.64459],[11.27484,51.64679],[11.27145,51.64368],[11.26976,51.64645],[11.26389,51.64574],[11.25856,51.64682],[11.25487,51.64337],[11.25182,51.64282],[11.25229,51.63956],[11.25009,51.63859],[11.23858,51.6428],[11.23374,51.6425],[11.23451,51.63807],[11.23283,51.63664],[11.23616,51.63432],[11.23501,51.62744],[11.23689,51.62675],[11.24443,51.62928],[11.24588,51.63146],[11.24987,51.62126],[11.24186,51.61953],[11.24302,51.61596],[11.24617,51.61682],[11.24642,51.61551],[11.24368,51.61491],[11.24229,51.61148],[11.25279,51.6102],[11.23335,51.60653],[11.23133,51.60484],[11.23389,51.5968],[11.22953,51.59662],[11.22971,51.59544],[11.2267,51.59517],[11.22058,51.59124],[11.21371,51.58973],[11.20934,51.59155],[11.2065,51.59044],[11.20343,51.59415],[11.20002,51.59327],[11.19804,51.59087],[11.2035,51.58844],[11.20858,51.58859],[11.20898,51.5874],[11.20322,51.5876],[11.19118,51.59251],[11.17652,51.59078],[11.17267,51.58911],[11.17039,51.59267],[11.17377,51.59612],[11.17025,51.59702],[11.16597,51.59574],[11.1651,51.59232],[11.1622,51.59175],[11.16223,51.58975],[11.15761,51.58788],[11.15758,51.58596],[11.16283,51.58332],[11.15972,51.58273],[11.16131,51.57898],[11.1543,51.58247],[11.15698,51.57303],[11.14691,51.57084],[11.14109,51.56736],[11.12606,51.56652],[11.12429,51.56807],[11.12546,51.57317],[11.11591,51.57511],[11.11235,51.57827],[11.12214,51.58302],[11.13397,51.57795],[11.13885,51.58211],[11.13941,51.5846],[11.13377,51.58289],[11.13254,51.58509],[11.12523,51.58494],[11.12462,51.59179],[11.11411,51.59271],[11.10114,51.59046],[11.09832,51.59966],[11.09154,51.60077],[11.08656,51.60426],[11.08487,51.60208],[11.07727,51.59987],[11.07216,51.60096],[11.06715,51.59933],[11.0615,51.5999],[11.06124,51.59562],[11.05549,51.59408],[11.03827,51.59384],[11.03455,51.59476],[11.04233,51.59521],[11.04359,51.60012],[11.03882,51.60798],[11.0361,51.60706],[11.03458,51.60232],[11.02713,51.60033],[11.03098,51.59723],[11.02624,51.59957],[11.02424,51.59894],[11.02323,51.59616],[11.02406,51.59416],[11.02835,51.59299],[11.02712,51.59163],[11.02155,51.59363],[11.01694,51.59204],[11.02161,51.58996],[11.01857,51.58947],[11.01202,51.5932],[11.00316,51.59097],[11.00101,51.5922],[11.00215,51.5929],[11.021,51.59592],[11.02247,51.59916],[11.01639,51.59967],[11.01223,51.59785],[11.01093,51.59838],[11.01287,51.59957],[11.01095,51.59993],[11.00599,51.59842],[11.00137,51.602],[11.00937,51.60105],[11.00697,51.60331],[11.00821,51.60408],[11.01144,51.60079],[11.02197,51.59998],[11.02867,51.60214],[11.0227,51.60547],[11.01308,51.60463],[11.01554,51.60636],[11.00512,51.60966],[10.98738,51.60557],[10.99723,51.60928],[10.98752,51.60983],[10.99877,51.6107],[10.99503,51.6132],[10.98308,51.61231],[10.98351,51.61323],[10.99497,51.61471],[11.00014,51.61062],[11.00661,51.61015],[11.00729,51.61118],[11.00269,51.61229],[11.00133,51.61495],[10.99333,51.61746],[11.00297,51.61674],[11.00423,51.61276],[11.00704,51.61224],[11.01068,51.61349],[11.00946,51.61025],[11.01109,51.609],[11.02598,51.60578],[11.02896,51.60328],[11.0331,51.60262],[11.03626,51.61112],[11.02843,51.61148],[11.0249,51.61492],[11.02174,51.61447],[11.01852,51.61645],[11.01837,51.61953],[11.0229,51.6226],[11.02538,51.62263],[11.02629,51.62461],[11.01864,51.62703],[11.01195,51.62733],[11.00322,51.62082],[11.00115,51.62151],[11.00513,51.62517],[10.99679,51.62529],[10.9968,51.62624],[11.00624,51.6262],[11.01019,51.62782],[10.99748,51.62883],[10.97907,51.62399],[10.97629,51.62461],[10.97644,51.62652],[10.96925,51.63317],[10.96444,51.63361],[10.93172,51.62996],[10.93548,51.62619],[10.93446,51.6241],[10.9217,51.6275],[10.92303,51.6237],[10.92582,51.6231],[10.92225,51.6197],[10.91613,51.61787],[10.91606,51.61637],[10.92201,51.61845],[10.92096,51.61365],[10.91627,51.613],[10.91409,51.61016],[10.93406,51.60542],[10.93706,51.60349],[10.93516,51.59725],[10.93097,51.59471],[10.93054,51.59168],[10.91039,51.59328],[10.90717,51.59496],[10.90333,51.59383],[10.89642,51.59684],[10.89599,51.60177],[10.89448,51.60183],[10.89385,51.59864],[10.88883,51.5964],[10.88785,51.58897],[10.8837,51.58613],[10.88205,51.58051]]]]}},{"type":"Feature","id":"15088","bbox":[11.39297,51.23335,12.20833,51.67539],"properties":{"id":"15088","name":"Saalekreis","typ":"Landkreis","bundeslandAlt":"Sachsen-Anhalt","bezirkAlt":"Sachsen-Anhalt","neueKreise":["Saalekreis"],"quelle":"VG250 / Bezirkseinführungsgesetz"},"geometry":{"type":"MultiPolygon","coordinates":[[[[11.39311,51.3595],[11.39297,51.3541],[11.3964,51.35216],[11.39694,51.34961],[11.40098,51.34944],[11.4006,51.36125],[11.39311,51.3595]]],[[[11.40566,51.34084],[11.40899,51.34008],[11.41184,51.34114],[11.4114,51.3442],[11.40757,51.34447],[11.40566,51.34084]]],[[[11.41359,51.33313],[11.422,51.33115],[11.42805,51.32791],[11.42576,51.32729],[11.42783,51.32458],[11.43479,51.32205],[11.43424,51.32042],[11.43702,51.31892],[11.44741,51.31606],[11.44599,51.31196],[11.44978,51.31378],[11.46713,51.30462],[11.47523,51.29805],[11.47258,51.29788],[11.47302,51.29647],[11.497,51.2814],[11.50454,51.2782],[11.51406,51.27803],[11.51519,51.276],[11.51843,51.27633],[11.52228,51.28137],[11.52059,51.28195],[11.52135,51.28462],[11.5271,51.28654],[11.53026,51.28347],[11.53916,51.28217],[11.54238,51.27854],[11.54923,51.27531],[11.55895,51.27669],[11.56394,51.27878],[11.56715,51.28721],[11.57213,51.29015],[11.56757,51.29331],[11.56737,51.29549],[11.57747,51.30088],[11.58144,51.30102],[11.58138,51.30571],[11.58743,51.30607],[11.59729,51.30258],[11.60585,51.31585],[11.61308,51.31615],[11.6148,51.32038],[11.61663,51.32036],[11.61792,51.3169],[11.62094,51.31574],[11.62317,51.32003],[11.6311,51.31742],[11.63044,51.31555],[11.6349,51.31422],[11.6293,51.30604],[11.63278,51.30495],[11.63215,51.30416],[11.63781,51.30321],[11.63728,51.30127],[11.63965,51.30023],[11.64177,51.30101],[11.64284,51.29894],[11.63986,51.29228],[11.6459,51.29401],[11.64653,51.29584],[11.64849,51.29565],[11.64767,51.29378],[11.65094,51.29088],[11.65374,51.29212],[11.65828,51.29009],[11.66292,51.2861],[11.66132,51.2845],[11.66289,51.28355],[11.66648,51.28609],[11.66808,51.28925],[11.66679,51.29069],[11.67191,51.29229],[11.67443,51.29122],[11.67513,51.28927],[11.66966,51.28768],[11.67106,51.28568],[11.6695,51.28484],[11.66982,51.28088],[11.6748,51.27979],[11.67741,51.27641],[11.68817,51.277],[11.68864,51.27446],[11.69012,51.27477],[11.69924,51.2663],[11.70548,51.26808],[11.71052,51.27134],[11.75694,51.2823],[11.75966,51.28398],[11.76427,51.28106],[11.76296,51.28036],[11.76737,51.27389],[11.77038,51.2751],[11.77761,51.26999],[11.77859,51.27069],[11.78083,51.26924],[11.78265,51.27036],[11.78445,51.26854],[11.78804,51.2682],[11.78537,51.25898],[11.7905,51.25623],[11.78565,51.25321],[11.78772,51.24764],[11.79419,51.2474],[11.80015,51.25051],[11.80107,51.24704],[11.80553,51.24577],[11.80885,51.24641],[11.80949,51.24495],[11.81939,51.24908],[11.82286,51.24699],[11.8242,51.23837],[11.83656,51.24816],[11.84607,51.23713],[11.85033,51.23537],[11.85903,51.23656],[11.85892,51.23923],[11.87282,51.24292],[11.88569,51.24424],[11.88926,51.23846],[11.89305,51.23839],[11.89345,51.2355],[11.89892,51.23565],[11.89925,51.23335],[11.91153,51.23374],[11.91278,51.23616],[11.92353,51.23637],[11.92331,51.24088],[11.92768,51.24608],[11.92722,51.25432],[11.92925,51.25503],[11.92562,51.27018],[11.94293,51.27139],[11.96888,51.26963],[11.97009,51.27513],[11.98458,51.27396],[11.98429,51.27694],[11.98992,51.27793],[11.98865,51.28094],[11.99364,51.2817],[11.99892,51.28202],[12.00198,51.27661],[12.03779,51.28559],[12.05461,51.28622],[12.05643,51.28871],[12.06201,51.28738],[12.06183,51.28549],[12.05666,51.28467],[12.0552,51.28208],[12.04962,51.28042],[12.04764,51.27788],[12.05287,51.27546],[12.0532,51.27148],[12.0596,51.27087],[12.05982,51.26902],[12.04576,51.26277],[12.04618,51.26154],[12.05395,51.25913],[12.05159,51.25391],[12.06574,51.2523],[12.06759,51.25173],[12.06631,51.25021],[12.0751,51.24806],[12.07667,51.25747],[12.09399,51.26062],[12.11246,51.26097],[12.11362,51.26832],[12.14478,51.27019],[12.14066,51.27508],[12.14626,51.27518],[12.14764,51.27884],[12.1709,51.27551],[12.17226,51.28568],[12.16975,51.28569],[12.16895,51.29376],[12.1574,51.29228],[12.15533,51.30123],[12.15763,51.30208],[12.15456,51.31021],[12.14765,51.31997],[12.15572,51.32122],[12.16478,51.32084],[12.16683,51.32681],[12.19435,51.33057],[12.19351,51.34305],[12.19026,51.35136],[12.19053,51.35393],[12.19552,51.3544],[12.19608,51.3604],[12.19192,51.36078],[12.19201,51.3623],[12.18609,51.36213],[12.18563,51.36596],[12.19364,51.36927],[12.19288,51.37148],[12.18305,51.36769],[12.18176,51.36851],[12.18277,51.37452],[12.18581,51.37407],[12.1881,51.37599],[12.1895,51.37551],[12.18996,51.37945],[12.18735,51.37792],[12.18371,51.37834],[12.18082,51.3755],[12.17774,51.37517],[12.17518,51.37589],[12.17772,51.37674],[12.17471,51.37941],[12.17744,51.38048],[12.17214,51.38416],[12.18483,51.38758],[12.18424,51.38883],[12.17814,51.38915],[12.17486,51.4003],[12.17746,51.40097],[12.17775,51.40396],[12.17353,51.41026],[12.1832,51.41077],[12.18296,51.41411],[12.18656,51.41425],[12.18982,51.42085],[12.18586,51.42079],[12.18248,51.43238],[12.17103,51.43423],[12.16955,51.43031],[12.15721,51.43271],[12.15763,51.4443],[12.15422,51.44439],[12.15432,51.44604],[12.15839,51.44598],[12.15826,51.45124],[12.15775,51.45231],[12.15314,51.45246],[12.15304,51.45754],[12.14867,51.45949],[12.14891,51.46311],[12.15315,51.46298],[12.1555,51.46501],[12.16299,51.46575],[12.16332,51.4674],[12.17328,51.46823],[12.17341,51.4696],[12.17552,51.46968],[12.17571,51.48222],[12.20308,51.48514],[12.201,51.49029],[12.20702,51.49206],[12.20486,51.49783],[12.20833,51.4981],[12.2079,51.50259],[12.19735,51.50286],[12.19635,51.50673],[12.19242,51.50638],[12.1904,51.50777],[12.19384,51.5084],[12.19381,51.51866],[12.19116,51.52009],[12.19116,51.52508],[12.19328,51.52532],[12.19277,51.5313],[12.19894,51.53132],[12.19804,51.53498],[12.1872,51.53495],[12.16927,51.54983],[12.16978,51.56232],[12.16665,51.56231],[12.16578,51.5647],[12.1643,51.58113],[12.1202,51.58009],[12.05913,51.58468],[12.04628,51.58439],[12.04004,51.5898],[12.03162,51.59025],[12.03117,51.59436],[12.04598,51.59816],[12.04413,51.604],[12.04258,51.60415],[12.0441,51.61193],[12.05006,51.61137],[12.05057,51.61513],[12.035,51.6155],[12.03457,51.61896],[12.02729,51.62],[12.02687,51.62101],[12.02856,51.62132],[12.02773,51.62844],[12.04243,51.6343],[12.03994,51.64373],[11.97934,51.64687],[11.97371,51.64634],[11.96787,51.6435],[11.95546,51.64227],[11.94776,51.64292],[11.94391,51.64582],[11.93472,51.64671],[11.92498,51.64519],[11.91244,51.64842],[11.90698,51.65245],[11.89416,51.6574],[11.89255,51.65964],[11.88622,51.66245],[11.88588,51.66546],[11.88303,51.6647],[11.87336,51.66762],[11.86544,51.67539],[11.86088,51.67151],[11.85696,51.67345],[11.85585,51.6684],[11.85786,51.66778],[11.85315,51.66131],[11.85082,51.66141],[11.8494,51.65458],[11.85406,51.65456],[11.85444,51.65014],[11.83757,51.65033],[11.83645,51.65524],[11.82362,51.65836],[11.81707,51.65058],[11.81892,51.64904],[11.80864,51.6488],[11.80902,51.64753],[11.80583,51.64712],[11.79911,51.64266],[11.78576,51.64547],[11.78565,51.64659],[11.78055,51.64588],[11.78032,51.64841],[11.77649,51.64841],[11.77618,51.64637],[11.76561,51.64757],[11.76206,51.65123],[11.75595,51.65114],[11.7448,51.64383],[11.74538,51.64111],[11.75241,51.63636],[11.74848,51.62119],[11.75792,51.61879],[11.7536,51.61471],[11.76229,51.61163],[11.76366,51.60927],[11.75648,51.61099],[11.73507,51.60695],[11.73001,51.59198],[11.72037,51.59015],[11.70594,51.58393],[11.69882,51.573],[11.69254,51.56841],[11.68597,51.56951],[11.68792,51.56065],[11.68923,51.5597],[11.69937,51.56081],[11.69685,51.55824],[11.69167,51.55794],[11.71342,51.55026],[11.70863,51.54294],[11.71868,51.54274],[11.71993,51.54408],[11.72239,51.53397],[11.72536,51.53232],[11.7254,51.52867],[11.723,51.52904],[11.72409,51.52768],[11.71794,51.52624],[11.71437,51.52342],[11.71362,51.51404],[11.70485,51.51271],[11.70406,51.50155],[11.70741,51.49855],[11.72763,51.49221],[11.72825,51.48918],[11.73093,51.4875],[11.73037,51.48469],[11.73474,51.48392],[11.73991,51.48572],[11.74377,51.4817],[11.7427,51.47845],[11.74419,51.4765],[11.74824,51.47883],[11.76205,51.46882],[11.76387,51.46821],[11.766,51.46961],[11.77518,51.46269],[11.78037,51.46328],[11.77569,51.4604],[11.77153,51.45971],[11.77387,51.45322],[11.76736,51.44975],[11.77229,51.44062],[11.7667,51.43996],[11.76587,51.44442],[11.75199,51.44533],[11.75217,51.44209],[11.73987,51.44232],[11.73978,51.43384],[11.74266,51.42981],[11.69688,51.42256],[11.69031,51.42327],[11.68424,51.43172],[11.67558,51.43317],[11.67287,51.43538],[11.67439,51.4394],[11.67763,51.44179],[11.67247,51.44378],[11.66868,51.45161],[11.6525,51.44753],[11.65032,51.45179],[11.64207,51.45281],[11.64394,51.45347],[11.64191,51.45873],[11.63863,51.45762],[11.63599,51.46033],[11.63307,51.4595],[11.63322,51.46111],[11.60514,51.4528],[11.60604,51.44738],[11.60046,51.44362],[11.57589,51.4417],[11.57592,51.4448],[11.5615,51.44357],[11.55286,51.44109],[11.54996,51.43772],[11.54462,51.43781],[11.54307,51.43649],[11.5465,51.43483],[11.53569,51.43202],[11.533,51.42933],[11.53334,51.42704],[11.52451,51.42512],[11.52411,51.4197],[11.52747,51.41633],[11.52045,51.4166],[11.51341,51.41269],[11.50875,51.41709],[11.50041,51.41206],[11.50288,51.40272],[11.49555,51.40245],[11.49064,51.39535],[11.49197,51.39237],[11.48417,51.39326],[11.47858,51.39169],[11.46607,51.37505],[11.43919,51.36754],[11.43288,51.36886],[11.43026,51.36765],[11.43053,51.36376],[11.42059,51.35388],[11.4217,51.35189],[11.4249,51.35181],[11.41955,51.34677],[11.41578,51.34554],[11.41665,51.34361],[11.43026,51.34448],[11.43333,51.34295],[11.43836,51.34381],[11.44063,51.34268],[11.43462,51.3407],[11.43117,51.34138],[11.4263,51.33622],[11.4188,51.33574],[11.41359,51.33313]],[[11.85705,51.51463],[11.86989,51.51612],[11.87754,51.51977],[11.87528,51.52227],[11.87627,51.53113],[11.87955,51.53059],[11.88084,51.53489],[11.89342,51.53529],[11.89926,51.53395],[11.90969,51.52999],[11.91292,51.5259],[11.91592,51.52478],[11.92209,51.52575],[11.92428,51.53031],[11.93824,51.52931],[11.94391,51.53282],[11.94783,51.53181],[11.94684,51.53028],[11.95028,51.52677],[11.95392,51.53286],[11.95345,51.53611],[11.96026,51.53692],[11.96146,51.53901],[11.96597,51.5383],[11.99113,51.54002],[12.00088,51.54368],[12.00431,51.53883],[12.00913,51.53864],[12.01081,51.54128],[12.01742,51.54017],[12.00984,51.52828],[12.0123,51.52763],[12.01219,51.52618],[12.02505,51.52618],[12.02283,51.51615],[12.02643,51.51546],[12.027,51.5117],[12.0299,51.51071],[12.02873,51.50646],[12.02505,51.5047],[12.03321,51.50203],[12.03459,51.49726],[12.04616,51.49604],[12.04367,51.49416],[12.07008,51.49271],[12.06847,51.49672],[12.07215,51.49752],[12.0723,51.49533],[12.0822,51.49788],[12.08199,51.49203],[12.0885,51.49163],[12.08703,51.48497],[12.07402,51.4863],[12.07183,51.48518],[12.07706,51.48078],[12.08278,51.47872],[12.08221,51.47776],[12.07852,51.47449],[12.07188,51.47621],[12.07065,51.47473],[12.05293,51.47613],[12.05313,51.46484],[12.05627,51.46422],[12.05641,51.46],[12.05082,51.45833],[12.04157,51.4581],[12.04004,51.44853],[12.03322,51.44608],[12.03081,51.44212],[12.03335,51.43712],[12.02501,51.43709],[12.02433,51.43433],[12.02905,51.4279],[12.02064,51.41965],[12.01235,51.41689],[12.01242,51.41501],[12.01004,51.41533],[12.00837,51.41313],[12.01272,51.41286],[12.0191,51.40891],[12.017,51.4078],[12.01328,51.40821],[12.01433,51.40542],[12.01088,51.40445],[12.01154,51.40351],[12.00591,51.40295],[12.00518,51.40827],[11.99697,51.40771],[11.99044,51.40548],[11.98175,51.40677],[11.98464,51.4041],[11.9832,51.40321],[11.98096,51.40494],[11.97806,51.40435],[11.97641,51.40714],[11.9678,51.40939],[11.96207,51.40949],[11.95554,51.40703],[11.95157,51.40803],[11.95042,51.41065],[11.95404,51.4133],[11.95321,51.41557],[11.95199,51.41666],[11.94418,51.41513],[11.94146,51.41734],[11.94548,51.42444],[11.9507,51.42324],[11.94818,51.41973],[11.94912,51.41759],[11.95467,51.41918],[11.95168,51.42703],[11.95217,51.43271],[11.94898,51.43456],[11.92815,51.43945],[11.92072,51.43939],[11.91507,51.44253],[11.91597,51.44715],[11.92149,51.4499],[11.93041,51.45169],[11.92592,51.45692],[11.92412,51.45674],[11.92349,51.46124],[11.91758,51.46101],[11.91733,51.46279],[11.91209,51.46528],[11.88832,51.46315],[11.88624,51.47264],[11.87192,51.47465],[11.87391,51.47755],[11.86841,51.47866],[11.86417,51.48679],[11.87141,51.48727],[11.86352,51.48909],[11.86288,51.4927],[11.87882,51.4918],[11.87497,51.49801],[11.86778,51.50213],[11.85705,51.51463]]]]}},{"type":"Feature","id":"15089","bbox":[11.23963,51.62882,12.01956,52.0932],"properties":{"id":"15089","name":"Salzlandkreis","typ":"Landkreis","bundeslandAlt":"Sachsen-Anhalt","bezirkAlt":"Sachsen-Anhalt","neueKreise":["Salzlandkreis"],"quelle":"VG250 / Bezirkseinführungsgesetz"},"geometry":{"type":"MultiPolygon","coordinates":[[[[11.23963,51.80825],[11.2529,51.79982],[11.27357,51.79476],[11.27113,51.78509],[11.27803,51.7721],[11.27716,51.77083],[11.29795,51.76152],[11.29732,51.75933],[11.30444,51.75858],[11.31233,51.75978],[11.31629,51.75824],[11.32603,51.7579],[11.33397,51.76638],[11.33669,51.77406],[11.34264,51.77227],[11.34666,51.77867],[11.37656,51.77465],[11.3995,51.76945],[11.3979,51.76503],[11.4002,51.76485],[11.39976,51.76228],[11.40394,51.76189],[11.39534,51.75816],[11.40294,51.7561],[11.40362,51.75138],[11.40887,51.75027],[11.40618,51.7454],[11.40259,51.7443],[11.40739,51.74297],[11.39867,51.73399],[11.40055,51.73279],[11.39777,51.73128],[11.42172,51.72386],[11.42131,51.72244],[11.43204,51.72159],[11.43068,51.71752],[11.43595,51.71604],[11.43536,51.71521],[11.44637,51.7128],[11.44879,51.71806],[11.45234,51.71744],[11.45241,51.7211],[11.45635,51.723],[11.46231,51.72213],[11.46326,51.71779],[11.46661,51.71859],[11.46832,51.71707],[11.47045,51.71738],[11.47282,51.71958],[11.48762,51.71546],[11.49776,51.71666],[11.49832,51.71478],[11.50198,51.71386],[11.50159,51.71248],[11.50981,51.71107],[11.5164,51.70456],[11.51737,51.6945],[11.51943,51.69337],[11.51856,51.68827],[11.5333,51.68779],[11.53696,51.68501],[11.53898,51.68612],[11.54661,51.68503],[11.56225,51.68837],[11.5669,51.69246],[11.57766,51.69229],[11.57736,51.69401],[11.58181,51.69416],[11.5819,51.69306],[11.58507,51.69282],[11.58387,51.7005],[11.59745,51.70111],[11.5964,51.6996],[11.60462,51.70149],[11.61206,51.68806],[11.61289,51.6817],[11.61262,51.67665],[11.60825,51.67657],[11.60828,51.67288],[11.60391,51.67299],[11.60447,51.66441],[11.62014,51.6614],[11.62724,51.65823],[11.62757,51.65286],[11.63305,51.65301],[11.63263,51.65659],[11.66227,51.65114],[11.67487,51.65009],[11.6818,51.65084],[11.6928,51.64902],[11.70865,51.64269],[11.7111,51.6398],[11.71066,51.63696],[11.71848,51.63509],[11.71976,51.62904],[11.72523,51.63006],[11.72528,51.6292],[11.74536,51.62882],[11.74802,51.63232],[11.75161,51.63328],[11.75241,51.63636],[11.74538,51.64111],[11.74496,51.64436],[11.75595,51.65114],[11.76206,51.65123],[11.76561,51.64757],[11.77618,51.64637],[11.77649,51.64841],[11.78032,51.64841],[11.78055,51.64588],[11.78565,51.64659],[11.78576,51.64547],[11.79911,51.64266],[11.80583,51.64712],[11.80902,51.64753],[11.80864,51.6488],[11.81892,51.64904],[11.81707,51.65058],[11.82362,51.65836],[11.83645,51.65524],[11.83757,51.65033],[11.85444,51.65014],[11.85406,51.65456],[11.8494,51.65458],[11.85082,51.66141],[11.85315,51.66131],[11.85786,51.66778],[11.85585,51.6684],[11.85696,51.67345],[11.86088,51.67151],[11.86544,51.67539],[11.86235,51.6783],[11.85063,51.67984],[11.84732,51.68228],[11.83824,51.68336],[11.83972,51.68742],[11.84274,51.68819],[11.84689,51.70379],[11.84669,51.71006],[11.85141,51.71072],[11.85071,51.71242],[11.85541,51.71443],[11.85529,51.71692],[11.85878,51.71838],[11.85606,51.71873],[11.85694,51.7317],[11.85503,51.7394],[11.86113,51.74046],[11.86039,51.74147],[11.86674,51.74086],[11.86833,51.74941],[11.88323,51.74959],[11.89068,51.76043],[11.90288,51.76024],[11.9043,51.76335],[11.89104,51.7633],[11.89109,51.76524],[11.87791,51.76524],[11.8777,51.76652],[11.87433,51.76622],[11.87237,51.76952],[11.86722,51.76917],[11.86678,51.7723],[11.8636,51.77265],[11.86388,51.77389],[11.87193,51.77853],[11.86614,51.78292],[11.84896,51.77975],[11.85111,51.78682],[11.85509,51.78595],[11.85584,51.79376],[11.85539,51.79646],[11.8467,51.79776],[11.84728,51.79945],[11.85537,51.79893],[11.85544,51.79984],[11.86333,51.79523],[11.86833,51.80472],[11.87276,51.80332],[11.87776,51.81045],[11.88095,51.81058],[11.88264,51.81932],[11.87331,51.82196],[11.87487,51.82538],[11.85768,51.83714],[11.86858,51.8503],[11.86479,51.8513],[11.86558,51.85321],[11.86878,51.85103],[11.8783,51.8569],[11.88072,51.85452],[11.8904,51.85941],[11.90706,51.86406],[11.90576,51.86503],[11.91176,51.8665],[11.90944,51.87193],[11.91541,51.87075],[11.91782,51.87323],[11.9275,51.8746],[11.92198,51.87918],[11.9232,51.87996],[11.93744,51.8806],[11.93818,51.87785],[11.94863,51.87637],[11.95944,51.86925],[11.96688,51.86702],[11.97934,51.86888],[11.97507,51.87307],[11.97865,51.87309],[11.98168,51.87584],[11.98842,51.87376],[11.98728,51.8722],[11.9961,51.87189],[11.9963,51.87372],[12.00363,51.87934],[12.00954,51.87799],[12.01886,51.87256],[12.01956,51.8804],[12.01716,51.88489],[12.01171,51.8893],[11.97064,51.91177],[11.96747,51.91564],[11.96747,51.92264],[11.96506,51.92571],[11.94572,51.93399],[11.93257,51.94662],[11.9126,51.95667],[11.89936,51.96818],[11.88507,51.97733],[11.88365,51.98754],[11.89081,52.0014],[11.88992,52.00955],[11.87658,52.0244],[11.87036,52.02653],[11.86179,52.02571],[11.85354,52.02783],[11.84918,52.03008],[11.84819,52.03443],[11.84114,52.03532],[11.83689,52.0375],[11.83863,52.04159],[11.83719,52.04414],[11.84235,52.04277],[11.84791,52.0431],[11.84937,52.0499],[11.85368,52.05184],[11.8474,52.05756],[11.83408,52.06315],[11.8148,52.06251],[11.81126,52.06514],[11.80105,52.06858],[11.78094,52.06758],[11.77616,52.07013],[11.77361,52.06729],[11.77054,52.06733],[11.76594,52.06888],[11.76236,52.07307],[11.75359,52.07367],[11.74949,52.07276],[11.75663,52.06761],[11.75695,52.06499],[11.74906,52.06209],[11.74817,52.05565],[11.7458,52.05323],[11.74251,52.05308],[11.73632,52.05546],[11.73243,52.05432],[11.73351,52.05053],[11.74166,52.04713],[11.7328,52.04462],[11.73352,52.04222],[11.72623,52.03956],[11.72189,52.03956],[11.71335,52.04482],[11.70852,52.04185],[11.69464,52.04997],[11.68016,52.04389],[11.68029,52.04273],[11.67453,52.04189],[11.67449,52.04038],[11.66359,52.03764],[11.66464,52.03583],[11.66204,52.03561],[11.66346,52.03481],[11.65961,52.03445],[11.66163,52.03277],[11.65201,52.02825],[11.65088,52.02901],[11.64719,52.02519],[11.64338,52.03035],[11.61988,52.02976],[11.62497,52.02141],[11.60426,52.02174],[11.60369,52.01973],[11.60148,52.01927],[11.60393,52.01103],[11.6048,51.98623],[11.60322,51.9694],[11.59736,51.96598],[11.57107,51.9674],[11.52709,51.964],[11.52076,51.96257],[11.52054,51.96352],[11.51677,51.96241],[11.50884,51.96267],[11.50958,51.96639],[11.4914,51.97244],[11.49326,51.97601],[11.48198,51.97847],[11.48153,51.98145],[11.45891,51.98495],[11.45925,51.98818],[11.4505,51.98814],[11.44986,51.99147],[11.44728,51.99139],[11.44683,52.00679],[11.43617,52.00705],[11.43604,52.00584],[11.42643,52.00582],[11.42595,52.00442],[11.41529,52.00468],[11.41471,52.00075],[11.40959,52.00114],[11.40498,51.98934],[11.40223,51.98559],[11.40061,51.9864],[11.39997,51.98529],[11.40145,51.98211],[11.39754,51.97952],[11.39544,51.98066],[11.394,51.9796],[11.38466,51.9814],[11.38435,51.97953],[11.37941,51.98306],[11.3746,51.97929],[11.37464,51.97585],[11.37193,51.97434],[11.365,51.97967],[11.35433,51.97253],[11.35586,51.97198],[11.34492,51.9624],[11.35304,51.96074],[11.34939,51.95352],[11.35308,51.95254],[11.35184,51.95059],[11.36525,51.94874],[11.3602,51.93912],[11.37117,51.93923],[11.37128,51.93351],[11.36265,51.93373],[11.36039,51.93039],[11.36562,51.92859],[11.3531,51.91698],[11.35483,51.9146],[11.34635,51.91363],[11.34239,51.90338],[11.32804,51.88723],[11.33319,51.88553],[11.33844,51.87927],[11.34452,51.87536],[11.34148,51.87557],[11.33915,51.87399],[11.33711,51.87617],[11.33223,51.87515],[11.33648,51.87122],[11.33248,51.86882],[11.33443,51.86595],[11.33754,51.86619],[11.33781,51.86388],[11.33635,51.86194],[11.32981,51.85983],[11.33113,51.85812],[11.32718,51.85465],[11.33118,51.8522],[11.33439,51.85565],[11.33849,51.85324],[11.33442,51.84665],[11.32661,51.84685],[11.32328,51.84913],[11.32027,51.84834],[11.31848,51.83716],[11.30945,51.83817],[11.30864,51.83543],[11.30327,51.83594],[11.29342,51.82918],[11.28899,51.83057],[11.28654,51.82924],[11.27912,51.83247],[11.27758,51.8298],[11.27472,51.83244],[11.26691,51.83457],[11.26365,51.8276],[11.26117,51.82875],[11.25401,51.81932],[11.25608,51.81374],[11.23963,51.80825]],[[11.88354,51.86494],[11.88693,51.86603],[11.88754,51.86415],[11.88464,51.86326],[11.88354,51.86494]],[[11.88733,51.87103],[11.8896,51.87124],[11.88795,51.87497],[11.89195,51.87495],[11.89446,51.86999],[11.88872,51.86723],[11.88733,51.87103]]],[[[11.73731,52.09031],[11.73938,52.08539],[11.74258,52.08369],[11.74886,52.08622],[11.75018,52.08388],[11.74553,52.08154],[11.74762,52.08026],[11.76177,52.0761],[11.76654,52.07741],[11.7664,52.07905],[11.76006,52.07864],[11.76241,52.08048],[11.76018,52.08487],[11.74872,52.0932],[11.73731,52.09031]]]]}},{"type":"Feature","id":"15090","bbox":[11.39653,52.33158,12.25754,53.04178],"properties":{"id":"15090","name":"Stendal","typ":"Landkreis","bundeslandAlt":"Sachsen-Anhalt","bezirkAlt":"Sachsen-Anhalt","neueKreise":["Stendal"],"quelle":"VG250 / Bezirkseinführungsgesetz"},"geometry":{"type":"MultiPolygon","coordinates":[[[[11.39653,52.62235],[11.39855,52.6222],[11.39832,52.61984],[11.41534,52.61848],[11.41371,52.61681],[11.41842,52.61434],[11.4207,52.61081],[11.43785,52.61091],[11.4378,52.61567],[11.44139,52.6155],[11.44121,52.6124],[11.45225,52.61145],[11.45098,52.60693],[11.45719,52.60502],[11.45959,52.60668],[11.46335,52.60619],[11.46407,52.60447],[11.46886,52.60539],[11.47201,52.60906],[11.48669,52.60687],[11.48693,52.60222],[11.49321,52.60345],[11.49244,52.60701],[11.50668,52.60809],[11.50939,52.61045],[11.51676,52.61194],[11.52314,52.6157],[11.53206,52.61492],[11.53819,52.61735],[11.56376,52.61379],[11.58844,52.61647],[11.58891,52.60566],[11.59132,52.6049],[11.59105,52.60376],[11.58765,52.60374],[11.58758,52.60098],[11.58919,52.6005],[11.58595,52.59941],[11.58124,52.60232],[11.57932,52.6015],[11.58715,52.59373],[11.58664,52.59177],[11.5833,52.59077],[11.57963,52.59184],[11.5773,52.5894],[11.57849,52.58697],[11.58907,52.58523],[11.58085,52.56658],[11.57898,52.5569],[11.57128,52.54724],[11.57419,52.5344],[11.56896,52.52467],[11.57584,52.5214],[11.59054,52.52006],[11.58608,52.49786],[11.59007,52.4881],[11.60516,52.49378],[11.58716,52.45869],[11.6431,52.46985],[11.63867,52.46458],[11.6626,52.46288],[11.67316,52.46408],[11.69098,52.45926],[11.69687,52.45835],[11.70008,52.45916],[11.71678,52.42772],[11.72592,52.42973],[11.73296,52.42438],[11.73049,52.42312],[11.72988,52.4194],[11.72708,52.41879],[11.72556,52.41427],[11.72195,52.41385],[11.72179,52.41188],[11.71793,52.41046],[11.71903,52.40781],[11.72267,52.40939],[11.72482,52.40789],[11.73129,52.40756],[11.74814,52.40302],[11.76707,52.40241],[11.77411,52.39956],[11.77954,52.40235],[11.78238,52.40023],[11.78568,52.40197],[11.78254,52.40432],[11.78946,52.41123],[11.78877,52.41346],[11.78206,52.41514],[11.77906,52.41292],[11.77428,52.41511],[11.77349,52.41818],[11.78198,52.42111],[11.78586,52.41944],[11.78189,52.41726],[11.78316,52.4167],[11.79137,52.42096],[11.79524,52.42153],[11.78948,52.41513],[11.80196,52.41066],[11.80775,52.41358],[11.81535,52.41339],[11.81719,52.41486],[11.84062,52.40097],[11.83504,52.38994],[11.83614,52.38623],[11.83422,52.38166],[11.8181,52.37217],[11.82809,52.37203],[11.83064,52.36317],[11.84342,52.35467],[11.85453,52.3561],[11.85715,52.34737],[11.84503,52.34595],[11.84784,52.33662],[11.85189,52.33158],[11.87659,52.34446],[11.90084,52.3542],[11.90617,52.3594],[11.9082,52.36682],[11.91221,52.37115],[11.92066,52.37296],[11.93497,52.37299],[11.93948,52.3745],[11.94082,52.37986],[11.92914,52.38682],[11.92899,52.39191],[11.93839,52.39601],[11.9562,52.3989],[11.96324,52.40141],[11.9679,52.40547],[11.97743,52.41971],[11.9884,52.42646],[11.99259,52.43118],[11.9932,52.4486],[12.00124,52.45799],[12.00164,52.46243],[11.98704,52.47521],[11.9857,52.49201],[11.98327,52.49661],[11.97391,52.50617],[11.96314,52.51236],[11.95997,52.51777],[11.96307,52.52378],[11.97736,52.53368],[11.98016,52.53749],[11.98546,52.55056],[11.98572,52.56751],[11.98851,52.57574],[11.99867,52.57095],[11.99453,52.56725],[11.99513,52.56274],[11.9985,52.55988],[11.99627,52.55499],[11.99911,52.54636],[11.99226,52.543],[11.99278,52.53642],[11.98817,52.53549],[11.98728,52.53197],[11.9935,52.52539],[11.9915,52.51899],[12.00982,52.52031],[12.01234,52.52316],[12.02061,52.5248],[12.03742,52.523],[12.0383,52.52436],[12.04754,52.52684],[12.05102,52.52511],[12.06008,52.53088],[12.06275,52.53493],[12.07462,52.53996],[12.07737,52.53989],[12.08108,52.53505],[12.08853,52.5341],[12.09157,52.53055],[12.10321,52.52436],[12.10303,52.51161],[12.10957,52.50732],[12.11416,52.50646],[12.13727,52.50796],[12.14145,52.51375],[12.14498,52.50755],[12.15078,52.50582],[12.15233,52.50353],[12.1545,52.50406],[12.1624,52.50099],[12.17129,52.50618],[12.16729,52.51499],[12.1738,52.51872],[12.17779,52.52389],[12.18547,52.52702],[12.18869,52.53242],[12.1796,52.53366],[12.17389,52.53869],[12.1582,52.53422],[12.15464,52.5297],[12.1454,52.52962],[12.14181,52.52839],[12.14492,52.53328],[12.14349,52.53687],[12.14944,52.54055],[12.15931,52.56099],[12.18108,52.57518],[12.17673,52.5765],[12.17338,52.58225],[12.1734,52.5996],[12.17657,52.60647],[12.17029,52.6077],[12.17026,52.61122],[12.17554,52.61779],[12.16913,52.61675],[12.16927,52.62109],[12.17197,52.62595],[12.18692,52.62143],[12.20354,52.61875],[12.20789,52.62328],[12.21265,52.6251],[12.23687,52.62888],[12.23681,52.62987],[12.23085,52.62976],[12.231,52.63989],[12.23668,52.64098],[12.23789,52.64556],[12.23252,52.65361],[12.23551,52.65445],[12.23379,52.65967],[12.23794,52.6625],[12.23458,52.66436],[12.23545,52.66587],[12.2393,52.66582],[12.23935,52.67174],[12.23538,52.68036],[12.22859,52.6818],[12.22681,52.6838],[12.23282,52.68691],[12.23288,52.68904],[12.23134,52.68983],[12.22277,52.68845],[12.22088,52.69044],[12.21754,52.69982],[12.22419,52.70279],[12.21655,52.70846],[12.21049,52.70872],[12.20392,52.71335],[12.21018,52.71547],[12.20984,52.71762],[12.2048,52.71982],[12.19986,52.7172],[12.19755,52.71838],[12.1984,52.72079],[12.20471,52.72497],[12.20277,52.72599],[12.20596,52.72651],[12.20129,52.729],[12.20936,52.73204],[12.20944,52.7352],[12.22055,52.73648],[12.21988,52.73786],[12.22317,52.73975],[12.21842,52.74353],[12.22129,52.74522],[12.21945,52.75091],[12.21775,52.75258],[12.20916,52.75318],[12.20596,52.76091],[12.20838,52.76367],[12.21487,52.764],[12.21185,52.76602],[12.21313,52.77361],[12.21612,52.77465],[12.22061,52.77371],[12.22351,52.7757],[12.22356,52.78705],[12.2208,52.78974],[12.23053,52.78981],[12.23554,52.78761],[12.24389,52.78653],[12.2492,52.79186],[12.24772,52.79652],[12.25558,52.7986],[12.25249,52.80373],[12.25754,52.80491],[12.24367,52.82069],[12.23726,52.83929],[12.23968,52.84368],[12.23188,52.85067],[12.23406,52.85938],[12.22414,52.86469],[12.21739,52.86598],[12.2154,52.86597],[12.21406,52.86167],[12.20996,52.86242],[12.20839,52.8665],[12.2023,52.86851],[12.19995,52.87088],[12.19694,52.87798],[12.19265,52.87746],[12.18498,52.87095],[12.17219,52.8647],[12.13285,52.85581],[12.12633,52.85316],[12.12371,52.8538],[12.13312,52.86578],[12.12021,52.87551],[12.12262,52.8885],[12.12681,52.8902],[12.12849,52.89265],[12.1246,52.89359],[12.1147,52.88213],[12.11262,52.87573],[12.09768,52.87764],[12.08138,52.87708],[12.08115,52.88248],[12.07648,52.8864],[12.06628,52.88373],[12.06754,52.88614],[12.06087,52.88817],[12.05547,52.88895],[12.04815,52.88591],[12.043,52.88885],[12.02923,52.88815],[12.02261,52.89037],[12.01879,52.88831],[12.00612,52.88746],[12.00532,52.8818],[11.99048,52.88122],[11.98725,52.87673],[11.98155,52.87603],[11.96192,52.88099],[11.95944,52.87993],[11.94898,52.88768],[11.93225,52.89158],[11.89734,52.89336],[11.88662,52.89791],[11.87809,52.90609],[11.87151,52.90887],[11.8422,52.90913],[11.834,52.91036],[11.82501,52.91577],[11.82309,52.92326],[11.82952,52.9306],[11.84793,52.94103],[11.84938,52.94726],[11.84422,52.95268],[11.8289,52.95727],[11.81112,52.9571],[11.7863,52.96096],[11.77956,52.96508],[11.76419,52.98141],[11.75531,52.98558],[11.74379,52.98854],[11.73202,52.98857],[11.70257,52.97781],[11.69208,52.97841],[11.6871,52.98106],[11.68302,52.98616],[11.68406,52.99974],[11.67717,53.00814],[11.66774,53.00968],[11.64575,53.00538],[11.63327,53.00789],[11.62633,53.01265],[11.62503,53.01734],[11.62703,53.02166],[11.6415,53.03285],[11.63937,53.03872],[11.62836,53.04178],[11.61855,53.04132],[11.60935,53.03923],[11.59778,53.03593],[11.59642,53.03278],[11.56913,53.01855],[11.56375,53.01284],[11.55925,53.01308],[11.55209,53.00473],[11.56044,53.0038],[11.55642,52.99867],[11.54338,52.99945],[11.53313,53.00341],[11.52643,53.00826],[11.51906,53.00669],[11.51249,53.00744],[11.50643,52.99975],[11.49234,52.95966],[11.50648,52.93832],[11.51771,52.92824],[11.51908,52.93105],[11.53387,52.92512],[11.55032,52.92175],[11.55748,52.92762],[11.54459,52.93392],[11.54435,52.93552],[11.56045,52.93595],[11.55978,52.93302],[11.56839,52.93031],[11.57192,52.9213],[11.57664,52.91679],[11.59355,52.90914],[11.60165,52.9028],[11.60817,52.90083],[11.62288,52.90184],[11.63692,52.89847],[11.63722,52.89702],[11.62561,52.88492],[11.61692,52.88449],[11.6132,52.88194],[11.62539,52.87648],[11.63215,52.86134],[11.63146,52.85897],[11.62607,52.85597],[11.60875,52.85494],[11.6007,52.85499],[11.59274,52.85667],[11.58413,52.85324],[11.57559,52.85214],[11.57205,52.84782],[11.55383,52.85114],[11.53541,52.85225],[11.52755,52.8422],[11.51277,52.84035],[11.46882,52.84157],[11.46953,52.83752],[11.47471,52.83245],[11.47591,52.82704],[11.47868,52.82542],[11.47881,52.81589],[11.48101,52.81463],[11.50288,52.81292],[11.51609,52.81468],[11.53062,52.8147],[11.53841,52.80184],[11.54032,52.7984],[11.52879,52.79534],[11.52241,52.79066],[11.51356,52.7869],[11.50453,52.78614],[11.50618,52.78146],[11.50837,52.78137],[11.50619,52.77323],[11.50881,52.76978],[11.51222,52.76902],[11.52058,52.77091],[11.5282,52.76972],[11.54221,52.77269],[11.55352,52.76752],[11.56265,52.76623],[11.56227,52.76498],[11.55399,52.75601],[11.54294,52.75169],[11.53923,52.7487],[11.5299,52.7473],[11.52253,52.74256],[11.52334,52.73463],[11.52101,52.73502],[11.5203,52.72564],[11.5233,52.72092],[11.52177,52.7168],[11.5234,52.71282],[11.51625,52.70304],[11.48527,52.68781],[11.48353,52.69099],[11.47399,52.68741],[11.47849,52.68097],[11.47401,52.67344],[11.47678,52.67169],[11.48062,52.67183],[11.48303,52.66932],[11.4908,52.65208],[11.47973,52.65123],[11.4606,52.64258],[11.45474,52.64424],[11.45692,52.63963],[11.45492,52.63824],[11.43668,52.63676],[11.42108,52.63708],[11.42477,52.64213],[11.42347,52.64258],[11.418,52.63912],[11.41544,52.63456],[11.40441,52.62898],[11.39653,52.62235]],[[12.21683,52.86075],[12.21712,52.86199],[12.21817,52.86245],[12.22132,52.86381],[12.22231,52.86255],[12.21908,52.86086],[12.21759,52.86013],[12.21732,52.86045],[12.21683,52.86075]]],[[[11.78715,52.34489],[11.79052,52.3413],[11.7923,52.34206],[11.80558,52.33732],[11.8053,52.33461],[11.81831,52.33421],[11.82198,52.34111],[11.82027,52.34647],[11.80372,52.35341],[11.7973,52.35441],[11.79209,52.35322],[11.78867,52.35052],[11.78715,52.34489]]]]}},{"type":"Feature","id":"15091","bbox":[12.25198,51.6106,13.18707,52.04512],"properties":{"id":"15091","name":"Wittenberg","typ":"Landkreis","bundeslandAlt":"Sachsen-Anhalt","bezirkAlt":"Sachsen-Anhalt","neueKreise":["Wittenberg"],"quelle":"VG250 / Bezirkseinführungsgesetz"},"geometry":{"type":"MultiPolygon","coordinates":[[[[12.25198,51.978],[12.25201,51.97707],[12.2568,51.97723],[12.26247,51.97908],[12.26345,51.98072],[12.27542,51.97901],[12.28013,51.97949],[12.28225,51.96414],[12.27879,51.96332],[12.27957,51.96042],[12.26958,51.95831],[12.27227,51.95384],[12.28117,51.94667],[12.27937,51.94544],[12.28337,51.94353],[12.28614,51.94538],[12.29066,51.94354],[12.30069,51.94866],[12.30129,51.95164],[12.30422,51.95102],[12.30611,51.9521],[12.31264,51.94934],[12.32059,51.93999],[12.31049,51.93494],[12.308,51.93181],[12.31036,51.91464],[12.31983,51.91262],[12.31507,51.90706],[12.31925,51.90435],[12.31668,51.90208],[12.31719,51.89996],[12.32049,51.89816],[12.32096,51.88815],[12.31895,51.8847],[12.31028,51.88572],[12.29538,51.88029],[12.29613,51.87711],[12.28441,51.86465],[12.28462,51.86127],[12.28985,51.85734],[12.29157,51.85877],[12.29352,51.85792],[12.29501,51.85594],[12.29093,51.85621],[12.29153,51.85536],[12.29596,51.85306],[12.29652,51.85463],[12.29925,51.85402],[12.30741,51.84429],[12.31895,51.83883],[12.3179,51.83221],[12.32148,51.8253],[12.32378,51.82464],[12.32139,51.81563],[12.31736,51.81645],[12.30673,51.8074],[12.30649,51.80387],[12.31987,51.79607],[12.31961,51.79335],[12.3411,51.78962],[12.34293,51.78634],[12.33833,51.77987],[12.34137,51.77526],[12.34769,51.77078],[12.34309,51.7616],[12.34256,51.75599],[12.34292,51.75291],[12.34883,51.75192],[12.34894,51.7508],[12.3431,51.749],[12.34776,51.73884],[12.35081,51.73793],[12.35142,51.73605],[12.34537,51.73517],[12.34623,51.73389],[12.33591,51.73545],[12.33596,51.7294],[12.32805,51.72953],[12.32806,51.72679],[12.32391,51.72655],[12.32648,51.71767],[12.3486,51.71979],[12.35479,51.71422],[12.35473,51.71169],[12.36397,51.70707],[12.35423,51.70408],[12.34478,51.70363],[12.34939,51.6944],[12.35056,51.6845],[12.35583,51.68567],[12.36082,51.6852],[12.36986,51.69085],[12.3694,51.6929],[12.37161,51.69477],[12.38558,51.69816],[12.39193,51.69707],[12.398,51.69416],[12.40406,51.69408],[12.41408,51.69567],[12.42985,51.70296],[12.43447,51.70371],[12.44349,51.70316],[12.45993,51.70531],[12.47462,51.7028],[12.47145,51.69246],[12.47183,51.68949],[12.47366,51.6896],[12.47438,51.68229],[12.49513,51.68253],[12.49747,51.67069],[12.50138,51.67041],[12.50847,51.66722],[12.51706,51.66049],[12.52963,51.66433],[12.54888,51.66402],[12.54966,51.6684],[12.57407,51.66743],[12.57096,51.65168],[12.57197,51.64778],[12.56952,51.64278],[12.56649,51.64245],[12.5694,51.64168],[12.57045,51.63706],[12.55948,51.63805],[12.5615,51.63549],[12.57612,51.6302],[12.57495,51.62703],[12.58512,51.62474],[12.58594,51.62549],[12.5864,51.62237],[12.59128,51.62249],[12.59186,51.61836],[12.59549,51.61838],[12.59935,51.62348],[12.60644,51.62682],[12.62417,51.62798],[12.62923,51.62524],[12.62393,51.62182],[12.62236,51.61645],[12.61198,51.61426],[12.60833,51.6106],[12.62277,51.61564],[12.63711,51.61709],[12.64004,51.6189],[12.64911,51.62045],[12.64873,51.62505],[12.65302,51.62635],[12.65789,51.63032],[12.66348,51.63021],[12.66378,51.63172],[12.66585,51.6316],[12.66772,51.63719],[12.66652,51.64223],[12.67702,51.64984],[12.67869,51.65624],[12.68668,51.66199],[12.6933,51.66243],[12.69938,51.66053],[12.70622,51.66237],[12.71684,51.66131],[12.73101,51.65633],[12.74016,51.65555],[12.74994,51.65006],[12.76009,51.64969],[12.76484,51.64829],[12.76461,51.64657],[12.77271,51.64751],[12.78221,51.65384],[12.79253,51.6655],[12.80624,51.66707],[12.81774,51.6704],[12.82029,51.67294],[12.83181,51.67602],[12.82788,51.68225],[12.83207,51.68115],[12.83661,51.68254],[12.8419,51.68222],[12.84386,51.68497],[12.84866,51.68103],[12.85015,51.68146],[12.85432,51.67849],[12.85593,51.67911],[12.85903,51.67619],[12.85678,51.6727],[12.85896,51.6722],[12.86047,51.67474],[12.86223,51.67378],[12.86087,51.66471],[12.86652,51.66396],[12.86386,51.66151],[12.86748,51.65651],[12.86496,51.6557],[12.86579,51.65503],[12.87277,51.65828],[12.88039,51.65906],[12.88919,51.66688],[12.89517,51.66377],[12.89264,51.65469],[12.89085,51.65613],[12.89081,51.65397],[12.89752,51.64743],[12.9028,51.64602],[12.9086,51.64653],[12.91341,51.64412],[12.91523,51.64846],[12.92811,51.64957],[12.93598,51.64578],[12.94216,51.63801],[12.95008,51.64354],[12.95078,51.64256],[12.95236,51.64359],[12.94953,51.64943],[12.95826,51.65128],[12.96315,51.64957],[12.96504,51.65144],[12.9715,51.65025],[12.96682,51.66566],[12.97942,51.6632],[12.98176,51.66487],[12.9772,51.66636],[12.9778,51.66825],[12.99629,51.66925],[12.99864,51.66714],[13.00143,51.66756],[13.00525,51.66186],[13.01157,51.66455],[13.01719,51.65963],[13.02047,51.65339],[13.01786,51.64435],[13.02347,51.6373],[13.15453,51.68671],[13.15508,51.68907],[13.16175,51.6906],[13.16246,51.69182],[13.15614,51.69473],[13.16126,51.69499],[13.1551,51.71079],[13.16173,51.71297],[13.17011,51.70809],[13.17122,51.71253],[13.16638,51.71789],[13.16869,51.71867],[13.17198,51.71707],[13.17523,51.71822],[13.17944,51.71624],[13.18707,51.71562],[13.18427,51.71991],[13.1844,51.72159],[13.1865,51.72211],[13.18325,51.72324],[13.17954,51.73117],[13.17551,51.73401],[13.16715,51.73538],[13.16842,51.7387],[13.16413,51.74189],[13.16075,51.73987],[13.15541,51.74148],[13.15688,51.74364],[13.15401,51.74425],[13.15833,51.75096],[13.16271,51.75054],[13.16329,51.75494],[13.16052,51.75482],[13.14985,51.75927],[13.15583,51.76457],[13.14748,51.76664],[13.1598,51.77459],[13.16129,51.77881],[13.16004,51.78393],[13.16871,51.78277],[13.1701,51.78702],[13.15799,51.78845],[13.16269,51.79307],[13.15847,51.79761],[13.1607,51.79718],[13.15996,51.79969],[13.16301,51.80202],[13.15368,51.81491],[13.14753,51.81794],[13.14981,51.81934],[13.14852,51.82054],[13.14209,51.82065],[13.13914,51.82469],[13.14251,51.8263],[13.14216,51.82859],[13.13946,51.82863],[13.13919,51.83104],[13.13555,51.8328],[13.12354,51.85459],[13.12348,51.85782],[13.13422,51.85755],[13.15091,51.85961],[13.1496,51.87233],[13.14223,51.87256],[13.13895,51.87951],[13.13203,51.87955],[13.13234,51.88249],[13.12447,51.88295],[13.11908,51.88283],[13.11899,51.87654],[13.11361,51.87659],[13.11356,51.8749],[13.10701,51.87541],[13.09624,51.87288],[13.08501,51.87402],[13.08055,51.86748],[13.07546,51.86885],[13.03924,51.87091],[13.02955,51.87853],[13.02916,51.88104],[13.03729,51.88026],[13.03944,51.88247],[13.03757,51.89088],[13.04854,51.89186],[13.04541,51.90052],[13.02277,51.90323],[13.02178,51.89685],[13.01746,51.90038],[13.00986,51.90278],[12.98608,51.90411],[12.97266,51.90088],[12.97654,51.91986],[12.95597,51.92266],[12.96057,51.93491],[12.9362,51.93725],[12.93568,51.93615],[12.91837,51.93936],[12.91746,51.93269],[12.89606,51.92841],[12.89042,51.92838],[12.88817,51.93477],[12.87403,51.93397],[12.85273,51.93501],[12.85025,51.9587],[12.84528,51.96271],[12.84415,51.96773],[12.81127,51.96257],[12.79406,51.96231],[12.77761,51.96459],[12.77602,51.96512],[12.77655,51.97657],[12.77433,51.97836],[12.7657,51.97955],[12.75925,51.98218],[12.75548,51.98639],[12.74344,51.98905],[12.73702,51.98928],[12.73339,51.98806],[12.72964,51.98896],[12.71167,51.99727],[12.71194,51.99987],[12.69792,52.00298],[12.68252,52.00332],[12.67566,52.00693],[12.6727,52.01185],[12.66726,52.01323],[12.6565,52.01294],[12.6486,52.00831],[12.64475,51.99438],[12.6144,51.99172],[12.61516,51.98228],[12.60302,51.98109],[12.53939,51.98489],[12.54084,51.98817],[12.53534,52.0011],[12.53631,52.00288],[12.49883,52.00892],[12.48496,52.01715],[12.48062,52.03334],[12.46076,52.03472],[12.45302,52.02605],[12.45,52.01621],[12.43453,52.01721],[12.42681,52.01968],[12.4202,52.02652],[12.40929,52.02907],[12.40581,52.0311],[12.3896,52.04357],[12.37612,52.04512],[12.37382,52.02765],[12.37594,52.02261],[12.36899,52.02257],[12.36503,52.02773],[12.35454,52.02689],[12.33946,52.01901],[12.33156,52.01111],[12.32965,52.00648],[12.3258,52.00613],[12.32671,52.0038],[12.32173,51.9999],[12.30984,51.99613],[12.29454,51.99695],[12.27799,51.99482],[12.27862,51.99344],[12.27338,51.99263],[12.26797,51.98922],[12.25546,51.98753],[12.25912,51.98253],[12.25468,51.98154],[12.25414,51.97823],[12.25198,51.978]]]]}},{"type":"Feature","id":"16051","bbox":[10.85535,50.89027,11.17529,51.07995],"properties":{"id":"16051","name":"Erfurt","typ":"Kreisfreie Stadt","bundeslandAlt":"Thüringen","bezirkAlt":"Thüringen","neueKreise":["Erfurt"],"quelle":"VG250 / Bezirkseinführungsgesetz"},"geometry":{"type":"MultiPolygon","coordinates":[[[[10.85535,51.02584],[10.85787,51.01344],[10.86396,51.00059],[10.88373,51.00067],[10.892,50.99008],[10.88631,50.9878],[10.87974,50.98238],[10.86361,50.97739],[10.86701,50.96831],[10.86544,50.96465],[10.87276,50.96504],[10.87305,50.95975],[10.87635,50.95912],[10.87787,50.96307],[10.88362,50.96107],[10.8939,50.96051],[10.89721,50.94456],[10.8993,50.94477],[10.90049,50.94148],[10.91256,50.94097],[10.91679,50.94226],[10.91741,50.94074],[10.9284,50.94294],[10.92915,50.94579],[10.9385,50.94687],[10.94195,50.9436],[10.95023,50.94173],[10.95233,50.93763],[10.95789,50.93528],[10.95772,50.93394],[10.95949,50.93419],[10.96463,50.92027],[10.95823,50.91887],[10.94901,50.91406],[10.93183,50.90961],[10.93617,50.89487],[10.94411,50.8942],[10.94771,50.89097],[10.9616,50.89429],[10.95998,50.89027],[10.96327,50.89037],[10.96448,50.89385],[10.97425,50.89248],[10.96966,50.89568],[10.97804,50.89796],[10.98009,50.90422],[10.9897,50.9053],[10.9965,50.90775],[11.00206,50.90794],[11.00465,50.90258],[11.01257,50.90336],[11.01444,50.90471],[11.06011,50.9083],[11.05965,50.91168],[11.07702,50.91316],[11.0816,50.91071],[11.09558,50.91304],[11.11026,50.91311],[11.10597,50.92666],[11.11182,50.92996],[11.11943,50.92526],[11.12013,50.92762],[11.13299,50.92806],[11.1373,50.92982],[11.14156,50.92601],[11.15362,50.92482],[11.14671,50.93973],[11.14387,50.94033],[11.14189,50.94568],[11.13577,50.949],[11.13457,50.96287],[11.13705,50.96339],[11.13381,50.97013],[11.1361,50.9735],[11.15589,50.97735],[11.15476,50.98027],[11.15851,50.98082],[11.15968,50.97947],[11.16508,50.9807],[11.16468,50.98158],[11.16791,50.98202],[11.16707,50.98412],[11.17039,50.98466],[11.16995,50.98615],[11.17208,50.98654],[11.17162,50.98837],[11.17529,50.98881],[11.16648,51.00277],[11.16359,51.00251],[11.164,51.00955],[11.17117,51.00912],[11.1736,51.01831],[11.15524,51.01734],[11.14687,51.01819],[11.14595,51.01754],[11.14941,51.01527],[11.13977,51.01402],[11.14049,51.01104],[11.12316,51.00911],[11.12141,51.01252],[11.12662,51.0144],[11.12478,51.02243],[11.11994,51.02308],[11.10677,51.03421],[11.10125,51.03434],[11.09643,51.05235],[11.08797,51.05145],[11.09333,51.06011],[11.08912,51.06074],[11.09153,51.06528],[11.08105,51.06544],[11.0786,51.06831],[11.08134,51.07377],[11.07298,51.07476],[11.07123,51.07745],[11.06642,51.07755],[11.06644,51.07941],[11.0466,51.07755],[11.04678,51.07985],[11.04195,51.07995],[11.03971,51.06522],[11.03747,51.06564],[11.03581,51.06282],[11.03333,51.06286],[11.03115,51.06561],[11.02395,51.0674],[11.02156,51.06143],[11.01601,51.0594],[10.99899,51.06023],[10.99218,51.05887],[10.99059,51.06844],[10.97596,51.06487],[10.97601,51.05988],[10.97733,51.06014],[10.9781,51.05594],[10.98003,51.05602],[10.98107,51.05169],[10.98462,51.05219],[10.98666,51.04328],[10.98006,51.04252],[10.98045,51.04133],[10.96563,51.04006],[10.96549,51.03865],[10.95454,51.03729],[10.95072,51.03494],[10.94878,51.03569],[10.94832,51.03429],[10.94596,51.03453],[10.9436,51.0324],[10.93834,51.03231],[10.93833,51.03042],[10.93216,51.0299],[10.92755,51.02382],[10.92989,51.01763],[10.92505,51.01466],[10.92086,51.01561],[10.91332,51.015],[10.91012,51.01823],[10.91032,51.02096],[10.90528,51.02073],[10.89852,51.02517],[10.88232,51.02524],[10.88118,51.02743],[10.87665,51.02808],[10.85535,51.02584]]]]}},{"type":"Feature","id":"16052","bbox":[11.99798,50.79911,12.16953,50.97653],"properties":{"id":"16052","name":"Gera","typ":"Kreisfreie Stadt","bundeslandAlt":"Thüringen","bezirkAlt":"Thüringen","neueKreise":["Gera"],"quelle":"VG250 / Bezirkseinführungsgesetz"},"geometry":{"type":"MultiPolygon","coordinates":[[[[11.99798,50.87316],[12.00911,50.87105],[12.01038,50.86632],[12.01525,50.86218],[12.0087,50.85841],[12.00064,50.85707],[11.99852,50.84978],[12.01211,50.84171],[12.00984,50.83985],[12.01119,50.83692],[12.0196,50.8307],[12.01657,50.82832],[12.01931,50.82577],[12.02619,50.82535],[12.02702,50.82288],[12.03677,50.82169],[12.04451,50.81874],[12.05841,50.82152],[12.08029,50.8226],[12.08023,50.82491],[12.08355,50.8245],[12.08444,50.82551],[12.09252,50.82335],[12.09579,50.82441],[12.09868,50.82167],[12.10368,50.82152],[12.10481,50.81887],[12.10947,50.81927],[12.10808,50.81801],[12.11164,50.81796],[12.11012,50.81703],[12.11937,50.80939],[12.11833,50.80309],[12.12678,50.79911],[12.14479,50.80243],[12.14903,50.8069],[12.15111,50.8056],[12.15509,50.80602],[12.15386,50.80985],[12.13489,50.81843],[12.13291,50.82315],[12.1307,50.82385],[12.13261,50.8264],[12.13603,50.82591],[12.13451,50.83076],[12.13718,50.83836],[12.13142,50.83918],[12.12573,50.849],[12.12818,50.84966],[12.12819,50.85196],[12.1336,50.85873],[12.14194,50.86417],[12.1489,50.86675],[12.14967,50.86855],[12.15226,50.86878],[12.15484,50.87254],[12.15255,50.87426],[12.15545,50.87667],[12.14898,50.88149],[12.15096,50.88315],[12.14725,50.88613],[12.15268,50.88739],[12.14435,50.89429],[12.13916,50.89296],[12.13899,50.90074],[12.13662,50.90052],[12.13076,50.90945],[12.13602,50.91142],[12.13512,50.91413],[12.1378,50.91987],[12.13477,50.92739],[12.13667,50.92908],[12.1325,50.93248],[12.14231,50.93233],[12.14352,50.92779],[12.14947,50.92844],[12.14849,50.93258],[12.15731,50.93186],[12.16953,50.9353],[12.16879,50.94283],[12.16627,50.94272],[12.16555,50.94425],[12.16936,50.9439],[12.16564,50.95088],[12.16697,50.95149],[12.16443,50.9527],[12.16197,50.95845],[12.16353,50.9586],[12.16106,50.96117],[12.15835,50.96313],[12.15005,50.96415],[12.13477,50.96079],[12.13213,50.96126],[12.13499,50.96498],[12.11847,50.96815],[12.10542,50.9737],[12.09374,50.97491],[12.09216,50.97653],[12.07265,50.97412],[12.05536,50.96861],[12.04778,50.96922],[12.03748,50.97294],[12.01715,50.9682],[12.01928,50.95584],[12.0176,50.95218],[12.01992,50.9517],[12.02117,50.94795],[12.02807,50.9462],[12.03515,50.94229],[12.03475,50.93837],[12.04047,50.94021],[12.04581,50.93497],[12.04371,50.93417],[12.04536,50.93279],[12.04835,50.93385],[12.04935,50.93295],[12.04073,50.93022],[12.03428,50.92484],[12.03196,50.92537],[12.0298,50.92036],[12.01802,50.9135],[12.02769,50.90659],[12.02821,50.90407],[12.02458,50.90287],[12.02736,50.90122],[12.01321,50.89467],[12.01575,50.8928],[12.01069,50.88856],[12.0123,50.88723],[12.00188,50.88148],[12.00388,50.88065],[11.9993,50.87732],[11.99798,50.87316]]]]}},{"type":"Feature","id":"16053","bbox":[11.49929,50.85619,11.67285,50.98906],"properties":{"id":"16053","name":"Jena","typ":"Kreisfreie Stadt","bundeslandAlt":"Thüringen","bezirkAlt":"Thüringen","neueKreise":["Jena"],"quelle":"VG250 / Bezirkseinführungsgesetz"},"geometry":{"type":"MultiPolygon","coordinates":[[[[11.49929,50.95187],[11.502,50.94467],[11.51312,50.94751],[11.51988,50.94758],[11.52099,50.94547],[11.53049,50.94611],[11.53545,50.94203],[11.53333,50.9387],[11.5235,50.94016],[11.51608,50.93889],[11.5158,50.93586],[11.50748,50.9358],[11.50775,50.93349],[11.50341,50.93283],[11.50657,50.92705],[11.50681,50.92306],[11.50459,50.92292],[11.50965,50.91529],[11.50709,50.91362],[11.50481,50.90624],[11.511,50.9063],[11.51394,50.90373],[11.52192,50.90592],[11.52658,50.90234],[11.53965,50.90177],[11.54119,50.89653],[11.54464,50.89539],[11.54709,50.89674],[11.55202,50.89578],[11.554,50.89683],[11.55511,50.89537],[11.55236,50.8932],[11.55853,50.89039],[11.56168,50.88703],[11.5593,50.88237],[11.56188,50.88021],[11.56341,50.87429],[11.56047,50.87406],[11.56037,50.87209],[11.54922,50.86864],[11.53698,50.86877],[11.5346,50.87046],[11.52959,50.86971],[11.53078,50.86616],[11.52655,50.86344],[11.52718,50.86233],[11.54306,50.86241],[11.5421,50.86131],[11.55032,50.85863],[11.55899,50.85937],[11.55963,50.85699],[11.56293,50.85619],[11.59878,50.86032],[11.61307,50.86411],[11.60717,50.8696],[11.60824,50.87251],[11.61069,50.8722],[11.60877,50.87554],[11.61657,50.87546],[11.6258,50.87778],[11.63775,50.87541],[11.63694,50.87923],[11.64282,50.88081],[11.64451,50.879],[11.64703,50.88306],[11.6484,50.88043],[11.65019,50.8817],[11.65189,50.87907],[11.65474,50.88051],[11.65581,50.8793],[11.66407,50.88107],[11.66102,50.8852],[11.65987,50.89169],[11.64899,50.8912],[11.64614,50.89961],[11.6466,50.90141],[11.65159,50.90265],[11.65744,50.9073],[11.65766,50.91131],[11.66688,50.91178],[11.66348,50.91457],[11.6679,50.91748],[11.6627,50.91787],[11.66215,50.91915],[11.67059,50.92084],[11.66563,50.93844],[11.67285,50.95155],[11.66716,50.95356],[11.66727,50.95631],[11.66114,50.96028],[11.65302,50.96242],[11.64674,50.96077],[11.65229,50.96421],[11.64705,50.96932],[11.64389,50.9649],[11.63734,50.96815],[11.63385,50.96638],[11.63497,50.9689],[11.61726,50.97683],[11.60589,50.97185],[11.59838,50.97064],[11.59492,50.97133],[11.59281,50.97492],[11.58581,50.97232],[11.58064,50.97327],[11.58164,50.97082],[11.56644,50.96592],[11.56325,50.96976],[11.55894,50.97162],[11.54732,50.98906],[11.54707,50.98736],[11.5287,50.98246],[11.52526,50.98046],[11.52629,50.97611],[11.52317,50.97487],[11.5244,50.9729],[11.52165,50.97033],[11.50306,50.96701],[11.5049,50.9631],[11.502,50.96129],[11.49929,50.95187]]]]}},{"type":"Feature","id":"16054","bbox":[10.55201,50.5614,10.84355,50.68854],"properties":{"id":"16054","name":"Suhl","typ":"Kreisfreie Stadt","bundeslandAlt":"Thüringen","bezirkAlt":"Thüringen","neueKreise":["Suhl"],"quelle":"VG250 / Bezirkseinführungsgesetz"},"geometry":{"type":"MultiPolygon","coordinates":[[[[10.55224,50.6117],[10.55201,50.59997],[10.55704,50.59699],[10.5608,50.59932],[10.5694,50.59748],[10.5601,50.594],[10.56112,50.59224],[10.55755,50.59078],[10.55877,50.58915],[10.56671,50.58826],[10.56759,50.59039],[10.57825,50.5855],[10.5873,50.58496],[10.59819,50.58577],[10.60078,50.58746],[10.60659,50.58736],[10.61025,50.5839],[10.60959,50.58097],[10.61462,50.58214],[10.61535,50.58055],[10.63013,50.58011],[10.64343,50.5756],[10.64736,50.57245],[10.65411,50.57148],[10.65184,50.56355],[10.65856,50.5614],[10.66535,50.56454],[10.67146,50.56284],[10.67818,50.56813],[10.68383,50.56787],[10.69412,50.57012],[10.6961,50.57137],[10.69129,50.57141],[10.68883,50.57504],[10.68922,50.57808],[10.69347,50.58275],[10.69839,50.58046],[10.69562,50.57416],[10.69758,50.57346],[10.69913,50.57604],[10.70856,50.57605],[10.70857,50.57948],[10.71148,50.58174],[10.71796,50.58136],[10.7159,50.58811],[10.72573,50.59275],[10.7302,50.59805],[10.72918,50.60069],[10.73565,50.60447],[10.741,50.61276],[10.73987,50.61486],[10.74163,50.61526],[10.74731,50.6128],[10.7646,50.61366],[10.76512,50.60629],[10.77193,50.6025],[10.77049,50.59603],[10.77804,50.58946],[10.78635,50.58932],[10.78546,50.58695],[10.79054,50.58302],[10.79797,50.58019],[10.805,50.57957],[10.80763,50.57568],[10.81681,50.58149],[10.81754,50.58058],[10.8195,50.58173],[10.82726,50.58052],[10.82818,50.5845],[10.8262,50.58997],[10.82945,50.59565],[10.83884,50.59804],[10.83779,50.5996],[10.83978,50.60091],[10.83803,50.60383],[10.84355,50.60537],[10.84275,50.61042],[10.83727,50.61381],[10.83895,50.61554],[10.83024,50.62021],[10.82988,50.62358],[10.82511,50.62723],[10.83005,50.63478],[10.83318,50.63499],[10.83528,50.63786],[10.83526,50.64383],[10.84026,50.64621],[10.83415,50.64628],[10.82812,50.64957],[10.82776,50.65347],[10.82341,50.65937],[10.8169,50.66128],[10.81853,50.66309],[10.81081,50.66555],[10.81601,50.67104],[10.80255,50.67934],[10.79946,50.68484],[10.79531,50.68088],[10.79177,50.68841],[10.78673,50.68854],[10.77805,50.68542],[10.76405,50.68566],[10.7605,50.68823],[10.75523,50.68837],[10.74904,50.68453],[10.74888,50.67529],[10.74509,50.67162],[10.74574,50.66817],[10.74113,50.66518],[10.7391,50.66698],[10.73416,50.6655],[10.73373,50.66349],[10.72765,50.66312],[10.712,50.66661],[10.70556,50.66508],[10.69998,50.66143],[10.69875,50.65679],[10.69493,50.65528],[10.69419,50.65242],[10.69696,50.6428],[10.69615,50.63571],[10.69389,50.63507],[10.69226,50.63604],[10.69112,50.63412],[10.69503,50.63183],[10.69448,50.6298],[10.69197,50.63043],[10.69076,50.62878],[10.69437,50.62822],[10.69423,50.62629],[10.68688,50.62769],[10.68561,50.62481],[10.67354,50.62926],[10.67943,50.63247],[10.68307,50.63113],[10.69113,50.63257],[10.67981,50.63365],[10.66978,50.63078],[10.6625,50.63765],[10.65432,50.64023],[10.65025,50.64307],[10.64921,50.64624],[10.64532,50.64712],[10.63699,50.64358],[10.63348,50.64449],[10.62712,50.64],[10.62491,50.63412],[10.62771,50.63117],[10.6235,50.62788],[10.61923,50.62774],[10.61643,50.62621],[10.61315,50.62861],[10.60423,50.62445],[10.60012,50.62681],[10.59955,50.62328],[10.60469,50.62028],[10.59718,50.62022],[10.59363,50.61851],[10.59557,50.61565],[10.59425,50.61136],[10.59179,50.61182],[10.59169,50.61457],[10.58966,50.61457],[10.58992,50.6107],[10.58652,50.61082],[10.58138,50.61462],[10.57058,50.6135],[10.56559,50.61555],[10.55929,50.61251],[10.55224,50.6117]]]]}},{"type":"Feature","id":"16055","bbox":[11.23488,50.91671,11.402,51.03677],"properties":{"id":"16055","name":"Weimar","typ":"Kreisfreie Stadt","bundeslandAlt":"Thüringen","bezirkAlt":"Thüringen","neueKreise":["Weimar"],"quelle":"VG250 / Bezirkseinführungsgesetz"},"geometry":{"type":"MultiPolygon","coordinates":[[[[11.23488,51.01936],[11.24718,51.01471],[11.24621,51.00763],[11.26142,51.00467],[11.26225,51.00561],[11.26752,51.00367],[11.26615,50.99239],[11.26205,50.99105],[11.26113,50.98736],[11.26429,50.98524],[11.26656,50.97925],[11.26568,50.96914],[11.26639,50.96779],[11.26864,50.96801],[11.27809,50.9493],[11.28596,50.94808],[11.28379,50.94382],[11.27463,50.94335],[11.2743,50.94169],[11.26113,50.94212],[11.26098,50.94051],[11.25887,50.94066],[11.26153,50.93762],[11.26834,50.93942],[11.26827,50.93544],[11.27297,50.93547],[11.27859,50.92663],[11.28317,50.92805],[11.28649,50.92673],[11.28697,50.92232],[11.29282,50.91785],[11.29599,50.91834],[11.30003,50.91671],[11.29625,50.92316],[11.30088,50.92114],[11.30343,50.91752],[11.30559,50.91942],[11.31017,50.92001],[11.31987,50.9191],[11.32096,50.92306],[11.33211,50.92667],[11.32878,50.92978],[11.3266,50.93819],[11.33262,50.93946],[11.33414,50.9422],[11.35426,50.94135],[11.35356,50.93566],[11.35608,50.93578],[11.35662,50.93934],[11.36759,50.94061],[11.37398,50.94628],[11.37573,50.94527],[11.37759,50.94685],[11.38131,50.946],[11.38162,50.94774],[11.38392,50.94712],[11.39428,50.95538],[11.39804,50.95524],[11.402,50.96405],[11.39826,50.96461],[11.39759,50.96744],[11.38844,50.96712],[11.38817,50.97187],[11.39203,50.97248],[11.39393,50.9813],[11.3962,50.98393],[11.39261,50.99045],[11.3907,50.99018],[11.38974,50.9921],[11.39275,50.99588],[11.37402,50.98938],[11.37251,50.98853],[11.37388,50.98537],[11.36991,50.98439],[11.36521,50.9901],[11.36987,50.99314],[11.36701,50.99583],[11.35653,50.99736],[11.35631,51.00008],[11.35379,50.99987],[11.34755,51.00815],[11.35377,51.01166],[11.35679,51.0119],[11.35686,51.01345],[11.36956,51.01618],[11.37327,51.02007],[11.36069,51.01873],[11.35168,51.02149],[11.33292,51.01957],[11.32805,51.02499],[11.32554,51.02552],[11.32042,51.02166],[11.31514,51.0264],[11.30485,51.01912],[11.30466,51.02638],[11.30235,51.02578],[11.30323,51.02227],[11.29995,51.02178],[11.29902,51.02426],[11.29662,51.02339],[11.29516,51.02476],[11.29896,51.02679],[11.29442,51.03082],[11.28625,51.03191],[11.27536,51.02578],[11.2718,51.02587],[11.26496,51.0311],[11.25835,51.03241],[11.25326,51.0316],[11.25181,51.0336],[11.25415,51.03394],[11.25379,51.03488],[11.25216,51.03455],[11.25069,51.03677],[11.24917,51.03654],[11.24769,51.02884],[11.24654,51.0276],[11.24394,51.02923],[11.24137,51.0235],[11.23659,51.02174],[11.23488,51.01936]]]]}},{"type":"Feature","id":"16061","bbox":[9.92329,51.19065,10.53975,51.59253],"properties":{"id":"16061","name":"Eichsfeld","typ":"Landkreis","bundeslandAlt":"Thüringen","bezirkAlt":"Thüringen","neueKreise":["Eichsfeld"],"quelle":"VG250 / Bezirkseinführungsgesetz"},"geometry":{"type":"MultiPolygon","coordinates":[[[[9.92329,51.36804],[9.92547,51.35379],[9.93003,51.35137],[9.93026,51.34781],[9.93282,51.34604],[9.92994,51.33997],[9.94345,51.33451],[9.94412,51.32863],[9.94757,51.3264],[9.94687,51.32083],[9.94904,51.31756],[9.94257,51.31209],[9.93974,51.30696],[9.94716,51.30295],[9.96055,51.30477],[9.96985,51.30027],[9.97054,51.2947],[9.97642,51.2912],[9.97298,51.28435],[9.97794,51.28475],[9.98345,51.28334],[9.99133,51.28656],[9.99726,51.28491],[10.00433,51.28698],[10.01035,51.28346],[10.02393,51.28203],[10.02999,51.27788],[10.04141,51.28039],[10.04929,51.27768],[10.05372,51.279],[10.05992,51.27587],[10.05745,51.26766],[10.05469,51.26633],[10.05253,51.26755],[10.05037,51.26512],[10.04655,51.2645],[10.0471,51.2595],[10.05012,51.25872],[10.04697,51.25343],[10.04804,51.25205],[10.0507,51.25458],[10.0543,51.25448],[10.06188,51.25256],[10.0676,51.2489],[10.06908,51.2467],[10.06649,51.24564],[10.06906,51.24376],[10.079,51.24278],[10.07278,51.24041],[10.06763,51.23062],[10.06709,51.22779],[10.07238,51.22478],[10.08096,51.22395],[10.09028,51.22667],[10.09351,51.22145],[10.09633,51.22059],[10.10634,51.22161],[10.11113,51.21948],[10.11317,51.21521],[10.12924,51.21914],[10.13626,51.21813],[10.1384,51.22014],[10.1454,51.21808],[10.14284,51.21722],[10.1438,51.21288],[10.14979,51.20619],[10.16057,51.20827],[10.16414,51.21205],[10.16844,51.21219],[10.17749,51.2096],[10.18775,51.20423],[10.19703,51.19654],[10.19546,51.19402],[10.19701,51.19206],[10.20694,51.19065],[10.20735,51.19206],[10.20264,51.1945],[10.20412,51.19685],[10.20645,51.1954],[10.20878,51.19653],[10.20195,51.19829],[10.20202,51.1998],[10.20717,51.19946],[10.19627,51.20534],[10.1968,51.20677],[10.19336,51.20893],[10.19611,51.20886],[10.19568,51.21083],[10.19143,51.21062],[10.18975,51.21392],[10.18577,51.21394],[10.1853,51.21874],[10.18818,51.22094],[10.19443,51.21882],[10.19459,51.22426],[10.19692,51.22632],[10.20287,51.22882],[10.20433,51.22646],[10.20614,51.22613],[10.20737,51.22767],[10.21032,51.2268],[10.21875,51.23182],[10.22412,51.23077],[10.22944,51.23161],[10.22987,51.22887],[10.23145,51.22948],[10.2352,51.2274],[10.24982,51.22896],[10.2517,51.23062],[10.25254,51.22834],[10.2486,51.22286],[10.25987,51.2218],[10.26834,51.22457],[10.26855,51.22008],[10.27338,51.2156],[10.27715,51.21659],[10.28672,51.2156],[10.28194,51.21184],[10.27845,51.21158],[10.28122,51.20943],[10.28496,51.21018],[10.28502,51.20827],[10.29054,51.20846],[10.29061,51.20497],[10.29817,51.20359],[10.29818,51.19918],[10.31314,51.20325],[10.31496,51.21601],[10.31829,51.21683],[10.31746,51.22691],[10.31537,51.22718],[10.31659,51.23106],[10.32853,51.23602],[10.32834,51.23728],[10.33344,51.23803],[10.33325,51.24009],[10.34115,51.24525],[10.35553,51.25068],[10.36316,51.25195],[10.3638,51.24875],[10.37427,51.24796],[10.3728,51.26272],[10.3663,51.26687],[10.36435,51.26698],[10.36376,51.265],[10.35645,51.26777],[10.35752,51.27516],[10.36306,51.28089],[10.37238,51.27972],[10.37825,51.28563],[10.38733,51.28773],[10.39894,51.28659],[10.39549,51.29092],[10.39943,51.29538],[10.43064,51.30758],[10.43833,51.31133],[10.43851,51.31327],[10.45642,51.31283],[10.474,51.31496],[10.47921,51.3179],[10.481,51.32418],[10.47631,51.3234],[10.47177,51.3265],[10.47158,51.33056],[10.46511,51.32838],[10.45936,51.33787],[10.46036,51.34032],[10.46202,51.34133],[10.48352,51.34099],[10.48445,51.34689],[10.51292,51.35704],[10.52248,51.36511],[10.52317,51.36974],[10.50746,51.37979],[10.50404,51.39119],[10.50115,51.3932],[10.49431,51.39057],[10.49363,51.39745],[10.49695,51.39915],[10.49745,51.40262],[10.49535,51.40204],[10.49498,51.4113],[10.48059,51.41413],[10.4805,51.41674],[10.48584,51.4162],[10.48726,51.42241],[10.50355,51.41771],[10.49806,51.42261],[10.49806,51.42429],[10.50226,51.42358],[10.5022,51.42633],[10.48794,51.42766],[10.48971,51.43011],[10.5,51.43017],[10.50738,51.43388],[10.51578,51.43492],[10.51975,51.43677],[10.51961,51.43908],[10.50947,51.44743],[10.51067,51.45012],[10.5085,51.45246],[10.50102,51.45365],[10.49973,51.45768],[10.50881,51.46058],[10.50853,51.46196],[10.50634,51.46212],[10.50533,51.46847],[10.50848,51.4698],[10.50615,51.47261],[10.50821,51.47922],[10.51413,51.47902],[10.51794,51.48229],[10.51765,51.48693],[10.52232,51.49164],[10.51277,51.49569],[10.51741,51.49574],[10.51862,51.50119],[10.52116,51.50159],[10.522,51.50391],[10.52679,51.50639],[10.5253,51.51042],[10.52696,51.5109],[10.52637,51.51439],[10.5291,51.51879],[10.53971,51.51968],[10.53975,51.5208],[10.53542,51.52327],[10.51997,51.52361],[10.51223,51.52539],[10.51011,51.53256],[10.51644,51.53493],[10.51483,51.53893],[10.50786,51.53693],[10.50925,51.54066],[10.48288,51.54614],[10.47307,51.55129],[10.47402,51.55267],[10.48433,51.55441],[10.48723,51.56324],[10.49255,51.56833],[10.48748,51.57291],[10.48855,51.57478],[10.4757,51.58049],[10.46828,51.58184],[10.46704,51.58338],[10.46291,51.58212],[10.45847,51.58412],[10.45097,51.58403],[10.44438,51.58966],[10.4292,51.59253],[10.4063,51.5865],[10.39781,51.58768],[10.39026,51.58605],[10.37733,51.58871],[10.37002,51.58754],[10.37254,51.58446],[10.37616,51.58337],[10.37879,51.57938],[10.37758,51.57126],[10.379,51.56857],[10.37862,51.56271],[10.37413,51.55861],[10.36537,51.55589],[10.37218,51.55299],[10.36756,51.54866],[10.36766,51.54304],[10.36167,51.54047],[10.36077,51.53808],[10.34813,51.53217],[10.34772,51.52927],[10.34353,51.52668],[10.34228,51.5195],[10.31803,51.51398],[10.31505,51.5156],[10.30882,51.51514],[10.30528,51.50893],[10.30124,51.50756],[10.29985,51.50495],[10.2991,51.49861],[10.30145,51.49593],[10.29967,51.4939],[10.29266,51.49252],[10.28443,51.49444],[10.27721,51.49151],[10.27323,51.49139],[10.27276,51.48822],[10.25215,51.48386],[10.24468,51.48374],[10.2437,51.47856],[10.23776,51.47746],[10.2348,51.47343],[10.23588,51.47143],[10.23317,51.47085],[10.22671,51.47381],[10.2244,51.47089],[10.22101,51.47191],[10.21695,51.47008],[10.21539,51.47259],[10.21687,51.47694],[10.21527,51.47715],[10.2182,51.47854],[10.21282,51.47866],[10.21437,51.48007],[10.20572,51.48724],[10.20198,51.48652],[10.19415,51.4815],[10.19019,51.48066],[10.18388,51.47224],[10.17825,51.47002],[10.17913,51.46723],[10.18583,51.46508],[10.18601,51.46217],[10.1772,51.45744],[10.18019,51.45579],[10.17431,51.44626],[10.16762,51.44445],[10.15881,51.44675],[10.15582,51.44362],[10.15215,51.44714],[10.14218,51.44465],[10.14,51.44261],[10.14252,51.43974],[10.13976,51.43932],[10.1411,51.43719],[10.15447,51.43153],[10.1504,51.42942],[10.14039,51.42972],[10.13175,51.43553],[10.13071,51.43359],[10.12773,51.43483],[10.12714,51.43383],[10.12111,51.43416],[10.11693,51.43023],[10.09084,51.43565],[10.08011,51.43456],[10.07958,51.42531],[10.07522,51.41952],[10.06911,51.41844],[10.06453,51.41982],[10.06562,51.425],[10.05969,51.42829],[10.06102,51.43246],[10.05878,51.43489],[10.0468,51.43667],[10.05144,51.43032],[10.04284,51.42757],[10.04229,51.42354],[10.03784,51.42],[10.03427,51.42073],[10.02415,51.41895],[10.00933,51.4206],[10.00761,51.411],[10.00558,51.40842],[10.00078,51.40778],[10.00038,51.40366],[9.99402,51.40389],[9.98975,51.40192],[9.9874,51.39792],[9.96594,51.39548],[9.96219,51.3924],[9.95362,51.38906],[9.94761,51.38207],[9.942,51.37843],[9.92834,51.3753],[9.92829,51.37236],[9.92546,51.37212],[9.92329,51.36804]],[[10.47058,51.41515],[10.47161,51.41717],[10.47804,51.41862],[10.47842,51.4144],[10.47058,51.41515]]]]}},{"type":"Feature","id":"16062","bbox":[10.47058,51.36447,10.97968,51.64901],"properties":{"id":"16062","name":"Nordhausen","typ":"Landkreis","bundeslandAlt":"Thüringen","bezirkAlt":"Thüringen","neueKreise":["Nordhausen"],"quelle":"VG250 / Bezirkseinführungsgesetz"},"geometry":{"type":"MultiPolygon","coordinates":[[[[10.473,51.55184],[10.48288,51.54614],[10.50925,51.54066],[10.50786,51.53693],[10.51483,51.53893],[10.51644,51.53493],[10.51011,51.53256],[10.51223,51.52539],[10.51997,51.52361],[10.53542,51.52327],[10.53975,51.5208],[10.53971,51.51968],[10.5291,51.51879],[10.52637,51.51439],[10.52696,51.5109],[10.5253,51.51042],[10.52679,51.50639],[10.522,51.50391],[10.52116,51.50159],[10.51862,51.50119],[10.51741,51.49574],[10.51277,51.49569],[10.52232,51.49164],[10.51765,51.48693],[10.51794,51.48229],[10.51413,51.47902],[10.50821,51.47922],[10.50615,51.47261],[10.50848,51.4698],[10.50533,51.46847],[10.50634,51.46212],[10.50853,51.46196],[10.50881,51.46058],[10.49973,51.45768],[10.50102,51.45365],[10.5085,51.45246],[10.51067,51.45012],[10.50947,51.44743],[10.51961,51.43908],[10.51975,51.43677],[10.51578,51.43492],[10.50738,51.43388],[10.5,51.43017],[10.48971,51.43011],[10.48794,51.42766],[10.5022,51.42633],[10.50226,51.42358],[10.49806,51.42429],[10.49806,51.42261],[10.50355,51.41771],[10.48726,51.42241],[10.48584,51.4162],[10.4805,51.41674],[10.48059,51.41413],[10.49498,51.4113],[10.49535,51.40204],[10.49745,51.40262],[10.49695,51.39915],[10.49363,51.39745],[10.49431,51.39057],[10.50115,51.3932],[10.50404,51.39119],[10.50746,51.37979],[10.51841,51.37168],[10.52317,51.36974],[10.52625,51.37108],[10.52669,51.36744],[10.53017,51.36447],[10.53582,51.36559],[10.53956,51.36895],[10.53608,51.37017],[10.53929,51.37616],[10.5485,51.37773],[10.54976,51.37912],[10.54963,51.39076],[10.55397,51.39221],[10.55588,51.39802],[10.57512,51.39218],[10.5913,51.39164],[10.59313,51.39067],[10.59062,51.3871],[10.59294,51.38434],[10.60915,51.38208],[10.61356,51.37948],[10.60313,51.37606],[10.60588,51.37591],[10.61138,51.37693],[10.62151,51.38294],[10.62863,51.38248],[10.62645,51.38655],[10.62267,51.38749],[10.62022,51.39003],[10.62559,51.39288],[10.63065,51.39192],[10.6421,51.39242],[10.64403,51.39007],[10.65572,51.39307],[10.67059,51.39425],[10.6847,51.39379],[10.68873,51.39202],[10.68851,51.39348],[10.6943,51.39552],[10.71002,51.39935],[10.71768,51.39984],[10.72011,51.39848],[10.71991,51.39521],[10.72354,51.39649],[10.72936,51.39344],[10.74165,51.39354],[10.73991,51.39461],[10.74186,51.39651],[10.74715,51.39558],[10.74847,51.39813],[10.75369,51.39023],[10.7582,51.38919],[10.76374,51.39118],[10.76959,51.39149],[10.7699,51.3938],[10.77605,51.39965],[10.77357,51.40097],[10.77466,51.40267],[10.77989,51.40694],[10.78959,51.40782],[10.80053,51.41268],[10.80607,51.41727],[10.80559,51.41925],[10.81926,51.41824],[10.81848,51.42001],[10.82631,51.42019],[10.82705,51.42217],[10.84322,51.41658],[10.85294,51.41011],[10.86432,51.41007],[10.86966,51.4079],[10.88154,51.40689],[10.88451,51.40218],[10.91268,51.40076],[10.91289,51.40478],[10.91754,51.40191],[10.92028,51.40355],[10.92185,51.4014],[10.94694,51.40746],[10.94726,51.40988],[10.95197,51.40977],[10.96951,51.41862],[10.97689,51.42466],[10.97968,51.43192],[10.96673,51.43235],[10.97093,51.44203],[10.9687,51.4426],[10.96923,51.44508],[10.96672,51.44552],[10.9727,51.45367],[10.96829,51.45442],[10.9697,51.45894],[10.96299,51.46039],[10.96407,51.46313],[10.96119,51.46315],[10.96331,51.46907],[10.96082,51.47122],[10.97043,51.48138],[10.97294,51.48196],[10.96587,51.4854],[10.9574,51.49323],[10.95208,51.49542],[10.95376,51.49815],[10.95027,51.49885],[10.94865,51.50163],[10.94663,51.49901],[10.93972,51.50073],[10.94263,51.5036],[10.94524,51.50373],[10.94509,51.50619],[10.93624,51.51152],[10.93466,51.51777],[10.93135,51.51813],[10.93375,51.51922],[10.92734,51.52085],[10.92821,51.52235],[10.93285,51.52152],[10.93515,51.53322],[10.93975,51.5356],[10.94784,51.53335],[10.94797,51.53757],[10.94,51.54192],[10.92952,51.54338],[10.9256,51.54574],[10.91606,51.54739],[10.91214,51.55026],[10.91119,51.55563],[10.90947,51.55576],[10.90917,51.55271],[10.90447,51.54964],[10.9005,51.55065],[10.89519,51.55704],[10.89678,51.56035],[10.89972,51.56105],[10.90025,51.56442],[10.89491,51.56755],[10.89268,51.5726],[10.89386,51.57638],[10.89111,51.57827],[10.88468,51.5786],[10.88205,51.58051],[10.8837,51.58613],[10.88785,51.58897],[10.88883,51.5964],[10.89385,51.59864],[10.89448,51.60183],[10.89599,51.60177],[10.89642,51.59684],[10.90333,51.59383],[10.90717,51.59496],[10.91039,51.59328],[10.93054,51.59168],[10.93097,51.59471],[10.93516,51.59725],[10.93706,51.60349],[10.93406,51.60542],[10.91409,51.61016],[10.91627,51.613],[10.92096,51.61365],[10.92201,51.61845],[10.90153,51.61187],[10.89593,51.61195],[10.894,51.61066],[10.8866,51.61211],[10.8815,51.61717],[10.88323,51.61769],[10.8795,51.61804],[10.87651,51.62187],[10.85862,51.6329],[10.8494,51.63075],[10.84094,51.63169],[10.83373,51.63069],[10.83128,51.62728],[10.82257,51.62354],[10.82115,51.62394],[10.82176,51.63342],[10.81788,51.637],[10.81822,51.63903],[10.78542,51.64188],[10.7713,51.6446],[10.76451,51.64901],[10.75568,51.64506],[10.75612,51.64175],[10.74937,51.64033],[10.73873,51.64347],[10.73709,51.64507],[10.72625,51.64489],[10.70912,51.6407],[10.70137,51.64219],[10.69869,51.63948],[10.67728,51.63838],[10.67531,51.63675],[10.67584,51.63321],[10.68248,51.62892],[10.67885,51.62832],[10.67294,51.6295],[10.66715,51.62837],[10.65676,51.62436],[10.64207,51.62257],[10.63821,51.61944],[10.6393,51.61561],[10.649,51.60651],[10.64479,51.60788],[10.64119,51.60707],[10.6335,51.6079],[10.63517,51.60598],[10.63279,51.60222],[10.63308,51.59845],[10.63814,51.58941],[10.63867,51.58412],[10.64372,51.58454],[10.64957,51.58237],[10.65836,51.5819],[10.65912,51.58006],[10.66631,51.5781],[10.66553,51.57447],[10.65838,51.56666],[10.66074,51.56075],[10.65893,51.56111],[10.6568,51.5583],[10.65256,51.56021],[10.65173,51.55878],[10.64477,51.56002],[10.64552,51.56278],[10.63653,51.56223],[10.63303,51.56586],[10.6266,51.56776],[10.62542,51.56956],[10.62795,51.57206],[10.62164,51.57577],[10.61204,51.57923],[10.60426,51.57958],[10.59933,51.57846],[10.59814,51.57572],[10.59287,51.57345],[10.58791,51.56759],[10.58425,51.56739],[10.58442,51.56591],[10.57737,51.56596],[10.57649,51.56268],[10.56999,51.56334],[10.56662,51.55978],[10.56027,51.55707],[10.54546,51.55573],[10.53405,51.55936],[10.5297,51.55659],[10.51897,51.55376],[10.51031,51.55622],[10.50784,51.56168],[10.50606,51.56347],[10.50349,51.56239],[10.4957,51.57279],[10.48855,51.57478],[10.48748,51.57291],[10.49255,51.56833],[10.48723,51.56324],[10.48554,51.55616],[10.48303,51.55351],[10.473,51.55184]]],[[[10.47058,51.41515],[10.47842,51.4144],[10.47804,51.41862],[10.47161,51.41717],[10.47058,51.41515]]]]}},{"type":"Feature","id":"16063","bbox":[9.87698,50.62683,10.61722,51.15301],"properties":{"id":"16063","name":"Wartburgkreis","typ":"Landkreis","bundeslandAlt":"Thüringen","bezirkAlt":"Thüringen","neueKreise":["Eisenach","Wartburgkreis"],"quelle":"VG250 / Bezirkseinführungsgesetz"},"geometry":{"type":"MultiPolygon","coordinates":[[[[9.87698,50.64174],[9.87855,50.63478],[9.88157,50.63403],[9.88611,50.63394],[9.89972,50.63712],[9.90611,50.64038],[9.91038,50.63635],[9.91611,50.63662],[9.9221,50.63451],[9.9297,50.62902],[9.94009,50.62865],[9.94593,50.62683],[9.95258,50.62895],[9.96072,50.62948],[9.96025,50.63551],[9.9689,50.64126],[9.94971,50.65587],[9.94899,50.65808],[9.95088,50.66032],[9.94758,50.6623],[9.94911,50.66414],[9.95221,50.6662],[9.95798,50.66648],[9.96069,50.66844],[9.96303,50.66654],[9.9693,50.66753],[9.9736,50.66595],[9.97468,50.66869],[9.97708,50.66836],[9.98954,50.67459],[10.00199,50.6766],[10.02141,50.67304],[10.03135,50.67555],[10.04893,50.67393],[10.05632,50.66808],[10.05644,50.67124],[10.06023,50.6693],[10.07159,50.67172],[10.07434,50.66743],[10.08643,50.66625],[10.07736,50.66487],[10.07275,50.66074],[10.07125,50.65868],[10.07414,50.65021],[10.07488,50.6515],[10.08242,50.65037],[10.08577,50.65106],[10.08702,50.64897],[10.09238,50.65187],[10.09441,50.65105],[10.09755,50.65427],[10.10055,50.65319],[10.09626,50.65071],[10.09662,50.64818],[10.10281,50.65127],[10.10152,50.65471],[10.10408,50.65784],[10.11223,50.65868],[10.11353,50.6563],[10.11618,50.65971],[10.1189,50.65829],[10.11716,50.65565],[10.11926,50.65546],[10.12193,50.65084],[10.12367,50.65144],[10.12536,50.6496],[10.12624,50.64433],[10.12699,50.64661],[10.1317,50.64477],[10.13254,50.65012],[10.12935,50.6507],[10.13056,50.65457],[10.14169,50.66013],[10.14247,50.66362],[10.16149,50.66946],[10.16357,50.67138],[10.16567,50.6679],[10.16899,50.6678],[10.17095,50.67179],[10.17485,50.6729],[10.17607,50.66972],[10.18865,50.68658],[10.19273,50.68843],[10.18388,50.6936],[10.18478,50.69473],[10.18701,50.69364],[10.19415,50.6959],[10.19131,50.69774],[10.18369,50.69772],[10.18633,50.70299],[10.1847,50.70514],[10.18205,50.7045],[10.18395,50.7093],[10.1814,50.70952],[10.18007,50.71121],[10.18558,50.71262],[10.18385,50.71786],[10.19496,50.72038],[10.19657,50.71922],[10.21049,50.72427],[10.22183,50.735],[10.22238,50.73748],[10.21273,50.74177],[10.22055,50.74777],[10.22107,50.7508],[10.21072,50.75698],[10.20884,50.76263],[10.21059,50.76338],[10.20638,50.76791],[10.20296,50.77663],[10.20557,50.77385],[10.21377,50.77312],[10.22762,50.77481],[10.22641,50.77329],[10.23395,50.77252],[10.23186,50.77028],[10.23656,50.76675],[10.23728,50.76752],[10.24049,50.76639],[10.24087,50.76856],[10.24496,50.7706],[10.24248,50.77503],[10.24533,50.77446],[10.2485,50.7721],[10.24487,50.76569],[10.2476,50.76433],[10.26266,50.76382],[10.26954,50.76949],[10.28247,50.76979],[10.28702,50.77762],[10.29041,50.77873],[10.29808,50.77607],[10.29635,50.77464],[10.2981,50.77284],[10.30248,50.77332],[10.30491,50.77488],[10.30055,50.78059],[10.30366,50.78114],[10.30525,50.77955],[10.30712,50.78143],[10.30723,50.78],[10.31208,50.77971],[10.31394,50.78062],[10.312,50.78238],[10.32726,50.78854],[10.33266,50.78685],[10.34287,50.77978],[10.34985,50.78088],[10.35649,50.77861],[10.35887,50.77987],[10.36233,50.77921],[10.36768,50.78287],[10.3794,50.78355],[10.37904,50.78627],[10.38471,50.78649],[10.38162,50.79016],[10.37654,50.79156],[10.37932,50.79236],[10.37446,50.79599],[10.38276,50.79818],[10.38116,50.80168],[10.38414,50.80345],[10.39007,50.80367],[10.37923,50.80665],[10.39318,50.81063],[10.39431,50.81494],[10.3927,50.81556],[10.39591,50.81688],[10.40493,50.81541],[10.40672,50.82019],[10.40533,50.83266],[10.41209,50.84606],[10.41209,50.84998],[10.40609,50.85438],[10.40343,50.86215],[10.40086,50.86428],[10.4071,50.86758],[10.41992,50.88688],[10.42588,50.89105],[10.43796,50.89339],[10.43578,50.89423],[10.43445,50.89747],[10.43646,50.90058],[10.43481,50.90381],[10.43831,50.90418],[10.43723,50.9061],[10.44343,50.909],[10.45365,50.9099],[10.45374,50.9109],[10.46161,50.91233],[10.46534,50.9114],[10.47705,50.91269],[10.48051,50.91786],[10.48064,50.91326],[10.48368,50.91114],[10.47931,50.89781],[10.4855,50.89459],[10.4931,50.89734],[10.49536,50.89553],[10.49731,50.89695],[10.49624,50.90805],[10.48603,50.91083],[10.48473,50.92016],[10.49412,50.92289],[10.49153,50.92508],[10.49183,50.92896],[10.49717,50.93321],[10.5005,50.93256],[10.50262,50.93492],[10.50413,50.93789],[10.501,50.9383],[10.49947,50.94909],[10.50496,50.95511],[10.50756,50.95451],[10.51423,50.96015],[10.51299,50.96156],[10.52083,50.96634],[10.51999,50.96748],[10.51386,50.96621],[10.50111,50.96672],[10.50097,50.96769],[10.49658,50.96666],[10.49175,50.96987],[10.48614,50.96978],[10.48514,50.97264],[10.48998,50.97381],[10.48831,50.97684],[10.48368,50.97574],[10.48039,50.97871],[10.48188,50.97954],[10.48151,50.98352],[10.48429,50.98426],[10.48011,50.9878],[10.48084,50.99393],[10.49356,50.99455],[10.49662,50.99276],[10.50836,50.99611],[10.50659,50.99911],[10.51591,51.0031],[10.51705,51.00174],[10.5213,51.00182],[10.52139,51.00454],[10.5299,51.00545],[10.56225,51.01452],[10.56479,51.02115],[10.57574,51.02328],[10.58594,51.02238],[10.58847,51.02376],[10.59306,51.02388],[10.5936,51.02509],[10.59859,51.02485],[10.5975,51.02626],[10.60389,51.02962],[10.60575,51.03334],[10.61471,51.03916],[10.60988,51.04422],[10.60459,51.04597],[10.60411,51.04849],[10.60826,51.05009],[10.60796,51.05346],[10.61722,51.05607],[10.61651,51.05815],[10.59451,51.05442],[10.59357,51.05586],[10.55293,51.0614],[10.54584,51.06015],[10.53476,51.06334],[10.52392,51.06252],[10.52184,51.06927],[10.51941,51.07127],[10.52065,51.07155],[10.51398,51.07846],[10.50021,51.0761],[10.4872,51.07572],[10.48347,51.08418],[10.4634,51.07642],[10.4408,51.07775],[10.44047,51.07503],[10.44972,51.072],[10.44548,51.06789],[10.44959,51.06611],[10.45161,51.06306],[10.44304,51.05671],[10.44427,51.05332],[10.43508,51.04949],[10.43287,51.05255],[10.43505,51.05486],[10.42716,51.05593],[10.42242,51.05912],[10.42049,51.06328],[10.4135,51.06592],[10.42079,51.06781],[10.42361,51.07281],[10.41228,51.06785],[10.4105,51.0698],[10.41205,51.0707],[10.40716,51.07091],[10.40723,51.07212],[10.39961,51.07607],[10.38375,51.07926],[10.38444,51.08316],[10.39363,51.08702],[10.39488,51.08932],[10.39334,51.09562],[10.3832,51.09988],[10.37417,51.09904],[10.37453,51.10131],[10.37049,51.10448],[10.36727,51.10352],[10.36519,51.10542],[10.36994,51.10763],[10.37076,51.11032],[10.36842,51.11065],[10.37053,51.11232],[10.37141,51.11808],[10.3662,51.12338],[10.36245,51.12335],[10.36373,51.12576],[10.35742,51.12375],[10.34885,51.1238],[10.33857,51.13768],[10.33152,51.13328],[10.32512,51.13392],[10.32019,51.13106],[10.31712,51.13222],[10.31428,51.13939],[10.30747,51.14328],[10.30439,51.14872],[10.29942,51.1494],[10.28591,51.14404],[10.28757,51.13792],[10.28415,51.13522],[10.27247,51.13626],[10.27275,51.13986],[10.28205,51.1459],[10.28138,51.14802],[10.2729,51.1449],[10.26611,51.14435],[10.26542,51.14848],[10.26794,51.14924],[10.26673,51.15094],[10.26235,51.15154],[10.25706,51.15104],[10.2579,51.14725],[10.25468,51.14664],[10.24656,51.14723],[10.2402,51.14478],[10.2218,51.14695],[10.21001,51.14408],[10.21043,51.14064],[10.20379,51.13566],[10.20575,51.12726],[10.21071,51.12596],[10.21072,51.12291],[10.20619,51.12211],[10.20935,51.11817],[10.20656,51.11805],[10.20742,51.11681],[10.1981,51.11288],[10.18945,51.11677],[10.18962,51.12198],[10.17921,51.12765],[10.17848,51.13076],[10.18524,51.13249],[10.18343,51.13792],[10.18588,51.13844],[10.1849,51.14112],[10.17745,51.14167],[10.17626,51.1473],[10.1681,51.15301],[10.15761,51.14801],[10.15261,51.14868],[10.1466,51.14455],[10.12573,51.14634],[10.12783,51.14376],[10.11832,51.13957],[10.12073,51.13693],[10.12641,51.13659],[10.1291,51.13453],[10.13082,51.13519],[10.13543,51.12978],[10.13972,51.12762],[10.13999,51.12471],[10.14623,51.12579],[10.14925,51.12036],[10.15379,51.11846],[10.16,51.11948],[10.1703,51.11894],[10.17463,51.11687],[10.17326,51.11132],[10.17573,51.10953],[10.17549,51.10691],[10.1721,51.10543],[10.1672,51.1081],[10.16042,51.10805],[10.1591,51.10523],[10.16397,51.10315],[10.16568,51.0995],[10.15711,51.09632],[10.15592,51.09325],[10.14658,51.08751],[10.14469,51.08481],[10.14805,51.08371],[10.14676,51.08208],[10.15127,51.07797],[10.14976,51.07535],[10.15167,51.07438],[10.15104,51.07286],[10.15519,51.07042],[10.14426,51.066],[10.14702,51.0614],[10.1408,51.06041],[10.14059,51.05849],[10.14545,51.05685],[10.14647,51.05507],[10.16022,51.05337],[10.17107,51.04918],[10.18157,51.04801],[10.18467,51.04903],[10.18477,51.04569],[10.19885,51.04009],[10.19851,51.03855],[10.20475,51.03479],[10.20293,51.03161],[10.21519,51.02642],[10.20856,51.01897],[10.20421,51.02019],[10.20312,51.01863],[10.19537,51.02094],[10.19262,51.01853],[10.19382,51.01599],[10.20121,51.0139],[10.2029,51.00811],[10.19695,51.00663],[10.19567,51.00206],[10.19223,51.00199],[10.19079,50.99907],[10.18127,50.99842],[10.17816,50.996],[10.17523,50.99857],[10.17219,50.99628],[10.16989,50.99669],[10.16985,50.99882],[10.17328,51.00005],[10.16908,51.00193],[10.16624,50.99761],[10.14974,50.99398],[10.13485,50.99565],[10.12731,51.00074],[10.12843,51.003],[10.13308,51.00482],[10.12827,51.00888],[10.12084,51.0117],[10.11631,51.01168],[10.1083,51.00922],[10.10348,51.00337],[10.09427,51.00736],[10.07351,51.01137],[10.06567,51.00942],[10.05364,51.01315],[10.0364,51.01238],[10.03243,51.01105],[10.02767,51.00646],[10.02828,51.00303],[10.02492,50.99676],[10.0211,50.99389],[10.02382,50.98536],[10.01947,50.98071],[10.02426,50.9762],[10.03192,50.9742],[10.03345,50.97141],[10.04095,50.96753],[10.03216,50.95964],[10.04204,50.95723],[10.04565,50.95032],[10.04295,50.94984],[10.04305,50.94848],[10.04804,50.94746],[10.04787,50.94612],[10.06119,50.94797],[10.06387,50.94543],[10.06235,50.94378],[10.05362,50.93978],[10.02944,50.93811],[10.0273,50.94342],[10.0249,50.94375],[10.02429,50.94108],[10.01658,50.93963],[10.01756,50.93713],[10.01356,50.93474],[10.0114,50.93481],[10.00338,50.94063],[9.99929,50.93664],[9.99808,50.93942],[9.99101,50.94357],[9.98943,50.94292],[9.99156,50.9409],[9.98739,50.94171],[9.98209,50.93906],[9.98094,50.94071],[9.97513,50.94206],[9.97507,50.94342],[9.96831,50.94134],[9.96372,50.94276],[9.95009,50.94225],[9.95656,50.93366],[9.95333,50.92772],[9.94958,50.92748],[9.94969,50.92651],[9.95714,50.9226],[9.96607,50.92875],[9.96356,50.93103],[9.96556,50.93358],[9.97219,50.93183],[9.98167,50.93252],[9.99033,50.93517],[9.992,50.93451],[9.98863,50.93314],[9.98911,50.93131],[9.98669,50.92967],[9.9877,50.92784],[9.98567,50.92792],[9.98579,50.92461],[9.98189,50.91995],[9.98035,50.92059],[9.96963,50.91349],[9.96844,50.91094],[9.97146,50.90741],[9.97822,50.9053],[9.98449,50.90699],[9.98533,50.91023],[9.98914,50.91322],[10.00366,50.92155],[10.0111,50.91998],[10.01564,50.92062],[10.01623,50.91755],[10.02467,50.91447],[10.02485,50.9118],[10.03503,50.91002],[10.034,50.90882],[10.03986,50.9043],[10.03837,50.90338],[10.0407,50.90153],[10.05091,50.90009],[10.05103,50.89843],[10.04723,50.89781],[10.04677,50.89527],[10.04195,50.89334],[10.04787,50.88885],[10.04973,50.89115],[10.05346,50.89007],[10.05246,50.89261],[10.05844,50.89018],[10.05624,50.8874],[10.0598,50.88539],[10.05709,50.88537],[10.0566,50.88354],[10.05885,50.88279],[10.05598,50.87977],[10.05256,50.8795],[10.04362,50.8746],[10.03903,50.87376],[10.03318,50.86941],[10.02428,50.86723],[10.02189,50.86449],[10.01869,50.85567],[10.02193,50.84786],[10.03599,50.85386],[10.03862,50.85311],[10.03588,50.84731],[10.03775,50.8453],[10.03399,50.84469],[10.03446,50.84272],[10.02681,50.84128],[10.02849,50.83581],[10.02305,50.83163],[10.00986,50.83525],[10.00684,50.83768],[10.00296,50.8339],[10.00195,50.8289],[9.99764,50.82769],[9.99802,50.82651],[9.99465,50.82576],[9.99188,50.82963],[9.99149,50.82825],[9.98765,50.82826],[9.98385,50.82962],[9.98426,50.83189],[9.98269,50.83236],[9.98212,50.83133],[9.97682,50.83327],[9.96683,50.82666],[9.95225,50.82137],[9.95023,50.81518],[9.95642,50.81605],[9.95744,50.81236],[9.95472,50.81097],[9.95668,50.80962],[9.9456,50.80126],[9.94357,50.7977],[9.94407,50.79421],[9.94943,50.78823],[9.95513,50.78555],[9.94978,50.78038],[9.95409,50.77936],[9.95191,50.77758],[9.95213,50.77329],[9.95009,50.77183],[9.94332,50.77123],[9.94875,50.77869],[9.94543,50.77893],[9.9417,50.77523],[9.93821,50.77565],[9.93715,50.7741],[9.93087,50.77713],[9.92843,50.77659],[9.92553,50.77467],[9.92892,50.76963],[9.92013,50.75961],[9.92665,50.75656],[9.9338,50.75754],[9.93961,50.75592],[9.93858,50.75333],[9.9404,50.74771],[9.93863,50.74368],[9.94102,50.74342],[9.94137,50.74184],[9.9415,50.73914],[9.93579,50.73401],[9.93788,50.73286],[9.9343,50.72635],[9.93516,50.72412],[9.93063,50.72231],[9.91184,50.7087],[9.90889,50.70453],[9.91065,50.70069],[9.92026,50.69782],[9.92155,50.69557],[9.92396,50.69513],[9.91554,50.6937],[9.91454,50.69136],[9.91208,50.69081],[9.91266,50.68831],[9.90622,50.68419],[9.90201,50.68411],[9.89896,50.6824],[9.89468,50.68372],[9.88858,50.67687],[9.88127,50.67338],[9.88278,50.67249],[9.87999,50.66986],[9.88173,50.66863],[9.87955,50.66645],[9.8846,50.65509],[9.88422,50.65081],[9.87698,50.64174]],[[10.08076,50.66993],[10.08133,50.67156],[10.08529,50.67056],[10.08413,50.66912],[10.08076,50.66993]]],[[[10.05721,50.66616],[10.06737,50.65718],[10.06754,50.66092],[10.06125,50.66515],[10.06097,50.66708],[10.05721,50.66616]]]]}},{"type":"Feature","id":"16064","bbox":[10.1853,51.03227,10.92263,51.3433],"properties":{"id":"16064","name":"Unstrut-Hainich-Kreis","typ":"Landkreis","bundeslandAlt":"Thüringen","bezirkAlt":"Thüringen","neueKreise":["Unstrut-Hainich-Kreis"],"quelle":"VG250 / Bezirkseinführungsgesetz"},"geometry":{"type":"MultiPolygon","coordinates":[[[[10.1853,51.21874],[10.18577,51.21394],[10.18975,51.21392],[10.19143,51.21062],[10.19568,51.21083],[10.19611,51.20886],[10.19336,51.20893],[10.1968,51.20677],[10.19627,51.20534],[10.20717,51.19946],[10.20202,51.1998],[10.20195,51.19829],[10.20878,51.19653],[10.20645,51.1954],[10.20412,51.19685],[10.20264,51.1945],[10.20735,51.19206],[10.20694,51.19065],[10.21125,51.19044],[10.21414,51.18704],[10.22019,51.18574],[10.23048,51.18813],[10.23578,51.1867],[10.23341,51.17886],[10.22985,51.17491],[10.20732,51.16492],[10.20776,51.15477],[10.20141,51.15182],[10.20038,51.14993],[10.20376,51.14625],[10.20906,51.1435],[10.22298,51.147],[10.2402,51.14478],[10.24656,51.14723],[10.2579,51.14725],[10.25706,51.15104],[10.26575,51.15108],[10.26794,51.14924],[10.26542,51.14848],[10.26611,51.14435],[10.2729,51.1449],[10.28138,51.14802],[10.28205,51.1459],[10.27275,51.13986],[10.27247,51.13626],[10.28415,51.13522],[10.28757,51.13792],[10.28591,51.14404],[10.29942,51.1494],[10.3023,51.14841],[10.30209,51.14925],[10.30439,51.14872],[10.30838,51.14257],[10.31239,51.14134],[10.31712,51.13222],[10.32019,51.13106],[10.32512,51.13392],[10.33152,51.13328],[10.33857,51.13768],[10.34514,51.13024],[10.34748,51.12447],[10.35742,51.12375],[10.36373,51.12576],[10.36245,51.12335],[10.3662,51.12338],[10.37141,51.11808],[10.37053,51.11232],[10.36842,51.11065],[10.37076,51.11032],[10.36994,51.10763],[10.36519,51.10542],[10.36727,51.10352],[10.37049,51.10448],[10.37453,51.10131],[10.37417,51.09904],[10.3832,51.09988],[10.39334,51.09562],[10.39488,51.08932],[10.39363,51.08702],[10.38444,51.08316],[10.38375,51.07926],[10.39961,51.07607],[10.40723,51.07212],[10.40716,51.07091],[10.41205,51.0707],[10.4105,51.0698],[10.41228,51.06785],[10.42361,51.07281],[10.42079,51.06781],[10.4135,51.06592],[10.42049,51.06328],[10.42242,51.05912],[10.42716,51.05593],[10.43505,51.05486],[10.43287,51.05255],[10.43508,51.04949],[10.44427,51.05332],[10.44304,51.05671],[10.45161,51.06306],[10.44959,51.06611],[10.44548,51.06789],[10.44972,51.072],[10.44047,51.07503],[10.4408,51.07775],[10.4634,51.07642],[10.48347,51.08418],[10.4872,51.07572],[10.50021,51.0761],[10.51398,51.07846],[10.52065,51.07155],[10.51941,51.07127],[10.52184,51.06927],[10.52392,51.06252],[10.53476,51.06334],[10.54584,51.06015],[10.55293,51.0614],[10.59357,51.05586],[10.59451,51.05442],[10.61651,51.05815],[10.61722,51.05607],[10.60796,51.05346],[10.60916,51.05126],[10.60411,51.04849],[10.60459,51.04597],[10.60988,51.04422],[10.61471,51.03916],[10.61726,51.03842],[10.61667,51.03977],[10.6187,51.04006],[10.62387,51.03608],[10.62224,51.03348],[10.6242,51.03227],[10.63466,51.03406],[10.63548,51.03254],[10.6427,51.03313],[10.64387,51.03427],[10.64207,51.03744],[10.64573,51.03898],[10.65326,51.03955],[10.65212,51.04171],[10.65578,51.04248],[10.65665,51.04148],[10.66017,51.04199],[10.66179,51.04015],[10.66538,51.0411],[10.66747,51.03851],[10.67975,51.0388],[10.70077,51.04788],[10.6999,51.04989],[10.71119,51.05237],[10.70765,51.06393],[10.7024,51.07019],[10.70628,51.07357],[10.70395,51.07601],[10.70071,51.07511],[10.69494,51.08001],[10.69576,51.08235],[10.70542,51.08742],[10.70349,51.0939],[10.70719,51.0979],[10.70338,51.09822],[10.70726,51.10221],[10.71754,51.10419],[10.73295,51.1117],[10.74305,51.1117],[10.75396,51.10925],[10.75743,51.10717],[10.75655,51.10571],[10.76341,51.10616],[10.76817,51.10099],[10.77092,51.09304],[10.80987,51.09799],[10.83765,51.09448],[10.8829,51.09878],[10.88401,51.10133],[10.87683,51.12609],[10.88479,51.12822],[10.8889,51.12637],[10.89186,51.12682],[10.89074,51.12854],[10.89997,51.13171],[10.89991,51.13442],[10.90546,51.13295],[10.91113,51.13368],[10.90748,51.14264],[10.91427,51.14208],[10.91429,51.14426],[10.91789,51.14724],[10.91552,51.14793],[10.91587,51.15054],[10.90777,51.15138],[10.9101,51.1661],[10.90523,51.17949],[10.92014,51.18273],[10.91985,51.18455],[10.91536,51.18575],[10.91742,51.1972],[10.9216,51.19678],[10.92263,51.20521],[10.8953,51.20591],[10.89498,51.2177],[10.87642,51.21704],[10.87533,51.21951],[10.86908,51.21917],[10.86882,51.22051],[10.85425,51.21569],[10.8539,51.22041],[10.85097,51.21899],[10.84357,51.21995],[10.84358,51.22098],[10.83385,51.22115],[10.8356,51.22258],[10.81563,51.22244],[10.78472,51.21781],[10.78578,51.21387],[10.78224,51.21382],[10.7804,51.21215],[10.7789,51.21545],[10.77711,51.21532],[10.77734,51.21318],[10.77335,51.21338],[10.77241,51.21053],[10.76941,51.21053],[10.76994,51.20693],[10.7595,51.20436],[10.76055,51.21075],[10.75845,51.21107],[10.75891,51.21296],[10.76198,51.21398],[10.76258,51.21812],[10.75869,51.22195],[10.74622,51.22144],[10.74596,51.21781],[10.74183,51.21582],[10.73401,51.21665],[10.73327,51.21204],[10.72859,51.21389],[10.72458,51.21463],[10.72039,51.21363],[10.70907,51.21669],[10.71156,51.2198],[10.70594,51.22155],[10.70092,51.22626],[10.70292,51.2328],[10.69509,51.24122],[10.69288,51.25321],[10.69064,51.25319],[10.69011,51.2553],[10.68528,51.25665],[10.68272,51.26916],[10.67959,51.27521],[10.67732,51.27591],[10.67672,51.27944],[10.67044,51.28045],[10.66835,51.28256],[10.65757,51.28414],[10.65758,51.28592],[10.65526,51.28667],[10.6542,51.28481],[10.64405,51.28634],[10.6414,51.28968],[10.63439,51.2888],[10.63106,51.29972],[10.62254,51.30321],[10.62415,51.30684],[10.6136,51.31323],[10.6135,51.31619],[10.6094,51.31851],[10.60576,51.31837],[10.60421,51.31991],[10.59477,51.31863],[10.57016,51.32435],[10.56878,51.32656],[10.56163,51.32635],[10.55975,51.31938],[10.5582,51.31805],[10.55454,51.3183],[10.55261,51.31417],[10.54626,51.31315],[10.54606,51.31514],[10.54357,51.31505],[10.54338,51.31278],[10.53592,51.3117],[10.52829,51.30506],[10.5244,51.30495],[10.49615,51.31131],[10.49928,51.32122],[10.50708,51.32486],[10.50791,51.32784],[10.50143,51.32735],[10.49823,51.32836],[10.49797,51.33656],[10.50066,51.33798],[10.49288,51.33843],[10.48357,51.3433],[10.48352,51.34099],[10.46202,51.34133],[10.45936,51.33787],[10.46511,51.32838],[10.47158,51.33056],[10.47177,51.3265],[10.47631,51.3234],[10.481,51.32418],[10.47921,51.3179],[10.474,51.31496],[10.45642,51.31283],[10.43851,51.31327],[10.43833,51.31133],[10.43064,51.30758],[10.39943,51.29538],[10.39549,51.29092],[10.39894,51.28659],[10.38733,51.28773],[10.37825,51.28563],[10.37238,51.27972],[10.36306,51.28089],[10.35752,51.27516],[10.35645,51.26777],[10.36376,51.265],[10.36435,51.26698],[10.3663,51.26687],[10.3728,51.26272],[10.37427,51.24796],[10.3638,51.24875],[10.36316,51.25195],[10.35553,51.25068],[10.34115,51.24525],[10.33325,51.24009],[10.33344,51.23803],[10.32834,51.23728],[10.32853,51.23602],[10.31659,51.23106],[10.31537,51.22718],[10.31746,51.22691],[10.31829,51.21683],[10.31496,51.21601],[10.31314,51.20325],[10.29818,51.19918],[10.29817,51.20359],[10.29061,51.20497],[10.29054,51.20846],[10.28502,51.20827],[10.28496,51.21018],[10.28122,51.20943],[10.27845,51.21158],[10.28194,51.21184],[10.28672,51.2156],[10.27715,51.21659],[10.27338,51.2156],[10.26855,51.22008],[10.26834,51.22457],[10.25987,51.2218],[10.2486,51.22286],[10.25254,51.22834],[10.2517,51.23062],[10.24982,51.22896],[10.2352,51.2274],[10.23145,51.22948],[10.22987,51.22887],[10.22944,51.23161],[10.22412,51.23077],[10.21875,51.23182],[10.21032,51.2268],[10.20737,51.22767],[10.20614,51.22613],[10.20433,51.22646],[10.20287,51.22882],[10.19692,51.22632],[10.19459,51.22426],[10.19443,51.21882],[10.18818,51.22094],[10.1853,51.21874]]]]}},{"type":"Feature","id":"16065","bbox":[10.48357,51.19967,11.47523,51.42979],"properties":{"id":"16065","name":"Kyffhäuserkreis","typ":"Landkreis","bundeslandAlt":"Thüringen","bezirkAlt":"Thüringen","neueKreise":["Artern","Sondershausen"],"quelle":"VG250 / Bezirkseinführungsgesetz"},"geometry":{"type":"MultiPolygon","coordinates":[[[[10.48358,51.34629],[10.48357,51.3433],[10.48811,51.34184],[10.48882,51.34018],[10.49628,51.33756],[10.50066,51.33798],[10.49797,51.33656],[10.49823,51.32836],[10.50143,51.32735],[10.50791,51.32784],[10.50708,51.32486],[10.49928,51.32122],[10.49615,51.31131],[10.5244,51.30495],[10.52829,51.30506],[10.53592,51.3117],[10.54338,51.31278],[10.54357,51.31505],[10.54606,51.31514],[10.54626,51.31315],[10.55261,51.31417],[10.55454,51.3183],[10.5582,51.31805],[10.55975,51.31938],[10.56163,51.32635],[10.56878,51.32656],[10.57016,51.32435],[10.59477,51.31863],[10.60421,51.31991],[10.60576,51.31837],[10.6094,51.31851],[10.6135,51.31619],[10.6136,51.31323],[10.62415,51.30684],[10.62254,51.30321],[10.63106,51.29972],[10.63439,51.2888],[10.6414,51.28968],[10.64405,51.28634],[10.6542,51.28481],[10.65526,51.28667],[10.65758,51.28592],[10.65757,51.28414],[10.66835,51.28256],[10.67044,51.28045],[10.67672,51.27944],[10.67732,51.27591],[10.67959,51.27521],[10.68272,51.26916],[10.68528,51.25665],[10.69011,51.2553],[10.69064,51.25319],[10.69288,51.25321],[10.69509,51.24122],[10.70292,51.2328],[10.70092,51.22626],[10.70594,51.22155],[10.71156,51.2198],[10.70907,51.21669],[10.72039,51.21363],[10.72458,51.21463],[10.72859,51.21389],[10.73327,51.21204],[10.73401,51.21665],[10.74183,51.21582],[10.74596,51.21781],[10.74622,51.22144],[10.75869,51.22195],[10.76258,51.21812],[10.76198,51.21398],[10.75891,51.21296],[10.75845,51.21107],[10.76055,51.21075],[10.7595,51.20436],[10.76994,51.20693],[10.76941,51.21053],[10.77241,51.21053],[10.77335,51.21338],[10.77734,51.21318],[10.77711,51.21532],[10.7789,51.21545],[10.7804,51.21215],[10.78224,51.21382],[10.78578,51.21387],[10.78472,51.21781],[10.81563,51.22244],[10.8356,51.22258],[10.83385,51.22115],[10.84358,51.22098],[10.84357,51.21995],[10.85097,51.21899],[10.8539,51.22041],[10.85425,51.21569],[10.86882,51.22051],[10.86908,51.21917],[10.87533,51.21951],[10.87642,51.21704],[10.89498,51.2177],[10.8953,51.20591],[10.93613,51.20546],[10.94142,51.20382],[10.96169,51.20574],[10.96269,51.20341],[10.96902,51.19967],[10.9727,51.19995],[10.97342,51.20917],[10.97724,51.21916],[10.97908,51.21904],[10.98055,51.22189],[10.98647,51.22156],[10.98685,51.22277],[10.98957,51.22253],[10.98785,51.21818],[10.99019,51.21781],[10.9914,51.22241],[11.00134,51.22098],[11.00263,51.2246],[11.00117,51.22598],[11.00298,51.22599],[11.00479,51.23333],[11.01018,51.23248],[11.00781,51.24546],[11.00518,51.24551],[11.00484,51.24772],[10.99842,51.24673],[10.99831,51.24854],[10.99418,51.24822],[10.99328,51.25386],[10.99508,51.25938],[11.00441,51.26693],[11.01842,51.26827],[11.01783,51.27178],[11.02731,51.27081],[11.03017,51.27329],[11.03282,51.28078],[11.03801,51.28473],[11.03109,51.29012],[11.03487,51.29179],[11.05309,51.29174],[11.05561,51.29575],[11.06837,51.29726],[11.06184,51.30025],[11.06114,51.30648],[11.05923,51.30747],[11.06291,51.30959],[11.05544,51.31294],[11.06923,51.31704],[11.069,51.32262],[11.07536,51.32207],[11.07827,51.31956],[11.0885,51.3177],[11.10779,51.31099],[11.10797,51.30921],[11.1016,51.30984],[11.09689,51.29595],[11.10159,51.2959],[11.10075,51.30079],[11.10652,51.30184],[11.11334,51.30073],[11.11411,51.2952],[11.11849,51.29559],[11.12026,51.28772],[11.12953,51.28829],[11.1295,51.28665],[11.14222,51.28682],[11.14233,51.28377],[11.1477,51.28462],[11.14935,51.2834],[11.15303,51.28595],[11.15734,51.28437],[11.15875,51.28108],[11.15594,51.28214],[11.15451,51.28043],[11.16254,51.27457],[11.16005,51.26737],[11.15667,51.26539],[11.15706,51.26245],[11.15371,51.26338],[11.15536,51.26084],[11.15091,51.26011],[11.15256,51.25889],[11.1504,51.25648],[11.16021,51.25375],[11.1628,51.25612],[11.16435,51.25571],[11.16316,51.25433],[11.16867,51.25261],[11.16756,51.25166],[11.18434,51.24824],[11.18362,51.24573],[11.18639,51.2465],[11.21385,51.24066],[11.2122,51.23571],[11.21728,51.23458],[11.2198,51.23452],[11.22098,51.23968],[11.22567,51.23927],[11.23264,51.24652],[11.24207,51.24406],[11.24378,51.2457],[11.24212,51.24713],[11.25147,51.25482],[11.24904,51.25627],[11.25168,51.2576],[11.25527,51.25709],[11.25212,51.26091],[11.25555,51.26448],[11.26008,51.2615],[11.26469,51.26124],[11.26775,51.25781],[11.27936,51.25329],[11.27801,51.2518],[11.28592,51.24911],[11.28989,51.24604],[11.29453,51.24438],[11.30248,51.24402],[11.30681,51.24867],[11.31418,51.2512],[11.32662,51.26346],[11.32506,51.26658],[11.32757,51.27112],[11.32079,51.27065],[11.32199,51.27318],[11.31996,51.27345],[11.31744,51.27056],[11.31204,51.26934],[11.31188,51.27088],[11.30562,51.27175],[11.30564,51.27318],[11.3135,51.27369],[11.31403,51.27692],[11.30698,51.28421],[11.31341,51.28926],[11.32166,51.29201],[11.32659,51.28856],[11.33266,51.28968],[11.33737,51.28818],[11.3389,51.28618],[11.33271,51.2829],[11.32628,51.28187],[11.32464,51.2797],[11.33064,51.27353],[11.33388,51.2743],[11.33653,51.27213],[11.34227,51.27412],[11.34659,51.2739],[11.35242,51.27267],[11.3515,51.26755],[11.35934,51.2675],[11.3596,51.26216],[11.35121,51.25813],[11.35748,51.25458],[11.35794,51.2564],[11.36236,51.25733],[11.37378,51.25464],[11.38033,51.25573],[11.38194,51.25218],[11.38486,51.25135],[11.39146,51.25246],[11.38954,51.24785],[11.38537,51.24589],[11.38753,51.24407],[11.40061,51.24291],[11.3978,51.23674],[11.40157,51.23627],[11.41263,51.24106],[11.41357,51.24298],[11.41997,51.24636],[11.41835,51.24761],[11.42181,51.25324],[11.42578,51.2556],[11.42929,51.25468],[11.43245,51.25651],[11.43544,51.26102],[11.43952,51.26338],[11.44128,51.26696],[11.43703,51.26865],[11.44174,51.27331],[11.44678,51.27112],[11.45611,51.2772],[11.45233,51.27999],[11.45472,51.28707],[11.45988,51.29405],[11.46248,51.29051],[11.46779,51.28839],[11.47386,51.29457],[11.47258,51.29788],[11.47523,51.29805],[11.46713,51.30462],[11.44978,51.31378],[11.44599,51.31196],[11.44741,51.31606],[11.43424,51.32042],[11.43479,51.32205],[11.42783,51.32458],[11.42576,51.32729],[11.42805,51.32791],[11.422,51.33115],[11.41359,51.33313],[11.4188,51.33574],[11.4263,51.33622],[11.42881,51.34283],[11.41204,51.34249],[11.40899,51.34008],[11.39944,51.34484],[11.40098,51.34944],[11.39694,51.34961],[11.3964,51.35216],[11.39297,51.3541],[11.39283,51.36526],[11.38984,51.36799],[11.39115,51.37255],[11.39594,51.37293],[11.39685,51.38133],[11.39382,51.38131],[11.39325,51.3839],[11.37832,51.38724],[11.37662,51.38551],[11.37012,51.38508],[11.3684,51.38778],[11.3656,51.38605],[11.36536,51.38308],[11.36174,51.38306],[11.35743,51.38977],[11.35039,51.38811],[11.34767,51.38456],[11.34266,51.38776],[11.34054,51.39242],[11.33411,51.3897],[11.3308,51.39027],[11.32905,51.40002],[11.32126,51.41037],[11.30687,51.40563],[11.30455,51.4063],[11.28498,51.40221],[11.27525,51.40484],[11.27432,51.40075],[11.25277,51.40065],[11.24851,51.39513],[11.24412,51.39695],[11.24723,51.40074],[11.2479,51.40542],[11.23017,51.40574],[11.23091,51.40833],[11.22388,51.41319],[11.20954,51.41174],[11.21012,51.40791],[11.20772,51.40667],[11.2033,51.40703],[11.20214,51.40567],[11.19686,51.40803],[11.1956,51.40517],[11.19295,51.40539],[11.19241,51.40288],[11.1836,51.40287],[11.18341,51.4059],[11.17193,51.40624],[11.17179,51.40482],[11.15293,51.40164],[11.15184,51.40358],[11.14863,51.40398],[11.14175,51.40263],[11.14024,51.40309],[11.14091,51.40478],[11.13505,51.40634],[11.13228,51.40447],[11.13111,51.40853],[11.12566,51.40812],[11.12847,51.41033],[11.12757,51.41325],[11.12075,51.41319],[11.11639,51.411],[11.11476,51.4118],[11.1182,51.41403],[11.11656,51.41569],[11.11423,51.41475],[11.102,51.41691],[11.10347,51.41926],[11.0952,51.41898],[11.09604,51.42017],[11.07148,51.42863],[11.06139,51.42979],[11.05693,51.42748],[11.05499,51.42957],[11.05184,51.42953],[11.04952,51.42674],[11.04604,51.42627],[11.04569,51.42393],[11.05086,51.42141],[11.04985,51.4202],[11.04023,51.42459],[11.03541,51.42193],[11.02524,51.42139],[11.02356,51.41826],[11.02087,51.41861],[11.01875,51.41705],[10.99203,51.41785],[10.99999,51.42322],[11.01024,51.42397],[11.00792,51.42927],[10.99821,51.42867],[10.98947,51.42578],[10.97733,51.42691],[10.97689,51.42466],[10.96951,51.41862],[10.95197,51.40977],[10.94726,51.40988],[10.94694,51.40746],[10.92185,51.4014],[10.92028,51.40355],[10.91754,51.40191],[10.91289,51.40478],[10.91268,51.40076],[10.88451,51.40218],[10.88154,51.40689],[10.86966,51.4079],[10.86432,51.41007],[10.85294,51.41011],[10.84322,51.41658],[10.82705,51.42217],[10.82631,51.42019],[10.81848,51.42001],[10.81926,51.41824],[10.80559,51.41925],[10.80607,51.41727],[10.80053,51.41268],[10.78959,51.40782],[10.77989,51.40694],[10.77466,51.40267],[10.77357,51.40097],[10.77605,51.39965],[10.7699,51.3938],[10.76959,51.39149],[10.76374,51.39118],[10.7582,51.38919],[10.75369,51.39023],[10.74847,51.39813],[10.74715,51.39558],[10.74186,51.39651],[10.73991,51.39461],[10.74165,51.39354],[10.72936,51.39344],[10.72354,51.39649],[10.71991,51.39521],[10.72011,51.39848],[10.71768,51.39984],[10.71002,51.39935],[10.6943,51.39552],[10.68851,51.39348],[10.68873,51.39202],[10.6847,51.39379],[10.67059,51.39425],[10.65572,51.39307],[10.64403,51.39007],[10.6421,51.39242],[10.63065,51.39192],[10.62559,51.39288],[10.62022,51.39003],[10.62267,51.38749],[10.62645,51.38655],[10.62863,51.38248],[10.62151,51.38294],[10.61138,51.37693],[10.60588,51.37591],[10.60313,51.37606],[10.61356,51.37948],[10.60915,51.38208],[10.59294,51.38434],[10.59062,51.3871],[10.59313,51.39067],[10.5913,51.39164],[10.57512,51.39218],[10.55588,51.39802],[10.55397,51.39221],[10.54963,51.39076],[10.54976,51.37912],[10.5485,51.37773],[10.53795,51.37499],[10.53608,51.37017],[10.53956,51.36895],[10.53582,51.36559],[10.53017,51.36447],[10.52669,51.36744],[10.52625,51.37108],[10.52317,51.36974],[10.52248,51.36511],[10.51292,51.35704],[10.48358,51.34629]]]]}},{"type":"Feature","id":"16066","bbox":[10.03719,50.39253,10.75476,50.85133],"properties":{"id":"16066","name":"Schmalkalden-Meiningen","typ":"Landkreis","bundeslandAlt":"Thüringen","bezirkAlt":"Thüringen","neueKreise":["Schmalkalden-Meiningen","Suhl"],"quelle":"VG250 / Bezirkseinführungsgesetz"},"geometry":{"type":"MultiPolygon","coordinates":[[[[10.03719,50.61293],[10.04027,50.60451],[10.0488,50.59862],[10.04761,50.59404],[10.04981,50.58472],[10.04626,50.58148],[10.04636,50.57125],[10.05247,50.56111],[10.05719,50.55993],[10.06183,50.55669],[10.05692,50.55468],[10.04722,50.54552],[10.0479,50.53945],[10.03969,50.53259],[10.03833,50.529],[10.03918,50.52441],[10.04248,50.52187],[10.04134,50.51647],[10.05196,50.51925],[10.06652,50.52897],[10.07183,50.52767],[10.07274,50.52902],[10.06849,50.52994],[10.07065,50.53292],[10.07005,50.53542],[10.07301,50.53664],[10.07627,50.54089],[10.08984,50.54481],[10.09427,50.54849],[10.09404,50.5536],[10.09851,50.55216],[10.09946,50.55821],[10.10709,50.56373],[10.11941,50.56422],[10.12622,50.56135],[10.12664,50.55843],[10.12277,50.55845],[10.12071,50.55586],[10.12651,50.55347],[10.13069,50.54867],[10.14037,50.54285],[10.14686,50.54315],[10.14668,50.54588],[10.14942,50.54878],[10.14769,50.54978],[10.15027,50.55189],[10.15287,50.5493],[10.15957,50.54979],[10.17544,50.54292],[10.17456,50.54581],[10.17789,50.55168],[10.1926,50.55482],[10.19616,50.55523],[10.19904,50.55364],[10.20387,50.5547],[10.20418,50.54605],[10.20833,50.54063],[10.22164,50.53872],[10.22483,50.53038],[10.23197,50.53109],[10.22579,50.51872],[10.23185,50.51322],[10.23083,50.5118],[10.24074,50.51253],[10.24367,50.51502],[10.24431,50.51279],[10.25139,50.51118],[10.25622,50.51281],[10.26769,50.50419],[10.2746,50.50587],[10.29161,50.49634],[10.30657,50.49208],[10.3089,50.49391],[10.31789,50.49248],[10.32536,50.49265],[10.32629,50.49458],[10.33058,50.49428],[10.33075,50.49215],[10.33298,50.49103],[10.33267,50.48709],[10.34141,50.483],[10.33615,50.4659],[10.34819,50.46256],[10.35226,50.45643],[10.35673,50.45519],[10.36025,50.44853],[10.36303,50.44755],[10.3611,50.44557],[10.3648,50.44204],[10.3665,50.4428],[10.36756,50.44155],[10.36727,50.43877],[10.37415,50.43932],[10.37625,50.44066],[10.38133,50.43885],[10.37238,50.43714],[10.37278,50.43516],[10.37016,50.43481],[10.37071,50.43176],[10.3785,50.43249],[10.379,50.42992],[10.39246,50.43034],[10.39283,50.42694],[10.39775,50.42706],[10.40015,50.42547],[10.40285,50.42623],[10.40383,50.42478],[10.40455,50.42312],[10.40004,50.42212],[10.40094,50.41903],[10.39486,50.41766],[10.39442,50.41368],[10.38944,50.41144],[10.39006,50.40994],[10.38392,50.40862],[10.38448,50.40285],[10.3864,50.40273],[10.38774,50.39823],[10.39132,50.39837],[10.39449,50.39365],[10.39477,50.39695],[10.3965,50.39693],[10.3996,50.39556],[10.40596,50.3954],[10.40611,50.39368],[10.41396,50.39525],[10.41445,50.39372],[10.41997,50.39425],[10.42374,50.39253],[10.4379,50.39548],[10.43798,50.40118],[10.4441,50.40304],[10.4495,50.40305],[10.45053,50.40186],[10.45295,50.40273],[10.45962,50.40077],[10.45938,50.40407],[10.46257,50.40424],[10.46283,50.40696],[10.47159,50.4083],[10.47237,50.41357],[10.48257,50.41817],[10.48093,50.41864],[10.48351,50.42105],[10.48145,50.42312],[10.48336,50.43001],[10.47782,50.42929],[10.47855,50.43153],[10.47667,50.43223],[10.47702,50.43407],[10.47871,50.43405],[10.4837,50.43901],[10.48813,50.4494],[10.49307,50.45056],[10.49629,50.44904],[10.5017,50.44907],[10.5042,50.45285],[10.50826,50.45433],[10.51236,50.45224],[10.50908,50.44519],[10.51288,50.44242],[10.52337,50.4398],[10.52829,50.4364],[10.53311,50.43527],[10.55262,50.43613],[10.56606,50.43979],[10.574,50.43543],[10.57699,50.43853],[10.58303,50.44055],[10.58502,50.444],[10.58395,50.4463],[10.58217,50.44556],[10.57926,50.44716],[10.58224,50.45073],[10.57752,50.45187],[10.57814,50.45315],[10.57112,50.45721],[10.57421,50.45795],[10.57368,50.45998],[10.57198,50.46004],[10.57431,50.46098],[10.56872,50.46701],[10.57169,50.47004],[10.5694,50.47075],[10.57265,50.47302],[10.56987,50.47464],[10.56845,50.4741],[10.56124,50.48023],[10.55166,50.49693],[10.55695,50.49698],[10.56368,50.4993],[10.56604,50.50323],[10.56941,50.50454],[10.57141,50.50825],[10.56875,50.51157],[10.56939,50.51386],[10.57637,50.51326],[10.58186,50.51499],[10.57657,50.51749],[10.57732,50.52308],[10.58185,50.52491],[10.58307,50.52691],[10.5794,50.53183],[10.58027,50.53661],[10.56896,50.53789],[10.56854,50.53632],[10.57211,50.53577],[10.56679,50.53373],[10.56617,50.54274],[10.56039,50.54502],[10.55794,50.54343],[10.55122,50.54506],[10.54884,50.54352],[10.5464,50.54449],[10.54403,50.54376],[10.54276,50.54533],[10.54491,50.54749],[10.53732,50.55012],[10.52651,50.54986],[10.52736,50.55392],[10.55067,50.56532],[10.54915,50.56827],[10.5514,50.57013],[10.54822,50.57458],[10.553,50.57664],[10.55745,50.57575],[10.56018,50.57338],[10.56594,50.57241],[10.56613,50.56641],[10.56949,50.56659],[10.57265,50.57543],[10.57809,50.57842],[10.58267,50.5845],[10.56759,50.59039],[10.56671,50.58826],[10.55745,50.59001],[10.56112,50.59224],[10.5601,50.594],[10.5694,50.59748],[10.5608,50.59932],[10.55704,50.59699],[10.55201,50.59997],[10.55224,50.6117],[10.55929,50.61251],[10.56559,50.61555],[10.57058,50.6135],[10.58138,50.61462],[10.58652,50.61082],[10.58992,50.6107],[10.58966,50.61457],[10.59169,50.61457],[10.59179,50.61182],[10.59425,50.61136],[10.59557,50.61565],[10.59363,50.61851],[10.59718,50.62022],[10.60469,50.62028],[10.59955,50.62328],[10.60012,50.62681],[10.60423,50.62445],[10.61315,50.62861],[10.61643,50.62621],[10.61923,50.62774],[10.6235,50.62788],[10.62771,50.63117],[10.62491,50.63412],[10.62712,50.64],[10.63348,50.64449],[10.63699,50.64358],[10.64532,50.64712],[10.64921,50.64624],[10.65025,50.64307],[10.65432,50.64023],[10.6625,50.63765],[10.66978,50.63078],[10.67981,50.63365],[10.69113,50.63257],[10.68307,50.63113],[10.67943,50.63247],[10.67354,50.62926],[10.68561,50.62481],[10.68688,50.62769],[10.69423,50.62629],[10.69437,50.62822],[10.69076,50.62878],[10.69197,50.63043],[10.69448,50.6298],[10.69503,50.63183],[10.69112,50.63412],[10.69226,50.63604],[10.69389,50.63507],[10.69615,50.63571],[10.69697,50.64037],[10.69424,50.65269],[10.69493,50.65528],[10.69875,50.65679],[10.70079,50.66217],[10.70556,50.66508],[10.71294,50.66663],[10.73161,50.663],[10.73373,50.66349],[10.73416,50.6655],[10.7391,50.66698],[10.74113,50.66518],[10.74574,50.66817],[10.74509,50.67162],[10.74888,50.67529],[10.74904,50.68453],[10.75256,50.68699],[10.74731,50.6878],[10.744,50.69052],[10.74614,50.70197],[10.74499,50.70399],[10.7534,50.70728],[10.75476,50.7156],[10.7527,50.71847],[10.75052,50.71786],[10.74224,50.72517],[10.7374,50.72653],[10.73798,50.7293],[10.72921,50.72997],[10.73049,50.73163],[10.72737,50.73271],[10.7217,50.73865],[10.7139,50.7332],[10.71276,50.72774],[10.70776,50.72344],[10.70743,50.71887],[10.70404,50.71636],[10.69639,50.71546],[10.68027,50.71712],[10.66817,50.72353],[10.65564,50.72334],[10.64987,50.71554],[10.64425,50.72192],[10.64359,50.7256],[10.63952,50.72849],[10.63137,50.72903],[10.6192,50.73603],[10.60919,50.73808],[10.59996,50.73647],[10.58511,50.73616],[10.57545,50.74136],[10.56701,50.75517],[10.56468,50.75583],[10.56303,50.7659],[10.56683,50.7721],[10.56147,50.78259],[10.55821,50.78423],[10.54448,50.78442],[10.53814,50.78288],[10.53749,50.78679],[10.54148,50.79269],[10.54112,50.79849],[10.54562,50.80213],[10.54165,50.81032],[10.5403,50.82398],[10.53787,50.82704],[10.53162,50.82695],[10.52425,50.83233],[10.51691,50.83376],[10.51448,50.83679],[10.51154,50.83579],[10.51131,50.83287],[10.50193,50.83298],[10.49582,50.83548],[10.49099,50.8405],[10.4666,50.85133],[10.45856,50.84917],[10.45492,50.84561],[10.44567,50.84548],[10.43904,50.84721],[10.43778,50.84446],[10.43104,50.84283],[10.42653,50.84278],[10.41921,50.84628],[10.4164,50.84942],[10.41209,50.84998],[10.41209,50.84606],[10.40533,50.83266],[10.40672,50.82019],[10.40493,50.81541],[10.39591,50.81688],[10.3927,50.81556],[10.39431,50.81494],[10.39318,50.81063],[10.37923,50.80665],[10.39007,50.80367],[10.38414,50.80345],[10.38116,50.80168],[10.38276,50.79818],[10.37446,50.79599],[10.37932,50.79236],[10.37654,50.79156],[10.38162,50.79016],[10.38471,50.78649],[10.37904,50.78627],[10.3794,50.78355],[10.36768,50.78287],[10.36233,50.77921],[10.35887,50.77987],[10.35649,50.77861],[10.34985,50.78088],[10.34287,50.77978],[10.33266,50.78685],[10.32726,50.78854],[10.312,50.78238],[10.31394,50.78062],[10.31208,50.77971],[10.30723,50.78],[10.30712,50.78143],[10.30525,50.77955],[10.30366,50.78114],[10.30055,50.78059],[10.30491,50.77488],[10.30248,50.77332],[10.2981,50.77284],[10.29635,50.77464],[10.29808,50.77607],[10.29041,50.77873],[10.28702,50.77762],[10.28247,50.76979],[10.26954,50.76949],[10.26266,50.76382],[10.2476,50.76433],[10.24487,50.76569],[10.2485,50.7721],[10.24533,50.77446],[10.24248,50.77503],[10.24496,50.7706],[10.24087,50.76856],[10.24049,50.76639],[10.23728,50.76752],[10.23656,50.76675],[10.23186,50.77028],[10.23395,50.77252],[10.22641,50.77329],[10.22762,50.77481],[10.21377,50.77312],[10.20557,50.77385],[10.20296,50.77663],[10.20638,50.76791],[10.21059,50.76338],[10.20884,50.76263],[10.21072,50.75698],[10.22107,50.7508],[10.22055,50.74777],[10.21273,50.74177],[10.22238,50.73748],[10.22183,50.735],[10.21049,50.72427],[10.19657,50.71922],[10.19496,50.72038],[10.18385,50.71786],[10.18558,50.71262],[10.18007,50.71121],[10.1814,50.70952],[10.18395,50.7093],[10.18205,50.7045],[10.1847,50.70514],[10.18633,50.70299],[10.18369,50.69772],[10.19131,50.69774],[10.19415,50.6959],[10.18701,50.69364],[10.18478,50.69473],[10.18388,50.6936],[10.19273,50.68843],[10.18865,50.68658],[10.18393,50.67837],[10.17862,50.67381],[10.17882,50.67173],[10.17607,50.66972],[10.17597,50.67256],[10.17095,50.67179],[10.16899,50.6678],[10.16567,50.6679],[10.16357,50.67138],[10.16149,50.66946],[10.14247,50.66362],[10.14169,50.66013],[10.13056,50.65457],[10.12935,50.6507],[10.13254,50.65012],[10.1317,50.64477],[10.12699,50.64661],[10.12624,50.64433],[10.12536,50.6496],[10.12367,50.65144],[10.12193,50.65084],[10.11926,50.65546],[10.11716,50.65565],[10.1189,50.65829],[10.11618,50.65971],[10.11353,50.6563],[10.11223,50.65868],[10.10408,50.65784],[10.10152,50.65471],[10.10281,50.65127],[10.09662,50.64818],[10.09626,50.65071],[10.10055,50.65319],[10.09755,50.65427],[10.09441,50.65105],[10.09238,50.65187],[10.08702,50.64897],[10.08577,50.65106],[10.08242,50.65037],[10.07488,50.6515],[10.07414,50.65021],[10.07125,50.65868],[10.07275,50.66074],[10.07736,50.66487],[10.08643,50.66625],[10.07434,50.66743],[10.07159,50.67172],[10.06023,50.6693],[10.05644,50.67124],[10.05721,50.66616],[10.06097,50.66708],[10.06125,50.66515],[10.06754,50.66092],[10.06737,50.65718],[10.0704,50.65508],[10.07617,50.63894],[10.07956,50.63598],[10.07858,50.63469],[10.08296,50.63371],[10.08105,50.62002],[10.07226,50.61963],[10.06798,50.62186],[10.06722,50.62415],[10.0575,50.62612],[10.05519,50.62391],[10.05003,50.62378],[10.04547,50.62122],[10.04777,50.61946],[10.03719,50.61293]]],[[[10.08076,50.66993],[10.08413,50.66912],[10.08529,50.67056],[10.08133,50.67156],[10.08076,50.66993]]]]}},{"type":"Feature","id":"16067","bbox":[10.40086,50.71546,10.96463,51.1117],"properties":{"id":"16067","name":"Gotha","typ":"Landkreis","bundeslandAlt":"Thüringen","bezirkAlt":"Thüringen","neueKreise":["Gotha"],"quelle":"VG250 / Bezirkseinführungsgesetz"},"geometry":{"type":"MultiPolygon","coordinates":[[[[10.40086,50.86428],[10.40726,50.85313],[10.41209,50.84998],[10.4164,50.84942],[10.41921,50.84628],[10.42653,50.84278],[10.43778,50.84446],[10.43904,50.84721],[10.44567,50.84548],[10.45492,50.84561],[10.45856,50.84917],[10.4666,50.85133],[10.49099,50.8405],[10.49582,50.83548],[10.50193,50.83298],[10.51131,50.83287],[10.51154,50.83579],[10.51448,50.83679],[10.51691,50.83376],[10.52425,50.83233],[10.53162,50.82695],[10.53787,50.82704],[10.5403,50.82398],[10.54165,50.81032],[10.54562,50.80213],[10.54112,50.79849],[10.54148,50.79269],[10.53749,50.78679],[10.53814,50.78288],[10.54448,50.78442],[10.55821,50.78423],[10.56147,50.78259],[10.56683,50.7721],[10.56303,50.7659],[10.56468,50.75583],[10.56701,50.75517],[10.57545,50.74136],[10.58511,50.73616],[10.59996,50.73647],[10.60919,50.73808],[10.6192,50.73603],[10.63137,50.72903],[10.63952,50.72849],[10.64359,50.7256],[10.64425,50.72192],[10.64987,50.71554],[10.65564,50.72334],[10.66817,50.72353],[10.68027,50.71712],[10.69639,50.71546],[10.70404,50.71636],[10.70743,50.71887],[10.70776,50.72344],[10.71276,50.72774],[10.7139,50.7332],[10.7217,50.73865],[10.72737,50.73271],[10.73049,50.73163],[10.72921,50.72997],[10.73798,50.7293],[10.7374,50.72653],[10.74224,50.72517],[10.75052,50.71786],[10.7527,50.71847],[10.75102,50.72344],[10.75627,50.73298],[10.75355,50.73282],[10.75284,50.73558],[10.75931,50.73724],[10.75622,50.74389],[10.76081,50.75424],[10.76386,50.75439],[10.76326,50.75781],[10.76817,50.76601],[10.77191,50.76747],[10.77339,50.76629],[10.77331,50.76846],[10.77679,50.76975],[10.78207,50.76984],[10.78941,50.76795],[10.79333,50.76913],[10.80211,50.76641],[10.80458,50.76818],[10.80606,50.76697],[10.80711,50.76951],[10.81347,50.77041],[10.81141,50.7711],[10.81525,50.77243],[10.81729,50.77468],[10.81612,50.77563],[10.82498,50.78043],[10.82172,50.7837],[10.82474,50.78518],[10.82658,50.78364],[10.82804,50.78421],[10.82624,50.78591],[10.82833,50.7868],[10.82378,50.78964],[10.82591,50.79043],[10.82345,50.79267],[10.82608,50.79343],[10.82485,50.79457],[10.82816,50.79682],[10.82673,50.79777],[10.82876,50.79967],[10.83044,50.79937],[10.83103,50.8012],[10.8331,50.80078],[10.83325,50.80232],[10.83628,50.80251],[10.83501,50.80491],[10.83751,50.80571],[10.83814,50.8104],[10.83643,50.81222],[10.83436,50.81161],[10.83446,50.81358],[10.83074,50.81587],[10.82923,50.81542],[10.83116,50.8133],[10.82115,50.81367],[10.82088,50.81832],[10.81712,50.8227],[10.81798,50.82359],[10.82366,50.82317],[10.83664,50.82113],[10.85168,50.82303],[10.85557,50.83136],[10.8592,50.83381],[10.85969,50.83578],[10.85651,50.83667],[10.85841,50.83824],[10.84712,50.83784],[10.83988,50.83986],[10.82047,50.84125],[10.82092,50.84434],[10.83021,50.84384],[10.83211,50.84745],[10.83775,50.84645],[10.84074,50.85375],[10.84632,50.85602],[10.84833,50.85915],[10.85287,50.858],[10.85475,50.85976],[10.86612,50.85666],[10.8643,50.85921],[10.86488,50.86458],[10.86714,50.86492],[10.87182,50.87628],[10.8757,50.8782],[10.87781,50.88165],[10.88596,50.88441],[10.88667,50.89018],[10.89604,50.89097],[10.90393,50.90084],[10.90572,50.89868],[10.90892,50.89924],[10.91033,50.89691],[10.9132,50.89764],[10.91484,50.89504],[10.92461,50.89557],[10.92437,50.89477],[10.93526,50.89415],[10.93483,50.90199],[10.93262,50.90395],[10.93183,50.90961],[10.94901,50.91406],[10.95823,50.91887],[10.96463,50.92027],[10.95949,50.93419],[10.95772,50.93394],[10.95789,50.93528],[10.95233,50.93763],[10.95023,50.94173],[10.94195,50.9436],[10.9385,50.94687],[10.92915,50.94579],[10.9284,50.94294],[10.91741,50.94074],[10.91679,50.94226],[10.91256,50.94097],[10.90049,50.94148],[10.8993,50.94477],[10.89721,50.94456],[10.8939,50.96051],[10.88362,50.96107],[10.87787,50.96307],[10.87635,50.95912],[10.87305,50.95975],[10.87276,50.96504],[10.86544,50.96465],[10.86701,50.96831],[10.86361,50.97739],[10.87974,50.98238],[10.88631,50.9878],[10.892,50.99008],[10.88373,51.00067],[10.86396,51.00059],[10.85787,51.01344],[10.85535,51.02584],[10.86299,51.02654],[10.86243,51.0281],[10.87013,51.02963],[10.86955,51.03387],[10.87149,51.03406],[10.87206,51.03875],[10.86954,51.04526],[10.87141,51.04658],[10.87002,51.05301],[10.87279,51.05431],[10.87246,51.05714],[10.86999,51.05641],[10.86533,51.06111],[10.86847,51.06317],[10.87852,51.06421],[10.88829,51.06695],[10.89102,51.07162],[10.88704,51.08484],[10.88343,51.084],[10.88123,51.0883],[10.88351,51.08974],[10.881,51.09206],[10.88031,51.09825],[10.83765,51.09448],[10.80987,51.09799],[10.77092,51.09304],[10.76817,51.10099],[10.76341,51.10616],[10.75655,51.10571],[10.75743,51.10717],[10.75396,51.10925],[10.74573,51.11139],[10.73295,51.1117],[10.71754,51.10419],[10.70726,51.10221],[10.70338,51.09822],[10.70719,51.0979],[10.70349,51.0939],[10.70542,51.08742],[10.69576,51.08235],[10.69542,51.07873],[10.69735,51.07929],[10.70071,51.07511],[10.70395,51.07601],[10.70628,51.07357],[10.7024,51.07019],[10.70765,51.06393],[10.71119,51.05237],[10.6999,51.04989],[10.70077,51.04788],[10.67975,51.0388],[10.6697,51.03817],[10.66538,51.0411],[10.66179,51.04015],[10.66017,51.04199],[10.65212,51.04171],[10.65326,51.03955],[10.64573,51.03898],[10.64207,51.03744],[10.64387,51.03427],[10.6427,51.03313],[10.63548,51.03254],[10.63466,51.03406],[10.6242,51.03227],[10.62224,51.03348],[10.62387,51.03608],[10.6187,51.04006],[10.61667,51.03977],[10.61726,51.03842],[10.61471,51.03916],[10.60575,51.03334],[10.60389,51.02962],[10.5975,51.02626],[10.59859,51.02485],[10.5936,51.02509],[10.59306,51.02388],[10.58847,51.02376],[10.58594,51.02238],[10.57574,51.02328],[10.56479,51.02115],[10.56225,51.01452],[10.5299,51.00545],[10.52139,51.00454],[10.5213,51.00182],[10.51705,51.00174],[10.51591,51.0031],[10.50659,50.99911],[10.50836,50.99611],[10.49662,50.99276],[10.49356,50.99455],[10.48084,50.99393],[10.48011,50.9878],[10.48429,50.98426],[10.48151,50.98352],[10.48188,50.97954],[10.48039,50.97871],[10.48368,50.97574],[10.48831,50.97684],[10.48998,50.97381],[10.48514,50.97264],[10.48614,50.96978],[10.49175,50.96987],[10.49658,50.96666],[10.50097,50.96769],[10.50111,50.96672],[10.51386,50.96621],[10.51999,50.96748],[10.52083,50.96634],[10.51299,50.96156],[10.51423,50.96015],[10.50756,50.95451],[10.50496,50.95511],[10.49947,50.94909],[10.501,50.9383],[10.50413,50.93789],[10.50262,50.93492],[10.5005,50.93256],[10.49717,50.93321],[10.49183,50.92896],[10.49153,50.92508],[10.49412,50.92289],[10.48473,50.92016],[10.48603,50.91083],[10.49624,50.90805],[10.49731,50.89695],[10.49536,50.89553],[10.4931,50.89734],[10.4855,50.89459],[10.47931,50.89781],[10.48368,50.91114],[10.48064,50.91326],[10.48051,50.91786],[10.47705,50.91269],[10.4741,50.91186],[10.46161,50.91233],[10.45374,50.9109],[10.45365,50.9099],[10.44343,50.909],[10.43723,50.9061],[10.43831,50.90418],[10.43481,50.90381],[10.43646,50.90058],[10.43445,50.89747],[10.43578,50.89423],[10.43796,50.89339],[10.42588,50.89105],[10.41992,50.88688],[10.4071,50.86758],[10.40086,50.86428]]]]}},{"type":"Feature","id":"16068","bbox":[10.86243,51.00911,11.48555,51.32262],"properties":{"id":"16068","name":"Sömmerda","typ":"Landkreis","bundeslandAlt":"Thüringen","bezirkAlt":"Thüringen","neueKreise":["Artern","Sömmerda"],"quelle":"VG250 / Bezirkseinführungsgesetz"},"geometry":{"type":"MultiPolygon","coordinates":[[[[10.86243,51.0281],[10.86299,51.02654],[10.87665,51.02808],[10.88118,51.02743],[10.88232,51.02524],[10.89852,51.02517],[10.90528,51.02073],[10.91032,51.02096],[10.91012,51.01823],[10.91332,51.015],[10.92086,51.01561],[10.92505,51.01466],[10.92989,51.01763],[10.92755,51.02382],[10.93216,51.0299],[10.93833,51.03042],[10.93834,51.03231],[10.9436,51.0324],[10.94596,51.03453],[10.94832,51.03429],[10.94878,51.03569],[10.95072,51.03494],[10.95454,51.03729],[10.96549,51.03865],[10.96563,51.04006],[10.98045,51.04133],[10.98006,51.04252],[10.98666,51.04328],[10.98462,51.05219],[10.98107,51.05169],[10.98003,51.05602],[10.9781,51.05594],[10.97733,51.06014],[10.97601,51.05988],[10.97596,51.06487],[10.99059,51.06844],[10.99218,51.05887],[10.99899,51.06023],[11.01601,51.0594],[11.02156,51.06143],[11.02395,51.0674],[11.03115,51.06561],[11.03333,51.06286],[11.03581,51.06282],[11.03747,51.06564],[11.03971,51.06522],[11.04195,51.07995],[11.04678,51.07985],[11.0466,51.07755],[11.06644,51.07941],[11.06642,51.07755],[11.07123,51.07745],[11.07298,51.07476],[11.08134,51.07377],[11.0786,51.06831],[11.08105,51.06544],[11.09153,51.06528],[11.08912,51.06074],[11.09333,51.06011],[11.08797,51.05145],[11.09643,51.05235],[11.10125,51.03434],[11.10677,51.03421],[11.11994,51.02308],[11.12478,51.02243],[11.12662,51.0144],[11.12141,51.01252],[11.12316,51.00911],[11.14049,51.01104],[11.13977,51.01402],[11.14941,51.01527],[11.14595,51.01754],[11.14687,51.01819],[11.16959,51.01741],[11.17459,51.02557],[11.18395,51.02292],[11.18381,51.0238],[11.19641,51.02438],[11.19715,51.02598],[11.20082,51.02599],[11.20123,51.02983],[11.20478,51.03056],[11.20797,51.02722],[11.21776,51.03059],[11.2173,51.03263],[11.20622,51.03491],[11.20574,51.03928],[11.20864,51.0393],[11.20821,51.04366],[11.2075,51.04476],[11.20481,51.04392],[11.19854,51.05192],[11.19756,51.0566],[11.20175,51.06543],[11.1962,51.06678],[11.19213,51.07944],[11.19311,51.0867],[11.19462,51.08693],[11.19326,51.09438],[11.19741,51.10136],[11.19691,51.10436],[11.22771,51.10485],[11.22792,51.10306],[11.2519,51.10649],[11.25368,51.10274],[11.25682,51.10301],[11.2572,51.10118],[11.27267,51.1012],[11.27563,51.10158],[11.27633,51.10338],[11.28169,51.10352],[11.28252,51.10187],[11.28635,51.10085],[11.29215,51.10166],[11.29242,51.10072],[11.31032,51.10012],[11.31271,51.09775],[11.32066,51.09886],[11.32128,51.09777],[11.33585,51.09752],[11.34407,51.09893],[11.35458,51.09883],[11.37206,51.10172],[11.37944,51.10055],[11.38186,51.09707],[11.39099,51.09865],[11.3924,51.09595],[11.39947,51.09687],[11.39931,51.09815],[11.40474,51.0996],[11.40584,51.1075],[11.40811,51.10728],[11.40879,51.10936],[11.41306,51.1091],[11.41641,51.10389],[11.42911,51.10323],[11.4275,51.09162],[11.4336,51.0907],[11.43418,51.08961],[11.44585,51.09235],[11.45674,51.09691],[11.48015,51.09988],[11.47949,51.10483],[11.48461,51.10544],[11.48391,51.10786],[11.47893,51.10732],[11.46336,51.11276],[11.46545,51.12738],[11.46259,51.12687],[11.46283,51.13022],[11.45988,51.13016],[11.45865,51.13756],[11.451,51.14667],[11.47193,51.14818],[11.47928,51.15878],[11.47256,51.16092],[11.47495,51.16583],[11.48526,51.16559],[11.48555,51.16802],[11.47082,51.16984],[11.4714,51.17687],[11.4701,51.18031],[11.46724,51.18045],[11.47032,51.18386],[11.47017,51.19039],[11.46857,51.19265],[11.45584,51.19538],[11.4524,51.19248],[11.45069,51.19344],[11.44772,51.20366],[11.44505,51.20449],[11.44605,51.20814],[11.42827,51.21241],[11.41511,51.20818],[11.40533,51.2074],[11.40807,51.20369],[11.40589,51.2027],[11.40114,51.20361],[11.40194,51.20615],[11.39936,51.20637],[11.39598,51.20401],[11.39142,51.20353],[11.38798,51.20887],[11.39106,51.21057],[11.38982,51.21752],[11.38388,51.219],[11.37171,51.21943],[11.36483,51.22136],[11.3691,51.23061],[11.37171,51.23059],[11.37645,51.23407],[11.3782,51.23766],[11.37638,51.2394],[11.38318,51.24493],[11.38884,51.24714],[11.39146,51.25246],[11.38486,51.25135],[11.38194,51.25218],[11.38033,51.25573],[11.37378,51.25464],[11.36236,51.25733],[11.35794,51.2564],[11.35748,51.25458],[11.35121,51.25813],[11.3596,51.26216],[11.35934,51.2675],[11.3515,51.26755],[11.35242,51.27267],[11.34659,51.2739],[11.34227,51.27412],[11.33653,51.27213],[11.33388,51.2743],[11.33064,51.27353],[11.32464,51.2797],[11.32628,51.28187],[11.33725,51.28465],[11.3389,51.28618],[11.33737,51.28818],[11.33266,51.28968],[11.32659,51.28856],[11.32166,51.29201],[11.31341,51.28926],[11.30698,51.28421],[11.31403,51.27692],[11.3135,51.27369],[11.30564,51.27318],[11.30562,51.27175],[11.31188,51.27088],[11.31204,51.26934],[11.31744,51.27056],[11.31996,51.27345],[11.32199,51.27318],[11.32079,51.27065],[11.32757,51.27112],[11.32427,51.25964],[11.31998,51.25756],[11.31418,51.2512],[11.30681,51.24867],[11.30248,51.24402],[11.29453,51.24438],[11.28989,51.24604],[11.28592,51.24911],[11.27801,51.2518],[11.27936,51.25329],[11.26775,51.25781],[11.26469,51.26124],[11.26008,51.2615],[11.25555,51.26448],[11.25212,51.26091],[11.25527,51.25709],[11.25168,51.2576],[11.24904,51.25627],[11.25147,51.25482],[11.24212,51.24713],[11.24378,51.2457],[11.24207,51.24406],[11.23264,51.24652],[11.22567,51.23927],[11.22098,51.23968],[11.2198,51.23452],[11.21728,51.23458],[11.2122,51.23571],[11.21385,51.24066],[11.18639,51.2465],[11.18362,51.24573],[11.18434,51.24824],[11.16756,51.25166],[11.16867,51.25261],[11.16316,51.25433],[11.16435,51.25571],[11.1628,51.25612],[11.16021,51.25375],[11.1504,51.25648],[11.15256,51.25889],[11.15091,51.26011],[11.15536,51.26084],[11.15371,51.26338],[11.15706,51.26245],[11.15667,51.26539],[11.16005,51.26737],[11.16254,51.27457],[11.15451,51.28043],[11.15594,51.28214],[11.15875,51.28108],[11.15734,51.28437],[11.15303,51.28595],[11.14935,51.2834],[11.1477,51.28462],[11.14233,51.28377],[11.14222,51.28682],[11.1295,51.28665],[11.12953,51.28829],[11.12026,51.28772],[11.11849,51.29559],[11.11411,51.2952],[11.11334,51.30073],[11.10652,51.30184],[11.10075,51.30079],[11.10159,51.2959],[11.09689,51.29595],[11.1016,51.30984],[11.10797,51.30921],[11.10779,51.31099],[11.0885,51.3177],[11.07827,51.31956],[11.07536,51.32207],[11.069,51.32262],[11.06923,51.31704],[11.05544,51.31294],[11.06291,51.30959],[11.05923,51.30747],[11.06114,51.30648],[11.06184,51.30025],[11.06837,51.29726],[11.05561,51.29575],[11.05309,51.29174],[11.03487,51.29179],[11.03109,51.29012],[11.03801,51.28473],[11.03282,51.28078],[11.03017,51.27329],[11.02731,51.27081],[11.01783,51.27178],[11.01842,51.26827],[11.00441,51.26693],[10.99508,51.25938],[10.99328,51.25386],[10.99418,51.24822],[10.99831,51.24854],[10.99842,51.24673],[11.00484,51.24772],[11.00518,51.24551],[11.00781,51.24546],[11.01018,51.23248],[11.00479,51.23333],[11.00298,51.22599],[11.00117,51.22598],[11.00263,51.2246],[11.00134,51.22098],[10.9914,51.22241],[10.99019,51.21781],[10.98785,51.21818],[10.98957,51.22253],[10.98055,51.22189],[10.97518,51.21626],[10.97208,51.19982],[10.96902,51.19967],[10.96269,51.20341],[10.96169,51.20574],[10.94142,51.20382],[10.93613,51.20546],[10.92263,51.20521],[10.9216,51.19678],[10.91742,51.1972],[10.91536,51.18575],[10.91985,51.18455],[10.92014,51.18273],[10.90523,51.17949],[10.9101,51.1661],[10.90777,51.15138],[10.91587,51.15054],[10.91552,51.14793],[10.91789,51.14724],[10.91429,51.14426],[10.91427,51.14208],[10.90748,51.14264],[10.91113,51.13368],[10.90546,51.13295],[10.89991,51.13442],[10.89997,51.13171],[10.89074,51.12854],[10.89186,51.12682],[10.8889,51.12637],[10.88479,51.12822],[10.87683,51.12609],[10.88401,51.10133],[10.8829,51.09878],[10.88031,51.09825],[10.881,51.09206],[10.88351,51.08974],[10.88123,51.0883],[10.88343,51.084],[10.88704,51.08484],[10.89102,51.07162],[10.88829,51.06695],[10.87852,51.06421],[10.86847,51.06317],[10.86533,51.06111],[10.86999,51.05641],[10.87246,51.05714],[10.87279,51.05431],[10.87002,51.05301],[10.87141,51.04658],[10.86954,51.04526],[10.87206,51.03875],[10.87149,51.03406],[10.86955,51.03387],[10.87013,51.02963],[10.86243,51.0281]],[[11.43939,51.19977],[11.44661,51.19888],[11.44677,51.1945],[11.44538,51.19399],[11.44395,51.19736],[11.43967,51.19767],[11.43939,51.19977]]]]}},{"type":"Feature","id":"16069","bbox":[10.45053,50.20482,11.03955,50.61526],"properties":{"id":"16069","name":"Hildburghausen","typ":"Landkreis","bundeslandAlt":"Thüringen","bezirkAlt":"Thüringen","neueKreise":["Hildburghausen","Suhl"],"quelle":"VG250 / Bezirkseinführungsgesetz"},"geometry":{"type":"MultiPolygon","coordinates":[[[[10.45053,50.40186],[10.45326,50.40146],[10.45556,50.39641],[10.45303,50.39292],[10.45713,50.38784],[10.45959,50.38773],[10.4585,50.38319],[10.46366,50.37601],[10.46709,50.37759],[10.47348,50.37251],[10.48728,50.37528],[10.49056,50.36879],[10.49444,50.36944],[10.49568,50.36723],[10.49385,50.36641],[10.49505,50.36518],[10.49194,50.36412],[10.49285,50.36215],[10.4901,50.36355],[10.48599,50.36305],[10.48922,50.36154],[10.49241,50.35506],[10.49904,50.35771],[10.49962,50.35525],[10.50127,50.35583],[10.50328,50.35318],[10.50589,50.35401],[10.50707,50.35794],[10.51248,50.35981],[10.51462,50.3499],[10.51841,50.35421],[10.52363,50.35476],[10.52672,50.36145],[10.53038,50.36097],[10.529,50.36271],[10.53101,50.36511],[10.53499,50.36568],[10.53731,50.36268],[10.54441,50.36451],[10.55342,50.35778],[10.55486,50.35466],[10.54976,50.34927],[10.55229,50.34452],[10.56179,50.3371],[10.56588,50.33793],[10.57469,50.33669],[10.5834,50.33239],[10.58888,50.33386],[10.59587,50.33272],[10.60055,50.33369],[10.59543,50.31946],[10.59232,50.31718],[10.59469,50.31331],[10.59232,50.31137],[10.59236,50.30808],[10.59325,50.30657],[10.59635,50.30667],[10.60532,50.29354],[10.60189,50.29011],[10.59753,50.28919],[10.59817,50.28419],[10.60078,50.28426],[10.60155,50.28267],[10.59328,50.27797],[10.59104,50.27178],[10.59348,50.26955],[10.60643,50.27233],[10.6073,50.27126],[10.60303,50.26999],[10.59783,50.26262],[10.60501,50.25905],[10.6064,50.25328],[10.60834,50.25106],[10.61139,50.25122],[10.61131,50.24907],[10.60351,50.24572],[10.59711,50.24617],[10.60435,50.23972],[10.61205,50.22414],[10.63766,50.22327],[10.64262,50.22622],[10.65896,50.23071],[10.66229,50.22665],[10.65748,50.22368],[10.66367,50.22154],[10.67173,50.22141],[10.67495,50.22329],[10.68063,50.22369],[10.68671,50.22591],[10.68568,50.22231],[10.68764,50.21908],[10.69575,50.2118],[10.70003,50.21251],[10.70275,50.21055],[10.70897,50.21028],[10.71665,50.20482],[10.7244,50.2061],[10.73122,50.21265],[10.72874,50.22213],[10.72944,50.23026],[10.727,50.23072],[10.72624,50.24089],[10.72981,50.24488],[10.7265,50.24756],[10.73217,50.25184],[10.7414,50.25042],[10.7482,50.24783],[10.74613,50.24378],[10.74867,50.24389],[10.74982,50.24248],[10.76963,50.24084],[10.78437,50.24851],[10.78184,50.25128],[10.79291,50.25024],[10.80056,50.25144],[10.80677,50.24435],[10.80727,50.2402],[10.82405,50.23753],[10.83346,50.2387],[10.83591,50.2395],[10.83606,50.24195],[10.84467,50.24316],[10.84765,50.24502],[10.85219,50.25337],[10.85033,50.25978],[10.85128,50.2648],[10.8454,50.2695],[10.84636,50.27509],[10.84225,50.27552],[10.83593,50.27306],[10.83245,50.27362],[10.82633,50.27795],[10.81986,50.27714],[10.81452,50.27887],[10.81147,50.27773],[10.8107,50.27968],[10.80687,50.27882],[10.80392,50.27975],[10.80171,50.28333],[10.80438,50.28864],[10.80255,50.29198],[10.79704,50.29275],[10.79421,50.29538],[10.78698,50.29394],[10.78319,50.295],[10.77539,50.29469],[10.77073,50.29267],[10.76252,50.29837],[10.75947,50.3038],[10.75246,50.30656],[10.75076,50.30951],[10.74185,50.31591],[10.73693,50.31415],[10.72731,50.31863],[10.7218,50.31802],[10.7154,50.32118],[10.715,50.33303],[10.7196,50.33317],[10.72815,50.33812],[10.72703,50.34115],[10.72877,50.34463],[10.72697,50.34697],[10.72887,50.34794],[10.72843,50.34889],[10.72019,50.34956],[10.7143,50.34635],[10.71246,50.35464],[10.71793,50.35554],[10.71527,50.36359],[10.73872,50.36287],[10.74942,50.35795],[10.75451,50.35817],[10.76051,50.36242],[10.7623,50.36825],[10.76474,50.36911],[10.76294,50.36972],[10.76588,50.37178],[10.76685,50.37046],[10.77377,50.37197],[10.78588,50.38538],[10.79016,50.38223],[10.80425,50.37911],[10.81048,50.38238],[10.81089,50.38412],[10.8168,50.38602],[10.81997,50.38489],[10.83044,50.39262],[10.83699,50.39103],[10.8499,50.39039],[10.85085,50.38836],[10.86184,50.38767],[10.86628,50.38928],[10.86774,50.39427],[10.87275,50.39679],[10.87624,50.39653],[10.87798,50.39323],[10.88719,50.39257],[10.88487,50.3885],[10.89312,50.38032],[10.89885,50.38471],[10.90942,50.38719],[10.91142,50.38572],[10.93283,50.39243],[10.93763,50.39191],[10.94572,50.38647],[10.9577,50.39091],[10.95646,50.39234],[10.95941,50.40051],[10.95374,50.4021],[10.95527,50.40496],[10.9534,50.40481],[10.95257,50.40635],[10.9469,50.40607],[10.94357,50.40959],[10.94132,50.40953],[10.94178,50.41187],[10.93924,50.41458],[10.94292,50.41633],[10.94665,50.41508],[10.9476,50.41665],[10.95152,50.41747],[10.95948,50.41649],[10.96161,50.4213],[10.96868,50.42258],[10.96896,50.4249],[10.9778,50.43039],[10.97887,50.42978],[10.99172,50.43545],[10.99554,50.43995],[11.00428,50.44547],[11.00282,50.44693],[11.00971,50.44812],[11.01727,50.45375],[11.02794,50.45841],[11.03343,50.46306],[11.03655,50.46159],[11.0392,50.46241],[11.03792,50.47148],[11.03955,50.47403],[11.03631,50.47342],[11.02455,50.47514],[11.01935,50.47912],[11.01534,50.48009],[11.00717,50.47721],[11.00008,50.47857],[10.99583,50.47717],[10.99172,50.47773],[10.98812,50.47988],[10.98638,50.48547],[10.98813,50.48814],[10.986,50.49062],[10.98806,50.49483],[10.98494,50.49675],[10.97681,50.49667],[10.97541,50.50007],[10.97724,50.5029],[10.99316,50.50988],[11.00072,50.51517],[11.00094,50.5186],[10.9948,50.5203],[10.99261,50.52862],[10.98611,50.52865],[10.98898,50.53567],[10.98375,50.53646],[10.97419,50.53497],[10.97402,50.53689],[10.9678,50.53964],[10.96796,50.54822],[10.96632,50.54991],[10.96865,50.55275],[10.95991,50.5525],[10.9424,50.54821],[10.93683,50.55573],[10.93372,50.55459],[10.93212,50.55629],[10.93034,50.55947],[10.93077,50.56632],[10.92369,50.56541],[10.92938,50.56854],[10.92337,50.56718],[10.92485,50.57009],[10.93208,50.57041],[10.92495,50.57517],[10.92721,50.57742],[10.92878,50.57679],[10.92764,50.57464],[10.93088,50.57672],[10.92998,50.57841],[10.92483,50.58041],[10.92123,50.5799],[10.91977,50.58259],[10.91727,50.58312],[10.91831,50.58606],[10.91131,50.5751],[10.91663,50.57091],[10.91885,50.57097],[10.91616,50.56982],[10.90859,50.57447],[10.91744,50.5886],[10.9233,50.58848],[10.92327,50.59116],[10.91886,50.59243],[10.91632,50.59116],[10.90867,50.59234],[10.90634,50.59443],[10.90713,50.59942],[10.89988,50.60276],[10.89671,50.60947],[10.89308,50.60925],[10.87839,50.59723],[10.88083,50.58768],[10.87697,50.58165],[10.87762,50.57974],[10.86851,50.57431],[10.86365,50.57421],[10.86284,50.57241],[10.86719,50.57254],[10.86875,50.57105],[10.86524,50.56601],[10.86256,50.56699],[10.86132,50.56347],[10.85263,50.56581],[10.85264,50.56692],[10.85851,50.56763],[10.8581,50.57095],[10.85566,50.57244],[10.85594,50.57441],[10.85006,50.57292],[10.84958,50.57467],[10.8468,50.57531],[10.84665,50.57869],[10.84448,50.57909],[10.8402,50.57437],[10.83924,50.57097],[10.84089,50.56887],[10.83768,50.56487],[10.83355,50.56975],[10.82978,50.56901],[10.82705,50.57137],[10.82552,50.57089],[10.82407,50.57454],[10.82726,50.58052],[10.8195,50.58173],[10.81754,50.58058],[10.81681,50.58149],[10.80763,50.57568],[10.80399,50.58009],[10.79797,50.58019],[10.79054,50.58302],[10.78546,50.58695],[10.78635,50.58932],[10.77804,50.58946],[10.77049,50.59603],[10.77193,50.6025],[10.76512,50.60629],[10.7646,50.61366],[10.74731,50.6128],[10.74163,50.61526],[10.73987,50.61486],[10.741,50.61276],[10.73565,50.60447],[10.72918,50.60069],[10.7302,50.59805],[10.72573,50.59275],[10.7159,50.58811],[10.71796,50.58136],[10.71148,50.58174],[10.70857,50.57948],[10.70856,50.57605],[10.69913,50.57604],[10.69758,50.57346],[10.69562,50.57416],[10.69839,50.58046],[10.69347,50.58275],[10.68922,50.57808],[10.68883,50.57504],[10.69129,50.57141],[10.6961,50.57137],[10.68869,50.56856],[10.67818,50.56813],[10.67146,50.56284],[10.66535,50.56454],[10.65856,50.5614],[10.65184,50.56355],[10.65411,50.57148],[10.64736,50.57245],[10.64343,50.5756],[10.63013,50.58011],[10.61535,50.58055],[10.61462,50.58214],[10.60959,50.58097],[10.61025,50.5839],[10.60659,50.58736],[10.60078,50.58746],[10.59819,50.58577],[10.59204,50.58524],[10.58246,50.58544],[10.57809,50.57842],[10.57265,50.57543],[10.56949,50.56659],[10.56613,50.56641],[10.56594,50.57241],[10.56018,50.57338],[10.55745,50.57575],[10.553,50.57664],[10.54822,50.57458],[10.5514,50.57013],[10.54915,50.56827],[10.55067,50.56532],[10.52736,50.55392],[10.52651,50.54986],[10.53732,50.55012],[10.54491,50.54749],[10.54276,50.54533],[10.54403,50.54376],[10.5464,50.54449],[10.54884,50.54352],[10.55122,50.54506],[10.55794,50.54343],[10.56039,50.54502],[10.56617,50.54274],[10.56679,50.53373],[10.57211,50.53577],[10.56854,50.53632],[10.56896,50.53789],[10.58027,50.53661],[10.5794,50.53183],[10.58307,50.52691],[10.58185,50.52491],[10.57732,50.52308],[10.57657,50.51749],[10.58186,50.51499],[10.57637,50.51326],[10.56939,50.51386],[10.56875,50.51157],[10.57141,50.50825],[10.56941,50.50454],[10.56604,50.50323],[10.56368,50.4993],[10.55695,50.49698],[10.55166,50.49693],[10.56124,50.48023],[10.56845,50.4741],[10.56987,50.47464],[10.57265,50.47302],[10.5694,50.47075],[10.57169,50.47004],[10.56872,50.46701],[10.57431,50.46098],[10.57198,50.46004],[10.57368,50.45998],[10.57421,50.45795],[10.57112,50.45721],[10.57814,50.45315],[10.57752,50.45187],[10.58224,50.45073],[10.57926,50.44716],[10.58217,50.44556],[10.58395,50.4463],[10.58502,50.444],[10.58303,50.44055],[10.57699,50.43853],[10.574,50.43543],[10.56606,50.43979],[10.55262,50.43613],[10.53311,50.43527],[10.52829,50.4364],[10.52337,50.4398],[10.51288,50.44242],[10.50908,50.44519],[10.51236,50.45224],[10.50826,50.45433],[10.5042,50.45285],[10.5017,50.44907],[10.49629,50.44904],[10.49307,50.45056],[10.48813,50.4494],[10.4837,50.43901],[10.47871,50.43405],[10.47702,50.43407],[10.47667,50.43223],[10.47855,50.43153],[10.47782,50.42929],[10.48336,50.43001],[10.48145,50.42312],[10.48351,50.42105],[10.48093,50.41864],[10.48257,50.41817],[10.47237,50.41357],[10.47159,50.4083],[10.46283,50.40696],[10.46257,50.40424],[10.45938,50.40407],[10.45962,50.40077],[10.45295,50.40273],[10.45053,50.40186]]]]}},{"type":"Feature","id":"16070","bbox":[10.744,50.54694,11.2241,50.91316],"properties":{"id":"16070","name":"Ilm-Kreis","typ":"Landkreis","bundeslandAlt":"Thüringen","bezirkAlt":"Thüringen","neueKreise":["Ilm-Kreis"],"quelle":"VG250 / Bezirkseinführungsgesetz"},"geometry":{"type":"MultiPolygon","coordinates":[[[[10.744,50.69052],[10.74731,50.6878],[10.75256,50.68699],[10.75495,50.68833],[10.7605,50.68823],[10.76661,50.68548],[10.77805,50.68542],[10.78673,50.68854],[10.79177,50.68841],[10.79531,50.68088],[10.79946,50.68484],[10.80255,50.67934],[10.81531,50.67185],[10.81604,50.66975],[10.81021,50.66637],[10.81492,50.66353],[10.81853,50.66309],[10.8169,50.66128],[10.82341,50.65937],[10.82776,50.65347],[10.82812,50.64957],[10.83415,50.64628],[10.84026,50.64621],[10.83526,50.64383],[10.83528,50.63786],[10.83318,50.63499],[10.83005,50.63478],[10.82511,50.62723],[10.82988,50.62358],[10.83024,50.62021],[10.83895,50.61554],[10.83727,50.61381],[10.84275,50.61042],[10.84407,50.6077],[10.84355,50.60537],[10.83803,50.60383],[10.83978,50.60091],[10.83779,50.5996],[10.83884,50.59804],[10.82945,50.59565],[10.8262,50.58997],[10.82802,50.58153],[10.82459,50.5764],[10.82458,50.57249],[10.82978,50.56901],[10.83355,50.56975],[10.83768,50.56487],[10.84089,50.56887],[10.83924,50.57097],[10.8402,50.57437],[10.84448,50.57909],[10.84665,50.57869],[10.8468,50.57531],[10.84958,50.57467],[10.85006,50.57292],[10.85594,50.57441],[10.85566,50.57244],[10.8581,50.57095],[10.85851,50.56763],[10.85264,50.56692],[10.85263,50.56581],[10.86132,50.56347],[10.86256,50.56699],[10.86524,50.56601],[10.86875,50.57105],[10.86719,50.57254],[10.86284,50.57241],[10.86365,50.57421],[10.86851,50.57431],[10.87762,50.57974],[10.87697,50.58165],[10.88083,50.58768],[10.87839,50.59723],[10.89185,50.60837],[10.89574,50.60978],[10.89988,50.60276],[10.90713,50.59942],[10.90634,50.59443],[10.90867,50.59234],[10.91632,50.59116],[10.91886,50.59243],[10.92327,50.59116],[10.9233,50.58848],[10.91744,50.5886],[10.90859,50.57447],[10.91616,50.56982],[10.91885,50.57097],[10.91663,50.57091],[10.91131,50.5751],[10.91831,50.58606],[10.91727,50.58312],[10.91977,50.58259],[10.92123,50.5799],[10.92483,50.58041],[10.92998,50.57841],[10.93088,50.57672],[10.92764,50.57464],[10.92878,50.57679],[10.92721,50.57742],[10.92495,50.57517],[10.93208,50.57041],[10.92485,50.57009],[10.92337,50.56718],[10.92938,50.56854],[10.92369,50.56541],[10.93077,50.56632],[10.93034,50.55947],[10.93212,50.55629],[10.93372,50.55459],[10.93683,50.55573],[10.9424,50.54821],[10.95991,50.5525],[10.96865,50.55275],[10.98551,50.54694],[10.99072,50.54793],[11.00213,50.55426],[11.01002,50.55534],[11.00985,50.55664],[11.01287,50.55785],[11.01515,50.55455],[11.02198,50.55337],[11.02425,50.55103],[11.02958,50.55271],[11.03649,50.55296],[11.04034,50.55014],[11.04872,50.55056],[11.04814,50.55245],[11.04479,50.55351],[11.04583,50.55442],[11.0487,50.55356],[11.05094,50.55756],[11.07003,50.56524],[11.06905,50.56985],[11.0753,50.5783],[11.07263,50.58058],[11.0765,50.58136],[11.07296,50.58814],[11.07477,50.59034],[11.08111,50.59303],[11.07855,50.59744],[11.08186,50.59879],[11.08204,50.60081],[11.08833,50.60353],[11.08935,50.60671],[11.08668,50.61061],[11.07732,50.61444],[11.07559,50.6182],[11.07085,50.61885],[11.06497,50.62174],[11.06546,50.62372],[11.06168,50.62528],[11.06223,50.62688],[11.05781,50.62809],[11.06221,50.62974],[11.06306,50.63643],[11.06506,50.63729],[11.06009,50.64018],[11.06169,50.64146],[11.0593,50.64542],[11.06116,50.64788],[11.05767,50.64976],[11.06635,50.65748],[11.06544,50.66122],[11.06363,50.66134],[11.06595,50.66286],[11.06551,50.66531],[11.06205,50.66679],[11.05942,50.6648],[11.05555,50.66562],[11.05532,50.66796],[11.05663,50.67213],[11.06301,50.6751],[11.05997,50.67617],[11.05343,50.6756],[11.04283,50.67948],[11.03068,50.67229],[11.02894,50.66845],[11.02437,50.66885],[11.02343,50.67731],[11.01467,50.68303],[11.01594,50.68421],[11.01957,50.68253],[11.0207,50.68339],[11.01123,50.68788],[11.01376,50.69027],[11.02247,50.68892],[11.02358,50.68669],[11.02762,50.68669],[11.02828,50.68526],[11.03301,50.68635],[11.03356,50.69097],[11.05128,50.68641],[11.05712,50.6869],[11.05799,50.69532],[11.0516,50.70267],[11.05288,50.70811],[11.05844,50.70746],[11.0672,50.70946],[11.06633,50.71084],[11.06132,50.71069],[11.06056,50.71467],[11.0706,50.7197],[11.07481,50.717],[11.07289,50.71347],[11.07363,50.70802],[11.07095,50.7035],[11.072,50.69473],[11.07754,50.69408],[11.08524,50.69699],[11.09487,50.69802],[11.09211,50.70344],[11.09361,50.7066],[11.09158,50.71181],[11.09479,50.71493],[11.09846,50.71514],[11.09662,50.71989],[11.09868,50.72049],[11.09983,50.71916],[11.09955,50.72374],[11.0967,50.72733],[11.09847,50.72953],[11.1103,50.73278],[11.11757,50.73183],[11.13747,50.72543],[11.13379,50.7202],[11.13674,50.71903],[11.13962,50.72065],[11.13652,50.72072],[11.13959,50.72537],[11.14369,50.72899],[11.15038,50.73076],[11.15092,50.73304],[11.15469,50.72966],[11.16761,50.73035],[11.16772,50.72869],[11.17067,50.72871],[11.188,50.73419],[11.18989,50.74271],[11.18715,50.74815],[11.18851,50.74853],[11.18778,50.75397],[11.19069,50.75415],[11.19058,50.75521],[11.18819,50.75472],[11.18272,50.7637],[11.17832,50.76396],[11.17461,50.77194],[11.17892,50.77212],[11.17897,50.77483],[11.18351,50.7769],[11.18558,50.78192],[11.18813,50.78351],[11.1849,50.78515],[11.19425,50.79105],[11.19211,50.79277],[11.19803,50.79468],[11.20779,50.79228],[11.20856,50.79583],[11.19952,50.79809],[11.19267,50.7968],[11.18947,50.79944],[11.19319,50.80189],[11.22272,50.7998],[11.2241,50.80393],[11.20627,50.80595],[11.20825,50.80849],[11.20065,50.80713],[11.20074,50.80947],[11.19806,50.80903],[11.19571,50.81139],[11.19661,50.81713],[11.19143,50.81744],[11.19173,50.81861],[11.18092,50.81859],[11.18089,50.81579],[11.17853,50.8146],[11.17781,50.8202],[11.17043,50.82226],[11.16583,50.82203],[11.1659,50.82319],[11.16865,50.82331],[11.1685,50.82477],[11.1661,50.8249],[11.1663,50.82916],[11.15624,50.8291],[11.15473,50.83246],[11.16155,50.83612],[11.16002,50.83729],[11.16313,50.83796],[11.15784,50.83961],[11.15591,50.84479],[11.16425,50.84734],[11.17185,50.85178],[11.17769,50.85278],[11.17584,50.85879],[11.16635,50.85798],[11.16381,50.86361],[11.15945,50.86407],[11.16415,50.87234],[11.13918,50.87498],[11.13197,50.8746],[11.12458,50.88788],[11.12912,50.88921],[11.13473,50.89769],[11.12852,50.90331],[11.12313,50.9001],[11.11402,50.89733],[11.11554,50.90159],[11.11026,50.91311],[11.09558,50.91304],[11.0816,50.91071],[11.07702,50.91316],[11.05965,50.91168],[11.06011,50.9083],[11.01444,50.90471],[11.01257,50.90336],[11.00465,50.90258],[11.00206,50.90794],[10.9965,50.90775],[10.9897,50.9053],[10.98009,50.90422],[10.97804,50.89796],[10.96966,50.89568],[10.97425,50.89248],[10.96448,50.89385],[10.96327,50.89037],[10.96156,50.89023],[10.95998,50.89027],[10.9616,50.89429],[10.94771,50.89097],[10.94411,50.8942],[10.92437,50.89477],[10.92461,50.89557],[10.91484,50.89504],[10.9132,50.89764],[10.91033,50.89691],[10.90892,50.89924],[10.90572,50.89868],[10.90393,50.90084],[10.89604,50.89097],[10.88667,50.89018],[10.88596,50.88441],[10.87781,50.88165],[10.8757,50.8782],[10.87182,50.87628],[10.86714,50.86492],[10.86488,50.86458],[10.8643,50.85921],[10.86612,50.85666],[10.85475,50.85976],[10.85287,50.858],[10.84833,50.85915],[10.84632,50.85602],[10.84074,50.85375],[10.83775,50.84645],[10.83211,50.84745],[10.83021,50.84384],[10.82092,50.84434],[10.82047,50.84125],[10.83988,50.83986],[10.84712,50.83784],[10.85841,50.83824],[10.85651,50.83667],[10.85969,50.83578],[10.8592,50.83381],[10.85557,50.83136],[10.85168,50.82303],[10.83664,50.82113],[10.82366,50.82317],[10.81798,50.82359],[10.81712,50.8227],[10.82088,50.81832],[10.82115,50.81367],[10.83116,50.8133],[10.82923,50.81542],[10.83074,50.81587],[10.83446,50.81358],[10.83436,50.81161],[10.83746,50.81138],[10.83802,50.80745],[10.83715,50.80526],[10.83501,50.80491],[10.83628,50.80251],[10.83325,50.80232],[10.8331,50.80078],[10.83103,50.8012],[10.83044,50.79937],[10.82876,50.79967],[10.82673,50.79777],[10.82816,50.79682],[10.82485,50.79457],[10.82608,50.79343],[10.82345,50.79267],[10.82591,50.79043],[10.82378,50.78964],[10.82833,50.7868],[10.82624,50.78591],[10.82804,50.78421],[10.82658,50.78364],[10.82474,50.78518],[10.82172,50.7837],[10.82498,50.78043],[10.81612,50.77563],[10.81729,50.77468],[10.81525,50.77243],[10.81141,50.7711],[10.81347,50.77041],[10.80711,50.76951],[10.80606,50.76697],[10.80458,50.76818],[10.80211,50.76641],[10.79333,50.76913],[10.78941,50.76795],[10.78207,50.76984],[10.77679,50.76975],[10.77331,50.76846],[10.77339,50.76629],[10.77191,50.76747],[10.76817,50.76601],[10.76326,50.75781],[10.76386,50.75439],[10.76081,50.75424],[10.75622,50.74389],[10.75931,50.73724],[10.75284,50.73558],[10.75355,50.73282],[10.75627,50.73298],[10.75102,50.72344],[10.75476,50.7156],[10.7534,50.70728],[10.74499,50.70399],[10.74614,50.70197],[10.744,50.69052]]]]}},{"type":"Feature","id":"16071","bbox":[11.10597,50.79355,11.69718,51.11937],"properties":{"id":"16071","name":"Weimarer Land","typ":"Landkreis","bundeslandAlt":"Thüringen","bezirkAlt":"Thüringen","neueKreise":["Weimarer Land"],"quelle":"VG250 / Bezirkseinführungsgesetz"},"geometry":{"type":"MultiPolygon","coordinates":[[[[11.10597,50.92666],[11.11071,50.91061],[11.11554,50.90159],[11.11402,50.89733],[11.12313,50.9001],[11.12852,50.90331],[11.13473,50.89769],[11.12912,50.88921],[11.12458,50.88788],[11.13197,50.8746],[11.13918,50.87498],[11.16415,50.87234],[11.15945,50.86407],[11.16381,50.86361],[11.16635,50.85798],[11.17584,50.85879],[11.17769,50.85278],[11.17185,50.85178],[11.16425,50.84734],[11.15591,50.84479],[11.15784,50.83961],[11.16313,50.83796],[11.16002,50.83729],[11.16155,50.83612],[11.15473,50.83246],[11.15624,50.8291],[11.1663,50.82916],[11.1661,50.8249],[11.1685,50.82477],[11.16865,50.82331],[11.1659,50.82319],[11.16583,50.82203],[11.17043,50.82226],[11.17781,50.8202],[11.17853,50.8146],[11.18089,50.81579],[11.18092,50.81859],[11.19173,50.81861],[11.19143,50.81744],[11.19661,50.81713],[11.19571,50.81139],[11.19806,50.80903],[11.20074,50.80947],[11.20065,50.80713],[11.20825,50.80849],[11.20627,50.80595],[11.22189,50.80389],[11.2234,50.8061],[11.23007,50.8091],[11.25256,50.81174],[11.25292,50.81478],[11.25713,50.81518],[11.25426,50.82303],[11.25188,50.82433],[11.25026,50.83209],[11.25112,50.83412],[11.26286,50.83501],[11.26298,50.83328],[11.26586,50.8326],[11.27159,50.82683],[11.27667,50.83028],[11.27457,50.81927],[11.27845,50.81893],[11.2805,50.82101],[11.28626,50.81797],[11.28645,50.81641],[11.28931,50.81611],[11.29005,50.81428],[11.29952,50.81439],[11.30038,50.81268],[11.28852,50.81223],[11.288,50.80982],[11.30024,50.8116],[11.30334,50.8043],[11.30716,50.80433],[11.30802,50.80276],[11.31241,50.8023],[11.31875,50.80289],[11.3215,50.79413],[11.32736,50.79391],[11.32861,50.79536],[11.3342,50.79556],[11.33435,50.79427],[11.33922,50.79355],[11.35956,50.79838],[11.36273,50.80013],[11.36375,50.80751],[11.3618,50.81565],[11.37895,50.81765],[11.39099,50.81798],[11.38701,50.81492],[11.38997,50.81383],[11.39021,50.80971],[11.38839,50.80904],[11.39387,50.81018],[11.39575,50.80841],[11.38618,50.8056],[11.38587,50.80331],[11.39086,50.80288],[11.39258,50.80395],[11.39994,50.80226],[11.40364,50.80574],[11.40647,50.80468],[11.41185,50.8061],[11.41577,50.8046],[11.41865,50.80878],[11.42387,50.8086],[11.42601,50.81682],[11.42871,50.81849],[11.43331,50.81692],[11.43076,50.81945],[11.4349,50.82368],[11.43149,50.83068],[11.43582,50.83177],[11.43643,50.83053],[11.4409,50.83203],[11.45104,50.82784],[11.45457,50.82769],[11.45661,50.82949],[11.45535,50.83023],[11.45864,50.83143],[11.46014,50.83972],[11.45849,50.83943],[11.45791,50.84072],[11.45263,50.8398],[11.44989,50.84611],[11.45303,50.84676],[11.44748,50.8558],[11.44481,50.85523],[11.44441,50.85722],[11.44123,50.8571],[11.4389,50.86456],[11.44261,50.86596],[11.45556,50.86606],[11.45386,50.86921],[11.45631,50.87048],[11.45799,50.86736],[11.46007,50.8676],[11.46209,50.86592],[11.45956,50.87339],[11.46122,50.87792],[11.46965,50.87853],[11.47058,50.87748],[11.47296,50.88024],[11.48028,50.87963],[11.48408,50.88136],[11.48719,50.88057],[11.49749,50.89058],[11.49403,50.89109],[11.49601,50.89579],[11.49218,50.89523],[11.49052,50.90156],[11.50481,50.90624],[11.50709,50.91362],[11.50965,50.91529],[11.50459,50.92292],[11.50681,50.92306],[11.50657,50.92705],[11.50341,50.93283],[11.50775,50.93349],[11.50748,50.9358],[11.5158,50.93586],[11.51608,50.93889],[11.5235,50.94016],[11.53333,50.9387],[11.53545,50.94203],[11.53049,50.94611],[11.52099,50.94547],[11.51988,50.94758],[11.51312,50.94751],[11.502,50.94467],[11.49929,50.95187],[11.502,50.96129],[11.5049,50.9631],[11.50306,50.96701],[11.52165,50.97033],[11.5244,50.9729],[11.52317,50.97487],[11.52629,50.97611],[11.52526,50.98046],[11.5287,50.98246],[11.54707,50.98736],[11.54687,50.99004],[11.5522,50.99119],[11.55134,50.99323],[11.57128,50.99619],[11.57663,51.00002],[11.57559,51.00187],[11.60513,51.00564],[11.60157,51.01434],[11.61116,51.01462],[11.61082,51.01564],[11.61455,51.016],[11.6143,51.01917],[11.62299,51.02059],[11.62054,51.02765],[11.62455,51.02861],[11.62824,51.02481],[11.62884,51.02654],[11.63445,51.02752],[11.6357,51.02466],[11.64611,51.02592],[11.64684,51.0238],[11.65169,51.0238],[11.65371,51.02576],[11.65741,51.02643],[11.65818,51.02831],[11.6648,51.03027],[11.66951,51.03485],[11.67485,51.03636],[11.67099,51.04095],[11.66818,51.04176],[11.67869,51.04974],[11.68588,51.05084],[11.68584,51.05618],[11.68177,51.05626],[11.67796,51.06049],[11.68011,51.06188],[11.68828,51.06187],[11.6878,51.0665],[11.68509,51.06929],[11.68792,51.07121],[11.68925,51.07695],[11.68393,51.07704],[11.68634,51.07942],[11.68451,51.08024],[11.68549,51.08138],[11.68129,51.08177],[11.6819,51.0837],[11.69694,51.08749],[11.69574,51.08976],[11.69718,51.09135],[11.6934,51.09262],[11.69238,51.09985],[11.68922,51.10055],[11.68917,51.09859],[11.67531,51.10414],[11.67244,51.1029],[11.66654,51.10746],[11.66848,51.10925],[11.66695,51.11079],[11.65329,51.10971],[11.64708,51.1073],[11.64334,51.11044],[11.64025,51.10954],[11.63824,51.11112],[11.63499,51.10733],[11.62436,51.10448],[11.62021,51.09745],[11.6174,51.09772],[11.61615,51.09796],[11.62004,51.10467],[11.60681,51.11062],[11.6075,51.11161],[11.60167,51.11387],[11.57166,51.11937],[11.56835,51.1184],[11.55824,51.10895],[11.55521,51.10932],[11.55651,51.11126],[11.54782,51.1117],[11.54564,51.10245],[11.5233,51.10486],[11.51208,51.10797],[11.51059,51.10297],[11.50485,51.10394],[11.50462,51.10243],[11.48522,51.10253],[11.48461,51.10544],[11.47949,51.10483],[11.48015,51.09988],[11.45674,51.09691],[11.44585,51.09235],[11.43418,51.08961],[11.4336,51.0907],[11.4275,51.09162],[11.42911,51.10323],[11.41641,51.10389],[11.41306,51.1091],[11.40879,51.10936],[11.40811,51.10728],[11.40584,51.1075],[11.40474,51.0996],[11.39931,51.09815],[11.39947,51.09687],[11.3924,51.09595],[11.39099,51.09865],[11.38186,51.09707],[11.37944,51.10055],[11.37206,51.10172],[11.35458,51.09883],[11.34407,51.09893],[11.33585,51.09752],[11.32128,51.09777],[11.32066,51.09886],[11.31271,51.09775],[11.31032,51.10012],[11.29242,51.10072],[11.29215,51.10166],[11.28635,51.10085],[11.28252,51.10187],[11.28169,51.10352],[11.27633,51.10338],[11.27563,51.10158],[11.27267,51.1012],[11.2572,51.10118],[11.25682,51.10301],[11.25368,51.10274],[11.2519,51.10649],[11.22792,51.10306],[11.22771,51.10485],[11.19691,51.10436],[11.19741,51.10136],[11.19326,51.09438],[11.19462,51.08693],[11.19311,51.0867],[11.19213,51.07944],[11.1962,51.06678],[11.20175,51.06543],[11.19756,51.0566],[11.19854,51.05192],[11.20481,51.04392],[11.2075,51.04476],[11.20821,51.04366],[11.20864,51.0393],[11.20574,51.03928],[11.20622,51.03491],[11.2173,51.03263],[11.21776,51.03059],[11.20797,51.02722],[11.20478,51.03056],[11.20123,51.02983],[11.20082,51.02599],[11.19715,51.02598],[11.19641,51.02438],[11.18381,51.0238],[11.18395,51.02292],[11.17459,51.02557],[11.17047,51.01847],[11.1736,51.01831],[11.17117,51.00912],[11.164,51.00955],[11.16359,51.00251],[11.16648,51.00277],[11.17529,50.98881],[11.17162,50.98837],[11.17208,50.98654],[11.16995,50.98615],[11.17039,50.98466],[11.16707,50.98412],[11.16791,50.98202],[11.16468,50.98158],[11.16508,50.9807],[11.15968,50.97947],[11.15851,50.98082],[11.15476,50.98027],[11.15589,50.97735],[11.1361,50.9735],[11.13381,50.97013],[11.13705,50.96339],[11.13457,50.96287],[11.13577,50.949],[11.14189,50.94568],[11.14387,50.94033],[11.14671,50.93973],[11.15362,50.92482],[11.14156,50.92601],[11.1373,50.92982],[11.13299,50.92806],[11.12013,50.92762],[11.11943,50.92526],[11.11182,50.92996],[11.10597,50.92666]],[[11.23488,51.01936],[11.23659,51.02174],[11.24137,51.0235],[11.24394,51.02923],[11.24654,51.0276],[11.24769,51.02884],[11.24917,51.03654],[11.25069,51.03677],[11.25216,51.03455],[11.25379,51.03488],[11.25415,51.03394],[11.25181,51.0336],[11.25326,51.0316],[11.25835,51.03241],[11.26496,51.0311],[11.2718,51.02587],[11.27536,51.02578],[11.28625,51.03191],[11.29442,51.03082],[11.29896,51.02679],[11.29516,51.02476],[11.29662,51.02339],[11.29902,51.02426],[11.29995,51.02178],[11.30323,51.02227],[11.30235,51.02578],[11.30466,51.02638],[11.30485,51.01912],[11.31514,51.0264],[11.32042,51.02166],[11.32554,51.02552],[11.32805,51.02499],[11.33292,51.01957],[11.35168,51.02149],[11.36069,51.01873],[11.37327,51.02007],[11.36956,51.01618],[11.35686,51.01345],[11.35679,51.0119],[11.35377,51.01166],[11.34755,51.00815],[11.35379,50.99987],[11.35631,51.00008],[11.35653,50.99736],[11.36701,50.99583],[11.36987,50.99314],[11.36521,50.9901],[11.36991,50.98439],[11.37388,50.98537],[11.37251,50.98853],[11.37402,50.98938],[11.39275,50.99588],[11.38974,50.9921],[11.3907,50.99018],[11.39261,50.99045],[11.3962,50.98393],[11.39393,50.9813],[11.39203,50.97248],[11.38817,50.97187],[11.38844,50.96712],[11.39759,50.96744],[11.39826,50.96461],[11.402,50.96405],[11.39804,50.95524],[11.39428,50.95538],[11.38392,50.94712],[11.38162,50.94774],[11.38131,50.946],[11.37759,50.94685],[11.37573,50.94527],[11.37398,50.94628],[11.36759,50.94061],[11.35662,50.93934],[11.35608,50.93578],[11.35356,50.93566],[11.35426,50.94135],[11.33414,50.9422],[11.33262,50.93946],[11.3266,50.93819],[11.32878,50.92978],[11.33211,50.92667],[11.32096,50.92306],[11.31987,50.9191],[11.31017,50.92001],[11.30559,50.91942],[11.30343,50.91752],[11.30088,50.92114],[11.29625,50.92316],[11.30003,50.91671],[11.29599,50.91834],[11.29282,50.91785],[11.28697,50.92232],[11.28649,50.92673],[11.28317,50.92805],[11.27859,50.92663],[11.27297,50.93547],[11.26827,50.93544],[11.26834,50.93942],[11.26153,50.93762],[11.25887,50.94066],[11.26098,50.94051],[11.26113,50.94212],[11.2743,50.94169],[11.27463,50.94335],[11.28379,50.94382],[11.28596,50.94808],[11.27809,50.9493],[11.26864,50.96801],[11.26639,50.96779],[11.26568,50.96914],[11.26656,50.97925],[11.26429,50.98524],[11.26113,50.98736],[11.26205,50.99105],[11.26615,50.99239],[11.26752,51.00367],[11.26225,51.00561],[11.26142,51.00467],[11.24621,51.00763],[11.24718,51.01471],[11.23488,51.01936]]]]}},{"type":"Feature","id":"16072","bbox":[10.93924,50.26776,11.28497,50.56655],"properties":{"id":"16072","name":"Sonneberg","typ":"Landkreis","bundeslandAlt":"Thüringen","bezirkAlt":"Thüringen","neueKreise":["Sonneberg"],"quelle":"VG250 / Bezirkseinführungsgesetz"},"geometry":{"type":"MultiPolygon","coordinates":[[[[10.93924,50.41458],[10.94178,50.41187],[10.94132,50.40953],[10.94357,50.40959],[10.9469,50.40607],[10.95257,50.40635],[10.9534,50.40481],[10.95527,50.40496],[10.95374,50.4021],[10.95941,50.40051],[10.95646,50.39234],[10.9577,50.39091],[10.94572,50.38647],[10.94995,50.38347],[10.94844,50.38175],[10.95968,50.37531],[10.96179,50.37759],[10.9633,50.37591],[10.96273,50.37192],[10.95666,50.36848],[10.95908,50.36723],[10.96162,50.36772],[10.9825,50.35179],[10.98578,50.34732],[10.99295,50.34903],[10.99637,50.34672],[10.99952,50.35197],[10.99783,50.35389],[10.99415,50.35347],[10.99205,50.36031],[10.99349,50.36547],[10.99796,50.36577],[11.00161,50.36432],[11.00804,50.3652],[11.01789,50.3612],[11.02161,50.36215],[11.02404,50.36062],[11.03265,50.3603],[11.03342,50.36136],[11.03623,50.35869],[11.0317,50.35513],[11.04327,50.35333],[11.0435,50.35223],[11.03586,50.3527],[11.03241,50.3515],[11.03686,50.34521],[11.04115,50.34667],[11.04299,50.34472],[11.05937,50.34932],[11.06412,50.34921],[11.07357,50.35365],[11.08107,50.35162],[11.08575,50.35203],[11.08195,50.3539],[11.08677,50.3593],[11.08563,50.36235],[11.08805,50.36284],[11.08755,50.3648],[11.08974,50.36589],[11.09684,50.36594],[11.10003,50.36749],[11.1153,50.36701],[11.11929,50.35929],[11.11662,50.35379],[11.11405,50.35253],[11.1168,50.34933],[11.12169,50.349],[11.12668,50.35618],[11.13598,50.35329],[11.13911,50.35351],[11.13611,50.34967],[11.1592,50.33039],[11.15709,50.32655],[11.15932,50.32615],[11.15818,50.32378],[11.15609,50.32418],[11.15191,50.32107],[11.14543,50.31985],[11.13846,50.31643],[11.13483,50.31405],[11.13175,50.30809],[11.13316,50.30018],[11.13766,50.29972],[11.13973,50.29296],[11.1432,50.29338],[11.14156,50.28919],[11.14592,50.28496],[11.15148,50.28599],[11.15377,50.28354],[11.15848,50.2892],[11.1655,50.28234],[11.17184,50.28355],[11.17731,50.2811],[11.18371,50.2809],[11.18102,50.27662],[11.17941,50.27539],[11.1773,50.27619],[11.17553,50.27439],[11.17397,50.27128],[11.17549,50.26983],[11.18714,50.26956],[11.18994,50.27119],[11.19134,50.27407],[11.18939,50.27482],[11.19153,50.27744],[11.19007,50.28145],[11.19785,50.29186],[11.2117,50.28454],[11.21608,50.28418],[11.21445,50.28093],[11.21887,50.28136],[11.22434,50.27732],[11.23558,50.27531],[11.2379,50.27238],[11.24755,50.26776],[11.2523,50.26902],[11.25398,50.27227],[11.25978,50.27495],[11.25741,50.28424],[11.26024,50.28709],[11.25803,50.28841],[11.25908,50.29004],[11.25182,50.29346],[11.2539,50.29784],[11.25199,50.29926],[11.2605,50.30009],[11.26313,50.30241],[11.26594,50.30268],[11.27034,50.30731],[11.26668,50.30971],[11.26217,50.31816],[11.25652,50.32311],[11.2625,50.32538],[11.26133,50.33791],[11.26607,50.33822],[11.2771,50.33596],[11.26623,50.352],[11.26264,50.35119],[11.26244,50.3524],[11.27139,50.35521],[11.2778,50.35566],[11.28425,50.36031],[11.27914,50.36764],[11.28088,50.37145],[11.27834,50.37303],[11.27608,50.38092],[11.27219,50.38542],[11.26741,50.38731],[11.26433,50.38704],[11.26459,50.39135],[11.27087,50.3942],[11.25806,50.40004],[11.26108,50.40251],[11.26884,50.41918],[11.2668,50.42256],[11.26801,50.43221],[11.2632,50.44289],[11.25687,50.44431],[11.24709,50.44892],[11.24698,50.45061],[11.25489,50.45642],[11.25245,50.46323],[11.24506,50.47166],[11.24772,50.47841],[11.25153,50.48068],[11.25729,50.48182],[11.2657,50.47957],[11.27037,50.48414],[11.2802,50.48543],[11.28497,50.49496],[11.26787,50.49088],[11.26668,50.49234],[11.27273,50.49632],[11.27393,50.49897],[11.27208,50.50035],[11.26676,50.50011],[11.26308,50.50334],[11.25989,50.5025],[11.24707,50.50522],[11.24688,50.5074],[11.24383,50.50729],[11.24114,50.50487],[11.23542,50.50741],[11.23417,50.51085],[11.22512,50.51518],[11.22748,50.52574],[11.22497,50.52782],[11.22229,50.52686],[11.22131,50.52859],[11.21698,50.52973],[11.21212,50.52655],[11.20476,50.52738],[11.21094,50.52827],[11.21115,50.52982],[11.20898,50.52929],[11.20615,50.5314],[11.20386,50.53046],[11.20274,50.53503],[11.20546,50.53879],[11.19835,50.54105],[11.19807,50.54605],[11.1991,50.54727],[11.20341,50.54736],[11.21149,50.55011],[11.20275,50.55401],[11.20281,50.5572],[11.19475,50.55725],[11.19253,50.56222],[11.18385,50.56164],[11.17703,50.5632],[11.17693,50.56655],[11.17432,50.56542],[11.16854,50.56634],[11.1568,50.54437],[11.15088,50.54422],[11.14237,50.54117],[11.13223,50.54006],[11.13449,50.53043],[11.12813,50.53192],[11.12394,50.53144],[11.11005,50.53696],[11.10058,50.53201],[11.09226,50.53095],[11.09008,50.52025],[11.0936,50.51512],[11.08384,50.51024],[11.0763,50.51109],[11.06601,50.51469],[11.06901,50.522],[11.06804,50.52477],[11.05917,50.52476],[11.053,50.52088],[11.04885,50.52403],[11.04308,50.52461],[11.04366,50.52596],[11.03801,50.52655],[11.03837,50.52345],[11.02217,50.52772],[11.01552,50.52767],[11.01539,50.52965],[11.0121,50.52964],[11.01249,50.52772],[11.00691,50.52475],[11.00264,50.52949],[11.00048,50.52948],[11.00044,50.53117],[10.99261,50.52862],[10.9948,50.5203],[11.00094,50.5186],[11.00072,50.51517],[10.99316,50.50988],[10.97724,50.5029],[10.97541,50.50007],[10.97681,50.49667],[10.98494,50.49675],[10.98806,50.49483],[10.986,50.49062],[10.98813,50.48814],[10.98638,50.48547],[10.98812,50.47988],[10.99172,50.47773],[10.99583,50.47717],[11.00008,50.47857],[11.00717,50.47721],[11.01534,50.48009],[11.01935,50.47912],[11.02455,50.47514],[11.03631,50.47342],[11.03955,50.47403],[11.03792,50.47148],[11.0392,50.46241],[11.03655,50.46159],[11.03343,50.46306],[11.02794,50.45841],[11.01727,50.45375],[11.00971,50.44812],[11.00282,50.44693],[11.00428,50.44547],[10.99554,50.43995],[10.99172,50.43545],[10.97887,50.42978],[10.9778,50.43039],[10.96896,50.4249],[10.96868,50.42258],[10.96161,50.4213],[10.95948,50.41649],[10.95152,50.41747],[10.9476,50.41665],[10.94665,50.41508],[10.94292,50.41633],[10.93924,50.41458]]]]}},{"type":"Feature","id":"16073","bbox":[10.96632,50.42082,11.63363,50.83501],"properties":{"id":"16073","name":"Saalfeld-Rudolstadt","typ":"Landkreis","bundeslandAlt":"Thüringen","bezirkAlt":"Thüringen","neueKreise":["Saalfeld-Rudolstadt"],"quelle":"VG250 / Bezirkseinführungsgesetz"},"geometry":{"type":"MultiPolygon","coordinates":[[[[10.96632,50.54991],[10.96796,50.54822],[10.9678,50.53964],[10.97402,50.53689],[10.97419,50.53497],[10.98375,50.53646],[10.98898,50.53567],[10.98611,50.52865],[10.98807,50.52929],[10.98993,50.52797],[11.00044,50.53117],[11.00048,50.52948],[11.00264,50.52949],[11.00691,50.52475],[11.01249,50.52772],[11.0121,50.52964],[11.01539,50.52965],[11.01552,50.52767],[11.02217,50.52772],[11.03837,50.52345],[11.03801,50.52655],[11.04366,50.52596],[11.04308,50.52461],[11.04885,50.52403],[11.053,50.52088],[11.05917,50.52476],[11.06804,50.52477],[11.06901,50.522],[11.06601,50.51469],[11.0763,50.51109],[11.08384,50.51024],[11.0936,50.51512],[11.09008,50.52025],[11.09226,50.53095],[11.10058,50.53201],[11.11005,50.53696],[11.12394,50.53144],[11.12813,50.53192],[11.13449,50.53043],[11.13223,50.54006],[11.14237,50.54117],[11.15088,50.54422],[11.1568,50.54437],[11.16854,50.56634],[11.17432,50.56542],[11.17693,50.56655],[11.17703,50.5632],[11.18385,50.56164],[11.19253,50.56222],[11.19475,50.55725],[11.20281,50.5572],[11.20275,50.55401],[11.21149,50.55011],[11.20341,50.54736],[11.1991,50.54727],[11.19807,50.54605],[11.19835,50.54105],[11.20546,50.53879],[11.20274,50.53503],[11.20386,50.53046],[11.20615,50.5314],[11.20898,50.52929],[11.21115,50.52982],[11.21094,50.52827],[11.20476,50.52738],[11.21212,50.52655],[11.21698,50.52973],[11.22131,50.52859],[11.22229,50.52686],[11.22497,50.52782],[11.22748,50.52574],[11.22512,50.51518],[11.23417,50.51085],[11.23542,50.50741],[11.24114,50.50487],[11.24383,50.50729],[11.24688,50.5074],[11.24707,50.50522],[11.25989,50.5025],[11.26308,50.50334],[11.26676,50.50011],[11.27208,50.50035],[11.27393,50.49897],[11.27273,50.49632],[11.26668,50.49234],[11.26787,50.49088],[11.28448,50.49566],[11.28463,50.49257],[11.28166,50.49097],[11.28274,50.48887],[11.2802,50.48543],[11.27037,50.48414],[11.2657,50.47957],[11.2743,50.48312],[11.2788,50.48125],[11.27802,50.48336],[11.28911,50.48557],[11.2914,50.48012],[11.28944,50.4759],[11.29098,50.47526],[11.29273,50.4786],[11.2975,50.48134],[11.29617,50.48237],[11.3017,50.48502],[11.30276,50.4869],[11.29982,50.48738],[11.30094,50.48841],[11.31887,50.48902],[11.32314,50.49116],[11.32491,50.49839],[11.32268,50.49982],[11.32136,50.50857],[11.32533,50.51025],[11.33625,50.50961],[11.34699,50.51161],[11.34608,50.5159],[11.34304,50.51852],[11.34376,50.52069],[11.34657,50.52154],[11.34822,50.52014],[11.35776,50.51987],[11.36979,50.52324],[11.3794,50.52086],[11.38762,50.51565],[11.39309,50.52055],[11.39638,50.51785],[11.40528,50.51618],[11.42461,50.51588],[11.43298,50.50836],[11.43481,50.50395],[11.44095,50.49996],[11.43603,50.49218],[11.42771,50.49239],[11.41951,50.49466],[11.41881,50.49346],[11.42048,50.48953],[11.42249,50.48903],[11.42147,50.48638],[11.42647,50.48454],[11.41787,50.4814],[11.42048,50.47426],[11.4155,50.46785],[11.4236,50.46226],[11.41962,50.45514],[11.41889,50.44787],[11.4218,50.44258],[11.44054,50.43862],[11.45125,50.43103],[11.44477,50.42511],[11.44344,50.42082],[11.44619,50.4244],[11.45966,50.42864],[11.46315,50.43218],[11.47484,50.43167],[11.47511,50.43353],[11.48157,50.43162],[11.48405,50.4327],[11.48359,50.43862],[11.49028,50.44377],[11.4844,50.44443],[11.48312,50.44802],[11.47848,50.45171],[11.47906,50.45393],[11.48128,50.45421],[11.48114,50.45851],[11.49196,50.46148],[11.49315,50.46514],[11.48672,50.46642],[11.48954,50.46702],[11.49197,50.4706],[11.48704,50.47469],[11.48191,50.47345],[11.48259,50.47694],[11.49166,50.48123],[11.49579,50.4851],[11.49883,50.4855],[11.49441,50.49593],[11.48871,50.50117],[11.48555,50.50971],[11.48179,50.51287],[11.48113,50.52277],[11.4855,50.52519],[11.48423,50.52637],[11.48875,50.52828],[11.49265,50.53459],[11.49238,50.53673],[11.48636,50.53897],[11.48602,50.54139],[11.49116,50.5446],[11.49311,50.54344],[11.5016,50.54336],[11.5152,50.5411],[11.52789,50.5453],[11.52894,50.54856],[11.52431,50.54985],[11.52299,50.5528],[11.53073,50.55618],[11.54634,50.55796],[11.54688,50.55653],[11.55645,50.55704],[11.55915,50.5528],[11.56519,50.55301],[11.55966,50.5515],[11.5611,50.54838],[11.56457,50.54779],[11.57367,50.54946],[11.57441,50.55067],[11.57198,50.55219],[11.57386,50.55296],[11.57302,50.55532],[11.5778,50.55835],[11.59517,50.56371],[11.59763,50.56722],[11.60664,50.57194],[11.60982,50.58136],[11.61334,50.58164],[11.61485,50.58386],[11.62356,50.58374],[11.62724,50.58937],[11.63338,50.59219],[11.6334,50.59828],[11.62845,50.60394],[11.63363,50.61125],[11.6323,50.61238],[11.62753,50.61203],[11.61537,50.60474],[11.60313,50.6053],[11.59631,50.5974],[11.5912,50.59886],[11.58415,50.60548],[11.57925,50.60358],[11.58135,50.60041],[11.58599,50.5988],[11.58401,50.59727],[11.57715,50.60009],[11.56594,50.60893],[11.5615,50.60986],[11.55065,50.60736],[11.5477,50.61255],[11.54502,50.61148],[11.54367,50.60647],[11.53483,50.60605],[11.53082,50.60718],[11.52895,50.60894],[11.52883,50.61399],[11.5374,50.61796],[11.53926,50.62094],[11.53384,50.62188],[11.5217,50.61812],[11.51869,50.6193],[11.51249,50.63277],[11.51725,50.64004],[11.51759,50.64412],[11.51316,50.64488],[11.51278,50.64776],[11.50757,50.64746],[11.50514,50.65171],[11.50086,50.65128],[11.49985,50.65911],[11.49675,50.66265],[11.50106,50.66461],[11.50018,50.66571],[11.50747,50.66841],[11.49752,50.68321],[11.49415,50.68442],[11.49259,50.68935],[11.48508,50.68843],[11.48194,50.69453],[11.48262,50.6982],[11.46247,50.69529],[11.4608,50.69632],[11.45992,50.69834],[11.46542,50.70056],[11.47306,50.70854],[11.47408,50.71641],[11.48886,50.72657],[11.51091,50.73301],[11.52303,50.72891],[11.5297,50.73216],[11.53399,50.74119],[11.54915,50.743],[11.54721,50.74724],[11.54335,50.75018],[11.54471,50.75079],[11.54328,50.75207],[11.5417,50.75138],[11.54082,50.75836],[11.53692,50.76259],[11.5338,50.76208],[11.5319,50.76491],[11.52898,50.76565],[11.52947,50.76734],[11.52461,50.76664],[11.52022,50.76857],[11.51861,50.76376],[11.51216,50.7628],[11.4956,50.76451],[11.49618,50.76574],[11.49289,50.76613],[11.49328,50.76705],[11.48747,50.76786],[11.48677,50.77712],[11.48473,50.77991],[11.47908,50.78184],[11.47285,50.78077],[11.47341,50.78162],[11.46403,50.7839],[11.46297,50.78546],[11.45977,50.7843],[11.46239,50.78875],[11.45949,50.78919],[11.45968,50.79255],[11.45633,50.79308],[11.45108,50.79943],[11.44834,50.79806],[11.44555,50.80121],[11.44032,50.7987],[11.43935,50.79608],[11.43522,50.79599],[11.43525,50.7946],[11.42717,50.79765],[11.42666,50.8012],[11.42053,50.80337],[11.42387,50.8086],[11.41865,50.80878],[11.41577,50.8046],[11.41185,50.8061],[11.40647,50.80468],[11.40364,50.80574],[11.39994,50.80226],[11.39258,50.80395],[11.39086,50.80288],[11.38587,50.80331],[11.38618,50.8056],[11.39575,50.80841],[11.39387,50.81018],[11.38887,50.80831],[11.38997,50.81383],[11.38701,50.81492],[11.39099,50.81798],[11.38863,50.81842],[11.3618,50.81565],[11.36375,50.80751],[11.36273,50.80013],[11.35956,50.79838],[11.33922,50.79355],[11.33435,50.79427],[11.3342,50.79556],[11.32861,50.79536],[11.32736,50.79391],[11.3215,50.79413],[11.31875,50.80289],[11.31241,50.8023],[11.30802,50.80276],[11.30716,50.80433],[11.30334,50.8043],[11.30024,50.8116],[11.288,50.80982],[11.28852,50.81223],[11.30038,50.81268],[11.29952,50.81439],[11.29005,50.81428],[11.28931,50.81611],[11.28645,50.81641],[11.28626,50.81797],[11.2805,50.82101],[11.27845,50.81893],[11.27457,50.81927],[11.27667,50.83028],[11.27159,50.82683],[11.26586,50.8326],[11.26298,50.83328],[11.26286,50.83501],[11.25112,50.83412],[11.25188,50.82433],[11.25426,50.82303],[11.25713,50.81518],[11.25292,50.81478],[11.25256,50.81174],[11.23676,50.81066],[11.22701,50.80804],[11.22189,50.80389],[11.2241,50.80393],[11.22393,50.80003],[11.21866,50.80069],[11.21424,50.79964],[11.19319,50.80189],[11.18947,50.79944],[11.19267,50.7968],[11.19952,50.79809],[11.20856,50.79583],[11.20779,50.79228],[11.19803,50.79468],[11.19211,50.79277],[11.19425,50.79105],[11.1849,50.78515],[11.18813,50.78351],[11.18558,50.78192],[11.18351,50.7769],[11.17897,50.77483],[11.17892,50.77212],[11.17461,50.77194],[11.17832,50.76396],[11.18272,50.7637],[11.18819,50.75472],[11.19058,50.75521],[11.19069,50.75415],[11.18778,50.75397],[11.18851,50.74853],[11.18715,50.74815],[11.18989,50.74271],[11.188,50.73419],[11.17067,50.72871],[11.16772,50.72869],[11.16761,50.73035],[11.15469,50.72966],[11.15092,50.73304],[11.15038,50.73076],[11.14369,50.72899],[11.13959,50.72537],[11.13652,50.72072],[11.13962,50.72065],[11.13674,50.71903],[11.13379,50.7202],[11.13747,50.72543],[11.11757,50.73183],[11.1103,50.73278],[11.09847,50.72953],[11.0967,50.72733],[11.09955,50.72374],[11.09983,50.71916],[11.09868,50.72049],[11.09662,50.71989],[11.09846,50.71514],[11.09479,50.71493],[11.09158,50.71181],[11.09361,50.7066],[11.09211,50.70344],[11.09487,50.69802],[11.08524,50.69699],[11.07754,50.69408],[11.072,50.69473],[11.07095,50.7035],[11.07363,50.70802],[11.07289,50.71347],[11.07481,50.717],[11.0706,50.7197],[11.06056,50.71467],[11.06132,50.71069],[11.06633,50.71084],[11.0672,50.70946],[11.05844,50.70746],[11.05288,50.70811],[11.0516,50.70267],[11.05799,50.69532],[11.05712,50.6869],[11.05128,50.68641],[11.03356,50.69097],[11.03301,50.68635],[11.02828,50.68526],[11.02762,50.68669],[11.02358,50.68669],[11.02247,50.68892],[11.01376,50.69027],[11.01123,50.68788],[11.0207,50.68339],[11.01957,50.68253],[11.01594,50.68421],[11.01467,50.68303],[11.02343,50.67731],[11.02437,50.66885],[11.02894,50.66845],[11.03068,50.67229],[11.04283,50.67948],[11.05343,50.6756],[11.05997,50.67617],[11.06301,50.6751],[11.05663,50.67213],[11.05532,50.66796],[11.05555,50.66562],[11.05942,50.6648],[11.06205,50.66679],[11.06551,50.66531],[11.06595,50.66286],[11.06363,50.66134],[11.06544,50.66122],[11.06635,50.65748],[11.05767,50.64976],[11.06116,50.64788],[11.0593,50.64542],[11.06169,50.64146],[11.06009,50.64018],[11.06506,50.63729],[11.06306,50.63643],[11.06221,50.62974],[11.05781,50.62809],[11.06223,50.62688],[11.06168,50.62528],[11.06546,50.62372],[11.06497,50.62174],[11.07085,50.61885],[11.07559,50.6182],[11.07809,50.61386],[11.08668,50.61061],[11.08907,50.60769],[11.08878,50.60423],[11.07855,50.59744],[11.08111,50.59303],[11.07477,50.59034],[11.07296,50.58814],[11.0765,50.58136],[11.07263,50.58058],[11.0753,50.5783],[11.06905,50.56985],[11.07003,50.56524],[11.05094,50.55756],[11.0487,50.55356],[11.04583,50.55442],[11.04479,50.55351],[11.04814,50.55245],[11.04872,50.55056],[11.04034,50.55014],[11.03649,50.55296],[11.02958,50.55271],[11.02425,50.55103],[11.02198,50.55337],[11.01515,50.55455],[11.01287,50.55785],[11.00985,50.55664],[11.01002,50.55534],[11.00213,50.55426],[10.98841,50.54737],[10.98327,50.54716],[10.98154,50.54905],[10.96865,50.55275],[10.96632,50.54991]]]]}},{"type":"Feature","id":"16074","bbox":[11.42053,50.74682,12.02117,51.08778],"properties":{"id":"16074","name":"Saale-Holzland-Kreis","typ":"Landkreis","bundeslandAlt":"Thüringen","bezirkAlt":"Thüringen","neueKreise":["Saale-Holzland-Kreis"],"quelle":"VG250 / Bezirkseinführungsgesetz"},"geometry":{"type":"MultiPolygon","coordinates":[[[[11.42053,50.80337],[11.42666,50.8012],[11.42717,50.79765],[11.43525,50.7946],[11.43522,50.79599],[11.43935,50.79608],[11.44032,50.7987],[11.44555,50.80121],[11.44834,50.79806],[11.45108,50.79943],[11.45633,50.79308],[11.45968,50.79255],[11.45949,50.78919],[11.46239,50.78875],[11.45977,50.7843],[11.46297,50.78546],[11.46403,50.7839],[11.47341,50.78162],[11.47285,50.78077],[11.47908,50.78184],[11.48473,50.77991],[11.48677,50.77712],[11.48747,50.76786],[11.49328,50.76705],[11.49289,50.76613],[11.49618,50.76574],[11.4956,50.76451],[11.51216,50.7628],[11.51861,50.76376],[11.52022,50.76857],[11.52461,50.76664],[11.52947,50.76734],[11.52898,50.76565],[11.5319,50.76491],[11.5338,50.76208],[11.53692,50.76259],[11.54082,50.75836],[11.5417,50.75138],[11.54328,50.75207],[11.54471,50.75079],[11.55255,50.75301],[11.55304,50.7521],[11.56688,50.75435],[11.58083,50.75489],[11.5852,50.75085],[11.58987,50.75181],[11.59624,50.75108],[11.59684,50.74957],[11.60331,50.74682],[11.60824,50.75023],[11.60983,50.75419],[11.61807,50.75816],[11.62659,50.75636],[11.63717,50.75928],[11.647,50.75358],[11.65128,50.75847],[11.64818,50.76145],[11.67458,50.76139],[11.67599,50.76327],[11.68719,50.76147],[11.69554,50.76337],[11.70836,50.76365],[11.71323,50.7697],[11.7186,50.76988],[11.72285,50.78147],[11.71372,50.78591],[11.71255,50.79088],[11.72387,50.79717],[11.73199,50.79872],[11.7426,50.79709],[11.7442,50.79535],[11.74255,50.79151],[11.74978,50.78388],[11.75446,50.78191],[11.76611,50.78181],[11.77252,50.78445],[11.77935,50.78448],[11.78482,50.78662],[11.79756,50.78828],[11.79922,50.78647],[11.80993,50.78847],[11.82545,50.79455],[11.82239,50.79853],[11.8244,50.79929],[11.83007,50.79238],[11.8303,50.78543],[11.85325,50.78442],[11.85618,50.78643],[11.86457,50.78712],[11.86655,50.78807],[11.86193,50.79324],[11.86135,50.79906],[11.85814,50.80248],[11.86933,50.80506],[11.88986,50.80155],[11.89236,50.8021],[11.89314,50.80543],[11.89858,50.80585],[11.90146,50.80814],[11.9086,50.82052],[11.90943,50.82632],[11.89587,50.83514],[11.89122,50.83499],[11.89285,50.84118],[11.89042,50.84315],[11.8952,50.85267],[11.90404,50.85102],[11.90625,50.8525],[11.91375,50.85178],[11.91346,50.85758],[11.92067,50.85909],[11.92106,50.86155],[11.8979,50.86303],[11.8996,50.86577],[11.88986,50.87443],[11.89199,50.87813],[11.88291,50.87939],[11.87849,50.87864],[11.87304,50.88002],[11.87432,50.88173],[11.8908,50.89527],[11.89802,50.89539],[11.89635,50.89815],[11.89903,50.89886],[11.90166,50.89526],[11.91757,50.89347],[11.91444,50.90459],[11.9235,50.90773],[11.92463,50.91041],[11.92276,50.91428],[11.95241,50.91631],[11.94938,50.92408],[11.9542,50.92542],[11.96294,50.92517],[11.95934,50.93107],[11.96493,50.93139],[11.96497,50.93381],[11.96694,50.93442],[11.96456,50.93758],[11.95997,50.938],[11.95773,50.94457],[11.98723,50.9539],[11.9865,50.95652],[11.99054,50.95535],[11.99307,50.95133],[12.00442,50.94833],[12.02117,50.94795],[12.01992,50.9517],[12.0176,50.95218],[12.01928,50.95584],[12.01715,50.9682],[12.02102,50.96912],[12.01413,50.96867],[12.01386,50.97008],[12.01096,50.97],[12.01066,50.97469],[12.01706,50.97657],[12.01431,50.9839],[12.00867,50.98394],[12.00657,50.99102],[11.99934,50.98863],[11.9965,50.99316],[11.97424,50.99032],[11.97291,50.99434],[11.96987,50.99433],[11.96853,50.99916],[11.97577,50.99917],[11.978,51.00199],[11.97864,51.0037],[11.97522,51.00682],[11.9747,51.00983],[11.9763,51.01224],[11.98031,51.01235],[11.98008,51.01435],[11.97228,51.01859],[11.96954,51.01734],[11.96523,51.01834],[11.96529,51.02052],[11.96274,51.02218],[11.96069,51.02019],[11.95831,51.02104],[11.9539,51.02581],[11.94307,51.03244],[11.93702,51.02973],[11.93338,51.03072],[11.92763,51.02757],[11.92146,51.02629],[11.9119,51.02818],[11.91091,51.02955],[11.91463,51.03146],[11.91308,51.03605],[11.91539,51.03794],[11.91073,51.04161],[11.91087,51.04502],[11.90357,51.04423],[11.89917,51.04588],[11.89745,51.0453],[11.89467,51.04714],[11.89666,51.05047],[11.89056,51.05334],[11.89119,51.05463],[11.88881,51.05584],[11.87474,51.05706],[11.8681,51.0542],[11.86885,51.05252],[11.8631,51.05115],[11.86026,51.05476],[11.85226,51.05186],[11.84721,51.05303],[11.84356,51.05199],[11.83389,51.05226],[11.81715,51.04787],[11.80389,51.04721],[11.80262,51.0488],[11.79871,51.0483],[11.7971,51.05041],[11.79196,51.05006],[11.7896,51.05117],[11.7874,51.05011],[11.78687,51.05263],[11.77463,51.05316],[11.77041,51.04918],[11.77209,51.04501],[11.75969,51.04286],[11.75975,51.04778],[11.75211,51.04862],[11.75132,51.05184],[11.7462,51.05195],[11.74553,51.05416],[11.7485,51.0542],[11.75325,51.05699],[11.74468,51.06181],[11.73715,51.06314],[11.7323,51.06842],[11.72352,51.068],[11.72117,51.07102],[11.71365,51.07052],[11.70985,51.06814],[11.70081,51.0694],[11.70188,51.07373],[11.69971,51.0766],[11.70183,51.07842],[11.6976,51.08424],[11.7016,51.0845],[11.70158,51.08582],[11.69943,51.08599],[11.69903,51.08778],[11.6819,51.0837],[11.68129,51.08177],[11.68549,51.08138],[11.68451,51.08024],[11.68634,51.07942],[11.68393,51.07704],[11.68925,51.07695],[11.68792,51.07121],[11.68509,51.06929],[11.6878,51.0665],[11.68828,51.06187],[11.68011,51.06188],[11.67796,51.06049],[11.68177,51.05626],[11.68584,51.05618],[11.68681,51.05407],[11.68588,51.05084],[11.67869,51.04974],[11.66818,51.04176],[11.67099,51.04095],[11.67485,51.03636],[11.66951,51.03485],[11.6648,51.03027],[11.65818,51.02831],[11.65741,51.02643],[11.65371,51.02576],[11.65169,51.0238],[11.64684,51.0238],[11.64611,51.02592],[11.6357,51.02466],[11.63445,51.02752],[11.62884,51.02654],[11.62824,51.02481],[11.62455,51.02861],[11.62054,51.02765],[11.62299,51.02059],[11.6143,51.01917],[11.61455,51.016],[11.61082,51.01564],[11.61116,51.01462],[11.60157,51.01434],[11.60513,51.00564],[11.57559,51.00187],[11.57663,51.00002],[11.57361,50.99702],[11.55134,50.99323],[11.5522,50.99119],[11.54687,50.99004],[11.55894,50.97162],[11.56325,50.96976],[11.56644,50.96592],[11.58164,50.97082],[11.58064,50.97327],[11.58581,50.97232],[11.59281,50.97492],[11.59492,50.97133],[11.59838,50.97064],[11.60589,50.97185],[11.61726,50.97683],[11.63497,50.9689],[11.63385,50.96638],[11.63734,50.96815],[11.64389,50.9649],[11.64705,50.96932],[11.65229,50.96421],[11.64674,50.96077],[11.65302,50.96242],[11.66114,50.96028],[11.66727,50.95631],[11.66716,50.95356],[11.67285,50.95155],[11.66563,50.93844],[11.67059,50.92084],[11.66215,50.91915],[11.6627,50.91787],[11.6679,50.91748],[11.66348,50.91457],[11.66688,50.91178],[11.65766,50.91131],[11.65744,50.9073],[11.65159,50.90265],[11.6466,50.90141],[11.64614,50.89961],[11.64899,50.8912],[11.65987,50.89169],[11.66102,50.8852],[11.66407,50.88107],[11.65581,50.8793],[11.65474,50.88051],[11.65189,50.87907],[11.65019,50.8817],[11.6484,50.88043],[11.64703,50.88306],[11.64451,50.879],[11.64282,50.88081],[11.63694,50.87923],[11.63775,50.87541],[11.6258,50.87778],[11.61657,50.87546],[11.60877,50.87554],[11.61069,50.8722],[11.60824,50.87251],[11.60717,50.8696],[11.61307,50.86411],[11.61158,50.8634],[11.59878,50.86032],[11.56293,50.85619],[11.55963,50.85699],[11.55899,50.85937],[11.55032,50.85863],[11.5421,50.86131],[11.54306,50.86241],[11.53944,50.86171],[11.52904,50.86294],[11.52853,50.86203],[11.52655,50.86344],[11.53078,50.86616],[11.52959,50.86971],[11.5346,50.87046],[11.53698,50.86877],[11.54922,50.86864],[11.55962,50.87156],[11.56047,50.87406],[11.56341,50.87429],[11.56188,50.88021],[11.5593,50.88237],[11.56168,50.88703],[11.55853,50.89039],[11.55236,50.8932],[11.55511,50.89537],[11.554,50.89683],[11.55202,50.89578],[11.54709,50.89674],[11.54464,50.89539],[11.54119,50.89653],[11.54073,50.90129],[11.52658,50.90234],[11.52192,50.90592],[11.51394,50.90373],[11.511,50.9063],[11.50705,50.90696],[11.49612,50.90367],[11.49052,50.90156],[11.4903,50.89831],[11.49218,50.89523],[11.49601,50.89579],[11.49403,50.89109],[11.49749,50.89058],[11.48719,50.88057],[11.48408,50.88136],[11.48028,50.87963],[11.47296,50.88024],[11.47058,50.87748],[11.46965,50.87853],[11.46122,50.87792],[11.45956,50.87339],[11.46209,50.86592],[11.46007,50.8676],[11.45799,50.86736],[11.45631,50.87048],[11.45386,50.86921],[11.45556,50.86606],[11.44261,50.86596],[11.4389,50.86456],[11.44123,50.8571],[11.44441,50.85722],[11.44481,50.85523],[11.44748,50.8558],[11.45303,50.84676],[11.44989,50.84611],[11.45263,50.8398],[11.45791,50.84072],[11.45849,50.83943],[11.46014,50.83972],[11.45864,50.83143],[11.45535,50.83023],[11.45661,50.82949],[11.45457,50.82769],[11.45104,50.82784],[11.4409,50.83203],[11.43643,50.83053],[11.43582,50.83177],[11.43149,50.83068],[11.4349,50.82368],[11.43076,50.81945],[11.43331,50.81692],[11.42871,50.81849],[11.42601,50.81682],[11.42284,50.80513],[11.42053,50.80337]]]]}},{"type":"Feature","id":"16075","bbox":[11.45992,50.37427,11.96465,50.79929],"properties":{"id":"16075","name":"Saale-Orla-Kreis","typ":"Landkreis","bundeslandAlt":"Thüringen","bezirkAlt":"Thüringen","neueKreise":["Saale-Orla-Kreis","Saalfeld-Rudolstadt","Vogtlandkreis"],"quelle":"VG250 / Bezirkseinführungsgesetz"},"geometry":{"type":"MultiPolygon","coordinates":[[[[11.45992,50.69834],[11.46247,50.69529],[11.48262,50.6982],[11.48194,50.69453],[11.48508,50.68843],[11.49259,50.68935],[11.49415,50.68442],[11.49752,50.68321],[11.50747,50.66841],[11.50018,50.66571],[11.50106,50.66461],[11.49675,50.66265],[11.49985,50.65911],[11.50086,50.65128],[11.50514,50.65171],[11.50757,50.64746],[11.51278,50.64776],[11.51316,50.64488],[11.51759,50.64412],[11.51725,50.64004],[11.51249,50.63277],[11.51869,50.6193],[11.5217,50.61812],[11.53384,50.62188],[11.53926,50.62094],[11.5374,50.61796],[11.52883,50.61399],[11.52895,50.60894],[11.53082,50.60718],[11.53483,50.60605],[11.54367,50.60647],[11.54502,50.61148],[11.5477,50.61255],[11.55065,50.60736],[11.5615,50.60986],[11.56594,50.60893],[11.57715,50.60009],[11.58401,50.59727],[11.58599,50.5988],[11.58135,50.60041],[11.57925,50.60358],[11.58415,50.60548],[11.5912,50.59886],[11.59631,50.5974],[11.60313,50.6053],[11.61537,50.60474],[11.62753,50.61203],[11.6323,50.61238],[11.63363,50.61125],[11.62845,50.60394],[11.6334,50.59828],[11.63338,50.59219],[11.62724,50.58937],[11.62356,50.58374],[11.61485,50.58386],[11.61334,50.58164],[11.60982,50.58136],[11.60664,50.57194],[11.59763,50.56722],[11.59517,50.56371],[11.5778,50.55835],[11.57302,50.55532],[11.57386,50.55296],[11.57198,50.55219],[11.57441,50.55067],[11.57367,50.54946],[11.56457,50.54779],[11.5611,50.54838],[11.55966,50.5515],[11.56519,50.55301],[11.55915,50.5528],[11.55645,50.55704],[11.54688,50.55653],[11.54634,50.55796],[11.53073,50.55618],[11.52299,50.5528],[11.52431,50.54985],[11.52894,50.54856],[11.52789,50.5453],[11.5152,50.5411],[11.5016,50.54336],[11.49311,50.54344],[11.49116,50.5446],[11.48602,50.54139],[11.48636,50.53897],[11.49238,50.53673],[11.49265,50.53459],[11.48875,50.52828],[11.48423,50.52637],[11.4855,50.52519],[11.48113,50.52277],[11.48179,50.51287],[11.48555,50.50971],[11.48871,50.50117],[11.49441,50.49593],[11.49883,50.4855],[11.49579,50.4851],[11.49166,50.48123],[11.48259,50.47694],[11.48191,50.47345],[11.48704,50.47469],[11.49197,50.4706],[11.48954,50.46702],[11.48672,50.46642],[11.49315,50.46514],[11.49196,50.46148],[11.48114,50.45851],[11.48128,50.45421],[11.47906,50.45393],[11.47848,50.45171],[11.48312,50.44802],[11.4844,50.44443],[11.49028,50.44377],[11.48359,50.43862],[11.48493,50.43398],[11.48157,50.43162],[11.48297,50.43011],[11.48055,50.42547],[11.48812,50.41584],[11.48572,50.41144],[11.4793,50.40721],[11.47855,50.40153],[11.48985,50.39677],[11.4956,50.39954],[11.50302,50.39965],[11.50586,50.39651],[11.51891,50.39567],[11.51985,50.37427],[11.52701,50.376],[11.53438,50.38091],[11.54619,50.38413],[11.55253,50.38264],[11.56006,50.38413],[11.56492,50.38717],[11.56757,50.39569],[11.57315,50.40012],[11.5814,50.399],[11.59431,50.4026],[11.60581,50.39812],[11.61874,50.38839],[11.6246,50.38687],[11.62723,50.3886],[11.63197,50.3883],[11.64949,50.39224],[11.67353,50.39439],[11.6839,50.39289],[11.68853,50.39521],[11.69434,50.39579],[11.69789,50.40007],[11.70826,50.40394],[11.71143,50.40227],[11.71278,50.39734],[11.71472,50.39664],[11.71833,50.40006],[11.72712,50.40044],[11.73916,50.40905],[11.74405,50.4105],[11.74636,50.40838],[11.76156,50.40526],[11.76301,50.40706],[11.75136,50.41322],[11.75117,50.41476],[11.75603,50.4158],[11.7726,50.41153],[11.7742,50.41533],[11.78025,50.41875],[11.7872,50.41526],[11.79331,50.41834],[11.79735,50.41732],[11.81738,50.40059],[11.8255,50.40442],[11.82791,50.40014],[11.82142,50.39711],[11.8184,50.39357],[11.81936,50.39106],[11.82427,50.38976],[11.83194,50.3948],[11.83493,50.39338],[11.83612,50.39541],[11.85235,50.40166],[11.85748,50.39941],[11.86581,50.40067],[11.86816,50.40487],[11.87506,50.4078],[11.8824,50.41459],[11.88542,50.41585],[11.90612,50.4172],[11.90583,50.41969],[11.91043,50.42221],[11.92424,50.42635],[11.92789,50.43116],[11.92687,50.43307],[11.91621,50.43306],[11.91146,50.4357],[11.90866,50.43479],[11.90816,50.43658],[11.90601,50.43426],[11.90418,50.43456],[11.90384,50.43671],[11.89964,50.43525],[11.89311,50.44007],[11.89065,50.4401],[11.88851,50.44361],[11.89471,50.44405],[11.895,50.44946],[11.90285,50.45184],[11.90494,50.45438],[11.90983,50.4529],[11.91903,50.45432],[11.92034,50.46005],[11.92766,50.45925],[11.9319,50.46422],[11.93629,50.45908],[11.93906,50.45897],[11.94736,50.45398],[11.9508,50.45407],[11.9518,50.45551],[11.94279,50.45958],[11.94869,50.46373],[11.94839,50.46536],[11.94679,50.46407],[11.94366,50.46445],[11.9445,50.46547],[11.94106,50.46829],[11.944,50.47111],[11.94294,50.47178],[11.9389,50.47],[11.93769,50.47169],[11.94295,50.47346],[11.94291,50.47646],[11.94649,50.47936],[11.95923,50.47867],[11.962,50.48336],[11.96465,50.4839],[11.96423,50.48696],[11.96035,50.49173],[11.95655,50.49195],[11.95103,50.49589],[11.94381,50.50561],[11.93994,50.50299],[11.93398,50.50603],[11.93023,50.51294],[11.93293,50.52126],[11.93097,50.52296],[11.9285,50.52281],[11.92525,50.52632],[11.91892,50.52239],[11.91834,50.52551],[11.91585,50.52452],[11.91846,50.51698],[11.89945,50.51606],[11.89408,50.51827],[11.88822,50.51668],[11.87146,50.53982],[11.88015,50.54563],[11.88521,50.55194],[11.90008,50.55407],[11.90132,50.55332],[11.90665,50.55589],[11.90942,50.55443],[11.91393,50.55507],[11.91771,50.56066],[11.91994,50.56035],[11.91882,50.55783],[11.92046,50.55555],[11.92601,50.55684],[11.92694,50.55808],[11.92245,50.55764],[11.92315,50.56078],[11.9254,50.56377],[11.92757,50.56393],[11.92677,50.56548],[11.93368,50.56852],[11.92894,50.57412],[11.93065,50.57555],[11.92978,50.57847],[11.92357,50.58571],[11.93596,50.58744],[11.93946,50.59023],[11.94414,50.59128],[11.94384,50.59413],[11.93959,50.59553],[11.93549,50.60395],[11.92582,50.60661],[11.9171,50.60144],[11.91267,50.60311],[11.91096,50.60575],[11.90764,50.60537],[11.90604,50.60652],[11.90889,50.61002],[11.90445,50.60702],[11.9029,50.60748],[11.89985,50.61033],[11.90347,50.61235],[11.90263,50.61302],[11.89914,50.61117],[11.89713,50.61399],[11.90323,50.61826],[11.90244,50.61925],[11.89763,50.6165],[11.89347,50.617],[11.8875,50.62381],[11.89015,50.62693],[11.88493,50.62693],[11.88536,50.6296],[11.88374,50.62959],[11.88339,50.63176],[11.88099,50.63128],[11.88465,50.63492],[11.88818,50.63435],[11.88167,50.64158],[11.88424,50.6463],[11.88721,50.64587],[11.89072,50.64907],[11.891,50.65372],[11.88756,50.6638],[11.86808,50.66197],[11.8663,50.66598],[11.87122,50.67662],[11.87599,50.67966],[11.86788,50.68806],[11.86798,50.69154],[11.87163,50.69242],[11.87421,50.69509],[11.86901,50.70173],[11.87015,50.70791],[11.86682,50.7098],[11.86972,50.71651],[11.87248,50.71614],[11.87352,50.71824],[11.87897,50.71939],[11.87902,50.7275],[11.88169,50.72754],[11.8807,50.72474],[11.88369,50.72463],[11.88338,50.7279],[11.88948,50.72828],[11.89081,50.7312],[11.89868,50.72687],[11.90349,50.72867],[11.904,50.73054],[11.89874,50.73129],[11.89843,50.73848],[11.89733,50.74059],[11.89524,50.7404],[11.89613,50.74149],[11.9045,50.7459],[11.91359,50.7456],[11.92062,50.74764],[11.91809,50.74915],[11.92132,50.75105],[11.91845,50.75267],[11.92178,50.75358],[11.92037,50.75622],[11.94093,50.75963],[11.94361,50.76635],[11.93883,50.76938],[11.93519,50.76875],[11.93174,50.77378],[11.92592,50.7724],[11.9263,50.77049],[11.92476,50.77028],[11.91868,50.77292],[11.91308,50.77204],[11.91234,50.77682],[11.9063,50.77656],[11.8994,50.78856],[11.89694,50.78753],[11.89575,50.78376],[11.87758,50.78484],[11.87589,50.78778],[11.87352,50.7863],[11.8766,50.78142],[11.87398,50.77981],[11.86708,50.7821],[11.87169,50.78593],[11.86655,50.78807],[11.85618,50.78643],[11.85325,50.78442],[11.83068,50.78533],[11.83007,50.79238],[11.8244,50.79929],[11.82239,50.79853],[11.82545,50.79455],[11.80993,50.78847],[11.79922,50.78647],[11.79756,50.78828],[11.78482,50.78662],[11.77935,50.78448],[11.77252,50.78445],[11.76611,50.78181],[11.75446,50.78191],[11.74978,50.78388],[11.74255,50.79151],[11.7442,50.79535],[11.7426,50.79709],[11.73199,50.79872],[11.72387,50.79717],[11.71255,50.79088],[11.71372,50.78591],[11.72285,50.78147],[11.7186,50.76988],[11.71323,50.7697],[11.70836,50.76365],[11.69554,50.76337],[11.68719,50.76147],[11.67599,50.76327],[11.67458,50.76139],[11.64818,50.76145],[11.65128,50.75847],[11.647,50.75358],[11.63717,50.75928],[11.62659,50.75636],[11.61807,50.75816],[11.60983,50.75419],[11.60824,50.75023],[11.60331,50.74682],[11.59684,50.74957],[11.59624,50.75108],[11.58987,50.75181],[11.5852,50.75085],[11.58083,50.75489],[11.54806,50.75198],[11.54335,50.75018],[11.54721,50.74724],[11.54915,50.743],[11.53399,50.74119],[11.5297,50.73216],[11.52303,50.72891],[11.51091,50.73301],[11.48886,50.72657],[11.47408,50.71641],[11.47306,50.70854],[11.46542,50.70056],[11.45992,50.69834]]]]}},{"type":"Feature","id":"16076","bbox":[11.85814,50.5494,12.32205,50.97587],"properties":{"id":"16076","name":"Greiz","typ":"Landkreis","bundeslandAlt":"Thüringen","bezirkAlt":"Thüringen","neueKreise":["Greiz"],"quelle":"VG250 / Bezirkseinführungsgesetz"},"geometry":{"type":"MultiPolygon","coordinates":[[[[11.85814,50.80248],[11.86135,50.79906],[11.86418,50.79018],[11.87169,50.78593],[11.86708,50.7821],[11.87521,50.7799],[11.8766,50.78142],[11.87352,50.7863],[11.87589,50.78778],[11.87758,50.78484],[11.89575,50.78376],[11.89694,50.78753],[11.8994,50.78856],[11.9063,50.77656],[11.91234,50.77682],[11.91308,50.77204],[11.91868,50.77292],[11.92476,50.77028],[11.9263,50.77049],[11.92592,50.7724],[11.93174,50.77378],[11.93519,50.76875],[11.93883,50.76938],[11.94361,50.76635],[11.93908,50.75849],[11.92854,50.75826],[11.92037,50.75622],[11.92178,50.75358],[11.91845,50.75267],[11.92132,50.75105],[11.91809,50.74915],[11.92062,50.74764],[11.91359,50.7456],[11.9045,50.7459],[11.89613,50.74149],[11.89524,50.7404],[11.89733,50.74059],[11.89843,50.73848],[11.89874,50.73129],[11.904,50.73054],[11.90349,50.72867],[11.89868,50.72687],[11.89081,50.7312],[11.88948,50.72828],[11.88338,50.7279],[11.88369,50.72463],[11.8807,50.72474],[11.88169,50.72754],[11.87902,50.7275],[11.87897,50.71939],[11.87352,50.71824],[11.87248,50.71614],[11.86972,50.71651],[11.86867,50.71156],[11.86702,50.71154],[11.86682,50.7098],[11.86872,50.70954],[11.8676,50.70845],[11.87015,50.70791],[11.86901,50.70173],[11.87421,50.69509],[11.87163,50.69242],[11.86798,50.69154],[11.86788,50.68806],[11.87599,50.67966],[11.87122,50.67662],[11.8663,50.66598],[11.86808,50.66197],[11.88756,50.6638],[11.891,50.65372],[11.89072,50.64907],[11.88721,50.64587],[11.88424,50.6463],[11.88167,50.64158],[11.88818,50.63435],[11.88465,50.63492],[11.88099,50.63128],[11.88339,50.63176],[11.88374,50.62959],[11.88536,50.6296],[11.88493,50.62693],[11.89015,50.62693],[11.8875,50.62381],[11.89347,50.617],[11.89763,50.6165],[11.90244,50.61925],[11.90323,50.61826],[11.89713,50.61399],[11.89914,50.61117],[11.90263,50.61302],[11.90347,50.61235],[11.89985,50.61033],[11.9029,50.60748],[11.90445,50.60702],[11.90889,50.61002],[11.90604,50.60652],[11.90764,50.60537],[11.91096,50.60575],[11.91267,50.60311],[11.9171,50.60144],[11.92582,50.60661],[11.93549,50.60395],[11.93959,50.59553],[11.94384,50.59413],[11.94414,50.59128],[11.95714,50.599],[11.95659,50.60124],[11.95997,50.60445],[11.96231,50.60096],[11.96773,50.60013],[11.98878,50.61073],[11.98351,50.61478],[11.98364,50.61762],[11.97927,50.62141],[11.99872,50.62714],[12.00338,50.63019],[12.00089,50.63322],[12.00394,50.63483],[12.0104,50.63546],[12.02212,50.62554],[12.01244,50.6207],[12.00904,50.61614],[12.00476,50.61382],[12.00548,50.61202],[12.02097,50.59855],[12.0284,50.59697],[12.03129,50.59821],[12.03614,50.59395],[12.03107,50.58423],[12.03111,50.5819],[12.03416,50.58255],[12.03563,50.58137],[12.01754,50.56784],[12.02551,50.56012],[12.03099,50.55778],[12.0322,50.555],[12.02876,50.55489],[12.02835,50.55386],[12.03365,50.55321],[12.03117,50.55239],[12.03027,50.5494],[12.04122,50.55354],[12.04922,50.55322],[12.05207,50.55096],[12.05738,50.55312],[12.06032,50.55217],[12.06549,50.55582],[12.07269,50.55512],[12.07697,50.55926],[12.07467,50.56683],[12.07914,50.56926],[12.07812,50.57659],[12.08359,50.57857],[12.10152,50.57894],[12.10557,50.57339],[12.11577,50.56695],[12.12279,50.56754],[12.12765,50.57413],[12.14019,50.57295],[12.1415,50.57399],[12.15602,50.57349],[12.16067,50.58005],[12.15609,50.58558],[12.15471,50.58383],[12.1516,50.58345],[12.15069,50.58467],[12.14483,50.58574],[12.14019,50.58266],[12.13519,50.58213],[12.12637,50.584],[12.13265,50.58774],[12.12472,50.58442],[12.11015,50.58872],[12.11245,50.59034],[12.1149,50.59698],[12.12656,50.60067],[12.13342,50.60096],[12.14722,50.6061],[12.14523,50.60974],[12.15083,50.6156],[12.14571,50.62143],[12.14643,50.62598],[12.15017,50.62704],[12.14989,50.6288],[12.15364,50.6305],[12.15604,50.6295],[12.16329,50.63002],[12.16524,50.62793],[12.16916,50.6298],[12.17044,50.62923],[12.17021,50.62756],[12.17597,50.62451],[12.17351,50.6213],[12.17814,50.61865],[12.17472,50.61451],[12.18277,50.61211],[12.19075,50.61442],[12.19212,50.61933],[12.18819,50.62312],[12.19969,50.63293],[12.1982,50.64131],[12.20754,50.63994],[12.20755,50.6366],[12.21724,50.63374],[12.21676,50.63146],[12.22143,50.63162],[12.22645,50.62984],[12.23083,50.63263],[12.23111,50.62815],[12.23281,50.62707],[12.24051,50.62942],[12.24184,50.63235],[12.24464,50.6333],[12.26552,50.63079],[12.26665,50.63449],[12.26429,50.64339],[12.26807,50.64481],[12.28132,50.64455],[12.27969,50.64778],[12.28232,50.64657],[12.2845,50.64827],[12.28962,50.64788],[12.29889,50.65168],[12.30312,50.65705],[12.30354,50.66226],[12.31772,50.66336],[12.31423,50.66959],[12.32205,50.68143],[12.3189,50.684],[12.31481,50.68524],[12.30854,50.68261],[12.30639,50.68388],[12.29939,50.68377],[12.29689,50.68654],[12.28363,50.68501],[12.27811,50.68778],[12.27476,50.68612],[12.26276,50.69528],[12.26199,50.70039],[12.26596,50.7011],[12.2649,50.7037],[12.26095,50.70555],[12.2571,50.7129],[12.25338,50.7157],[12.25854,50.71935],[12.26324,50.72041],[12.26577,50.72443],[12.27071,50.72518],[12.27343,50.7282],[12.27335,50.72957],[12.2687,50.73084],[12.26476,50.73755],[12.23791,50.73303],[12.235,50.73327],[12.23434,50.73617],[12.23144,50.73821],[12.22698,50.73822],[12.23024,50.74351],[12.22823,50.74374],[12.2267,50.74159],[12.22665,50.74622],[12.22917,50.75002],[12.22869,50.75745],[12.23382,50.75984],[12.24069,50.76724],[12.24184,50.76788],[12.24461,50.76478],[12.26392,50.76046],[12.26906,50.76252],[12.27573,50.76925],[12.28405,50.77347],[12.29016,50.78343],[12.28795,50.78359],[12.28764,50.78964],[12.26757,50.78733],[12.25315,50.78883],[12.25485,50.79506],[12.25018,50.7991],[12.25348,50.79951],[12.24284,50.80906],[12.25094,50.81501],[12.25008,50.82046],[12.25223,50.82273],[12.25074,50.82972],[12.24833,50.83225],[12.2519,50.83613],[12.24688,50.84454],[12.25127,50.84971],[12.2566,50.85084],[12.25683,50.85389],[12.24314,50.8619],[12.24468,50.85991],[12.24341,50.85887],[12.23424,50.86249],[12.23307,50.85959],[12.22927,50.8587],[12.21833,50.859],[12.22146,50.86498],[12.21549,50.87098],[12.21594,50.874],[12.21848,50.87456],[12.20779,50.88059],[12.22703,50.89184],[12.22496,50.89327],[12.22709,50.89622],[12.2246,50.90088],[12.22733,50.90273],[12.2271,50.90711],[12.22849,50.90752],[12.22555,50.91067],[12.23401,50.91437],[12.23568,50.91321],[12.24136,50.91621],[12.24332,50.9191],[12.24675,50.92039],[12.24364,50.92396],[12.24946,50.92798],[12.24847,50.92968],[12.246,50.92803],[12.24448,50.93003],[12.23865,50.92909],[12.23939,50.92808],[12.23765,50.92774],[12.23348,50.9333],[12.22368,50.93995],[12.22417,50.94294],[12.21953,50.94228],[12.21781,50.93942],[12.21442,50.93807],[12.21434,50.94306],[12.21107,50.94957],[12.21535,50.95327],[12.21382,50.95844],[12.21281,50.95941],[12.20069,50.95611],[12.19798,50.95678],[12.18251,50.97587],[12.17376,50.97291],[12.16321,50.96649],[12.16608,50.95904],[12.16197,50.95845],[12.16443,50.9527],[12.16697,50.95149],[12.16564,50.95088],[12.16936,50.9439],[12.16555,50.94425],[12.16627,50.94272],[12.16879,50.94283],[12.16953,50.9353],[12.15731,50.93186],[12.14849,50.93258],[12.14947,50.92844],[12.14352,50.92779],[12.14231,50.93233],[12.1325,50.93248],[12.13667,50.92908],[12.13477,50.92739],[12.1378,50.91987],[12.13512,50.91413],[12.13602,50.91142],[12.13076,50.90945],[12.13662,50.90052],[12.13899,50.90074],[12.13916,50.89296],[12.14435,50.89429],[12.15268,50.88739],[12.14725,50.88613],[12.15096,50.88315],[12.14898,50.88149],[12.15545,50.87667],[12.15255,50.87426],[12.15484,50.87254],[12.15226,50.86878],[12.14967,50.86855],[12.1489,50.86675],[12.14194,50.86417],[12.1336,50.85873],[12.12819,50.85196],[12.12818,50.84966],[12.12573,50.849],[12.13142,50.83918],[12.13718,50.83836],[12.13451,50.83076],[12.13603,50.82591],[12.13261,50.8264],[12.1307,50.82385],[12.13291,50.82315],[12.13489,50.81843],[12.15386,50.80985],[12.15509,50.80602],[12.15111,50.8056],[12.14903,50.8069],[12.14479,50.80243],[12.12678,50.79911],[12.11833,50.80309],[12.11937,50.80939],[12.11012,50.81703],[12.11164,50.81796],[12.10808,50.81801],[12.10947,50.81927],[12.10481,50.81887],[12.10368,50.82152],[12.09868,50.82167],[12.09579,50.82441],[12.09252,50.82335],[12.08444,50.82551],[12.08355,50.8245],[12.08023,50.82491],[12.08029,50.8226],[12.05841,50.82152],[12.04451,50.81874],[12.03677,50.82169],[12.02702,50.82288],[12.02619,50.82535],[12.01931,50.82577],[12.01657,50.82832],[12.0196,50.8307],[12.01119,50.83692],[12.00984,50.83985],[12.01211,50.84171],[11.99852,50.84978],[12.00064,50.85707],[12.0087,50.85841],[12.01525,50.86218],[12.01038,50.86632],[12.00911,50.87105],[11.99798,50.87316],[11.9993,50.87732],[12.00388,50.88065],[12.00188,50.88148],[12.0123,50.88723],[12.01069,50.88856],[12.01575,50.8928],[12.01321,50.89467],[12.02736,50.90122],[12.02458,50.90287],[12.02821,50.90407],[12.02769,50.90659],[12.01802,50.9135],[12.0298,50.92036],[12.03196,50.92537],[12.03428,50.92484],[12.04073,50.93022],[12.04935,50.93295],[12.04835,50.93385],[12.04536,50.93279],[12.04371,50.93417],[12.04581,50.93497],[12.04047,50.94021],[12.03475,50.93837],[12.03515,50.94229],[12.02807,50.9462],[12.01488,50.94863],[12.0112,50.94868],[12.01056,50.94758],[12.00442,50.94833],[11.99307,50.95133],[11.99054,50.95535],[11.98727,50.95653],[11.98723,50.9539],[11.95773,50.94457],[11.95997,50.938],[11.96456,50.93758],[11.96694,50.93442],[11.96497,50.93381],[11.96493,50.93139],[11.95934,50.93107],[11.96294,50.92517],[11.9542,50.92542],[11.94938,50.92408],[11.95241,50.91631],[11.92276,50.91428],[11.92463,50.91041],[11.9235,50.90773],[11.91444,50.90459],[11.91757,50.89347],[11.90166,50.89526],[11.89903,50.89886],[11.89635,50.89815],[11.89802,50.89539],[11.8908,50.89527],[11.87432,50.88173],[11.87304,50.88002],[11.87849,50.87864],[11.88291,50.87939],[11.89199,50.87813],[11.88986,50.87443],[11.8996,50.86577],[11.8979,50.86303],[11.90609,50.86177],[11.91751,50.86221],[11.92106,50.86155],[11.92067,50.85909],[11.91346,50.85758],[11.91375,50.85178],[11.90625,50.8525],[11.90404,50.85102],[11.8952,50.85267],[11.89042,50.84315],[11.89285,50.84118],[11.89122,50.83499],[11.89587,50.83514],[11.90943,50.82632],[11.9086,50.82052],[11.90146,50.80814],[11.89858,50.80585],[11.89314,50.80543],[11.89236,50.8021],[11.88986,50.80155],[11.86933,50.80506],[11.85814,50.80248]]]]}},{"type":"Feature","id":"16077","bbox":[12.20779,50.80962,12.65412,51.10378],"properties":{"id":"16077","name":"Altenburger Land","typ":"Landkreis","bundeslandAlt":"Thüringen","bezirkAlt":"Thüringen","neueKreise":["Altenburger Land"],"quelle":"VG250 / Bezirkseinführungsgesetz"},"geometry":{"type":"MultiPolygon","coordinates":[[[[12.20779,50.88059],[12.21848,50.87456],[12.21594,50.874],[12.21549,50.87098],[12.22146,50.86498],[12.21833,50.859],[12.22927,50.8587],[12.23307,50.85959],[12.23424,50.86249],[12.24341,50.85887],[12.24468,50.85991],[12.24314,50.8619],[12.25683,50.85389],[12.2566,50.85084],[12.25127,50.84971],[12.24688,50.84454],[12.2519,50.83613],[12.24833,50.83225],[12.25218,50.82606],[12.2505,50.81854],[12.25309,50.81809],[12.25976,50.81145],[12.26734,50.81436],[12.26857,50.81232],[12.27504,50.81364],[12.27266,50.81639],[12.27698,50.81786],[12.27808,50.80962],[12.27986,50.8097],[12.28607,50.81187],[12.28574,50.82031],[12.29113,50.82211],[12.28972,50.82397],[12.29271,50.82381],[12.29567,50.8169],[12.29978,50.81555],[12.30236,50.8172],[12.29835,50.82095],[12.29591,50.82833],[12.29858,50.8299],[12.30695,50.81876],[12.31571,50.81945],[12.32064,50.82163],[12.33388,50.82042],[12.33302,50.82204],[12.34758,50.82363],[12.3467,50.83207],[12.34959,50.83317],[12.34768,50.83484],[12.34832,50.83753],[12.36231,50.8423],[12.36485,50.84397],[12.36489,50.84654],[12.37486,50.84883],[12.37413,50.85325],[12.37839,50.85371],[12.37703,50.84905],[12.3868,50.85063],[12.39251,50.84903],[12.40295,50.84923],[12.40612,50.85052],[12.40728,50.85698],[12.41299,50.85687],[12.41806,50.85541],[12.41159,50.84738],[12.42021,50.83959],[12.42933,50.84416],[12.43745,50.84242],[12.4425,50.84403],[12.44039,50.84644],[12.44113,50.84939],[12.44825,50.85617],[12.44415,50.86258],[12.44932,50.86576],[12.44836,50.86745],[12.46403,50.87013],[12.46112,50.87178],[12.4642,50.87339],[12.45925,50.88045],[12.48219,50.88868],[12.48024,50.89051],[12.48667,50.8939],[12.51112,50.8941],[12.51303,50.89611],[12.50786,50.90373],[12.52132,50.9076],[12.52526,50.90266],[12.53819,50.90069],[12.55282,50.90554],[12.56023,50.90614],[12.56594,50.9026],[12.5693,50.90405],[12.57343,50.90108],[12.58059,50.90188],[12.58474,50.90402],[12.59202,50.90267],[12.6062,50.90584],[12.61179,50.90615],[12.6148,50.90481],[12.62006,50.90938],[12.62357,50.90887],[12.62542,50.90575],[12.64012,50.90307],[12.64127,50.91142],[12.64688,50.91636],[12.65412,50.91906],[12.65287,50.92368],[12.64508,50.9262],[12.64166,50.92881],[12.64223,50.93317],[12.63763,50.9331],[12.63144,50.94015],[12.62436,50.93971],[12.62554,50.94223],[12.63011,50.9425],[12.62213,50.96343],[12.62129,50.97577],[12.61828,50.97866],[12.61643,50.98528],[12.61071,50.98761],[12.60731,50.99082],[12.60753,50.99673],[12.60169,50.99535],[12.60119,50.99273],[12.59623,50.99302],[12.594,50.9918],[12.59351,50.99307],[12.5916,50.99285],[12.59162,50.99133],[12.58102,50.98924],[12.57929,50.98514],[12.58408,50.98281],[12.58459,50.98188],[12.58299,50.98196],[12.5772,50.98419],[12.57278,50.99024],[12.56244,50.99494],[12.55579,50.99626],[12.55576,50.99749],[12.5509,50.99829],[12.53877,50.99638],[12.52755,50.9989],[12.52645,51.00149],[12.53348,51.00474],[12.54018,51.00573],[12.53477,51.01563],[12.53664,51.01994],[12.53924,51.02041],[12.53885,51.02425],[12.53149,51.02543],[12.5189,51.02286],[12.51816,51.02735],[12.51437,51.02688],[12.51633,51.01822],[12.51284,51.01647],[12.50739,51.01728],[12.50933,51.02545],[12.51245,51.02642],[12.50605,51.0303],[12.50289,51.0349],[12.50474,51.04489],[12.50193,51.05173],[12.50858,51.05306],[12.50152,51.06408],[12.49874,51.06372],[12.49636,51.06625],[12.46947,51.06422],[12.46799,51.06784],[12.46291,51.0669],[12.46317,51.06864],[12.46035,51.07045],[12.45838,51.08455],[12.4531,51.08346],[12.44981,51.07872],[12.45074,51.07731],[12.44159,51.07833],[12.43894,51.07701],[12.4357,51.07776],[12.43315,51.07688],[12.42098,51.07814],[12.4128,51.07582],[12.41045,51.07285],[12.39808,51.07852],[12.39296,51.08412],[12.38558,51.08349],[12.38472,51.08029],[12.37532,51.07711],[12.36103,51.0798],[12.35362,51.08461],[12.35658,51.09434],[12.3431,51.09867],[12.33711,51.10265],[12.3316,51.10378],[12.32203,51.09753],[12.32345,51.09548],[12.31847,51.09383],[12.30743,51.09451],[12.30483,51.09748],[12.29075,51.09098],[12.28355,51.09192],[12.2848,51.08882],[12.28828,51.08824],[12.27413,51.07772],[12.27321,51.07506],[12.26751,51.07803],[12.2656,51.07698],[12.26931,51.07181],[12.26697,51.07167],[12.26655,51.06958],[12.25849,51.06614],[12.26048,51.06255],[12.25957,51.0576],[12.26305,51.05411],[12.26055,51.05372],[12.26221,51.04961],[12.25628,51.04925],[12.25679,51.04533],[12.25046,51.04447],[12.25163,51.03957],[12.25027,51.03787],[12.25219,51.03751],[12.25429,51.03916],[12.25564,51.03771],[12.26456,51.03751],[12.27306,51.04063],[12.28138,51.04023],[12.28247,51.03775],[12.28705,51.03764],[12.28948,51.03045],[12.29391,51.03133],[12.2918,51.02439],[12.29299,51.02158],[12.29175,51.0187],[12.28755,51.01662],[12.28819,51.01464],[12.28251,51.0117],[12.28352,51.00644],[12.28034,51.00702],[12.27789,51.0058],[12.26219,50.98916],[12.25181,50.98314],[12.2477,50.98228],[12.23989,50.97568],[12.23637,50.96451],[12.23235,50.96135],[12.23468,50.96078],[12.23982,50.96282],[12.24188,50.96114],[12.24173,50.95639],[12.23872,50.95153],[12.22417,50.94294],[12.22368,50.93995],[12.23348,50.9333],[12.23765,50.92774],[12.23939,50.92808],[12.23865,50.92909],[12.24448,50.93003],[12.246,50.92803],[12.24847,50.92968],[12.24946,50.92798],[12.24364,50.92396],[12.24675,50.92039],[12.24332,50.9191],[12.24136,50.91621],[12.23568,50.91321],[12.23401,50.91437],[12.22555,50.91067],[12.22849,50.90752],[12.2271,50.90711],[12.22733,50.90273],[12.2246,50.90088],[12.22709,50.89622],[12.22496,50.89327],[12.22703,50.89184],[12.20779,50.88059]]]]}}]}
