{"type":"FeatureCollection","bbox":[9.87698,50.17153,15.04182,54.88406],"features":[{"type":"Feature","id":"11","bbox":[13.08833,52.33824,13.76047,52.67538],"properties":{"id":"11","name":"Berlin","typ":"Land","bundeslandAlt":"Berlin","quelle":"VG250"},"geometry":{"type":"MultiPolygon","coordinates":[[[[13.08833,52.41961],[13.09064,52.41181],[13.09729,52.40938],[13.09722,52.41245],[13.10323,52.41022],[13.11157,52.41314],[13.1126,52.41002],[13.10793,52.40948],[13.11164,52.40422],[13.12488,52.39688],[13.1334,52.39944],[13.13639,52.39818],[13.13812,52.39539],[13.13241,52.39142],[13.12746,52.39159],[13.13099,52.38722],[13.13359,52.38692],[13.13225,52.3894],[13.14261,52.39654],[13.15889,52.39391],[13.17152,52.39583],[13.17136,52.39776],[13.15783,52.39636],[13.15935,52.40288],[13.19557,52.41509],[13.22229,52.42036],[13.2458,52.4208],[13.24984,52.40496],[13.25656,52.40656],[13.27446,52.40514],[13.29613,52.41645],[13.31193,52.39919],[13.34325,52.41162],[13.34303,52.40767],[13.37214,52.39382],[13.37045,52.38846],[13.38722,52.38858],[13.38852,52.37797],[13.42098,52.37625],[13.42759,52.38682],[13.41877,52.40992],[13.46232,52.42062],[13.46834,52.41943],[13.47989,52.396],[13.51517,52.40143],[13.52148,52.40147],[13.52826,52.3984],[13.53838,52.40068],[13.53566,52.38901],[13.56491,52.38829],[13.59276,52.39417],[13.59523,52.38682],[13.6063,52.37964],[13.60444,52.37421],[13.62795,52.38179],[13.63339,52.37628],[13.64336,52.37739],[13.6417,52.37095],[13.64681,52.37016],[13.64711,52.36688],[13.63864,52.36016],[13.63629,52.34704],[13.64265,52.34001],[13.6484,52.33824],[13.67108,52.36636],[13.68193,52.36957],[13.69157,52.36771],[13.7,52.37512],[13.70051,52.37795],[13.69688,52.37755],[13.69863,52.38159],[13.68806,52.38291],[13.68671,52.38582],[13.69066,52.38557],[13.69777,52.39191],[13.69899,52.39016],[13.71644,52.39953],[13.72334,52.39859],[13.73454,52.40198],[13.73517,52.406],[13.73875,52.40732],[13.72951,52.41739],[13.73791,52.42687],[13.74138,52.42692],[13.73796,52.43414],[13.74312,52.434],[13.74406,52.43807],[13.75054,52.44146],[13.75422,52.44161],[13.7523,52.43708],[13.75959,52.43627],[13.76047,52.43848],[13.75766,52.43879],[13.75903,52.44258],[13.75411,52.44317],[13.75322,52.4476],[13.72911,52.4506],[13.71645,52.46219],[13.70132,52.46815],[13.70444,52.45426],[13.69843,52.45508],[13.69683,52.46416],[13.6826,52.46618],[13.67066,52.47306],[13.66,52.47412],[13.64822,52.47878],[13.64061,52.47948],[13.62581,52.47371],[13.62551,52.46836],[13.61713,52.47119],[13.61152,52.47063],[13.6164,52.47489],[13.61354,52.47575],[13.61501,52.48083],[13.6308,52.49412],[13.62467,52.49518],[13.63332,52.51183],[13.65857,52.52581],[13.6569,52.52987],[13.62591,52.53015],[13.62673,52.53775],[13.63194,52.53814],[13.63536,52.54163],[13.58539,52.54847],[13.58749,52.55527],[13.58154,52.57088],[13.57556,52.57376],[13.56757,52.57374],[13.55986,52.58178],[13.54711,52.58788],[13.52243,52.59285],[13.50815,52.59218],[13.49675,52.60509],[13.50582,52.62583],[13.5177,52.62964],[13.5231,52.64543],[13.51887,52.64747],[13.51278,52.64556],[13.49083,52.65473],[13.48529,52.65913],[13.48822,52.67055],[13.47565,52.66628],[13.47937,52.67538],[13.47539,52.67492],[13.46597,52.66715],[13.45951,52.66894],[13.45084,52.66272],[13.46233,52.65746],[13.47389,52.65661],[13.47,52.65207],[13.45985,52.6481],[13.45396,52.64863],[13.45455,52.65004],[13.44093,52.64912],[13.4399,52.64533],[13.4341,52.64429],[13.43378,52.63798],[13.42437,52.63563],[13.41283,52.64359],[13.407,52.64242],[13.39671,52.6483],[13.38868,52.63761],[13.37438,52.63152],[13.37599,52.62929],[13.3573,52.62317],[13.34461,52.62477],[13.33648,52.62267],[13.31312,52.62838],[13.30242,52.62756],[13.30831,52.62969],[13.30311,52.63667],[13.30786,52.63762],[13.30926,52.64314],[13.30038,52.65347],[13.31003,52.65738],[13.30757,52.65931],[13.28288,52.66078],[13.28244,52.6413],[13.26216,52.64075],[13.26427,52.62693],[13.22068,52.62818],[13.21698,52.62012],[13.20161,52.60638],[13.21782,52.59322],[13.21734,52.58746],[13.20737,52.58845],[13.20663,52.58674],[13.16426,52.5989],[13.1571,52.59761],[13.14399,52.58974],[13.12899,52.58744],[13.1281,52.5831],[13.13209,52.5797],[13.1496,52.58331],[13.15295,52.57278],[13.14596,52.56008],[13.14566,52.55291],[13.1363,52.55275],[13.13062,52.55635],[13.11973,52.53104],[13.11739,52.517],[13.14301,52.51968],[13.16646,52.51012],[13.12528,52.48022],[13.1178,52.47897],[13.11692,52.47245],[13.1108,52.46606],[13.11258,52.4592],[13.10922,52.45062],[13.12318,52.43936],[13.10462,52.42405],[13.0996,52.4253],[13.08833,52.41961]]]]}},{"type":"Feature","id":"12","bbox":[11.26573,51.35902,14.76564,53.55858],"properties":{"id":"12","name":"Brandenburg","typ":"Land","bundeslandAlt":"Brandenburg","quelle":"VG250"},"geometry":{"type":"MultiPolygon","coordinates":[[[[11.26573,53.12198],[11.26775,53.10419],[11.27316,53.09722],[11.28769,53.08676],[11.30977,53.07786],[11.3285,53.06084],[11.3402,53.05476],[11.35758,53.05594],[11.40259,53.07237],[11.44838,53.07838],[11.46377,53.07442],[11.4936,53.05465],[11.51117,53.04793],[11.52378,53.04714],[11.5481,53.05239],[11.56535,53.04101],[11.58466,53.03531],[11.59639,53.03566],[11.622,53.0417],[11.63758,53.0395],[11.6415,53.03285],[11.62703,53.02166],[11.62633,53.01265],[11.63327,53.00789],[11.64575,53.00538],[11.66774,53.00968],[11.67717,53.00814],[11.68406,52.99974],[11.68302,52.98616],[11.69024,52.97913],[11.70257,52.97781],[11.73202,52.98857],[11.74379,52.98854],[11.76419,52.98141],[11.7863,52.96096],[11.81112,52.9571],[11.8289,52.95727],[11.84603,52.9516],[11.84938,52.94726],[11.84793,52.94103],[11.82952,52.9306],[11.82309,52.92326],[11.82501,52.91577],[11.834,52.91036],[11.87151,52.90887],[11.89734,52.89336],[11.93225,52.89158],[11.94898,52.88768],[11.95944,52.87993],[11.96192,52.88099],[11.98155,52.87603],[11.98725,52.87673],[11.99048,52.88122],[12.00532,52.8818],[12.00612,52.88746],[12.02261,52.89037],[12.02923,52.88815],[12.043,52.88885],[12.04815,52.88591],[12.05547,52.88895],[12.06087,52.88817],[12.06754,52.88614],[12.06628,52.88373],[12.07648,52.8864],[12.08115,52.88248],[12.08138,52.87708],[12.11262,52.87573],[12.1246,52.89359],[12.12849,52.89265],[12.12262,52.8885],[12.12021,52.87551],[12.13312,52.86578],[12.12371,52.8538],[12.17219,52.8647],[12.19694,52.87798],[12.19995,52.87088],[12.20839,52.8665],[12.20996,52.86242],[12.21406,52.86167],[12.21739,52.86598],[12.23406,52.85938],[12.23188,52.85067],[12.23968,52.84368],[12.23726,52.83929],[12.24367,52.82069],[12.25754,52.80491],[12.25249,52.80373],[12.25558,52.7986],[12.24772,52.79652],[12.2492,52.79186],[12.24389,52.78653],[12.23053,52.78981],[12.2208,52.78974],[12.22356,52.78705],[12.22351,52.7757],[12.21313,52.77361],[12.21185,52.76602],[12.21487,52.764],[12.20838,52.76367],[12.20596,52.76091],[12.20916,52.75318],[12.21945,52.75091],[12.22129,52.74522],[12.21842,52.74353],[12.22317,52.73975],[12.22055,52.73648],[12.20944,52.7352],[12.20936,52.73204],[12.20129,52.729],[12.20596,52.72651],[12.20277,52.72599],[12.20471,52.72497],[12.19755,52.71838],[12.19986,52.7172],[12.2048,52.71982],[12.20984,52.71762],[12.21018,52.71547],[12.20392,52.71335],[12.22419,52.70279],[12.21754,52.69982],[12.22088,52.69044],[12.22277,52.68845],[12.23288,52.68904],[12.22681,52.6838],[12.23538,52.68036],[12.23935,52.67174],[12.2393,52.66582],[12.23458,52.66436],[12.23794,52.6625],[12.23379,52.65967],[12.23551,52.65445],[12.23252,52.65361],[12.23789,52.64556],[12.23668,52.64098],[12.231,52.63989],[12.23085,52.62976],[12.23687,52.62888],[12.21265,52.6251],[12.20354,52.61875],[12.17197,52.62595],[12.16913,52.61675],[12.17557,52.61733],[12.17029,52.6077],[12.17657,52.60647],[12.1734,52.5996],[12.17338,52.58225],[12.17673,52.5765],[12.18108,52.57518],[12.15931,52.56099],[12.14944,52.54055],[12.14349,52.53687],[12.14181,52.52839],[12.15464,52.5297],[12.1582,52.53422],[12.17389,52.53869],[12.1796,52.53366],[12.18869,52.53242],[12.18547,52.52702],[12.16729,52.51499],[12.17037,52.50697],[12.1847,52.49578],[12.19058,52.49887],[12.20397,52.49788],[12.2115,52.50313],[12.21746,52.50021],[12.22168,52.50067],[12.22776,52.50595],[12.224,52.51153],[12.23218,52.51692],[12.23105,52.52188],[12.23612,52.52372],[12.24498,52.52152],[12.24677,52.51886],[12.25822,52.51789],[12.25992,52.50423],[12.27008,52.501],[12.26245,52.49547],[12.27001,52.49367],[12.27145,52.48748],[12.27844,52.48718],[12.2853,52.4926],[12.29437,52.49246],[12.29714,52.49614],[12.31069,52.49087],[12.32989,52.49686],[12.32767,52.49141],[12.31305,52.48971],[12.3083,52.48029],[12.31686,52.47504],[12.32746,52.47949],[12.33078,52.47856],[12.32526,52.47209],[12.32512,52.46423],[12.31508,52.46046],[12.31668,52.45238],[12.30434,52.4505],[12.30325,52.44596],[12.30757,52.44431],[12.30229,52.43881],[12.30268,52.43449],[12.28925,52.43069],[12.29699,52.42378],[12.27447,52.41606],[12.27484,52.41227],[12.29234,52.40754],[12.2994,52.40911],[12.30233,52.40501],[12.30329,52.39755],[12.29537,52.39242],[12.29181,52.38614],[12.29427,52.38142],[12.30599,52.37743],[12.30065,52.37109],[12.28609,52.36888],[12.28381,52.36425],[12.29798,52.35328],[12.29775,52.3508],[12.30813,52.3447],[12.29006,52.323],[12.28153,52.31842],[12.26277,52.29507],[12.25108,52.27243],[12.2511,52.26423],[12.25467,52.26189],[12.24465,52.24844],[12.26154,52.24609],[12.25801,52.24315],[12.27068,52.24172],[12.27526,52.23627],[12.26424,52.23689],[12.26175,52.2361],[12.26453,52.23355],[12.28378,52.23451],[12.28862,52.22922],[12.2942,52.22967],[12.27883,52.21704],[12.26767,52.21451],[12.26026,52.21645],[12.24892,52.21174],[12.24525,52.20739],[12.25368,52.20565],[12.2418,52.19428],[12.24829,52.18422],[12.24156,52.18198],[12.22859,52.18598],[12.21678,52.17007],[12.22047,52.16667],[12.234,52.16279],[12.2313,52.15495],[12.24532,52.13873],[12.26511,52.13066],[12.27672,52.10402],[12.29224,52.10138],[12.30014,52.09622],[12.31582,52.09237],[12.32903,52.06963],[12.34809,52.0593],[12.35978,52.0465],[12.3896,52.04357],[12.39822,52.03565],[12.40929,52.02907],[12.4202,52.02652],[12.43023,52.01831],[12.45,52.01621],[12.45302,52.02605],[12.46076,52.03472],[12.48062,52.03334],[12.48496,52.01715],[12.49883,52.00892],[12.53631,52.00288],[12.53939,51.98489],[12.60302,51.98109],[12.61516,51.98228],[12.6144,51.99172],[12.64475,51.99438],[12.6486,52.00831],[12.6565,52.01294],[12.66919,52.01288],[12.68252,52.00332],[12.69792,52.00298],[12.71194,51.99987],[12.71167,51.99727],[12.72964,51.98896],[12.74344,51.98905],[12.75548,51.98639],[12.75925,51.98218],[12.77433,51.97836],[12.77761,51.96459],[12.81127,51.96257],[12.84415,51.96773],[12.85025,51.9587],[12.85273,51.93501],[12.88817,51.93477],[12.89042,51.92838],[12.91746,51.93269],[12.91837,51.93936],[12.93568,51.93615],[12.96057,51.93491],[12.95597,51.92266],[12.97654,51.91986],[12.97266,51.90088],[12.98608,51.90411],[13.00986,51.90278],[13.02178,51.89685],[13.02277,51.90323],[13.04541,51.90052],[13.04854,51.89186],[13.03757,51.89088],[13.03729,51.88026],[13.02916,51.88104],[13.03924,51.87091],[13.08055,51.86748],[13.08501,51.87402],[13.09624,51.87288],[13.11356,51.8749],[13.11361,51.87659],[13.11899,51.87654],[13.11908,51.88283],[13.12447,51.88295],[13.13234,51.88249],[13.13203,51.87955],[13.13895,51.87951],[13.14223,51.87256],[13.1496,51.87233],[13.15091,51.85961],[13.12348,51.85782],[13.12354,51.85459],[13.13555,51.8328],[13.14216,51.82859],[13.13914,51.82469],[13.14209,51.82065],[13.14852,51.82054],[13.14753,51.81794],[13.15368,51.81491],[13.16301,51.80202],[13.1607,51.79718],[13.15847,51.79761],[13.16269,51.79307],[13.15799,51.78845],[13.1701,51.78702],[13.16871,51.78277],[13.16004,51.78393],[13.1598,51.77459],[13.14748,51.76664],[13.15583,51.76457],[13.14985,51.75927],[13.16329,51.75494],[13.16271,51.75054],[13.15833,51.75096],[13.15401,51.74425],[13.16075,51.73987],[13.16413,51.74189],[13.16842,51.7387],[13.16715,51.73538],[13.17954,51.73117],[13.1865,51.72211],[13.18427,51.71991],[13.18707,51.71562],[13.16869,51.71867],[13.16638,51.71789],[13.17122,51.71253],[13.17011,51.70809],[13.16173,51.71297],[13.1551,51.71079],[13.16126,51.69499],[13.15614,51.69473],[13.16246,51.69182],[13.15508,51.68907],[13.15453,51.68671],[13.05103,51.64768],[13.07741,51.62112],[13.07618,51.61966],[13.08066,51.61773],[13.0863,51.60814],[13.09384,51.60588],[13.09692,51.60922],[13.10487,51.60968],[13.10338,51.61231],[13.09967,51.6115],[13.0971,51.61631],[13.10397,51.61647],[13.10675,51.61163],[13.11168,51.61284],[13.11044,51.61484],[13.11495,51.61575],[13.11486,51.61773],[13.12103,51.61889],[13.1345,51.60567],[13.14384,51.60046],[13.14378,51.59787],[13.15495,51.6002],[13.16177,51.59215],[13.15491,51.5894],[13.15321,51.58241],[13.14104,51.57117],[13.14317,51.56746],[13.14672,51.56345],[13.15861,51.56426],[13.16083,51.55897],[13.18557,51.55808],[13.19006,51.53959],[13.20052,51.52604],[13.20796,51.52435],[13.20704,51.50494],[13.20205,51.50412],[13.20392,51.49878],[13.19677,51.49361],[13.20129,51.49172],[13.1969,51.4883],[13.19207,51.48805],[13.18907,51.49107],[13.1823,51.49196],[13.18705,51.48575],[13.18292,51.47134],[13.18972,51.4649],[13.20308,51.45873],[13.20312,51.45101],[13.19248,51.4417],[13.19184,51.43691],[13.18476,51.43851],[13.17508,51.43278],[13.17431,51.42825],[13.18465,51.42379],[13.18837,51.42628],[13.18942,51.43426],[13.19339,51.43578],[13.19975,51.43323],[13.2037,51.42849],[13.20219,51.41638],[13.21503,51.39598],[13.25065,51.39411],[13.26264,51.38831],[13.26372,51.38495],[13.26854,51.38479],[13.27004,51.3905],[13.26366,51.39099],[13.26377,51.39446],[13.25909,51.39533],[13.25998,51.4004],[13.28635,51.39929],[13.28667,51.41138],[13.309,51.41771],[13.31363,51.42318],[13.32834,51.42664],[13.32576,51.43365],[13.32032,51.4375],[13.33335,51.43744],[13.33795,51.42916],[13.3492,51.43334],[13.35835,51.43397],[13.37665,51.42461],[13.38251,51.42593],[13.38308,51.42806],[13.37294,51.4378],[13.38215,51.43605],[13.3876,51.44112],[13.38823,51.44781],[13.40105,51.45417],[13.40932,51.44977],[13.40563,51.44595],[13.41219,51.43937],[13.41971,51.43884],[13.42177,51.43456],[13.42815,51.43125],[13.42143,51.42151],[13.42851,51.42179],[13.43341,51.42762],[13.44606,51.42596],[13.44349,51.42877],[13.44591,51.43145],[13.45034,51.42283],[13.46063,51.42224],[13.46331,51.42626],[13.47379,51.41788],[13.46553,51.42177],[13.46328,51.41175],[13.49135,51.40768],[13.49439,51.40292],[13.50274,51.40471],[13.52122,51.40206],[13.52312,51.38103],[13.53777,51.38105],[13.54263,51.36932],[13.54614,51.36917],[13.55082,51.37925],[13.55627,51.37904],[13.56996,51.38567],[13.58985,51.38423],[13.58765,51.38183],[13.59134,51.37514],[13.59576,51.37453],[13.59406,51.36936],[13.61723,51.37106],[13.6321,51.36854],[13.66145,51.36897],[13.6684,51.37613],[13.68276,51.36762],[13.69125,51.37401],[13.71339,51.3635],[13.72735,51.36471],[13.73911,51.3612],[13.75316,51.36595],[13.75769,51.37149],[13.76897,51.3694],[13.76268,51.36541],[13.76325,51.35902],[13.76774,51.36301],[13.77652,51.36199],[13.78062,51.36885],[13.78794,51.37091],[13.80786,51.37287],[13.81897,51.3695],[13.82909,51.37581],[13.83531,51.37679],[13.83319,51.38384],[13.86325,51.38176],[13.86828,51.37691],[13.88307,51.37512],[13.90867,51.37858],[13.9082,51.38323],[13.93899,51.38911],[13.95092,51.39583],[13.96103,51.39719],[13.97234,51.39382],[13.97021,51.37584],[14.0007,51.3726],[13.99632,51.38261],[14.00832,51.39198],[14.00361,51.39318],[14.00356,51.39561],[14.01333,51.39832],[14.02809,51.39594],[14.02579,51.40055],[14.01702,51.40047],[14.0159,51.40514],[14.02094,51.40816],[14.02744,51.40832],[14.03685,51.4168],[14.04459,51.41875],[14.04364,51.42455],[14.03825,51.42844],[14.04624,51.42913],[14.03816,51.43558],[14.04304,51.43924],[14.06284,51.44551],[14.05259,51.45251],[14.05529,51.46095],[14.03301,51.4751],[14.03874,51.47991],[14.07259,51.47209],[14.08726,51.4774],[14.08873,51.47938],[14.07382,51.49267],[14.08776,51.49396],[14.09567,51.49872],[14.10058,51.51416],[14.1078,51.52176],[14.11696,51.5232],[14.13523,51.52106],[14.13817,51.52352],[14.14236,51.5228],[14.13339,51.52803],[14.12973,51.53386],[14.13671,51.54331],[14.17514,51.53912],[14.21302,51.53981],[14.22119,51.53807],[14.22893,51.53284],[14.24211,51.53309],[14.2453,51.53119],[14.24249,51.52876],[14.24704,51.52784],[14.25581,51.53232],[14.27401,51.53213],[14.29308,51.52511],[14.30598,51.52418],[14.32292,51.51943],[14.32736,51.50736],[14.33235,51.50502],[14.33811,51.50591],[14.34212,51.51084],[14.34355,51.51711],[14.33934,51.51823],[14.33993,51.52076],[14.35369,51.52079],[14.37587,51.53313],[14.38669,51.53402],[14.38716,51.54177],[14.39888,51.54179],[14.40944,51.53721],[14.44131,51.54461],[14.44777,51.54207],[14.44674,51.55273],[14.45407,51.55637],[14.49986,51.5594],[14.50647,51.55683],[14.50861,51.55819],[14.51545,51.55423],[14.52508,51.55863],[14.54519,51.56178],[14.54749,51.56362],[14.54444,51.57362],[14.55383,51.57193],[14.56058,51.57346],[14.56964,51.58119],[14.58048,51.58041],[14.58306,51.57464],[14.59401,51.57418],[14.59903,51.57175],[14.60178,51.56134],[14.60637,51.55723],[14.60375,51.55512],[14.60989,51.55015],[14.63158,51.55082],[14.6396,51.55429],[14.664,51.55455],[14.6639,51.55298],[14.67401,51.55065],[14.69114,51.56279],[14.69575,51.57461],[14.69276,51.57634],[14.70645,51.57646],[14.69665,51.59666],[14.71116,51.59576],[14.72061,51.58636],[14.72987,51.58178],[14.74148,51.59259],[14.7514,51.59529],[14.75327,51.59924],[14.76103,51.60251],[14.76564,51.61172],[14.76247,51.62014],[14.75353,51.6274],[14.75589,51.64572],[14.75098,51.65226],[14.75775,51.66105],[14.74762,51.67529],[14.73777,51.67851],[14.73684,51.68823],[14.72895,51.68851],[14.70144,51.70477],[14.69092,51.70827],[14.67772,51.72269],[14.66812,51.72583],[14.65622,51.74131],[14.66003,51.74876],[14.65762,51.75354],[14.66414,51.7567],[14.65046,51.76208],[14.65474,51.76809],[14.65382,51.78357],[14.64512,51.79582],[14.63606,51.79769],[14.63311,51.80136],[14.62278,51.80045],[14.61365,51.80405],[14.60671,51.80404],[14.59715,51.81731],[14.59014,51.82101],[14.58962,51.82647],[14.59313,51.83065],[14.59016,51.83815],[14.59614,51.84221],[14.60242,51.83946],[14.6052,51.84041],[14.60414,51.84789],[14.61189,51.84505],[14.60714,51.85224],[14.611,51.85701],[14.62447,51.85823],[14.63464,51.86538],[14.64336,51.86687],[14.64678,51.87232],[14.65263,51.87436],[14.65457,51.88336],[14.66123,51.88661],[14.66312,51.89051],[14.67437,51.88956],[14.67447,51.89442],[14.68054,51.89513],[14.69426,51.90198],[14.69127,51.90806],[14.6996,51.91419],[14.70549,51.92355],[14.70337,51.93085],[14.70716,51.93588],[14.7188,51.94131],[14.72123,51.95116],[14.70796,51.96453],[14.70471,51.97662],[14.70698,51.97957],[14.7162,51.98243],[14.72139,51.99382],[14.71405,52.00369],[14.72525,52.00823],[14.72671,52.01393],[14.74131,52.02341],[14.74037,52.02908],[14.74826,52.03183],[14.74978,52.04304],[14.74571,52.04654],[14.74524,52.05385],[14.75644,52.05997],[14.75904,52.06476],[14.74128,52.08523],[14.7243,52.09352],[14.70035,52.09812],[14.6878,52.10733],[14.6816,52.11665],[14.68421,52.12419],[14.67959,52.14493],[14.70309,52.16428],[14.70542,52.16963],[14.70121,52.18028],[14.68518,52.19408],[14.68854,52.1989],[14.70839,52.21175],[14.71575,52.23588],[14.69215,52.25595],[14.64135,52.26366],[14.61712,52.27147],[14.59648,52.27293],[14.58754,52.2835],[14.57604,52.28837],[14.57475,52.29556],[14.58425,52.30243],[14.58492,52.30646],[14.57823,52.31317],[14.5762,52.32148],[14.56103,52.32861],[14.5625,52.33982],[14.55213,52.35373],[14.55212,52.37405],[14.53436,52.39501],[14.53606,52.40138],[14.54664,52.41285],[14.54421,52.42598],[14.54953,52.43362],[14.5594,52.43896],[14.57924,52.44175],[14.60879,52.46387],[14.61339,52.47717],[14.62653,52.48382],[14.63454,52.49234],[14.63168,52.50181],[14.61274,52.51039],[14.60392,52.53134],[14.61336,52.54401],[14.61571,52.55421],[14.63729,52.56629],[14.63911,52.573],[14.61371,52.58661],[14.60823,52.59957],[14.59616,52.61066],[14.56732,52.62369],[14.50968,52.64161],[14.4651,52.66133],[14.45775,52.67393],[14.45004,52.67839],[14.43302,52.68147],[14.42399,52.69617],[14.41349,52.70084],[14.4049,52.71139],[14.38372,52.72561],[14.3735,52.73666],[14.36087,52.74061],[14.35104,52.75151],[14.32168,52.76264],[14.30499,52.76551],[14.27881,52.77445],[14.23008,52.80503],[14.21749,52.81687],[14.2064,52.81934],[14.14326,52.82385],[14.13009,52.82832],[14.12293,52.83766],[14.12299,52.84403],[14.12985,52.85272],[14.15771,52.87475],[14.1616,52.88809],[14.15231,52.90064],[14.1502,52.91628],[14.14265,52.93325],[14.14412,52.9449],[14.13885,52.95178],[14.14366,52.96137],[14.16223,52.96527],[14.17279,52.97558],[14.18951,52.97975],[14.20686,52.98754],[14.2356,52.99319],[14.25896,53.00298],[14.26855,53.00995],[14.29162,53.02001],[14.32339,53.04165],[14.33799,53.04658],[14.34857,53.05472],[14.36671,53.08061],[14.37122,53.09456],[14.37017,53.1046],[14.37902,53.1129],[14.38325,53.13697],[14.38774,53.14303],[14.37111,53.15729],[14.36626,53.17199],[14.37458,53.18782],[14.37727,53.20175],[14.39932,53.20681],[14.40522,53.21023],[14.4085,53.2232],[14.43081,53.23913],[14.43519,53.24871],[14.45057,53.26225],[14.4453,53.27445],[14.42122,53.27614],[14.41499,53.30187],[14.40677,53.30871],[14.4155,53.3243],[14.41238,53.32959],[14.40763,53.33015],[14.3992,53.32984],[14.38154,53.32389],[14.37482,53.31559],[14.36164,53.31756],[14.36193,53.31521],[14.35025,53.31376],[14.34866,53.30997],[14.31657,53.31234],[14.30185,53.28622],[14.26219,53.2766],[14.26605,53.25959],[14.21106,53.25481],[14.20016,53.26177],[14.18644,53.26056],[14.17598,53.26207],[14.16024,53.26781],[14.12479,53.26023],[14.09882,53.26167],[14.10965,53.28264],[14.20285,53.34058],[14.22934,53.36572],[14.2425,53.38932],[14.24327,53.39876],[14.23736,53.41469],[14.24179,53.42244],[14.23736,53.42766],[14.22466,53.43425],[14.20591,53.42303],[14.18426,53.42232],[14.17104,53.4248],[14.13676,53.441],[14.13401,53.43904],[14.12184,53.44171],[14.10543,53.42243],[14.09392,53.42212],[14.08229,53.41558],[14.08222,53.41091],[14.0712,53.41499],[14.05661,53.41252],[14.05058,53.41399],[14.0456,53.42943],[14.00659,53.43041],[14.00122,53.43499],[13.96208,53.4299],[13.94649,53.43081],[13.91637,53.42227],[13.90755,53.42624],[13.90289,53.43203],[13.91139,53.43654],[13.90629,53.44388],[13.91751,53.44653],[13.91821,53.456],[13.87559,53.47347],[13.88459,53.48534],[13.87623,53.48701],[13.87392,53.49059],[13.87927,53.50414],[13.8484,53.51431],[13.82173,53.51811],[13.82388,53.52114],[13.79846,53.54569],[13.80057,53.55825],[13.79135,53.55858],[13.78424,53.55184],[13.77638,53.53129],[13.78043,53.52155],[13.77766,53.51371],[13.79246,53.51094],[13.80146,53.49796],[13.80897,53.5018],[13.8271,53.49871],[13.81208,53.48394],[13.80203,53.47803],[13.77894,53.47422],[13.75298,53.47828],[13.74137,53.48581],[13.73578,53.48141],[13.7154,53.48226],[13.70299,53.47365],[13.68036,53.46524],[13.67196,53.45951],[13.66256,53.45774],[13.6543,53.4514],[13.65523,53.44757],[13.65129,53.44369],[13.6405,53.44724],[13.6339,53.43987],[13.63889,53.43806],[13.6373,53.43258],[13.62884,53.432],[13.63602,53.42352],[13.62522,53.4093],[13.61905,53.40895],[13.61761,53.41301],[13.61051,53.41376],[13.60653,53.41129],[13.59661,53.41046],[13.59348,53.40778],[13.58931,53.4097],[13.57362,53.40809],[13.56406,53.40076],[13.55011,53.39908],[13.54621,53.3942],[13.55659,53.39156],[13.55418,53.38307],[13.55021,53.38094],[13.5568,53.37964],[13.55637,53.37609],[13.54743,53.3719],[13.54342,53.36403],[13.526,53.36635],[13.51685,53.35209],[13.52526,53.35102],[13.52483,53.34307],[13.51963,53.33797],[13.52299,53.33469],[13.52353,53.32008],[13.51011,53.31745],[13.50284,53.32733],[13.50727,53.31623],[13.49642,53.30663],[13.49733,53.30223],[13.48306,53.2912],[13.46128,53.28869],[13.4565,53.29305],[13.45619,53.29795],[13.43821,53.29973],[13.43495,53.29472],[13.43873,53.29199],[13.43414,53.28994],[13.4424,53.28648],[13.43513,53.28278],[13.43151,53.28455],[13.42092,53.26964],[13.41326,53.26302],[13.40768,53.26263],[13.40517,53.24642],[13.38899,53.24274],[13.38653,53.24405],[13.38611,53.25048],[13.38221,53.2504],[13.37063,53.26176],[13.3686,53.27104],[13.36045,53.278],[13.3492,53.27826],[13.33708,53.27343],[13.2978,53.28089],[13.28815,53.2752],[13.28442,53.27567],[13.27531,53.26506],[13.25728,53.26145],[13.25271,53.26231],[13.2537,53.26007],[13.24786,53.25684],[13.24375,53.24869],[13.25124,53.24739],[13.24364,53.23947],[13.23965,53.23894],[13.24197,53.23714],[13.23692,53.22729],[13.23883,53.22551],[13.22939,53.21659],[13.20268,53.22212],[13.19055,53.23496],[13.1904,53.2407],[13.18191,53.25073],[13.1752,53.24718],[13.17092,53.25003],[13.1638,53.24976],[13.15255,53.24604],[13.15222,53.25111],[13.13741,53.24462],[13.13298,53.23732],[13.12907,53.23699],[13.12302,53.24059],[13.10993,53.24023],[13.10326,53.23554],[13.10828,53.22555],[13.10656,53.21515],[13.09748,53.21299],[13.09381,53.21709],[13.08727,53.2154],[13.08575,53.21031],[13.08206,53.21005],[13.07843,53.20467],[13.07953,53.20018],[13.07309,53.20036],[13.06913,53.20364],[13.04241,53.1965],[13.02801,53.18559],[13.01873,53.18525],[13.02004,53.17571],[13.01323,53.17217],[13.00913,53.17285],[13.0062,53.16728],[12.99154,53.16856],[12.98442,53.16687],[12.98047,53.16253],[12.96852,53.16637],[12.96515,53.17591],[12.96151,53.17774],[12.94727,53.1725],[12.942,53.17432],[12.94723,53.17845],[12.96138,53.18102],[12.96233,53.18519],[12.97943,53.19055],[12.97688,53.19737],[12.96424,53.20039],[12.94887,53.19927],[12.93711,53.19432],[12.94393,53.19092],[12.94243,53.18593],[12.9344,53.18823],[12.91997,53.18638],[12.91927,53.18805],[12.92883,53.19077],[12.92974,53.19442],[12.92532,53.19598],[12.91284,53.19517],[12.90371,53.1936],[12.90193,53.18997],[12.89204,53.18795],[12.88949,53.1804],[12.88011,53.17969],[12.86737,53.18681],[12.85887,53.18818],[12.84598,53.2014],[12.83791,53.19726],[12.82469,53.19705],[12.82079,53.19342],[12.81717,53.19606],[12.81487,53.19198],[12.81026,53.1954],[12.81293,53.19741],[12.80888,53.19765],[12.79909,53.19107],[12.79028,53.19123],[12.78492,53.18784],[12.76438,53.18893],[12.75915,53.195],[12.73949,53.1996],[12.74951,53.20633],[12.75741,53.22435],[12.74688,53.22547],[12.74227,53.22305],[12.72274,53.22167],[12.71579,53.22452],[12.69581,53.22705],[12.68261,53.22646],[12.67118,53.2295],[12.66397,53.23495],[12.66944,53.23711],[12.66554,53.23862],[12.66624,53.24156],[12.67566,53.24772],[12.66829,53.24816],[12.66569,53.25329],[12.66056,53.25441],[12.62842,53.25456],[12.62411,53.25176],[12.61728,53.2515],[12.60605,53.2444],[12.60118,53.24508],[12.59815,53.24853],[12.56632,53.25591],[12.54991,53.26198],[12.52977,53.26479],[12.5024,53.26217],[12.50279,53.25778],[12.49763,53.2552],[12.46709,53.25623],[12.44531,53.24993],[12.43158,53.26258],[12.43206,53.27081],[12.42801,53.27499],[12.40984,53.27968],[12.40043,53.27919],[12.39183,53.28506],[12.39823,53.29466],[12.39425,53.30181],[12.38125,53.30235],[12.37397,53.30586],[12.36331,53.30671],[12.343,53.31592],[12.31102,53.32322],[12.31077,53.32724],[12.2913,53.32868],[12.27956,53.32781],[12.27184,53.32406],[12.26021,53.32391],[12.25747,53.32502],[12.26001,53.32772],[12.24529,53.33301],[12.23643,53.34198],[12.22944,53.35816],[12.21219,53.35316],[12.19112,53.35395],[12.18621,53.3507],[12.18685,53.34333],[12.16856,53.33912],[12.15651,53.34972],[12.15195,53.36151],[12.14126,53.35906],[12.13944,53.36142],[12.13469,53.34857],[12.10846,53.34994],[12.10917,53.34381],[12.09209,53.34486],[12.08208,53.3463],[12.07755,53.36939],[12.06162,53.37142],[12.04528,53.37099],[12.05137,53.36687],[12.04716,53.36095],[12.05152,53.36022],[12.05642,53.34966],[12.03871,53.34508],[12.01461,53.33442],[12.02208,53.32129],[12.01851,53.31543],[12.02364,53.30414],[12.01853,53.29959],[12.00282,53.29964],[11.99707,53.29391],[11.9877,53.29566],[11.98647,53.29983],[11.97386,53.29916],[11.96571,53.28523],[11.95622,53.2788],[11.95425,53.27381],[11.94806,53.27177],[11.94542,53.27434],[11.9047,53.27459],[11.8926,53.27898],[11.88986,53.26905],[11.86686,53.25655],[11.86175,53.24822],[11.81667,53.25419],[11.79607,53.25335],[11.80357,53.24686],[11.81722,53.24525],[11.82961,53.23651],[11.83299,53.23204],[11.82873,53.23123],[11.82889,53.22866],[11.81834,53.22906],[11.80847,53.22645],[11.79448,53.22623],[11.7877,53.2287],[11.76907,53.22749],[11.74836,53.21991],[11.72933,53.21715],[11.72753,53.23166],[11.71463,53.23051],[11.71363,53.23284],[11.70737,53.23424],[11.70852,53.2375],[11.70002,53.24398],[11.69543,53.24438],[11.69095,53.24176],[11.66701,53.24422],[11.65362,53.23917],[11.6402,53.23865],[11.62924,53.24222],[11.6197,53.23768],[11.61685,53.2306],[11.59904,53.22498],[11.58896,53.21584],[11.57608,53.21203],[11.56155,53.21242],[11.55159,53.20841],[11.56058,53.20267],[11.55671,53.19424],[11.55979,53.18741],[11.55782,53.18486],[11.56708,53.18249],[11.56255,53.17583],[11.56893,53.17048],[11.56936,53.16609],[11.55587,53.15409],[11.55652,53.15042],[11.55008,53.15107],[11.55596,53.13878],[11.54694,53.13475],[11.54851,53.13082],[11.53637,53.12924],[11.53457,53.12532],[11.51005,53.12554],[11.50222,53.12139],[11.50048,53.12642],[11.48408,53.12903],[11.47343,53.12725],[11.47371,53.13461],[11.46084,53.14023],[11.43867,53.13669],[11.42176,53.14095],[11.4139,53.1367],[11.4047,53.13691],[11.39563,53.14],[11.3918,53.12965],[11.40057,53.11582],[11.39377,53.1103],[11.38679,53.11255],[11.3833,53.11095],[11.37091,53.11156],[11.36899,53.11436],[11.36072,53.11622],[11.33662,53.11375],[11.32472,53.1193],[11.31724,53.12001],[11.31025,53.11623],[11.3,53.11642],[11.29042,53.1169],[11.28297,53.12144],[11.26573,53.12198]],[[13.08833,52.41961],[13.0996,52.4253],[13.10462,52.42405],[13.12318,52.43936],[13.10922,52.45062],[13.11258,52.4592],[13.1108,52.46606],[13.11692,52.47245],[13.1178,52.47897],[13.12528,52.48022],[13.16646,52.51012],[13.14301,52.51968],[13.11739,52.517],[13.11973,52.53104],[13.13062,52.55635],[13.1363,52.55275],[13.14566,52.55291],[13.14596,52.56008],[13.15295,52.57278],[13.1496,52.58331],[13.13209,52.5797],[13.1281,52.5831],[13.12899,52.58744],[13.14399,52.58974],[13.1571,52.59761],[13.16426,52.5989],[13.20663,52.58674],[13.20737,52.58845],[13.21734,52.58746],[13.21782,52.59322],[13.20161,52.60638],[13.21698,52.62012],[13.22068,52.62818],[13.26427,52.62693],[13.26216,52.64075],[13.28244,52.6413],[13.28288,52.66078],[13.30757,52.65931],[13.31003,52.65738],[13.30038,52.65347],[13.30926,52.64314],[13.30786,52.63762],[13.30311,52.63667],[13.30831,52.62969],[13.30242,52.62756],[13.31312,52.62838],[13.33648,52.62267],[13.34461,52.62477],[13.3573,52.62317],[13.37599,52.62929],[13.37438,52.63152],[13.38868,52.63761],[13.39671,52.6483],[13.407,52.64242],[13.41283,52.64359],[13.42437,52.63563],[13.43378,52.63798],[13.4341,52.64429],[13.4399,52.64533],[13.44093,52.64912],[13.45455,52.65004],[13.45396,52.64863],[13.45985,52.6481],[13.47,52.65207],[13.47389,52.65661],[13.46233,52.65746],[13.45084,52.66272],[13.45951,52.66894],[13.46597,52.66715],[13.47539,52.67492],[13.47937,52.67538],[13.47565,52.66628],[13.48822,52.67055],[13.48529,52.65913],[13.49083,52.65473],[13.51278,52.64556],[13.51887,52.64747],[13.5231,52.64543],[13.5177,52.62964],[13.50582,52.62583],[13.49675,52.60509],[13.50815,52.59218],[13.52243,52.59285],[13.54711,52.58788],[13.55986,52.58178],[13.56757,52.57374],[13.57556,52.57376],[13.58154,52.57088],[13.58749,52.55527],[13.58539,52.54847],[13.63536,52.54163],[13.63194,52.53814],[13.62673,52.53775],[13.62591,52.53015],[13.6569,52.52987],[13.65857,52.52581],[13.63332,52.51183],[13.62467,52.49518],[13.6308,52.49412],[13.61501,52.48083],[13.61354,52.47575],[13.6164,52.47489],[13.61152,52.47063],[13.61713,52.47119],[13.62551,52.46836],[13.62581,52.47371],[13.64061,52.47948],[13.64822,52.47878],[13.66,52.47412],[13.67066,52.47306],[13.6826,52.46618],[13.69683,52.46416],[13.69843,52.45508],[13.70444,52.45426],[13.70132,52.46815],[13.71645,52.46219],[13.72911,52.4506],[13.75322,52.4476],[13.75411,52.44317],[13.75903,52.44258],[13.75766,52.43879],[13.76047,52.43848],[13.75959,52.43627],[13.7523,52.43708],[13.75422,52.44161],[13.75054,52.44146],[13.74406,52.43807],[13.74312,52.434],[13.73796,52.43414],[13.74138,52.42692],[13.73791,52.42687],[13.72951,52.41739],[13.73875,52.40732],[13.73517,52.406],[13.73454,52.40198],[13.72334,52.39859],[13.71644,52.39953],[13.69899,52.39016],[13.69777,52.39191],[13.69066,52.38557],[13.68671,52.38582],[13.68806,52.38291],[13.69863,52.38159],[13.69688,52.37755],[13.70051,52.37795],[13.7,52.37512],[13.69157,52.36771],[13.68193,52.36957],[13.67108,52.36636],[13.6484,52.33824],[13.64265,52.34001],[13.63629,52.34704],[13.63864,52.36016],[13.64711,52.36688],[13.64681,52.37016],[13.6417,52.37095],[13.64336,52.37739],[13.63339,52.37628],[13.62795,52.38179],[13.60444,52.37421],[13.6063,52.37964],[13.59523,52.38682],[13.59276,52.39417],[13.56491,52.38829],[13.53566,52.38901],[13.53838,52.40068],[13.52826,52.3984],[13.52148,52.40147],[13.51517,52.40143],[13.47989,52.396],[13.46834,52.41943],[13.46232,52.42062],[13.41877,52.40992],[13.42759,52.38682],[13.42098,52.37625],[13.38852,52.37797],[13.38722,52.38858],[13.37045,52.38846],[13.37214,52.39382],[13.34303,52.40767],[13.34325,52.41162],[13.31193,52.39919],[13.29613,52.41645],[13.27446,52.40514],[13.25656,52.40656],[13.24984,52.40496],[13.2458,52.4208],[13.22229,52.42036],[13.19557,52.41509],[13.15935,52.40288],[13.15783,52.39636],[13.17136,52.39776],[13.17152,52.39583],[13.15889,52.39391],[13.14261,52.39654],[13.13225,52.3894],[13.13359,52.38692],[13.13099,52.38722],[13.12746,52.39159],[13.13241,52.39142],[13.13812,52.39539],[13.13639,52.39818],[13.1334,52.39944],[13.12488,52.39688],[13.11164,52.40422],[13.10793,52.40948],[13.1126,52.41002],[13.11157,52.41314],[13.10323,52.41022],[13.09722,52.41245],[13.09729,52.40938],[13.09064,52.41181],[13.08833,52.41961]]],[[[12.21683,52.86075],[12.21732,52.86045],[12.21759,52.86013],[12.21908,52.86086],[12.22231,52.86255],[12.22132,52.86381],[12.21817,52.86245],[12.21712,52.86199],[12.21683,52.86075]]]]}},{"type":"Feature","id":"13","bbox":[10.59367,53.1103,14.41238,54.88406],"properties":{"id":"13","name":"Mecklenburg-Vorpommern","typ":"Land","bundeslandAlt":"Mecklenburg-Vorpommern","quelle":"VG250"},"geometry":{"type":"MultiPolygon","coordinates":[[[[10.59367,53.36786],[10.59505,53.36393],[10.61193,53.36914],[10.6307,53.37077],[10.67681,53.36746],[10.69305,53.37042],[10.70312,53.36942],[10.72846,53.35667],[10.73809,53.34234],[10.76308,53.33885],[10.75766,53.33261],[10.75965,53.32999],[10.76757,53.33046],[10.77159,53.32532],[10.79326,53.31557],[10.8262,53.31239],[10.82865,53.30691],[10.83581,53.30497],[10.83972,53.30817],[10.85079,53.31],[10.85341,53.31587],[10.87024,53.31772],[10.8717,53.32159],[10.86604,53.32691],[10.88053,53.3211],[10.88803,53.32438],[10.8885,53.32719],[10.88055,53.33023],[10.88032,53.33553],[10.89265,53.33431],[10.89471,53.33666],[10.89924,53.3342],[10.90968,53.33769],[10.91936,53.34842],[10.92825,53.34812],[10.93401,53.33929],[10.95554,53.33346],[10.95936,53.33853],[10.988,53.33343],[10.98266,53.32754],[10.9885,53.3245],[10.99144,53.32597],[10.99567,53.32115],[10.99908,53.32102],[11.00226,53.3052],[11.0087,53.30064],[11.00297,53.29355],[11.00836,53.29176],[11.00946,53.28148],[11.02105,53.28143],[11.02757,53.27894],[11.03945,53.26245],[11.04713,53.2577],[11.05682,53.24599],[11.06226,53.23545],[11.07185,53.23021],[11.08014,53.22052],[11.08706,53.21836],[11.09008,53.21426],[11.11552,53.20451],[11.13849,53.2025],[11.13651,53.1994],[11.14499,53.19778],[11.1367,53.19184],[11.17989,53.18668],[11.19411,53.18119],[11.19533,53.17674],[11.18908,53.16562],[11.17941,53.15862],[11.17186,53.15664],[11.18457,53.13642],[11.19393,53.13523],[11.21264,53.14414],[11.22641,53.14328],[11.2457,53.13642],[11.26573,53.12198],[11.28297,53.12144],[11.29042,53.1169],[11.31025,53.11623],[11.31724,53.12001],[11.3293,53.11793],[11.33031,53.11544],[11.33662,53.11375],[11.36072,53.11622],[11.36899,53.11436],[11.37091,53.11156],[11.3833,53.11095],[11.38679,53.11255],[11.39377,53.1103],[11.40057,53.11582],[11.3918,53.12965],[11.39563,53.14],[11.4047,53.13691],[11.4139,53.1367],[11.42176,53.14095],[11.43867,53.13669],[11.46084,53.14023],[11.47371,53.13461],[11.47343,53.12725],[11.48408,53.12903],[11.50048,53.12642],[11.50222,53.12139],[11.51005,53.12554],[11.53457,53.12532],[11.53637,53.12924],[11.54851,53.13082],[11.54694,53.13475],[11.55596,53.13878],[11.55008,53.15107],[11.55652,53.15042],[11.55587,53.15409],[11.56936,53.16609],[11.56893,53.17048],[11.56255,53.17583],[11.56708,53.18249],[11.55782,53.18486],[11.55979,53.18741],[11.55671,53.19424],[11.56058,53.20267],[11.55159,53.20841],[11.56155,53.21242],[11.57608,53.21203],[11.58896,53.21584],[11.59904,53.22498],[11.61685,53.2306],[11.6197,53.23768],[11.62924,53.24222],[11.6402,53.23865],[11.65362,53.23917],[11.66701,53.24422],[11.69095,53.24176],[11.69543,53.24438],[11.70002,53.24398],[11.70852,53.2375],[11.70737,53.23424],[11.71363,53.23284],[11.71463,53.23051],[11.72753,53.23166],[11.72933,53.21715],[11.74836,53.21991],[11.76907,53.22749],[11.7877,53.2287],[11.79448,53.22623],[11.80847,53.22645],[11.81834,53.22906],[11.82889,53.22866],[11.82873,53.23123],[11.83299,53.23204],[11.82961,53.23651],[11.81722,53.24525],[11.80357,53.24686],[11.79607,53.25335],[11.81667,53.25419],[11.86175,53.24822],[11.86686,53.25655],[11.88986,53.26905],[11.8926,53.27898],[11.9047,53.27459],[11.94542,53.27434],[11.94806,53.27177],[11.95425,53.27381],[11.95622,53.2788],[11.96571,53.28523],[11.97386,53.29916],[11.98647,53.29983],[11.9877,53.29566],[11.99707,53.29391],[12.00282,53.29964],[12.01853,53.29959],[12.02364,53.30414],[12.01851,53.31543],[12.02208,53.32129],[12.01461,53.33442],[12.03871,53.34508],[12.05642,53.34966],[12.05152,53.36022],[12.04716,53.36095],[12.05137,53.36687],[12.04528,53.37099],[12.07755,53.36939],[12.08208,53.3463],[12.09209,53.34486],[12.10917,53.34381],[12.10846,53.34994],[12.13469,53.34857],[12.13944,53.36142],[12.14126,53.35906],[12.15195,53.36151],[12.15651,53.34972],[12.16856,53.33912],[12.18685,53.34333],[12.18621,53.3507],[12.19112,53.35395],[12.21219,53.35316],[12.22944,53.35816],[12.23643,53.34198],[12.24529,53.33301],[12.26001,53.32772],[12.25747,53.32502],[12.26021,53.32391],[12.27184,53.32406],[12.27956,53.32781],[12.2913,53.32868],[12.31077,53.32724],[12.31102,53.32322],[12.343,53.31592],[12.36331,53.30671],[12.37397,53.30586],[12.38125,53.30235],[12.39425,53.30181],[12.39823,53.29466],[12.39183,53.28506],[12.40043,53.27919],[12.40984,53.27968],[12.42801,53.27499],[12.43206,53.27081],[12.43158,53.26258],[12.44531,53.24993],[12.46709,53.25623],[12.49763,53.2552],[12.50279,53.25778],[12.5024,53.26217],[12.52977,53.26479],[12.54991,53.26198],[12.56632,53.25591],[12.59815,53.24853],[12.60118,53.24508],[12.60605,53.2444],[12.61728,53.2515],[12.62411,53.25176],[12.62842,53.25456],[12.65493,53.25525],[12.66569,53.25329],[12.66734,53.24867],[12.67566,53.24772],[12.66624,53.24156],[12.66554,53.23862],[12.66944,53.23711],[12.66397,53.23495],[12.67118,53.2295],[12.68261,53.22646],[12.69581,53.22705],[12.71579,53.22452],[12.72274,53.22167],[12.74227,53.22305],[12.74688,53.22547],[12.75741,53.22435],[12.74951,53.20633],[12.73949,53.1996],[12.75915,53.195],[12.76438,53.18893],[12.78492,53.18784],[12.79028,53.19123],[12.79909,53.19107],[12.80888,53.19765],[12.81293,53.19741],[12.81026,53.1954],[12.81487,53.19198],[12.81717,53.19606],[12.82079,53.19342],[12.82469,53.19705],[12.83791,53.19726],[12.84598,53.2014],[12.85887,53.18818],[12.86737,53.18681],[12.88011,53.17969],[12.88949,53.1804],[12.89102,53.1873],[12.90193,53.18997],[12.90508,53.19395],[12.92532,53.19598],[12.93038,53.19277],[12.91927,53.18805],[12.91997,53.18638],[12.9344,53.18823],[12.94116,53.18574],[12.94408,53.18678],[12.94393,53.19092],[12.93711,53.19432],[12.94798,53.19903],[12.96424,53.20039],[12.97585,53.1979],[12.97943,53.19055],[12.96233,53.18519],[12.96138,53.18102],[12.94723,53.17845],[12.942,53.17432],[12.94727,53.1725],[12.96151,53.17774],[12.96515,53.17591],[12.96852,53.16637],[12.98047,53.16253],[12.98442,53.16687],[12.99154,53.16856],[13.0062,53.16728],[13.00913,53.17285],[13.01323,53.17217],[13.02004,53.17571],[13.01873,53.18525],[13.02801,53.18559],[13.04241,53.1965],[13.06913,53.20364],[13.07309,53.20036],[13.07953,53.20018],[13.07843,53.20467],[13.08206,53.21005],[13.08575,53.21031],[13.08727,53.2154],[13.09381,53.21709],[13.09748,53.21299],[13.10656,53.21515],[13.10828,53.22555],[13.10326,53.23554],[13.10993,53.24023],[13.12302,53.24059],[13.12907,53.23699],[13.13298,53.23732],[13.13741,53.24462],[13.15222,53.25111],[13.15255,53.24604],[13.1638,53.24976],[13.17092,53.25003],[13.1752,53.24718],[13.18191,53.25073],[13.1904,53.2407],[13.19055,53.23496],[13.20268,53.22212],[13.22939,53.21659],[13.23883,53.22551],[13.23692,53.22729],[13.24197,53.23714],[13.23965,53.23894],[13.24364,53.23947],[13.25124,53.24739],[13.24375,53.24869],[13.24786,53.25684],[13.2537,53.26007],[13.25271,53.26231],[13.25728,53.26145],[13.27531,53.26506],[13.28442,53.27567],[13.28815,53.2752],[13.2978,53.28089],[13.33708,53.27343],[13.3492,53.27826],[13.36045,53.278],[13.3686,53.27104],[13.37063,53.26176],[13.38221,53.2504],[13.38611,53.25048],[13.38653,53.24405],[13.38899,53.24274],[13.40517,53.24642],[13.40768,53.26263],[13.41326,53.26302],[13.42092,53.26964],[13.43151,53.28455],[13.43513,53.28278],[13.4424,53.28648],[13.43414,53.28994],[13.43873,53.29199],[13.43495,53.29472],[13.43821,53.29973],[13.45619,53.29795],[13.4565,53.29305],[13.46128,53.28869],[13.48306,53.2912],[13.49733,53.30223],[13.49642,53.30663],[13.50727,53.31623],[13.50284,53.32733],[13.51011,53.31745],[13.52353,53.32008],[13.52299,53.33469],[13.51963,53.33797],[13.52483,53.34307],[13.52526,53.35102],[13.51685,53.35209],[13.526,53.36635],[13.54342,53.36403],[13.54743,53.3719],[13.55637,53.37609],[13.5568,53.37964],[13.55021,53.38094],[13.55418,53.38307],[13.55659,53.39156],[13.54621,53.3942],[13.55011,53.39908],[13.56406,53.40076],[13.57362,53.40809],[13.58931,53.4097],[13.59348,53.40778],[13.59661,53.41046],[13.60653,53.41129],[13.61051,53.41376],[13.61761,53.41301],[13.61905,53.40895],[13.62522,53.4093],[13.63602,53.42352],[13.62884,53.432],[13.6373,53.43258],[13.63889,53.43806],[13.6339,53.43987],[13.6405,53.44724],[13.65129,53.44369],[13.65523,53.44757],[13.6543,53.4514],[13.66256,53.45774],[13.67196,53.45951],[13.68036,53.46524],[13.70299,53.47365],[13.7154,53.48226],[13.73578,53.48141],[13.74137,53.48581],[13.75298,53.47828],[13.77894,53.47422],[13.80203,53.47803],[13.81208,53.48394],[13.8271,53.49871],[13.80897,53.5018],[13.80146,53.49796],[13.79246,53.51094],[13.77766,53.51371],[13.78043,53.52155],[13.77638,53.53129],[13.78424,53.55184],[13.79135,53.55858],[13.79876,53.55734],[13.79967,53.5587],[13.80184,53.55568],[13.79846,53.54569],[13.82388,53.52114],[13.82173,53.51811],[13.8484,53.51431],[13.87927,53.50414],[13.87392,53.49059],[13.87623,53.48701],[13.88459,53.48534],[13.87559,53.47347],[13.91821,53.456],[13.91751,53.44653],[13.90629,53.44388],[13.91139,53.43654],[13.90289,53.43203],[13.90755,53.42624],[13.91637,53.42227],[13.94649,53.43081],[13.96208,53.4299],[14.00122,53.43499],[14.00659,53.43041],[14.0456,53.42943],[14.05058,53.41399],[14.05661,53.41252],[14.0712,53.41499],[14.08222,53.41091],[14.08229,53.41558],[14.09392,53.42212],[14.10543,53.42243],[14.12184,53.44171],[14.13401,53.43904],[14.13676,53.441],[14.17696,53.42287],[14.20591,53.42303],[14.22466,53.43425],[14.23736,53.42766],[14.24179,53.42244],[14.23736,53.41469],[14.24314,53.39232],[14.22341,53.35856],[14.18402,53.32763],[14.13881,53.30233],[14.10965,53.28264],[14.09882,53.26167],[14.12479,53.26023],[14.16024,53.26781],[14.17598,53.26207],[14.18644,53.26056],[14.20016,53.26177],[14.21106,53.25481],[14.26605,53.25959],[14.26219,53.2766],[14.30185,53.28622],[14.31657,53.31234],[14.34866,53.30997],[14.35025,53.31376],[14.36193,53.31521],[14.36164,53.31756],[14.37664,53.31628],[14.38154,53.32389],[14.39537,53.32888],[14.41238,53.32959],[14.40548,53.34709],[14.39032,53.35371],[14.39479,53.37572],[14.37328,53.40895],[14.36862,53.43261],[14.37128,53.45644],[14.35803,53.45731],[14.35065,53.49601],[14.32688,53.50381],[14.31575,53.52515],[14.31936,53.52983],[14.31585,53.53693],[14.30577,53.54392],[14.30728,53.55134],[14.30256,53.5534],[14.31396,53.56523],[14.31183,53.57941],[14.31695,53.61807],[14.31111,53.61845],[14.28385,53.63444],[14.28464,53.6588],[14.279,53.66308],[14.272,53.66361],[14.27078,53.66658],[14.28111,53.67295],[14.28368,53.6825],[14.27255,53.68936],[14.26681,53.6987],[14.26773,53.70463],[14.27193,53.70585],[14.26833,53.70845],[14.27353,53.74435],[14.26695,53.75349],[14.2836,53.7723],[14.21257,53.86708],[14.21537,53.88118],[14.2123,53.90029],[14.20395,53.90663],[14.20587,53.91057],[14.18532,53.91197],[14.18531,53.9141],[14.19109,53.91577],[14.20765,53.91587],[14.22607,53.92772],[14.24221,53.98772],[14.16804,54.23881],[14.06964,54.27764],[14.07807,54.4425],[14.01061,54.61732],[13.99553,54.64194],[13.97502,54.6652],[13.94242,54.69252],[13.90024,54.71945],[13.63353,54.84546],[13.59504,54.85966],[13.55403,54.87074],[13.51067,54.87865],[13.46588,54.88321],[13.40867,54.88406],[13.32623,54.88102],[13.26531,54.87249],[13.21223,54.86806],[13.17209,54.86133],[13.12442,54.84915],[13.07069,54.83034],[13.03381,54.81524],[12.97305,54.78554],[12.74885,54.74326],[12.32217,54.57714],[12.29217,54.51741],[12.30023,54.51102],[12.25856,54.45047],[12.16523,54.38463],[12.15245,54.38463],[11.95161,54.33296],[11.66675,54.33092],[11.67245,54.31518],[11.12384,54.10294],[10.90366,53.95682],[10.90946,53.94627],[10.89639,53.93597],[10.8951,53.92455],[10.89879,53.92228],[10.91301,53.92404],[10.9246,53.92182],[10.92987,53.91828],[10.93933,53.91933],[10.94937,53.9129],[10.9616,53.9142],[10.96763,53.91063],[10.96706,53.9072],[10.95985,53.90941],[10.96295,53.91053],[10.95897,53.91026],[10.94989,53.90427],[10.94318,53.90432],[10.93679,53.90065],[10.91102,53.89795],[10.90243,53.9033],[10.9021,53.90629],[10.91129,53.91523],[10.89483,53.91837],[10.8839,53.92482],[10.87928,53.92288],[10.87472,53.91454],[10.85916,53.90941],[10.85553,53.90479],[10.8483,53.90511],[10.84721,53.89694],[10.83946,53.89549],[10.8357,53.8971],[10.82641,53.89304],[10.81893,53.89353],[10.81501,53.88838],[10.8073,53.88612],[10.80827,53.88301],[10.8024,53.87708],[10.77105,53.87319],[10.75945,53.85826],[10.74771,53.85151],[10.75365,53.84857],[10.74944,53.84506],[10.74804,53.834],[10.75815,53.82794],[10.76159,53.8226],[10.76314,53.81055],[10.76691,53.80623],[10.76503,53.80323],[10.77235,53.79717],[10.77325,53.79239],[10.76592,53.7799],[10.77026,53.77548],[10.75798,53.76359],[10.75803,53.74752],[10.77192,53.74942],[10.80592,53.73921],[10.80934,53.73528],[10.81009,53.73086],[10.80648,53.72845],[10.81088,53.72007],[10.82468,53.711],[10.84334,53.70786],[10.84601,53.70434],[10.85217,53.70584],[10.85094,53.70012],[10.86298,53.70394],[10.87322,53.70162],[10.88031,53.70233],[10.88791,53.70566],[10.90529,53.70329],[10.91459,53.69935],[10.92214,53.69947],[10.92605,53.69205],[10.91848,53.69113],[10.91897,53.68916],[10.92726,53.68955],[10.9291,53.68651],[10.93712,53.6873],[10.94177,53.68454],[10.94426,53.67417],[10.9398,53.67313],[10.94188,53.66877],[10.93863,53.66582],[10.94516,53.65909],[10.94857,53.66135],[10.94916,53.65824],[10.9547,53.65858],[10.95283,53.64934],[10.95031,53.64544],[10.94497,53.64678],[10.94765,53.64244],[10.92956,53.62871],[10.92226,53.60228],[10.91747,53.59932],[10.9238,53.58419],[10.9104,53.57176],[10.89483,53.57241],[10.87222,53.56852],[10.86265,53.56461],[10.85014,53.56527],[10.84219,53.57484],[10.82282,53.57492],[10.82677,53.56714],[10.82441,53.55627],[10.83191,53.54258],[10.81869,53.53392],[10.81842,53.52696],[10.82161,53.52401],[10.81452,53.52202],[10.82461,53.51786],[10.82433,53.51374],[10.81064,53.51619],[10.78643,53.51046],[10.77778,53.49518],[10.76511,53.49107],[10.75601,53.48339],[10.75219,53.48433],[10.73124,53.47948],[10.72682,53.48135],[10.72074,53.47607],[10.70166,53.47826],[10.69297,53.45514],[10.65204,53.46148],[10.64714,53.45742],[10.63231,53.4548],[10.63332,53.45235],[10.62583,53.44336],[10.62934,53.44094],[10.6245,53.43911],[10.6254,53.43359],[10.62141,53.43048],[10.62271,53.42587],[10.61837,53.42537],[10.61668,53.40509],[10.62097,53.40409],[10.61861,53.39881],[10.6214,53.39857],[10.6169,53.38457],[10.5991,53.37783],[10.59367,53.36786]]]]}},{"type":"Feature","id":"14","bbox":[11.87146,50.17153,15.04182,51.68497],"properties":{"id":"14","name":"Sachsen","typ":"Freistaat","bundeslandAlt":"Sachsen","quelle":"VG250"},"geometry":{"type":"MultiPolygon","coordinates":[[[[11.87146,50.53982],[11.88822,50.51668],[11.89408,50.51827],[11.89945,50.51606],[11.91846,50.51698],[11.91585,50.52452],[11.91834,50.52551],[11.91892,50.52239],[11.92525,50.52632],[11.93293,50.52126],[11.93023,50.51294],[11.93398,50.50603],[11.93994,50.50299],[11.94381,50.50561],[11.95103,50.49589],[11.96035,50.49173],[11.96423,50.48696],[11.96465,50.4839],[11.95923,50.47867],[11.94649,50.47936],[11.94295,50.47346],[11.93769,50.47169],[11.9389,50.47],[11.944,50.47111],[11.94106,50.46829],[11.94366,50.46445],[11.94839,50.46536],[11.94279,50.45958],[11.9518,50.45551],[11.9508,50.45407],[11.93629,50.45908],[11.9319,50.46422],[11.92766,50.45925],[11.92034,50.46005],[11.91903,50.45432],[11.90983,50.4529],[11.90494,50.45438],[11.895,50.44946],[11.89471,50.44405],[11.88851,50.44361],[11.89964,50.43525],[11.90384,50.43671],[11.90601,50.43426],[11.90816,50.43658],[11.91621,50.43306],[11.9278,50.43252],[11.92677,50.42868],[11.91988,50.4244],[11.92978,50.42117],[11.93473,50.42366],[11.93915,50.41839],[11.94565,50.41628],[11.94416,50.41158],[11.95437,50.40707],[11.94807,50.40038],[11.94938,50.39481],[11.95723,50.39708],[11.96025,50.39542],[11.96457,50.39993],[11.9747,50.39054],[11.97823,50.39136],[11.98066,50.38783],[11.98394,50.38871],[11.9786,50.38],[11.98469,50.37541],[11.97896,50.36949],[11.98477,50.3647],[11.97956,50.3648],[11.97651,50.36194],[11.98068,50.3616],[11.98255,50.35667],[11.97604,50.35229],[11.98228,50.34988],[11.99697,50.35402],[11.99725,50.34689],[12.00824,50.3457],[12.01478,50.34756],[12.01464,50.34361],[12.01941,50.34041],[12.03088,50.33931],[12.03216,50.33007],[12.04183,50.33097],[12.03891,50.33658],[12.04585,50.32993],[12.04685,50.325],[12.04906,50.32855],[12.04644,50.33115],[12.05185,50.33091],[12.05777,50.32627],[12.05587,50.33165],[12.06162,50.32893],[12.06422,50.33304],[12.07989,50.32683],[12.08251,50.33016],[12.09134,50.33261],[12.09035,50.32425],[12.09408,50.32511],[12.09798,50.32303],[12.1009,50.31803],[12.10647,50.32253],[12.11548,50.32047],[12.11379,50.3168],[12.11634,50.3159],[12.1254,50.31544],[12.1305,50.31889],[12.14682,50.3218],[12.18445,50.32232],[12.18258,50.31762],[12.18679,50.31168],[12.19828,50.30735],[12.20134,50.30895],[12.19562,50.29317],[12.20232,50.28775],[12.20146,50.27278],[12.21323,50.2702],[12.23006,50.27121],[12.24704,50.26826],[12.24783,50.27028],[12.2537,50.27109],[12.26602,50.2587],[12.26604,50.25021],[12.25941,50.25231],[12.25501,50.25125],[12.24754,50.25779],[12.24567,50.25641],[12.2496,50.25429],[12.24591,50.25097],[12.24155,50.25088],[12.23963,50.24617],[12.25113,50.24197],[12.25512,50.23673],[12.26588,50.23443],[12.26277,50.23368],[12.2669,50.23192],[12.27458,50.23329],[12.28633,50.22548],[12.2794,50.22462],[12.27932,50.22248],[12.29388,50.22127],[12.28287,50.21367],[12.28182,50.2082],[12.28868,50.21045],[12.28513,50.20603],[12.28847,50.20398],[12.27467,50.19669],[12.27743,50.19171],[12.2822,50.18851],[12.28472,50.18987],[12.28624,50.18548],[12.29023,50.18505],[12.2898,50.17693],[12.29494,50.17468],[12.33264,50.17153],[12.33753,50.17338],[12.32765,50.17598],[12.32366,50.18204],[12.32783,50.18257],[12.33822,50.19248],[12.33214,50.20063],[12.32601,50.2019],[12.32305,50.20745],[12.32793,50.21243],[12.32652,50.21865],[12.33451,50.21688],[12.33496,50.22155],[12.32905,50.22533],[12.33269,50.23426],[12.3279,50.23466],[12.33243,50.23845],[12.33108,50.24271],[12.34171,50.24067],[12.34904,50.2365],[12.35516,50.23766],[12.35114,50.23925],[12.3593,50.24232],[12.35011,50.25353],[12.35212,50.26175],[12.36113,50.26977],[12.3595,50.27348],[12.37086,50.28527],[12.3816,50.28885],[12.39426,50.2896],[12.40057,50.29521],[12.40304,50.30072],[12.39837,50.3079],[12.40075,50.31583],[12.39802,50.32115],[12.40343,50.32395],[12.41654,50.32448],[12.42148,50.32252],[12.42564,50.32435],[12.4312,50.32272],[12.43715,50.32756],[12.43553,50.33322],[12.4418,50.34116],[12.46943,50.35499],[12.48158,50.34701],[12.48931,50.34982],[12.4925,50.35627],[12.48753,50.36295],[12.48653,50.37084],[12.50875,50.39101],[12.51205,50.39726],[12.52894,50.39702],[12.53394,50.39974],[12.54293,50.39832],[12.54603,50.40089],[12.55844,50.3994],[12.57485,50.40324],[12.58035,50.40725],[12.60019,50.40581],[12.61695,50.41561],[12.62668,50.41631],[12.64917,50.41075],[12.66227,50.41217],[12.67312,50.41688],[12.68153,50.40984],[12.69571,50.40376],[12.69659,50.40106],[12.70706,50.39732],[12.70761,50.40783],[12.7298,50.42167],[12.73461,50.4322],[12.79493,50.44945],[12.81062,50.43106],[12.80665,50.44389],[12.81714,50.4501],[12.81938,50.4598],[12.8947,50.42975],[12.90296,50.42283],[12.91239,50.42373],[12.93641,50.41164],[12.93731,50.40633],[12.94797,50.40428],[12.94745,50.4072],[12.94378,50.40601],[12.94049,50.40771],[12.9419,50.41149],[12.98345,50.41972],[12.99598,50.43378],[13.01987,50.44673],[13.02386,50.45408],[13.01965,50.46075],[13.02017,50.47543],[13.02254,50.48692],[13.03244,50.50097],[13.03175,50.50973],[13.04281,50.51138],[13.056,50.50126],[13.08535,50.50027],[13.10147,50.50292],[13.11986,50.51393],[13.13267,50.51828],[13.13864,50.51176],[13.13674,50.50642],[13.14362,50.50581],[13.15412,50.50851],[13.17109,50.506],[13.17811,50.50288],[13.19527,50.50326],[13.19469,50.51526],[13.20734,50.52157],[13.20961,50.53005],[13.22187,50.54197],[13.22209,50.54622],[13.22908,50.54974],[13.22286,50.5629],[13.23551,50.57037],[13.23363,50.57913],[13.23739,50.58008],[13.24005,50.58479],[13.2475,50.58707],[13.24844,50.59205],[13.2551,50.5953],[13.26046,50.5922],[13.27877,50.59299],[13.29091,50.57502],[13.30151,50.5789],[13.32368,50.58165],[13.3194,50.60217],[13.32587,50.60461],[13.32473,50.60804],[13.33455,50.60691],[13.33745,50.61253],[13.35183,50.61409],[13.35884,50.61629],[13.36042,50.61925],[13.36666,50.61844],[13.36988,50.62457],[13.3777,50.62768],[13.37098,50.65055],[13.37548,50.65021],[13.38298,50.64485],[13.38543,50.64668],[13.39211,50.64632],[13.39266,50.64175],[13.40538,50.63458],[13.41531,50.61633],[13.42547,50.61645],[13.42515,50.61277],[13.42889,50.61076],[13.44109,50.61113],[13.46477,50.60189],[13.47753,50.61543],[13.49416,50.62446],[13.49703,50.63142],[13.52419,50.63926],[13.52611,50.64942],[13.51698,50.64835],[13.51281,50.65371],[13.53062,50.66823],[13.54024,50.66801],[13.53849,50.67287],[13.54437,50.67745],[13.54043,50.68975],[13.52755,50.69902],[13.52682,50.70502],[13.53848,50.70601],[13.54522,50.71131],[13.55633,50.71455],[13.56865,50.71251],[13.58933,50.71291],[13.60225,50.71006],[13.62691,50.71592],[13.62504,50.72285],[13.63682,50.72539],[13.64263,50.72934],[13.66431,50.73193],[13.6815,50.72489],[13.68801,50.71961],[13.70647,50.71692],[13.71239,50.71966],[13.70822,50.72532],[13.71366,50.72512],[13.72818,50.73365],[13.7404,50.72717],[13.75075,50.72953],[13.75834,50.73581],[13.76898,50.73297],[13.77731,50.73636],[13.78481,50.73359],[13.79011,50.73504],[13.79088,50.73255],[13.79692,50.73441],[13.80733,50.73326],[13.81535,50.72777],[13.82707,50.72422],[13.83465,50.7269],[13.84397,50.72525],[13.85519,50.72711],[13.86157,50.73532],[13.86178,50.74291],[13.86816,50.74264],[13.88023,50.73781],[13.89819,50.74449],[13.90275,50.75291],[13.88959,50.763],[13.88753,50.77046],[13.89994,50.7848],[13.89642,50.78866],[13.90106,50.79343],[13.91837,50.78912],[13.93918,50.78998],[13.95584,50.80059],[13.95378,50.80729],[13.97088,50.81109],[13.99031,50.82001],[14.00339,50.81435],[14.00346,50.81027],[14.01645,50.81111],[14.03067,50.80416],[14.04114,50.8108],[14.05768,50.81192],[14.06359,50.80995],[14.07838,50.81242],[14.07905,50.81867],[14.08953,50.82585],[14.13287,50.834],[14.16147,50.84754],[14.20103,50.85134],[14.2165,50.86023],[14.22329,50.85924],[14.23602,50.87645],[14.23315,50.88752],[14.25225,50.88792],[14.2675,50.8953],[14.2822,50.89256],[14.28966,50.88589],[14.30485,50.88398],[14.31936,50.88874],[14.34821,50.89257],[14.34927,50.90073],[14.37415,50.89623],[14.38764,50.89909],[14.38564,50.91649],[14.38971,50.91666],[14.38888,50.91887],[14.39415,50.91815],[14.3918,50.92083],[14.40214,50.92407],[14.40098,50.93328],[14.39673,50.93649],[14.38732,50.94181],[14.37318,50.93824],[14.36916,50.93949],[14.36948,50.94218],[14.36052,50.94145],[14.35588,50.94465],[14.34932,50.94514],[14.3458,50.94857],[14.32537,50.94972],[14.31171,50.95376],[14.31075,50.95528],[14.31724,50.95792],[14.31691,50.96067],[14.30256,50.96533],[14.31296,50.97226],[14.32842,50.97351],[14.32606,50.97782],[14.32973,50.9822],[14.32355,50.98536],[14.31141,50.98466],[14.2989,50.97922],[14.28578,50.977],[14.27613,50.98276],[14.25865,50.98754],[14.25854,50.99213],[14.2688,51.00004],[14.26224,51.00407],[14.26064,51.00883],[14.26516,51.00816],[14.28022,51.0141],[14.28197,51.01559],[14.27767,51.01884],[14.28632,51.02696],[14.28534,51.03221],[14.27359,51.03778],[14.27379,51.03977],[14.28839,51.03912],[14.29219,51.04654],[14.30186,51.05505],[14.31692,51.05542],[14.33663,51.03902],[14.3451,51.03907],[14.34664,51.04128],[14.36199,51.04543],[14.37402,51.03861],[14.38257,51.03857],[14.38476,51.02696],[14.40844,51.01877],[14.42179,51.01957],[14.45382,51.03589],[14.46545,51.03531],[14.47529,51.0295],[14.47437,51.0255],[14.49266,51.0234],[14.49423,51.03631],[14.49122,51.04353],[14.49979,51.04654],[14.50821,51.04315],[14.49856,51.02206],[14.53215,51.01653],[14.53989,51.01038],[14.53506,51.00893],[14.5347,51.00371],[14.56091,51.00699],[14.56453,51.01014],[14.56872,51.00433],[14.5787,51.00031],[14.58134,50.99354],[14.59918,50.98711],[14.60068,50.97952],[14.59674,50.96891],[14.59215,50.96676],[14.59607,50.96281],[14.58562,50.95216],[14.58068,50.94188],[14.57239,50.93795],[14.56066,50.92537],[14.56481,50.91835],[14.58321,50.91426],[14.60269,50.92132],[14.61261,50.9225],[14.61711,50.92554],[14.62812,50.92539],[14.63852,50.92995],[14.65022,50.93153],[14.6529,50.90549],[14.63623,50.89745],[14.62434,50.8687],[14.61873,50.86456],[14.61887,50.85771],[14.63248,50.85528],[14.64826,50.84872],[14.66479,50.84937],[14.6902,50.838],[14.70871,50.84089],[14.72007,50.83235],[14.71638,50.82436],[14.72232,50.82208],[14.74495,50.82945],[14.74987,50.82432],[14.75873,50.82471],[14.76644,50.81935],[14.77926,50.81999],[14.7905,50.82408],[14.79391,50.82015],[14.80181,50.82486],[14.80066,50.82892],[14.80772,50.84642],[14.82122,50.85937],[14.82475,50.86697],[14.81738,50.87958],[14.82043,50.88625],[14.84341,50.90066],[14.85163,50.91057],[14.86809,50.9179],[14.87686,50.93235],[14.89082,50.93524],[14.89655,50.94064],[14.89296,50.94958],[14.89762,50.95939],[14.90387,50.96122],[14.8996,50.96331],[14.90404,50.96749],[14.90308,50.97172],[14.91943,50.97534],[14.92029,50.98793],[14.9172,50.9952],[14.92036,50.99785],[14.92905,50.99798],[14.93798,51.01147],[14.93929,51.01702],[14.93521,51.02017],[14.93778,51.02212],[14.94011,51.02093],[14.93912,51.02348],[14.94243,51.02413],[14.94029,51.02609],[14.94564,51.02649],[14.94906,51.0306],[14.94644,51.03159],[14.95173,51.0378],[14.94822,51.03918],[14.94896,51.04283],[14.95172,51.04231],[14.95381,51.04668],[14.9647,51.05036],[14.96301,51.0579],[14.97131,51.06607],[14.97133,51.06953],[14.96769,51.071],[14.97928,51.07708],[14.97633,51.08701],[14.98401,51.09075],[14.98025,51.09605],[14.98393,51.09742],[14.98399,51.10226],[14.97826,51.10786],[14.9825,51.11313],[14.98092,51.11605],[14.9831,51.11794],[14.9892,51.11662],[14.99777,51.12242],[14.99491,51.1239],[14.99537,51.13687],[14.99043,51.14215],[14.99588,51.14381],[15.00071,51.14948],[14.99321,51.16246],[15.00504,51.16771],[15.00154,51.17238],[15.00878,51.18233],[15.00474,51.19088],[15.0143,51.19609],[15.01414,51.19827],[15.00765,51.19983],[15.0076,51.20451],[15.01306,51.20895],[15.00981,51.21345],[15.01688,51.21493],[15.0162,51.2276],[15.02554,51.23173],[15.02678,51.23369],[15.02351,51.23522],[15.02862,51.23705],[15.02833,51.24156],[15.03384,51.24106],[15.03762,51.2442],[15.02948,51.25142],[15.02638,51.24905],[15.02335,51.25031],[15.02518,51.25402],[15.03779,51.25803],[15.03676,51.27045],[15.04182,51.2726],[15.03437,51.27744],[15.03348,51.29393],[15.02175,51.30062],[15.01201,51.30131],[15.01263,51.30858],[15.00665,51.31179],[15.00925,51.3163],[14.99314,51.32298],[14.99355,51.32826],[14.98615,51.32929],[14.97777,51.3417],[14.97622,51.35694],[14.96524,51.36108],[14.97717,51.36549],[14.97779,51.36964],[14.98374,51.37355],[14.9693,51.37908],[14.9647,51.38681],[14.96589,51.39136],[14.95828,51.39534],[14.96893,51.39773],[14.96784,51.40272],[14.95872,51.40975],[14.96447,51.41219],[14.96707,51.41732],[14.96418,51.42336],[14.96609,51.42677],[14.95863,51.43125],[14.96329,51.4342],[14.97078,51.43266],[14.97382,51.44229],[14.96685,51.44599],[14.95586,51.45852],[14.95645,51.46337],[14.94909,51.47126],[14.92611,51.47348],[14.92235,51.48226],[14.90807,51.48398],[14.8978,51.48205],[14.88662,51.48794],[14.87078,51.48488],[14.86447,51.49047],[14.85164,51.48956],[14.83508,51.49941],[14.83241,51.5038],[14.81942,51.50764],[14.81178,51.50609],[14.8054,51.51419],[14.79597,51.51787],[14.76527,51.519],[14.76099,51.52323],[14.75182,51.5218],[14.73576,51.52596],[14.72912,51.53144],[14.72631,51.539],[14.73144,51.54439],[14.72935,51.54974],[14.72359,51.55385],[14.71639,51.55519],[14.71124,51.56266],[14.72719,51.57536],[14.72987,51.58178],[14.72061,51.58636],[14.71116,51.59576],[14.70017,51.59724],[14.69665,51.59666],[14.69834,51.58973],[14.70645,51.57646],[14.69276,51.57634],[14.69575,51.57461],[14.69114,51.56279],[14.67401,51.55065],[14.6639,51.55298],[14.664,51.55455],[14.6396,51.55429],[14.63158,51.55082],[14.60989,51.55015],[14.60375,51.55512],[14.60637,51.55723],[14.60178,51.56134],[14.59903,51.57175],[14.59401,51.57418],[14.58306,51.57464],[14.58048,51.58041],[14.56964,51.58119],[14.56058,51.57346],[14.55383,51.57193],[14.54444,51.57362],[14.54749,51.56362],[14.54519,51.56178],[14.52508,51.55863],[14.51545,51.55423],[14.50861,51.55819],[14.50647,51.55683],[14.49986,51.5594],[14.45407,51.55637],[14.44674,51.55273],[14.44777,51.54207],[14.44131,51.54461],[14.40944,51.53721],[14.39888,51.54179],[14.38716,51.54177],[14.38669,51.53402],[14.37587,51.53313],[14.35369,51.52079],[14.33993,51.52076],[14.33934,51.51823],[14.34355,51.51711],[14.34212,51.51084],[14.33811,51.50591],[14.33235,51.50502],[14.32736,51.50736],[14.32292,51.51943],[14.30598,51.52418],[14.29308,51.52511],[14.27401,51.53213],[14.25581,51.53232],[14.24704,51.52784],[14.24249,51.52876],[14.2453,51.53119],[14.24211,51.53309],[14.22893,51.53284],[14.22119,51.53807],[14.21302,51.53981],[14.17514,51.53912],[14.13671,51.54331],[14.12973,51.53386],[14.13339,51.52803],[14.14236,51.5228],[14.13817,51.52352],[14.13523,51.52106],[14.11696,51.5232],[14.1078,51.52176],[14.10058,51.51416],[14.09567,51.49872],[14.08776,51.49396],[14.07382,51.49267],[14.08873,51.47938],[14.08726,51.4774],[14.07259,51.47209],[14.03874,51.47991],[14.03301,51.4751],[14.05529,51.46095],[14.05259,51.45251],[14.06284,51.44551],[14.04304,51.43924],[14.03816,51.43558],[14.04624,51.42913],[14.03825,51.42844],[14.04364,51.42455],[14.04459,51.41875],[14.03685,51.4168],[14.02744,51.40832],[14.02094,51.40816],[14.0159,51.40514],[14.01702,51.40047],[14.02579,51.40055],[14.02809,51.39594],[14.01333,51.39832],[14.00356,51.39561],[14.00361,51.39318],[14.00832,51.39198],[13.99632,51.38261],[14.0007,51.3726],[13.97021,51.37584],[13.97234,51.39382],[13.95622,51.39707],[13.93899,51.38911],[13.9082,51.38323],[13.90999,51.37897],[13.88307,51.37512],[13.86828,51.37691],[13.86325,51.38176],[13.83319,51.38384],[13.83531,51.37679],[13.82909,51.37581],[13.81897,51.3695],[13.80786,51.37287],[13.78794,51.37091],[13.78062,51.36885],[13.77652,51.36199],[13.76774,51.36301],[13.76325,51.35902],[13.76268,51.36541],[13.76897,51.3694],[13.75769,51.37149],[13.75316,51.36595],[13.73911,51.3612],[13.72735,51.36471],[13.71339,51.3635],[13.69125,51.37401],[13.68276,51.36762],[13.6684,51.37613],[13.66145,51.36897],[13.6321,51.36854],[13.61723,51.37106],[13.59406,51.36936],[13.59576,51.37453],[13.59134,51.37514],[13.58765,51.38183],[13.58985,51.38423],[13.56996,51.38567],[13.55627,51.37904],[13.55082,51.37925],[13.54614,51.36917],[13.54263,51.36932],[13.53777,51.38105],[13.52312,51.38103],[13.52122,51.40206],[13.50274,51.40471],[13.49439,51.40292],[13.49135,51.40768],[13.46328,51.41175],[13.46553,51.42177],[13.47379,51.41788],[13.46331,51.42626],[13.46063,51.42224],[13.45034,51.42283],[13.44591,51.43145],[13.44349,51.42877],[13.44606,51.42596],[13.43341,51.42762],[13.42851,51.42179],[13.42143,51.42151],[13.42815,51.43125],[13.42177,51.43456],[13.41971,51.43884],[13.41219,51.43937],[13.40563,51.44595],[13.40932,51.44977],[13.40105,51.45417],[13.38823,51.44781],[13.3876,51.44112],[13.38215,51.43605],[13.37294,51.4378],[13.38308,51.42806],[13.38251,51.42593],[13.37665,51.42461],[13.35835,51.43397],[13.3492,51.43334],[13.33795,51.42916],[13.33335,51.43744],[13.32032,51.4375],[13.32576,51.43365],[13.32834,51.42664],[13.31363,51.42318],[13.309,51.41771],[13.28667,51.41138],[13.28635,51.39929],[13.25998,51.4004],[13.25909,51.39533],[13.26377,51.39446],[13.26366,51.39099],[13.27004,51.3905],[13.26854,51.38479],[13.26372,51.38495],[13.26264,51.38831],[13.25065,51.39411],[13.21731,51.39506],[13.20219,51.41638],[13.2037,51.42849],[13.19975,51.43323],[13.19339,51.43578],[13.18942,51.43426],[13.18837,51.42628],[13.18465,51.42379],[13.17431,51.42825],[13.17508,51.43278],[13.18476,51.43851],[13.19184,51.43691],[13.19248,51.4417],[13.20312,51.45101],[13.20308,51.45873],[13.18972,51.4649],[13.18292,51.47134],[13.18705,51.48575],[13.1823,51.49196],[13.18907,51.49107],[13.19207,51.48805],[13.1969,51.4883],[13.20129,51.49172],[13.19677,51.49361],[13.20392,51.49878],[13.20205,51.50412],[13.20704,51.50494],[13.20796,51.52435],[13.20052,51.52604],[13.19006,51.53959],[13.18557,51.55808],[13.16083,51.55897],[13.15861,51.56426],[13.14672,51.56345],[13.14317,51.56746],[13.14104,51.57117],[13.15321,51.58241],[13.15491,51.5894],[13.16177,51.59215],[13.15495,51.6002],[13.14378,51.59787],[13.14384,51.60046],[13.1345,51.60567],[13.12103,51.61889],[13.11486,51.61773],[13.11495,51.61575],[13.11044,51.61484],[13.11168,51.61284],[13.10675,51.61163],[13.10397,51.61647],[13.0971,51.61631],[13.09967,51.6115],[13.10338,51.61231],[13.10487,51.60968],[13.09692,51.60922],[13.09384,51.60588],[13.0863,51.60814],[13.08066,51.61773],[13.07618,51.61966],[13.07741,51.62112],[13.05103,51.64768],[13.02347,51.6373],[13.01786,51.64435],[13.02047,51.65339],[13.01719,51.65963],[13.01157,51.66455],[13.00525,51.66186],[13.00143,51.66756],[12.99629,51.66925],[12.9778,51.66825],[12.9772,51.66636],[12.98176,51.66487],[12.97942,51.6632],[12.96682,51.66566],[12.9715,51.65025],[12.95826,51.65128],[12.94953,51.64943],[12.95236,51.64359],[12.94216,51.63801],[12.93598,51.64578],[12.92811,51.64957],[12.91523,51.64846],[12.91341,51.64412],[12.89752,51.64743],[12.89081,51.65397],[12.89517,51.66377],[12.88919,51.66688],[12.88039,51.65906],[12.86579,51.65503],[12.86386,51.66151],[12.86652,51.66396],[12.86087,51.66471],[12.86223,51.67378],[12.85678,51.6727],[12.85903,51.67619],[12.84386,51.68497],[12.8419,51.68222],[12.82788,51.68225],[12.83181,51.67602],[12.81774,51.6704],[12.79253,51.6655],[12.77271,51.64751],[12.76461,51.64657],[12.76009,51.64969],[12.74994,51.65006],[12.74016,51.65555],[12.73101,51.65633],[12.71684,51.66131],[12.68668,51.66199],[12.67869,51.65624],[12.67702,51.64984],[12.66652,51.64223],[12.66585,51.6316],[12.65789,51.63032],[12.64873,51.62505],[12.64911,51.62045],[12.62277,51.61564],[12.60833,51.6106],[12.61198,51.61426],[12.62236,51.61645],[12.62393,51.62182],[12.62923,51.62524],[12.62417,51.62798],[12.60453,51.62625],[12.59549,51.61838],[12.59186,51.61836],[12.59128,51.62249],[12.5864,51.62237],[12.58594,51.62549],[12.58026,51.62607],[12.5747,51.61543],[12.57027,51.61688],[12.56283,51.61376],[12.55998,51.60852],[12.54171,51.60744],[12.54464,51.60371],[12.54145,51.6025],[12.53747,51.60247],[12.53448,51.60609],[12.51576,51.60579],[12.50701,51.60846],[12.50354,51.60455],[12.49502,51.60413],[12.49766,51.60299],[12.49746,51.59656],[12.4901,51.5982],[12.48299,51.59318],[12.47714,51.59628],[12.48719,51.60101],[12.48637,51.60428],[12.47112,51.60519],[12.46058,51.60326],[12.44396,51.60987],[12.43839,51.60517],[12.43331,51.60583],[12.43816,51.60247],[12.43682,51.59931],[12.43339,51.59762],[12.42733,51.5993],[12.42387,51.5881],[12.42542,51.58213],[12.41142,51.58201],[12.39178,51.58776],[12.39226,51.58563],[12.3816,51.58541],[12.36686,51.58801],[12.37451,51.58452],[12.3689,51.58501],[12.36768,51.58309],[12.34837,51.58665],[12.34803,51.584],[12.3375,51.58641],[12.33641,51.58478],[12.34362,51.58258],[12.34091,51.57981],[12.31938,51.57758],[12.32056,51.57467],[12.31326,51.5685],[12.3012,51.56536],[12.29722,51.56667],[12.29321,51.5649],[12.29318,51.56056],[12.25343,51.5606],[12.25048,51.55895],[12.2464,51.56635],[12.24321,51.56688],[12.2329,51.56113],[12.23605,51.55297],[12.23005,51.55283],[12.23135,51.54735],[12.21902,51.54651],[12.22217,51.54445],[12.21013,51.54192],[12.20717,51.53525],[12.20147,51.53457],[12.20194,51.53133],[12.19277,51.5313],[12.19384,51.5084],[12.1904,51.50777],[12.19635,51.50673],[12.19735,51.50286],[12.2079,51.50259],[12.20833,51.4981],[12.20486,51.49783],[12.20702,51.49206],[12.201,51.49029],[12.20308,51.48514],[12.17571,51.48222],[12.17552,51.46968],[12.14891,51.46311],[12.15314,51.45246],[12.15826,51.45124],[12.15839,51.44598],[12.15432,51.44604],[12.15422,51.44439],[12.15763,51.4443],[12.15721,51.43271],[12.16955,51.43031],[12.17103,51.43423],[12.18248,51.43238],[12.18586,51.42079],[12.18982,51.42085],[12.18656,51.41425],[12.18296,51.41411],[12.1832,51.41077],[12.17353,51.41026],[12.17775,51.40396],[12.17486,51.4003],[12.17814,51.38915],[12.18483,51.38758],[12.17214,51.38416],[12.17744,51.38048],[12.17471,51.37941],[12.17774,51.37517],[12.18996,51.37945],[12.1895,51.37551],[12.18277,51.37452],[12.18176,51.36851],[12.19288,51.37148],[12.19364,51.36927],[12.18563,51.36596],[12.18609,51.36213],[12.19608,51.3604],[12.19552,51.3544],[12.19053,51.35393],[12.19026,51.35136],[12.19435,51.33057],[12.16683,51.32681],[12.16478,51.32084],[12.14765,51.31997],[12.15763,51.30208],[12.15533,51.30123],[12.1574,51.29228],[12.16895,51.29376],[12.16975,51.28569],[12.17226,51.28568],[12.16624,51.26593],[12.17338,51.26605],[12.17374,51.25819],[12.18939,51.25762],[12.19315,51.2414],[12.19496,51.23877],[12.19949,51.23842],[12.19208,51.23693],[12.19248,51.23507],[12.19811,51.2167],[12.20343,51.21672],[12.20474,51.2142],[12.18959,51.20398],[12.1918,51.19573],[12.1856,51.19429],[12.18718,51.19146],[12.17374,51.19008],[12.17484,51.18133],[12.1934,51.18531],[12.21308,51.1835],[12.20849,51.17623],[12.21213,51.17518],[12.21157,51.17236],[12.20626,51.1713],[12.20167,51.16139],[12.19719,51.15913],[12.19619,51.14191],[12.23014,51.1362],[12.24164,51.1307],[12.22907,51.12023],[12.22549,51.12037],[12.22389,51.12355],[12.22056,51.12304],[12.22459,51.11932],[12.22144,51.10978],[12.23036,51.10361],[12.24115,51.10289],[12.24394,51.10023],[12.25254,51.09959],[12.25308,51.09727],[12.26137,51.09795],[12.26277,51.10029],[12.27857,51.09928],[12.27864,51.09497],[12.29075,51.09098],[12.30483,51.09748],[12.31146,51.09371],[12.32157,51.09462],[12.32203,51.09753],[12.3316,51.10378],[12.35658,51.09434],[12.35362,51.08461],[12.36103,51.0798],[12.37532,51.07711],[12.38472,51.08029],[12.38558,51.08349],[12.39296,51.08412],[12.39808,51.07852],[12.41045,51.07285],[12.4128,51.07582],[12.42098,51.07814],[12.45074,51.07731],[12.4531,51.08346],[12.45838,51.08455],[12.46291,51.0669],[12.46799,51.06784],[12.46947,51.06422],[12.49636,51.06625],[12.50152,51.06408],[12.50858,51.05306],[12.50193,51.05173],[12.50474,51.04489],[12.50289,51.0349],[12.51245,51.02642],[12.50933,51.02545],[12.50739,51.01728],[12.51284,51.01647],[12.51633,51.01822],[12.51437,51.02688],[12.51816,51.02735],[12.5189,51.02286],[12.53149,51.02543],[12.53885,51.02425],[12.53477,51.01563],[12.54018,51.00573],[12.52645,51.00149],[12.52755,50.9989],[12.53877,50.99638],[12.55576,50.99749],[12.57278,50.99024],[12.5772,50.98419],[12.58299,50.98196],[12.57929,50.98514],[12.58102,50.98924],[12.5916,50.99285],[12.60119,50.99273],[12.60169,50.99535],[12.60753,50.99673],[12.60731,50.99082],[12.61643,50.98528],[12.62129,50.97577],[12.62213,50.96343],[12.63011,50.9425],[12.62554,50.94223],[12.62436,50.93971],[12.63144,50.94015],[12.63763,50.9331],[12.64223,50.93317],[12.64166,50.92881],[12.65287,50.92368],[12.65412,50.91906],[12.64127,50.91142],[12.64012,50.90307],[12.62542,50.90575],[12.62006,50.90938],[12.6148,50.90481],[12.6062,50.90584],[12.59202,50.90267],[12.58474,50.90402],[12.57343,50.90108],[12.56023,50.90614],[12.53819,50.90069],[12.52526,50.90266],[12.52132,50.9076],[12.50786,50.90373],[12.51303,50.89611],[12.51112,50.8941],[12.48667,50.8939],[12.48024,50.89051],[12.48219,50.88868],[12.45925,50.88045],[12.46403,50.87013],[12.44836,50.86745],[12.44415,50.86258],[12.44825,50.85617],[12.44113,50.84939],[12.4425,50.84403],[12.43745,50.84242],[12.42933,50.84416],[12.42021,50.83959],[12.41159,50.84738],[12.41806,50.85541],[12.41299,50.85687],[12.40728,50.85698],[12.40612,50.85052],[12.40295,50.84923],[12.3868,50.85063],[12.37703,50.84905],[12.37839,50.85371],[12.37413,50.85325],[12.37486,50.84883],[12.36489,50.84654],[12.36231,50.8423],[12.34832,50.83753],[12.34758,50.82363],[12.33302,50.82204],[12.33388,50.82042],[12.32064,50.82163],[12.30695,50.81876],[12.29858,50.8299],[12.29591,50.82833],[12.30236,50.8172],[12.29978,50.81555],[12.29567,50.8169],[12.29271,50.82381],[12.28972,50.82397],[12.29113,50.82211],[12.28574,50.82031],[12.28607,50.81187],[12.27986,50.8097],[12.27698,50.81786],[12.27266,50.81639],[12.27504,50.81364],[12.26857,50.81232],[12.26734,50.81436],[12.25976,50.81145],[12.2505,50.81854],[12.25094,50.81501],[12.24284,50.80906],[12.25348,50.79951],[12.25018,50.7991],[12.25485,50.79506],[12.25315,50.78883],[12.26757,50.78733],[12.28764,50.78964],[12.29016,50.78343],[12.28405,50.77347],[12.26392,50.76046],[12.24069,50.76724],[12.22869,50.75745],[12.2267,50.74159],[12.23024,50.74351],[12.22698,50.73822],[12.23144,50.73821],[12.23791,50.73303],[12.26476,50.73755],[12.27343,50.7282],[12.25338,50.7157],[12.2649,50.7037],[12.26276,50.69528],[12.27476,50.68612],[12.27811,50.68778],[12.28363,50.68501],[12.29689,50.68654],[12.29939,50.68377],[12.30854,50.68261],[12.31481,50.68524],[12.3189,50.684],[12.32205,50.68143],[12.31423,50.66959],[12.31772,50.66336],[12.30354,50.66226],[12.29889,50.65168],[12.28962,50.64788],[12.27969,50.64778],[12.28132,50.64455],[12.26429,50.64339],[12.26552,50.63079],[12.24464,50.6333],[12.23281,50.62707],[12.23083,50.63263],[12.22645,50.62984],[12.21676,50.63146],[12.21724,50.63374],[12.20755,50.6366],[12.20754,50.63994],[12.1982,50.64131],[12.19969,50.63293],[12.18819,50.62312],[12.19212,50.61933],[12.19075,50.61442],[12.18277,50.61211],[12.17472,50.61451],[12.17814,50.61865],[12.17351,50.6213],[12.17597,50.62451],[12.17044,50.62923],[12.16524,50.62793],[12.16329,50.63002],[12.15364,50.6305],[12.14989,50.6288],[12.14571,50.62143],[12.15083,50.6156],[12.14523,50.60974],[12.14722,50.6061],[12.1149,50.59698],[12.11015,50.58872],[12.12472,50.58442],[12.13265,50.58774],[12.12637,50.584],[12.13519,50.58213],[12.14483,50.58574],[12.1516,50.58345],[12.15609,50.58558],[12.16067,50.58005],[12.15602,50.57349],[12.12765,50.57413],[12.12279,50.56754],[12.11577,50.56695],[12.10152,50.57894],[12.08359,50.57857],[12.07812,50.57659],[12.07914,50.56926],[12.07467,50.56683],[12.07697,50.55926],[12.07269,50.55512],[12.06549,50.55582],[12.06032,50.55217],[12.05738,50.55312],[12.05207,50.55096],[12.04922,50.55322],[12.04122,50.55354],[12.03027,50.5494],[12.03365,50.55321],[12.02835,50.55386],[12.0322,50.555],[12.03099,50.55778],[12.01754,50.56784],[12.03563,50.58137],[12.03111,50.5819],[12.03107,50.58423],[12.03614,50.59395],[12.03129,50.59821],[12.02097,50.59855],[12.00548,50.61202],[12.01244,50.6207],[12.02212,50.62554],[12.0104,50.63546],[12.00394,50.63483],[12.00089,50.63322],[12.00338,50.63019],[11.99872,50.62714],[11.97927,50.62141],[11.98878,50.61073],[11.98675,50.60948],[11.9662,50.59983],[11.95997,50.60445],[11.94972,50.5939],[11.93596,50.58744],[11.92357,50.58571],[11.93368,50.56852],[11.92315,50.56078],[11.92245,50.55764],[11.92694,50.55808],[11.92601,50.55684],[11.92046,50.55555],[11.91771,50.56066],[11.91393,50.55507],[11.90665,50.55589],[11.90132,50.55332],[11.88521,50.55194],[11.87146,50.53982]]]]}},{"type":"Feature","id":"15","bbox":[10.56123,50.93803,13.18707,53.04171],"properties":{"id":"15","name":"Sachsen-Anhalt","typ":"Land","bundeslandAlt":"Sachsen-Anhalt","quelle":"VG250"},"geometry":{"type":"MultiPolygon","coordinates":[[[[10.56123,52.00407],[10.58678,51.98273],[10.58569,51.97623],[10.59606,51.975],[10.60623,51.97729],[10.60624,51.96867],[10.61962,51.96694],[10.61994,51.95768],[10.63538,51.95907],[10.6417,51.96263],[10.6513,51.95756],[10.64755,51.95362],[10.63317,51.94868],[10.62248,51.94754],[10.62114,51.94339],[10.61326,51.93947],[10.61811,51.93148],[10.61331,51.92152],[10.64042,51.91472],[10.64889,51.90717],[10.65044,51.8913],[10.63233,51.87216],[10.61635,51.86984],[10.60262,51.85455],[10.58447,51.85306],[10.5791,51.84826],[10.57697,51.84299],[10.58527,51.84007],[10.58843,51.83579],[10.57874,51.82865],[10.57784,51.81577],[10.57417,51.81113],[10.58392,51.79882],[10.58509,51.78763],[10.58044,51.78275],[10.58152,51.78001],[10.59302,51.76766],[10.60595,51.76244],[10.6261,51.75902],[10.63127,51.75147],[10.63171,51.73953],[10.64287,51.73028],[10.64202,51.72529],[10.64934,51.71855],[10.65656,51.71811],[10.66831,51.70991],[10.67262,51.69697],[10.66755,51.69668],[10.66306,51.69121],[10.66736,51.68481],[10.67051,51.66691],[10.68288,51.66062],[10.69601,51.64299],[10.70912,51.6407],[10.72625,51.64489],[10.73709,51.64507],[10.74937,51.64033],[10.75612,51.64175],[10.75568,51.64506],[10.76451,51.64901],[10.7713,51.6446],[10.78542,51.64188],[10.81822,51.63903],[10.82257,51.62354],[10.83373,51.63069],[10.85862,51.6329],[10.8795,51.61804],[10.88323,51.61769],[10.8866,51.61211],[10.90153,51.61187],[10.92201,51.61845],[10.92096,51.61365],[10.91409,51.61016],[10.93706,51.60349],[10.93054,51.59168],[10.90717,51.59496],[10.90333,51.59383],[10.89642,51.59684],[10.89448,51.60183],[10.89385,51.59864],[10.88883,51.5964],[10.88205,51.58051],[10.89386,51.57638],[10.89491,51.56755],[10.90025,51.56442],[10.89519,51.55704],[10.9005,51.55065],[10.90447,51.54964],[10.91119,51.55563],[10.91606,51.54739],[10.94,51.54192],[10.94797,51.53757],[10.94784,51.53335],[10.93975,51.5356],[10.93515,51.53322],[10.93285,51.52152],[10.92821,51.52235],[10.92734,51.52085],[10.93375,51.51922],[10.93135,51.51813],[10.93466,51.51777],[10.93624,51.51152],[10.94509,51.50619],[10.94524,51.50373],[10.93972,51.50073],[10.94663,51.49901],[10.94865,51.50163],[10.95376,51.49815],[10.95208,51.49542],[10.97294,51.48196],[10.96082,51.47122],[10.96299,51.46039],[10.9697,51.45894],[10.96829,51.45442],[10.9727,51.45367],[10.96672,51.44552],[10.97093,51.44203],[10.96673,51.43235],[10.97968,51.43192],[10.97811,51.42689],[10.98947,51.42578],[11.00792,51.42927],[11.01024,51.42397],[10.99999,51.42322],[10.99203,51.41785],[11.00527,51.4168],[11.01875,51.41705],[11.02356,51.41826],[11.02524,51.42139],[11.03541,51.42193],[11.04023,51.42459],[11.04985,51.4202],[11.04535,51.42547],[11.05184,51.42953],[11.05693,51.42748],[11.06139,51.42979],[11.07148,51.42863],[11.0952,51.41898],[11.10347,51.41926],[11.102,51.41691],[11.11656,51.41569],[11.11639,51.411],[11.12757,51.41325],[11.12566,51.40812],[11.13111,51.40853],[11.13228,51.40447],[11.13505,51.40634],[11.14175,51.40263],[11.14863,51.40398],[11.15293,51.40164],[11.17193,51.40624],[11.18341,51.4059],[11.1836,51.40287],[11.19241,51.40288],[11.19686,51.40803],[11.20214,51.40567],[11.20772,51.40667],[11.20954,51.41174],[11.22388,51.41319],[11.23091,51.40833],[11.23017,51.40574],[11.2479,51.40542],[11.24412,51.39695],[11.24851,51.39513],[11.25277,51.40065],[11.27432,51.40075],[11.27525,51.40484],[11.28498,51.40221],[11.30687,51.40563],[11.32126,51.41037],[11.32905,51.40002],[11.3308,51.39027],[11.34054,51.39242],[11.34767,51.38456],[11.35039,51.38811],[11.35743,51.38977],[11.36174,51.38306],[11.36536,51.38308],[11.3684,51.38778],[11.37012,51.38508],[11.37832,51.38724],[11.39325,51.3839],[11.39761,51.37715],[11.39594,51.37293],[11.39115,51.37255],[11.38984,51.36799],[11.39283,51.36526],[11.39297,51.3541],[11.39694,51.34961],[11.40098,51.34944],[11.39944,51.34484],[11.40899,51.34008],[11.41204,51.34249],[11.42881,51.34283],[11.4263,51.33622],[11.41359,51.33313],[11.42805,51.32791],[11.42576,51.32729],[11.42783,51.32458],[11.43479,51.32205],[11.43424,51.32042],[11.44741,51.31606],[11.44599,51.31196],[11.44978,51.31378],[11.47523,51.29805],[11.47258,51.29788],[11.47386,51.29457],[11.46779,51.28839],[11.45988,51.29405],[11.45233,51.27999],[11.45611,51.2772],[11.44678,51.27112],[11.44174,51.27331],[11.43703,51.26865],[11.44128,51.26696],[11.43952,51.26338],[11.42929,51.25468],[11.42578,51.2556],[11.42181,51.25324],[11.41997,51.24636],[11.41263,51.24106],[11.40157,51.23627],[11.3978,51.23674],[11.40061,51.24291],[11.38457,51.24564],[11.37638,51.2394],[11.37645,51.23407],[11.3691,51.23061],[11.36483,51.22136],[11.38982,51.21752],[11.39106,51.21057],[11.38798,51.20887],[11.39142,51.20353],[11.39936,51.20637],[11.40589,51.2027],[11.40807,51.20369],[11.40533,51.2074],[11.43095,51.21248],[11.44605,51.20814],[11.44505,51.20449],[11.4524,51.19248],[11.45584,51.19538],[11.46857,51.19265],[11.47032,51.18386],[11.46724,51.18045],[11.4701,51.18031],[11.4714,51.17687],[11.47082,51.16984],[11.48555,51.16802],[11.48526,51.16559],[11.47495,51.16583],[11.47256,51.16092],[11.47928,51.15878],[11.47193,51.14818],[11.451,51.14667],[11.45865,51.13756],[11.45988,51.13016],[11.46283,51.13022],[11.46259,51.12687],[11.46545,51.12738],[11.46336,51.11276],[11.47893,51.10732],[11.48391,51.10786],[11.48522,51.10253],[11.51059,51.10297],[11.51208,51.10797],[11.54564,51.10245],[11.54782,51.1117],[11.55651,51.11126],[11.55521,51.10932],[11.55824,51.10895],[11.57166,51.11937],[11.6075,51.11161],[11.62004,51.10467],[11.61615,51.09796],[11.62021,51.09745],[11.62436,51.10448],[11.63499,51.10733],[11.63824,51.11112],[11.64708,51.1073],[11.66695,51.11079],[11.66654,51.10746],[11.67244,51.1029],[11.67531,51.10414],[11.68917,51.09859],[11.68922,51.10055],[11.69238,51.09985],[11.6934,51.09262],[11.70158,51.08582],[11.6976,51.08424],[11.70183,51.07842],[11.70081,51.0694],[11.70985,51.06814],[11.72117,51.07102],[11.72352,51.068],[11.7323,51.06842],[11.73715,51.06314],[11.75325,51.05699],[11.74553,51.05416],[11.7462,51.05195],[11.75132,51.05184],[11.75211,51.04862],[11.75975,51.04778],[11.75969,51.04286],[11.77209,51.04501],[11.77041,51.04918],[11.77463,51.05316],[11.78687,51.05263],[11.7874,51.05011],[11.7971,51.05041],[11.80389,51.04721],[11.81715,51.04787],[11.83389,51.05226],[11.85226,51.05186],[11.86026,51.05476],[11.8631,51.05115],[11.87474,51.05706],[11.88881,51.05584],[11.89666,51.05047],[11.89467,51.04714],[11.89745,51.0453],[11.91087,51.04502],[11.91073,51.04161],[11.91539,51.03794],[11.9119,51.02818],[11.92146,51.02629],[11.94307,51.03244],[11.95831,51.02104],[11.96069,51.02019],[11.96274,51.02218],[11.96523,51.01834],[11.97714,51.01645],[11.98031,51.01235],[11.9763,51.01224],[11.9747,51.00983],[11.97864,51.0037],[11.97577,50.99917],[11.96853,50.99916],[11.96987,50.99433],[11.97291,50.99434],[11.97424,50.99032],[11.9965,50.99316],[11.99934,50.98863],[12.00657,50.99102],[12.00867,50.98394],[12.01431,50.9839],[12.01719,50.97906],[12.01706,50.97657],[12.01066,50.97469],[12.01096,50.97],[12.01413,50.96867],[12.03748,50.97294],[12.05536,50.96861],[12.07265,50.97412],[12.09216,50.97653],[12.13499,50.96498],[12.13213,50.96126],[12.15005,50.96415],[12.15835,50.96313],[12.16353,50.9586],[12.16608,50.95904],[12.16321,50.96649],[12.18251,50.97587],[12.19798,50.95678],[12.21382,50.95844],[12.21535,50.95327],[12.21107,50.94957],[12.21458,50.93803],[12.23872,50.95153],[12.24167,50.96151],[12.23235,50.96135],[12.23637,50.96451],[12.23989,50.97568],[12.2477,50.98228],[12.26219,50.98916],[12.27789,51.0058],[12.28352,51.00644],[12.28193,51.01068],[12.29175,51.0187],[12.29391,51.03133],[12.28948,51.03045],[12.28705,51.03764],[12.28247,51.03775],[12.28058,51.04048],[12.27306,51.04063],[12.26456,51.03751],[12.25429,51.03916],[12.25027,51.03787],[12.25046,51.04447],[12.25679,51.04533],[12.25628,51.04925],[12.26221,51.04961],[12.25849,51.06614],[12.26931,51.07181],[12.2656,51.07698],[12.26751,51.07803],[12.27321,51.07506],[12.28828,51.08824],[12.2848,51.08882],[12.28031,51.09589],[12.27864,51.09497],[12.27857,51.09928],[12.26277,51.10029],[12.26137,51.09795],[12.25308,51.09727],[12.25254,51.09959],[12.24394,51.10023],[12.24115,51.10289],[12.23036,51.10361],[12.22144,51.10978],[12.22459,51.11932],[12.22056,51.12304],[12.22389,51.12355],[12.22549,51.12037],[12.22907,51.12023],[12.24164,51.1307],[12.23014,51.1362],[12.19619,51.14191],[12.19719,51.15913],[12.20167,51.16139],[12.20626,51.1713],[12.21157,51.17236],[12.21213,51.17518],[12.20849,51.17623],[12.21308,51.1835],[12.1934,51.18531],[12.17484,51.18133],[12.17374,51.19008],[12.18718,51.19146],[12.1856,51.19429],[12.1918,51.19573],[12.18959,51.20398],[12.20474,51.2142],[12.20343,51.21672],[12.19811,51.2167],[12.19559,51.22362],[12.19208,51.23693],[12.19949,51.23842],[12.19496,51.23877],[12.19315,51.2414],[12.18939,51.25762],[12.17374,51.25819],[12.17338,51.26605],[12.16624,51.26593],[12.17226,51.28568],[12.16975,51.28569],[12.16895,51.29376],[12.1574,51.29228],[12.15533,51.30123],[12.15763,51.30208],[12.14765,51.31997],[12.16478,51.32084],[12.16683,51.32681],[12.19435,51.33057],[12.19026,51.35136],[12.19053,51.35393],[12.19552,51.3544],[12.19608,51.3604],[12.18609,51.36213],[12.18563,51.36596],[12.19364,51.36927],[12.19288,51.37148],[12.18176,51.36851],[12.18277,51.37452],[12.1895,51.37551],[12.18996,51.37945],[12.17774,51.37517],[12.17471,51.37941],[12.17744,51.38048],[12.17214,51.38416],[12.18483,51.38758],[12.17814,51.38915],[12.17486,51.4003],[12.17775,51.40396],[12.17353,51.41026],[12.1832,51.41077],[12.18296,51.41411],[12.18656,51.41425],[12.18982,51.42085],[12.18586,51.42079],[12.18248,51.43238],[12.17103,51.43423],[12.16955,51.43031],[12.15721,51.43271],[12.15763,51.4443],[12.15422,51.44439],[12.15432,51.44604],[12.15839,51.44598],[12.15826,51.45124],[12.15314,51.45246],[12.15304,51.45754],[12.14867,51.45949],[12.14891,51.46311],[12.17552,51.46968],[12.17571,51.48222],[12.20308,51.48514],[12.201,51.49029],[12.20702,51.49206],[12.20486,51.49783],[12.20833,51.4981],[12.2079,51.50259],[12.19735,51.50286],[12.19635,51.50673],[12.1904,51.50777],[12.19384,51.5084],[12.19277,51.5313],[12.20194,51.53133],[12.20147,51.53457],[12.20717,51.53525],[12.21013,51.54192],[12.22217,51.54445],[12.21902,51.54651],[12.23135,51.54735],[12.23005,51.55283],[12.23605,51.55297],[12.2329,51.56113],[12.24321,51.56688],[12.2464,51.56635],[12.25048,51.55895],[12.25343,51.5606],[12.29318,51.56056],[12.29321,51.5649],[12.29722,51.56667],[12.3012,51.56536],[12.31326,51.5685],[12.32056,51.57467],[12.31938,51.57758],[12.34091,51.57981],[12.34362,51.58258],[12.33641,51.58478],[12.3375,51.58641],[12.34803,51.584],[12.34837,51.58665],[12.36768,51.58309],[12.3689,51.58501],[12.37451,51.58452],[12.36686,51.58801],[12.3816,51.58541],[12.39226,51.58563],[12.39178,51.58776],[12.41142,51.58201],[12.42542,51.58213],[12.42387,51.5881],[12.42733,51.5993],[12.43339,51.59762],[12.43682,51.59931],[12.43816,51.60247],[12.43331,51.60583],[12.43839,51.60517],[12.44396,51.60987],[12.46058,51.60326],[12.47112,51.60519],[12.48637,51.60428],[12.48719,51.60101],[12.47714,51.59628],[12.48299,51.59318],[12.4901,51.5982],[12.49746,51.59656],[12.49766,51.60299],[12.49502,51.60413],[12.50354,51.60455],[12.50701,51.60846],[12.51576,51.60579],[12.53448,51.60609],[12.53747,51.60247],[12.54145,51.6025],[12.54464,51.60371],[12.54171,51.60744],[12.55998,51.60852],[12.56283,51.61376],[12.57027,51.61688],[12.5747,51.61543],[12.58026,51.62607],[12.58594,51.62549],[12.5864,51.62237],[12.59128,51.62249],[12.59186,51.61836],[12.59549,51.61838],[12.60453,51.62625],[12.62417,51.62798],[12.62923,51.62524],[12.62393,51.62182],[12.62236,51.61645],[12.61198,51.61426],[12.60833,51.6106],[12.62277,51.61564],[12.64911,51.62045],[12.64873,51.62505],[12.65789,51.63032],[12.66585,51.6316],[12.66652,51.64223],[12.67702,51.64984],[12.67869,51.65624],[12.68668,51.66199],[12.71684,51.66131],[12.73101,51.65633],[12.74016,51.65555],[12.74994,51.65006],[12.76009,51.64969],[12.76461,51.64657],[12.77271,51.64751],[12.79253,51.6655],[12.81774,51.6704],[12.83181,51.67602],[12.82788,51.68225],[12.8419,51.68222],[12.84386,51.68497],[12.85903,51.67619],[12.85678,51.6727],[12.86223,51.67378],[12.86087,51.66471],[12.86652,51.66396],[12.86386,51.66151],[12.86579,51.65503],[12.88039,51.65906],[12.88919,51.66688],[12.89517,51.66377],[12.89081,51.65397],[12.89752,51.64743],[12.91341,51.64412],[12.91523,51.64846],[12.92811,51.64957],[12.93598,51.64578],[12.94216,51.63801],[12.95236,51.64359],[12.94953,51.64943],[12.95826,51.65128],[12.9715,51.65025],[12.96682,51.66566],[12.97942,51.6632],[12.98176,51.66487],[12.9772,51.66636],[12.9778,51.66825],[12.99629,51.66925],[13.00143,51.66756],[13.00525,51.66186],[13.01157,51.66455],[13.01719,51.65963],[13.02047,51.65339],[13.01786,51.64435],[13.02347,51.6373],[13.15453,51.68671],[13.15508,51.68907],[13.16246,51.69182],[13.15614,51.69473],[13.16126,51.69499],[13.1551,51.71079],[13.16173,51.71297],[13.17011,51.70809],[13.17122,51.71253],[13.16638,51.71789],[13.16869,51.71867],[13.18707,51.71562],[13.18427,51.71991],[13.1865,51.72211],[13.17954,51.73117],[13.16715,51.73538],[13.16842,51.7387],[13.16413,51.74189],[13.16075,51.73987],[13.15401,51.74425],[13.15833,51.75096],[13.16271,51.75054],[13.16329,51.75494],[13.14985,51.75927],[13.15583,51.76457],[13.14748,51.76664],[13.1598,51.77459],[13.16004,51.78393],[13.16871,51.78277],[13.1701,51.78702],[13.15799,51.78845],[13.16269,51.79307],[13.15847,51.79761],[13.1607,51.79718],[13.16301,51.80202],[13.15368,51.81491],[13.14753,51.81794],[13.14852,51.82054],[13.14209,51.82065],[13.13914,51.82469],[13.14216,51.82859],[13.13555,51.8328],[13.12354,51.85459],[13.12348,51.85782],[13.15091,51.85961],[13.1496,51.87233],[13.14223,51.87256],[13.13895,51.87951],[13.13203,51.87955],[13.13234,51.88249],[13.11908,51.88283],[13.11899,51.87654],[13.11361,51.87659],[13.11356,51.8749],[13.09624,51.87288],[13.08501,51.87402],[13.08055,51.86748],[13.03924,51.87091],[13.02916,51.88104],[13.03729,51.88026],[13.03757,51.89088],[13.04854,51.89186],[13.04541,51.90052],[13.02277,51.90323],[13.02178,51.89685],[13.00986,51.90278],[12.98608,51.90411],[12.97266,51.90088],[12.97654,51.91986],[12.95597,51.92266],[12.96057,51.93491],[12.93568,51.93615],[12.91837,51.93936],[12.91746,51.93269],[12.89042,51.92838],[12.88817,51.93477],[12.85273,51.93501],[12.85025,51.9587],[12.84415,51.96773],[12.81127,51.96257],[12.77761,51.96459],[12.77433,51.97836],[12.75925,51.98218],[12.75548,51.98639],[12.74344,51.98905],[12.72964,51.98896],[12.71167,51.99727],[12.71194,51.99987],[12.69792,52.00298],[12.68252,52.00332],[12.67566,52.00693],[12.6727,52.01185],[12.66726,52.01323],[12.6565,52.01294],[12.6486,52.00831],[12.64475,51.99438],[12.6144,51.99172],[12.61516,51.98228],[12.60302,51.98109],[12.53939,51.98489],[12.53631,52.00288],[12.49883,52.00892],[12.48496,52.01715],[12.48062,52.03334],[12.46076,52.03472],[12.45302,52.02605],[12.45,52.01621],[12.43023,52.01831],[12.4202,52.02652],[12.40929,52.02907],[12.39822,52.03565],[12.3896,52.04357],[12.35978,52.0465],[12.34809,52.0593],[12.32903,52.06963],[12.31582,52.09237],[12.30014,52.09622],[12.29224,52.10138],[12.27672,52.10402],[12.26511,52.13066],[12.24532,52.13873],[12.2313,52.15495],[12.234,52.16279],[12.22047,52.16667],[12.21678,52.17007],[12.22859,52.18598],[12.24156,52.18198],[12.24829,52.18422],[12.2418,52.19428],[12.25368,52.20565],[12.24525,52.20739],[12.24892,52.21174],[12.26026,52.21645],[12.26767,52.21451],[12.27883,52.21704],[12.2942,52.22967],[12.28862,52.22922],[12.28378,52.23451],[12.26453,52.23355],[12.26175,52.2361],[12.26424,52.23689],[12.27526,52.23627],[12.27068,52.24172],[12.25801,52.24315],[12.26154,52.24609],[12.24465,52.24844],[12.25467,52.26189],[12.2511,52.26423],[12.25108,52.27243],[12.26277,52.29507],[12.28153,52.31842],[12.29006,52.323],[12.30813,52.3447],[12.29775,52.3508],[12.29798,52.35328],[12.28381,52.36425],[12.28609,52.36888],[12.30065,52.37109],[12.30599,52.37743],[12.29427,52.38142],[12.29181,52.38614],[12.29537,52.39242],[12.30329,52.39755],[12.30233,52.40501],[12.2994,52.40911],[12.29234,52.40754],[12.27484,52.41227],[12.27447,52.41606],[12.29699,52.42378],[12.28925,52.43069],[12.30268,52.43449],[12.30229,52.43881],[12.30757,52.44431],[12.30325,52.44596],[12.30434,52.4505],[12.31668,52.45238],[12.31508,52.46046],[12.32512,52.46423],[12.32526,52.47209],[12.33078,52.47856],[12.32746,52.47949],[12.31634,52.47514],[12.30873,52.47898],[12.30936,52.48626],[12.31587,52.49059],[12.32767,52.49141],[12.33038,52.49637],[12.32076,52.49551],[12.31069,52.49087],[12.29714,52.49614],[12.29437,52.49246],[12.2853,52.4926],[12.27844,52.48718],[12.27145,52.48748],[12.27001,52.49367],[12.26245,52.49547],[12.27008,52.501],[12.25992,52.50423],[12.25822,52.51789],[12.24677,52.51886],[12.24498,52.52152],[12.23556,52.52378],[12.23105,52.52188],[12.23164,52.51623],[12.224,52.51153],[12.22776,52.50595],[12.22168,52.50067],[12.21746,52.50021],[12.2115,52.50313],[12.20397,52.49788],[12.19058,52.49887],[12.1847,52.49578],[12.17037,52.50697],[12.16729,52.51499],[12.18547,52.52702],[12.18869,52.53242],[12.1796,52.53366],[12.17389,52.53869],[12.1582,52.53422],[12.15464,52.5297],[12.14181,52.52839],[12.14349,52.53687],[12.14944,52.54055],[12.15931,52.56099],[12.18108,52.57518],[12.17673,52.5765],[12.17338,52.58225],[12.1734,52.5996],[12.17657,52.60647],[12.17029,52.6077],[12.17557,52.61733],[12.16913,52.61675],[12.17197,52.62595],[12.20354,52.61875],[12.21265,52.6251],[12.23687,52.62888],[12.23085,52.62976],[12.231,52.63989],[12.23668,52.64098],[12.23789,52.64556],[12.23252,52.65361],[12.23551,52.65445],[12.23379,52.65967],[12.23794,52.6625],[12.23458,52.66436],[12.2393,52.66582],[12.23935,52.67174],[12.23538,52.68036],[12.22681,52.6838],[12.23288,52.68904],[12.22277,52.68845],[12.22088,52.69044],[12.21754,52.69982],[12.22419,52.70279],[12.20392,52.71335],[12.21018,52.71547],[12.20984,52.71762],[12.2048,52.71982],[12.19986,52.7172],[12.19755,52.71838],[12.20471,52.72497],[12.20277,52.72599],[12.20596,52.72651],[12.20129,52.729],[12.20936,52.73204],[12.20944,52.7352],[12.22055,52.73648],[12.22317,52.73975],[12.21842,52.74353],[12.22129,52.74522],[12.21945,52.75091],[12.20916,52.75318],[12.20596,52.76091],[12.20838,52.76367],[12.21487,52.764],[12.21185,52.76602],[12.21313,52.77361],[12.22351,52.7757],[12.22356,52.78705],[12.2208,52.78974],[12.23053,52.78981],[12.24389,52.78653],[12.2492,52.79186],[12.24772,52.79652],[12.25558,52.7986],[12.25249,52.80373],[12.25754,52.80491],[12.24367,52.82069],[12.23726,52.83929],[12.23968,52.84368],[12.23188,52.85067],[12.23406,52.85938],[12.21739,52.86598],[12.21406,52.86167],[12.20996,52.86242],[12.20839,52.8665],[12.19995,52.87088],[12.19694,52.87798],[12.17219,52.8647],[12.12371,52.8538],[12.13312,52.86578],[12.12021,52.87551],[12.12262,52.8885],[12.12849,52.89265],[12.1246,52.89359],[12.11262,52.87573],[12.08138,52.87708],[12.08115,52.88248],[12.07648,52.8864],[12.06628,52.88373],[12.06754,52.88614],[12.06087,52.88817],[12.05547,52.88895],[12.04815,52.88591],[12.043,52.88885],[12.02923,52.88815],[12.02261,52.89037],[12.00612,52.88746],[12.00532,52.8818],[11.99048,52.88122],[11.98725,52.87673],[11.98155,52.87603],[11.96192,52.88099],[11.95944,52.87993],[11.94898,52.88768],[11.93225,52.89158],[11.89734,52.89336],[11.87151,52.90887],[11.834,52.91036],[11.82501,52.91577],[11.82309,52.92326],[11.82952,52.9306],[11.84793,52.94103],[11.84938,52.94726],[11.84603,52.9516],[11.8289,52.95727],[11.81112,52.9571],[11.7863,52.96096],[11.76419,52.98141],[11.74379,52.98854],[11.73202,52.98857],[11.70257,52.97781],[11.69024,52.97913],[11.68302,52.98616],[11.68406,52.99974],[11.67717,53.00814],[11.66774,53.00968],[11.64575,53.00538],[11.63327,53.00789],[11.62633,53.01265],[11.62703,53.02166],[11.64189,53.03406],[11.63937,53.03872],[11.62961,53.04171],[11.61855,53.04132],[11.59778,53.03593],[11.59642,53.03278],[11.56913,53.01855],[11.56375,53.01284],[11.55925,53.01308],[11.55209,53.00473],[11.56044,53.0038],[11.55642,52.99867],[11.54338,52.99945],[11.52643,53.00826],[11.51249,53.00744],[11.50643,52.99975],[11.49234,52.95966],[11.50503,52.94103],[11.49176,52.94163],[11.47006,52.93893],[11.45444,52.9334],[11.43289,52.91975],[11.42608,52.91992],[11.40658,52.9041],[11.39246,52.90168],[11.38478,52.90358],[11.38611,52.90234],[11.37469,52.90024],[11.35453,52.89036],[11.33718,52.88836],[11.33686,52.88636],[11.31425,52.87824],[11.29541,52.87491],[11.29421,52.88713],[11.29066,52.88913],[11.27657,52.88753],[11.26724,52.88014],[11.24113,52.87902],[11.23576,52.88861],[11.23063,52.89135],[11.21917,52.89268],[11.22065,52.89767],[11.15526,52.90621],[11.15467,52.90187],[11.13891,52.89834],[11.10641,52.89622],[11.09319,52.89947],[11.09868,52.91288],[11.07875,52.91296],[11.06587,52.90945],[11.03905,52.9134],[11.01308,52.90989],[11.00208,52.91148],[10.99257,52.90646],[10.99356,52.90353],[10.98905,52.89905],[10.9901,52.88819],[10.98551,52.88203],[10.97881,52.87815],[10.96808,52.87932],[10.9679,52.87572],[10.93963,52.85334],[10.91502,52.85318],[10.89567,52.85637],[10.89288,52.84798],[10.89062,52.8459],[10.88468,52.8458],[10.87684,52.84775],[10.87417,52.8527],[10.8661,52.85573],[10.85921,52.85334],[10.86037,52.85165],[10.84156,52.8522],[10.83477,52.84748],[10.80055,52.85029],[10.79615,52.84364],[10.76669,52.84219],[10.7647,52.84048],[10.77173,52.83395],[10.76399,52.83021],[10.76665,52.82619],[10.75695,52.81977],[10.76174,52.80273],[10.75532,52.78483],[10.77548,52.76236],[10.77621,52.75479],[10.78765,52.75297],[10.79167,52.7482],[10.78818,52.73317],[10.79328,52.72997],[10.7967,52.71433],[10.82446,52.71797],[10.8297,52.71614],[10.83616,52.7077],[10.83313,52.70094],[10.83751,52.69581],[10.84609,52.69014],[10.85968,52.67459],[10.87776,52.66383],[10.87903,52.656],[10.89687,52.64271],[10.90438,52.62747],[10.9131,52.6241],[10.91505,52.61763],[10.92503,52.6146],[10.92139,52.60987],[10.9271,52.60923],[10.94385,52.61506],[10.94561,52.62021],[10.96425,52.62585],[10.97697,52.62414],[10.97563,52.60682],[10.97165,52.60333],[10.95952,52.59989],[10.95326,52.59287],[10.93982,52.58957],[10.94744,52.58255],[10.94169,52.57974],[10.94144,52.57187],[10.93758,52.5674],[10.94304,52.56049],[10.94234,52.55595],[10.95899,52.53555],[11.00878,52.49675],[10.98226,52.49696],[10.97484,52.50136],[10.94999,52.49561],[10.94356,52.49235],[10.94098,52.4766],[10.93458,52.47617],[10.93375,52.46095],[10.94782,52.45395],[10.9488,52.44859],[10.95639,52.44475],[10.96226,52.43474],[10.98941,52.4203],[10.99463,52.41511],[10.99165,52.41333],[11.00558,52.40887],[11.0187,52.39704],[11.01516,52.38811],[11.02295,52.39264],[11.03421,52.38857],[11.0363,52.38521],[11.04187,52.38638],[11.039,52.38891],[11.04675,52.38787],[11.0545,52.38139],[11.06083,52.38021],[11.06654,52.3732],[11.06881,52.37652],[11.06985,52.37452],[11.07448,52.3744],[11.07374,52.3717],[11.067,52.36988],[11.06868,52.35548],[11.06381,52.35415],[11.06161,52.35745],[11.05747,52.35033],[11.04394,52.34934],[11.04405,52.34688],[11.04037,52.34733],[11.03736,52.34474],[11.03037,52.34591],[11.0236,52.34423],[11.02298,52.34743],[11.00234,52.34475],[10.99625,52.34212],[10.99255,52.34438],[10.98367,52.34169],[10.98791,52.33502],[11.00208,52.33659],[11.0048,52.33075],[10.99998,52.32971],[11.00108,52.32748],[11.01162,52.32824],[11.02023,52.31912],[11.03336,52.31004],[11.03602,52.3104],[11.03559,52.30341],[11.03922,52.30167],[11.02958,52.29736],[11.02184,52.2966],[11.01251,52.29132],[11.0138,52.28665],[11.02907,52.27012],[11.04294,52.27201],[11.05217,52.26736],[11.05113,52.2628],[11.05631,52.25873],[11.05237,52.25374],[11.05891,52.24065],[11.07327,52.24324],[11.08624,52.22863],[11.07886,52.22465],[11.07718,52.21868],[11.04488,52.21506],[11.03446,52.21031],[11.02945,52.21145],[11.02139,52.20498],[11.02458,52.2011],[11.01769,52.19825],[11.01365,52.19956],[11.01317,52.18588],[11.01924,52.17809],[11.03592,52.17173],[11.06034,52.17239],[11.06096,52.16482],[11.05462,52.16026],[11.06043,52.15347],[11.04504,52.14355],[11.04414,52.13367],[11.03778,52.13407],[11.02757,52.12936],[11.01747,52.12826],[11.00916,52.11993],[10.97688,52.10573],[10.96567,52.10712],[10.94216,52.10309],[10.942,52.09436],[10.95847,52.08798],[10.9671,52.08838],[10.97065,52.08626],[10.97305,52.07312],[10.96441,52.05664],[10.93596,52.05971],[10.88116,52.05932],[10.87218,52.05796],[10.85504,52.0509],[10.82871,52.04775],[10.80149,52.048],[10.78283,52.05046],[10.76024,52.04611],[10.75735,52.04826],[10.72211,52.04966],[10.68739,52.04814],[10.64789,52.04172],[10.65686,52.02852],[10.65549,52.02469],[10.64222,52.02292],[10.63897,52.01533],[10.62144,52.01033],[10.62602,52.0082],[10.6119,52.01005],[10.60019,52.00717],[10.60048,52.00974],[10.5958,52.01008],[10.5966,52.01437],[10.59228,52.0142],[10.5916,52.01134],[10.57297,52.01045],[10.57474,52.00636],[10.56123,52.00407]],[[12.21683,52.86075],[12.21712,52.86199],[12.21817,52.86245],[12.22132,52.86381],[12.22231,52.86255],[12.21908,52.86086],[12.21759,52.86013],[12.21732,52.86045],[12.21683,52.86075]]],[[[11.43939,51.19977],[11.43952,51.19879],[11.43967,51.19767],[11.44395,51.19736],[11.44538,51.19399],[11.44677,51.1945],[11.44735,51.19625],[11.4473,51.19648],[11.44661,51.19888],[11.44301,51.19932],[11.44202,51.19976],[11.44146,51.19976],[11.44027,51.19976],[11.43983,51.19976],[11.43939,51.19977]]]]}},{"type":"Feature","id":"16","bbox":[9.87698,50.20482,12.65412,51.64901],"properties":{"id":"16","name":"Thüringen","typ":"Freistaat","bundeslandAlt":"Thüringen","quelle":"VG250"},"geometry":{"type":"MultiPolygon","coordinates":[[[[9.87698,50.64174],[9.87855,50.63478],[9.88157,50.63403],[9.89972,50.63712],[9.90611,50.64038],[9.91038,50.63635],[9.9221,50.63451],[9.92693,50.62981],[9.94593,50.62683],[9.96072,50.62948],[9.96025,50.63551],[9.9689,50.64126],[9.94971,50.65587],[9.95088,50.66032],[9.94758,50.6623],[9.95148,50.66593],[9.96069,50.66844],[9.96303,50.66654],[9.9736,50.66595],[9.97468,50.66869],[9.98954,50.67459],[10.00199,50.6766],[10.01991,50.67313],[10.03337,50.67554],[10.05105,50.6729],[10.06999,50.65588],[10.07858,50.63469],[10.08296,50.63371],[10.08105,50.62002],[10.07226,50.61963],[10.06722,50.62415],[10.0575,50.62612],[10.04547,50.62122],[10.04777,50.61946],[10.03719,50.61293],[10.04027,50.60451],[10.0488,50.59862],[10.04981,50.58472],[10.04626,50.58148],[10.04636,50.57125],[10.05247,50.56111],[10.06183,50.55669],[10.04722,50.54552],[10.0479,50.53945],[10.03969,50.53259],[10.04134,50.51647],[10.05196,50.51925],[10.06652,50.52897],[10.07183,50.52767],[10.07274,50.52902],[10.06849,50.52994],[10.07005,50.53542],[10.07627,50.54089],[10.08984,50.54481],[10.09427,50.54849],[10.09404,50.5536],[10.09851,50.55216],[10.09946,50.55821],[10.10709,50.56373],[10.11941,50.56422],[10.12622,50.56135],[10.12664,50.55843],[10.12277,50.55845],[10.12071,50.55586],[10.14037,50.54285],[10.14686,50.54315],[10.15027,50.55189],[10.15287,50.5493],[10.15957,50.54979],[10.17544,50.54292],[10.17789,50.55168],[10.1926,50.55482],[10.20387,50.5547],[10.20418,50.54605],[10.20833,50.54063],[10.22164,50.53872],[10.22483,50.53038],[10.23197,50.53109],[10.22579,50.51872],[10.23083,50.5118],[10.24074,50.51253],[10.24367,50.51502],[10.24431,50.51279],[10.25139,50.51118],[10.25622,50.51281],[10.26769,50.50419],[10.2746,50.50587],[10.29161,50.49634],[10.30657,50.49208],[10.3089,50.49391],[10.31789,50.49248],[10.33058,50.49428],[10.33267,50.48709],[10.34141,50.483],[10.33615,50.4659],[10.34819,50.46256],[10.35226,50.45643],[10.35673,50.45519],[10.36727,50.43877],[10.37625,50.44066],[10.38133,50.43885],[10.37238,50.43714],[10.37071,50.43176],[10.39246,50.43034],[10.39283,50.42694],[10.40383,50.42478],[10.39006,50.40994],[10.38392,50.40862],[10.38448,50.40285],[10.39449,50.39365],[10.3965,50.39693],[10.40596,50.3954],[10.40611,50.39368],[10.41396,50.39525],[10.42374,50.39253],[10.4379,50.39548],[10.43798,50.40118],[10.4495,50.40305],[10.45326,50.40146],[10.45556,50.39641],[10.45303,50.39292],[10.45959,50.38773],[10.4585,50.38319],[10.46366,50.37601],[10.46709,50.37759],[10.47348,50.37251],[10.48728,50.37528],[10.49056,50.36879],[10.49444,50.36944],[10.49285,50.36215],[10.48599,50.36305],[10.49241,50.35506],[10.49904,50.35771],[10.50328,50.35318],[10.51248,50.35981],[10.51462,50.3499],[10.51841,50.35421],[10.52363,50.35476],[10.52672,50.36145],[10.53038,50.36097],[10.53101,50.36511],[10.53499,50.36568],[10.53731,50.36268],[10.54441,50.36451],[10.55486,50.35466],[10.54976,50.34927],[10.55229,50.34452],[10.56179,50.3371],[10.57469,50.33669],[10.5834,50.33239],[10.60055,50.33369],[10.59232,50.31718],[10.59469,50.31331],[10.59236,50.30808],[10.59635,50.30667],[10.60532,50.29354],[10.59753,50.28919],[10.59817,50.28419],[10.60155,50.28267],[10.59328,50.27797],[10.59104,50.27178],[10.59348,50.26955],[10.6073,50.27126],[10.60303,50.26999],[10.59783,50.26262],[10.60501,50.25905],[10.61131,50.24907],[10.60351,50.24572],[10.59711,50.24617],[10.60435,50.23972],[10.61205,50.22414],[10.63766,50.22327],[10.65896,50.23071],[10.66229,50.22665],[10.65748,50.22368],[10.66367,50.22154],[10.67173,50.22141],[10.68671,50.22591],[10.68764,50.21908],[10.69575,50.2118],[10.70897,50.21028],[10.71665,50.20482],[10.7244,50.2061],[10.73122,50.21265],[10.72624,50.24089],[10.72981,50.24488],[10.7265,50.24756],[10.73217,50.25184],[10.7482,50.24783],[10.74613,50.24378],[10.74982,50.24248],[10.76963,50.24084],[10.78437,50.24851],[10.78184,50.25128],[10.80056,50.25144],[10.80727,50.2402],[10.82405,50.23753],[10.84467,50.24316],[10.85195,50.2516],[10.85128,50.2648],[10.8454,50.2695],[10.84636,50.27509],[10.83593,50.27306],[10.82633,50.27795],[10.81147,50.27773],[10.8107,50.27968],[10.80392,50.27975],[10.80255,50.29198],[10.79421,50.29538],[10.77539,50.29469],[10.77073,50.29267],[10.74185,50.31591],[10.73693,50.31415],[10.72731,50.31863],[10.7218,50.31802],[10.7154,50.32118],[10.71439,50.32548],[10.715,50.33303],[10.7196,50.33317],[10.72815,50.33812],[10.72887,50.34794],[10.72019,50.34956],[10.7143,50.34635],[10.71246,50.35464],[10.71793,50.35554],[10.71527,50.36359],[10.73872,50.36287],[10.74942,50.35795],[10.75451,50.35817],[10.76051,50.36242],[10.76294,50.36972],[10.76588,50.37178],[10.77377,50.37197],[10.78588,50.38538],[10.79016,50.38223],[10.80425,50.37911],[10.81089,50.38412],[10.8168,50.38602],[10.81997,50.38489],[10.83044,50.39262],[10.86184,50.38767],[10.86628,50.38928],[10.86774,50.39427],[10.87624,50.39653],[10.87798,50.39323],[10.88719,50.39257],[10.88487,50.3885],[10.89312,50.38032],[10.89885,50.38471],[10.90942,50.38719],[10.91142,50.38572],[10.93022,50.39203],[10.93763,50.39191],[10.94995,50.38347],[10.94844,50.38175],[10.95968,50.37531],[10.96179,50.37759],[10.96305,50.37247],[10.95666,50.36848],[10.96162,50.36772],[10.98578,50.34732],[10.99295,50.34903],[10.99637,50.34672],[10.99952,50.35197],[10.99415,50.35347],[10.99349,50.36547],[11.00804,50.3652],[11.01789,50.3612],[11.03342,50.36136],[11.03623,50.35869],[11.0317,50.35513],[11.0435,50.35223],[11.03241,50.3515],[11.03686,50.34521],[11.04115,50.34667],[11.04299,50.34472],[11.06412,50.34921],[11.07357,50.35365],[11.08575,50.35203],[11.08195,50.3539],[11.08974,50.36589],[11.1153,50.36701],[11.11929,50.35929],[11.11405,50.35253],[11.1168,50.34933],[11.12169,50.349],[11.12668,50.35618],[11.13911,50.35351],[11.13611,50.34967],[11.1592,50.33039],[11.15818,50.32378],[11.13846,50.31643],[11.13175,50.30809],[11.13316,50.30018],[11.13766,50.29972],[11.13973,50.29296],[11.1432,50.29338],[11.14156,50.28919],[11.14592,50.28496],[11.15148,50.28599],[11.15377,50.28354],[11.15848,50.2892],[11.1655,50.28234],[11.17184,50.28355],[11.18371,50.2809],[11.17397,50.27128],[11.18714,50.26956],[11.19134,50.27407],[11.19007,50.28145],[11.19785,50.29186],[11.21608,50.28418],[11.21445,50.28093],[11.21887,50.28136],[11.22434,50.27732],[11.23558,50.27531],[11.24755,50.26776],[11.2523,50.26902],[11.25978,50.27495],[11.25741,50.28424],[11.26024,50.28709],[11.25182,50.29346],[11.25199,50.29926],[11.2605,50.30009],[11.27034,50.30675],[11.25647,50.32227],[11.2625,50.32538],[11.26133,50.33791],[11.2771,50.33596],[11.26623,50.352],[11.26244,50.3524],[11.2778,50.35566],[11.28425,50.36031],[11.27914,50.36764],[11.28088,50.37145],[11.27608,50.38092],[11.27219,50.38542],[11.26433,50.38704],[11.26459,50.39135],[11.27087,50.3942],[11.25806,50.40004],[11.26884,50.41918],[11.26801,50.43221],[11.2632,50.44289],[11.24709,50.44892],[11.25489,50.45642],[11.24513,50.4708],[11.24712,50.4773],[11.25729,50.48182],[11.26643,50.4791],[11.27236,50.48268],[11.2788,50.48125],[11.27802,50.48336],[11.28911,50.48557],[11.29098,50.47526],[11.29617,50.48237],[11.3017,50.48502],[11.30094,50.48841],[11.31887,50.48902],[11.32314,50.49116],[11.32491,50.49839],[11.32136,50.50857],[11.34699,50.51161],[11.34304,50.51852],[11.34657,50.52154],[11.35776,50.51987],[11.36979,50.52324],[11.3794,50.52086],[11.38762,50.51565],[11.39309,50.52055],[11.40528,50.51618],[11.42389,50.51606],[11.42928,50.51223],[11.44095,50.49996],[11.43603,50.49218],[11.41881,50.49346],[11.42147,50.48638],[11.42647,50.48454],[11.41809,50.48186],[11.42048,50.47426],[11.4155,50.46785],[11.4236,50.46226],[11.41934,50.45424],[11.42063,50.44337],[11.44054,50.43862],[11.45125,50.43103],[11.44344,50.42082],[11.44619,50.4244],[11.45966,50.42864],[11.46315,50.43218],[11.47484,50.43167],[11.47511,50.43353],[11.48157,50.43162],[11.48055,50.42547],[11.48812,50.41584],[11.4793,50.40721],[11.47874,50.40122],[11.48985,50.39677],[11.4956,50.39954],[11.50302,50.39965],[11.50586,50.39651],[11.51891,50.39567],[11.51985,50.37427],[11.54619,50.38413],[11.55253,50.38264],[11.56006,50.38413],[11.57315,50.40012],[11.5814,50.399],[11.59431,50.4026],[11.6246,50.38687],[11.64949,50.39224],[11.67353,50.39439],[11.6839,50.39289],[11.69434,50.39579],[11.69789,50.40007],[11.70826,50.40394],[11.71472,50.39664],[11.71833,50.40006],[11.72712,50.40044],[11.74405,50.4105],[11.76156,50.40526],[11.76301,50.40706],[11.75117,50.41476],[11.75603,50.4158],[11.7726,50.41153],[11.78025,50.41875],[11.7872,50.41526],[11.79331,50.41834],[11.79735,50.41732],[11.81738,50.40059],[11.8255,50.40442],[11.82791,50.40014],[11.8184,50.39357],[11.82349,50.38967],[11.83194,50.3948],[11.83493,50.39338],[11.85235,50.40166],[11.85748,50.39941],[11.86581,50.40067],[11.8824,50.41459],[11.90612,50.4172],[11.90583,50.41969],[11.91043,50.42221],[11.92424,50.42635],[11.92687,50.43307],[11.91621,50.43306],[11.90816,50.43658],[11.90601,50.43426],[11.90384,50.43671],[11.89964,50.43525],[11.88851,50.44361],[11.89471,50.44405],[11.895,50.44946],[11.90494,50.45438],[11.90983,50.4529],[11.91903,50.45432],[11.92034,50.46005],[11.92766,50.45925],[11.9319,50.46422],[11.93629,50.45908],[11.9508,50.45407],[11.9518,50.45551],[11.94279,50.45958],[11.94839,50.46536],[11.94366,50.46445],[11.94106,50.46829],[11.944,50.47111],[11.9389,50.47],[11.93769,50.47169],[11.94295,50.47346],[11.94649,50.47936],[11.95923,50.47867],[11.96484,50.48486],[11.96035,50.49173],[11.95103,50.49589],[11.94381,50.50561],[11.93994,50.50299],[11.93398,50.50603],[11.93023,50.51294],[11.93097,50.52296],[11.92525,50.52632],[11.91892,50.52239],[11.91681,50.52539],[11.91846,50.51698],[11.89945,50.51606],[11.89408,50.51827],[11.88822,50.51668],[11.87146,50.53982],[11.88521,50.55194],[11.90132,50.55332],[11.90665,50.55589],[11.91393,50.55507],[11.91771,50.56066],[11.92046,50.55555],[11.92601,50.55684],[11.92694,50.55808],[11.92245,50.55764],[11.92315,50.56078],[11.93368,50.56852],[11.92357,50.58571],[11.93596,50.58744],[11.94972,50.5939],[11.95997,50.60445],[11.96231,50.60096],[11.96773,50.60013],[11.98878,50.61073],[11.97927,50.62141],[11.99872,50.62714],[12.00338,50.63019],[12.00089,50.63322],[12.00394,50.63483],[12.0104,50.63546],[12.02136,50.62723],[12.02007,50.62386],[12.00476,50.61382],[12.02097,50.59855],[12.03129,50.59821],[12.03614,50.59395],[12.03107,50.58423],[12.03111,50.5819],[12.03563,50.58137],[12.01754,50.56784],[12.03099,50.55778],[12.0322,50.555],[12.02835,50.55386],[12.03365,50.55321],[12.03027,50.5494],[12.04122,50.55354],[12.04922,50.55322],[12.05207,50.55096],[12.05738,50.55312],[12.06032,50.55217],[12.06549,50.55582],[12.07269,50.55512],[12.07664,50.55801],[12.07467,50.56683],[12.07914,50.56926],[12.07812,50.57659],[12.08359,50.57857],[12.10152,50.57894],[12.11577,50.56695],[12.12279,50.56754],[12.12765,50.57413],[12.15602,50.57349],[12.16067,50.58005],[12.15609,50.58558],[12.1516,50.58345],[12.14483,50.58574],[12.13519,50.58213],[12.12637,50.584],[12.13265,50.58774],[12.12472,50.58442],[12.11015,50.58872],[12.1149,50.59698],[12.14722,50.6061],[12.14523,50.60974],[12.15083,50.6156],[12.14571,50.62143],[12.14643,50.62598],[12.15364,50.6305],[12.16329,50.63002],[12.16524,50.62793],[12.17044,50.62923],[12.17597,50.62451],[12.17351,50.6213],[12.17814,50.61865],[12.17472,50.61451],[12.18277,50.61211],[12.19075,50.61442],[12.19212,50.61933],[12.18819,50.62312],[12.19969,50.63293],[12.1982,50.64131],[12.20754,50.63994],[12.20755,50.6366],[12.21724,50.63374],[12.21676,50.63146],[12.22645,50.62984],[12.23083,50.63263],[12.23281,50.62707],[12.24464,50.6333],[12.26552,50.63079],[12.26429,50.64339],[12.28132,50.64455],[12.27969,50.64778],[12.28962,50.64788],[12.29889,50.65168],[12.30354,50.66226],[12.31772,50.66336],[12.31423,50.66959],[12.32205,50.68143],[12.3189,50.684],[12.31481,50.68524],[12.30854,50.68261],[12.29939,50.68377],[12.29689,50.68654],[12.28363,50.68501],[12.27811,50.68778],[12.27476,50.68612],[12.26276,50.69528],[12.2649,50.7037],[12.25338,50.7157],[12.27343,50.7282],[12.26476,50.73755],[12.23791,50.73303],[12.23144,50.73821],[12.22698,50.73822],[12.23024,50.74351],[12.2267,50.74159],[12.22869,50.75745],[12.24069,50.76724],[12.26392,50.76046],[12.28405,50.77347],[12.29016,50.78343],[12.28764,50.78964],[12.26757,50.78733],[12.25315,50.78883],[12.25485,50.79506],[12.25018,50.7991],[12.25348,50.79951],[12.24284,50.80906],[12.25094,50.81501],[12.2505,50.81854],[12.25976,50.81145],[12.26734,50.81436],[12.26857,50.81232],[12.27504,50.81364],[12.27266,50.81639],[12.27698,50.81786],[12.27986,50.8097],[12.28607,50.81187],[12.28574,50.82031],[12.29113,50.82211],[12.28972,50.82397],[12.29271,50.82381],[12.29567,50.8169],[12.29978,50.81555],[12.30236,50.8172],[12.29591,50.82833],[12.29858,50.8299],[12.30695,50.81876],[12.32064,50.82163],[12.33388,50.82042],[12.33302,50.82204],[12.34758,50.82363],[12.34832,50.83753],[12.36231,50.8423],[12.36489,50.84654],[12.37486,50.84883],[12.37413,50.85325],[12.37839,50.85371],[12.37703,50.84905],[12.3868,50.85063],[12.40295,50.84923],[12.40612,50.85052],[12.40728,50.85698],[12.41299,50.85687],[12.41806,50.85541],[12.41159,50.84738],[12.42021,50.83959],[12.42933,50.84416],[12.43745,50.84242],[12.4425,50.84403],[12.44113,50.84939],[12.44825,50.85617],[12.44415,50.86258],[12.44836,50.86745],[12.46403,50.87013],[12.45925,50.88045],[12.48219,50.88868],[12.48024,50.89051],[12.48667,50.8939],[12.51112,50.8941],[12.51303,50.89611],[12.50786,50.90373],[12.52132,50.9076],[12.52526,50.90266],[12.53819,50.90069],[12.56023,50.90614],[12.57343,50.90108],[12.58474,50.90402],[12.59202,50.90267],[12.6062,50.90584],[12.6148,50.90481],[12.62006,50.90938],[12.62542,50.90575],[12.64012,50.90307],[12.64127,50.91142],[12.65412,50.91906],[12.65287,50.92368],[12.64166,50.92881],[12.64223,50.93317],[12.63763,50.9331],[12.63144,50.94015],[12.62436,50.93971],[12.62554,50.94223],[12.63011,50.9425],[12.62213,50.96343],[12.62129,50.97577],[12.61643,50.98528],[12.60731,50.99082],[12.60753,50.99673],[12.60169,50.99535],[12.60119,50.99273],[12.5916,50.99285],[12.58102,50.98924],[12.57929,50.98514],[12.58381,50.98183],[12.5772,50.98419],[12.57278,50.99024],[12.55576,50.99749],[12.53877,50.99638],[12.52835,50.99828],[12.52645,51.00149],[12.54018,51.00573],[12.53477,51.01563],[12.53885,51.02425],[12.53149,51.02543],[12.5189,51.02286],[12.51816,51.02735],[12.51437,51.02688],[12.51633,51.01822],[12.51284,51.01647],[12.50739,51.01728],[12.50933,51.02545],[12.51245,51.02642],[12.50289,51.0349],[12.50474,51.04489],[12.50193,51.05173],[12.50858,51.05306],[12.50446,51.06079],[12.49636,51.06625],[12.46947,51.06422],[12.46799,51.06784],[12.46291,51.0669],[12.45838,51.08455],[12.4531,51.08346],[12.45074,51.07731],[12.42098,51.07814],[12.4128,51.07582],[12.41045,51.07285],[12.39808,51.07852],[12.39296,51.08412],[12.38558,51.08349],[12.38472,51.08029],[12.37241,51.07747],[12.36103,51.0798],[12.35362,51.08461],[12.35658,51.09434],[12.3316,51.10378],[12.32203,51.09753],[12.32345,51.09548],[12.31847,51.09383],[12.30743,51.09451],[12.30483,51.09748],[12.29075,51.09098],[12.28355,51.09192],[12.28828,51.08824],[12.27321,51.07506],[12.26751,51.07803],[12.2656,51.07698],[12.26931,51.07181],[12.25849,51.06614],[12.26221,51.04961],[12.25628,51.04925],[12.25679,51.04533],[12.25046,51.04447],[12.25027,51.03787],[12.25429,51.03916],[12.26456,51.03751],[12.27306,51.04063],[12.28058,51.04048],[12.28247,51.03775],[12.28705,51.03764],[12.28948,51.03045],[12.29391,51.03133],[12.29175,51.0187],[12.28251,51.0117],[12.28352,51.00644],[12.27789,51.0058],[12.26219,50.98916],[12.2477,50.98228],[12.23989,50.97568],[12.23637,50.96451],[12.23235,50.96135],[12.24167,50.96151],[12.23872,50.95153],[12.21458,50.93803],[12.21107,50.94957],[12.21535,50.95327],[12.21382,50.95844],[12.19798,50.95678],[12.18251,50.97587],[12.16321,50.96649],[12.16608,50.95904],[12.16353,50.9586],[12.15835,50.96313],[12.15005,50.96415],[12.13213,50.96126],[12.13499,50.96498],[12.09216,50.97653],[12.07265,50.97412],[12.05536,50.96861],[12.03748,50.97294],[12.01413,50.96867],[12.01096,50.97],[12.01066,50.97469],[12.01706,50.97657],[12.01719,50.97906],[12.01431,50.9839],[12.00867,50.98394],[12.00657,50.99102],[11.99934,50.98863],[11.9965,50.99316],[11.97424,50.99032],[11.97291,50.99434],[11.96987,50.99433],[11.96853,50.99916],[11.97577,50.99917],[11.97864,51.0037],[11.9747,51.00983],[11.9763,51.01224],[11.98031,51.01235],[11.97714,51.01645],[11.96523,51.01834],[11.96274,51.02218],[11.96069,51.02019],[11.95831,51.02104],[11.94307,51.03244],[11.92146,51.02629],[11.9119,51.02818],[11.91539,51.03794],[11.91073,51.04161],[11.91087,51.04502],[11.89745,51.0453],[11.89467,51.04714],[11.89666,51.05047],[11.88881,51.05584],[11.87474,51.05706],[11.8631,51.05115],[11.86026,51.05476],[11.85226,51.05186],[11.83389,51.05226],[11.81715,51.04787],[11.80389,51.04721],[11.7971,51.05041],[11.7874,51.05011],[11.78687,51.05263],[11.77463,51.05316],[11.77041,51.04918],[11.77209,51.04501],[11.75969,51.04286],[11.75975,51.04778],[11.75211,51.04862],[11.75132,51.05184],[11.7462,51.05195],[11.74553,51.05416],[11.75325,51.05699],[11.73715,51.06314],[11.7323,51.06842],[11.72352,51.068],[11.72117,51.07102],[11.70985,51.06814],[11.70081,51.0694],[11.70183,51.07842],[11.6976,51.08424],[11.70158,51.08582],[11.6934,51.09262],[11.69238,51.09985],[11.68922,51.10055],[11.68917,51.09859],[11.67531,51.10414],[11.67244,51.1029],[11.66654,51.10746],[11.66695,51.11079],[11.64708,51.1073],[11.63824,51.11112],[11.63499,51.10733],[11.62436,51.10448],[11.62021,51.09745],[11.61615,51.09796],[11.62004,51.10467],[11.6075,51.11161],[11.57166,51.11937],[11.55824,51.10895],[11.55521,51.10932],[11.55651,51.11126],[11.54782,51.1117],[11.54564,51.10245],[11.51208,51.10797],[11.51059,51.10297],[11.48522,51.10253],[11.48391,51.10786],[11.47893,51.10732],[11.46336,51.11276],[11.46545,51.12738],[11.46259,51.12687],[11.46283,51.13022],[11.45988,51.13016],[11.45865,51.13756],[11.451,51.14667],[11.47193,51.14818],[11.47928,51.15878],[11.47256,51.16092],[11.47495,51.16583],[11.48526,51.16559],[11.48555,51.16802],[11.47082,51.16984],[11.4714,51.17687],[11.4701,51.18031],[11.46724,51.18045],[11.47032,51.18386],[11.46857,51.19265],[11.45584,51.19538],[11.4524,51.19248],[11.44505,51.20449],[11.44605,51.20814],[11.43095,51.21248],[11.40533,51.2074],[11.40807,51.20369],[11.40589,51.2027],[11.39936,51.20637],[11.39142,51.20353],[11.38798,51.20887],[11.39106,51.21057],[11.38982,51.21752],[11.36483,51.22136],[11.3691,51.23061],[11.37645,51.23407],[11.37638,51.2394],[11.38457,51.24564],[11.40061,51.24291],[11.3978,51.23674],[11.40157,51.23627],[11.41263,51.24106],[11.41997,51.24636],[11.42181,51.25324],[11.42578,51.2556],[11.42929,51.25468],[11.43952,51.26338],[11.44128,51.26696],[11.43703,51.26865],[11.44174,51.27331],[11.44678,51.27112],[11.45611,51.2772],[11.45233,51.27999],[11.45988,51.29405],[11.46779,51.28839],[11.47386,51.29457],[11.47258,51.29788],[11.47523,51.29805],[11.44978,51.31378],[11.44599,51.31196],[11.44741,51.31606],[11.43424,51.32042],[11.43479,51.32205],[11.42783,51.32458],[11.42576,51.32729],[11.42805,51.32791],[11.41359,51.33313],[11.4263,51.33622],[11.42881,51.34283],[11.41204,51.34249],[11.40899,51.34008],[11.39944,51.34484],[11.40098,51.34944],[11.39694,51.34961],[11.39297,51.3541],[11.39283,51.36526],[11.38984,51.36799],[11.39115,51.37255],[11.39594,51.37293],[11.39685,51.38133],[11.37832,51.38724],[11.37012,51.38508],[11.3684,51.38778],[11.36536,51.38308],[11.36174,51.38306],[11.35743,51.38977],[11.35039,51.38811],[11.34767,51.38456],[11.34054,51.39242],[11.3308,51.39027],[11.32905,51.40002],[11.32126,51.41037],[11.30687,51.40563],[11.28498,51.40221],[11.27525,51.40484],[11.27432,51.40075],[11.25277,51.40065],[11.24851,51.39513],[11.24412,51.39695],[11.2479,51.40542],[11.23017,51.40574],[11.23091,51.40833],[11.22388,51.41319],[11.20954,51.41174],[11.20772,51.40667],[11.20214,51.40567],[11.19686,51.40803],[11.19241,51.40288],[11.1836,51.40287],[11.18341,51.4059],[11.17689,51.40631],[11.15293,51.40164],[11.14863,51.40398],[11.14175,51.40263],[11.13505,51.40634],[11.13228,51.40447],[11.13111,51.40853],[11.12566,51.40812],[11.12757,51.41325],[11.11639,51.411],[11.11656,51.41569],[11.102,51.41691],[11.10347,51.41926],[11.0952,51.41898],[11.07148,51.42863],[11.06139,51.42979],[11.05693,51.42748],[11.05184,51.42953],[11.04604,51.42627],[11.04985,51.4202],[11.04023,51.42459],[11.03541,51.42193],[11.02524,51.42139],[11.02356,51.41826],[11.01875,51.41705],[10.99203,51.41785],[10.99999,51.42322],[11.01066,51.42532],[11.00792,51.42927],[10.98947,51.42578],[10.97811,51.42689],[10.97968,51.43192],[10.96673,51.43235],[10.97093,51.44203],[10.96672,51.44552],[10.9727,51.45367],[10.96829,51.45442],[10.9697,51.45894],[10.96299,51.46039],[10.96082,51.47122],[10.97294,51.48196],[10.95208,51.49542],[10.95376,51.49815],[10.94865,51.50163],[10.94663,51.49901],[10.93972,51.50073],[10.94524,51.50373],[10.94509,51.50619],[10.93624,51.51152],[10.93466,51.51777],[10.93135,51.51813],[10.93375,51.51922],[10.92734,51.52085],[10.92821,51.52235],[10.93285,51.52152],[10.93515,51.53322],[10.93975,51.5356],[10.94784,51.53335],[10.94797,51.53757],[10.94,51.54192],[10.91606,51.54739],[10.91119,51.55563],[10.90447,51.54964],[10.9005,51.55065],[10.89519,51.55704],[10.90025,51.56442],[10.89491,51.56755],[10.89386,51.57638],[10.88205,51.58051],[10.88883,51.5964],[10.89385,51.59864],[10.89448,51.60183],[10.89642,51.59684],[10.90333,51.59383],[10.90717,51.59496],[10.9295,51.59144],[10.93516,51.59725],[10.93651,51.60406],[10.91409,51.61016],[10.92096,51.61365],[10.92201,51.61845],[10.90153,51.61187],[10.8866,51.61211],[10.88323,51.61769],[10.8795,51.61804],[10.85862,51.6329],[10.83373,51.63069],[10.82257,51.62354],[10.81822,51.63903],[10.78542,51.64188],[10.7713,51.6446],[10.76451,51.64901],[10.75568,51.64506],[10.75612,51.64175],[10.74937,51.64033],[10.73709,51.64507],[10.72625,51.64489],[10.70912,51.6407],[10.70137,51.64219],[10.69869,51.63948],[10.67728,51.63838],[10.67584,51.63321],[10.68248,51.62892],[10.67294,51.6295],[10.63918,51.62115],[10.6393,51.61561],[10.649,51.60651],[10.6335,51.6079],[10.63308,51.59845],[10.63867,51.58412],[10.65836,51.5819],[10.66631,51.5781],[10.65838,51.56666],[10.66074,51.56075],[10.6568,51.5583],[10.64477,51.56002],[10.64552,51.56278],[10.63653,51.56223],[10.6266,51.56776],[10.62795,51.57206],[10.62164,51.57577],[10.60426,51.57958],[10.59933,51.57846],[10.58791,51.56759],[10.57737,51.56596],[10.57649,51.56268],[10.56999,51.56334],[10.56027,51.55707],[10.54546,51.55573],[10.53405,51.55936],[10.51897,51.55376],[10.50958,51.55679],[10.50784,51.56168],[10.50606,51.56347],[10.50349,51.56239],[10.4957,51.57279],[10.46704,51.58338],[10.46291,51.58212],[10.45097,51.58403],[10.44438,51.58966],[10.4292,51.59253],[10.4063,51.5865],[10.39781,51.58768],[10.39026,51.58605],[10.37733,51.58871],[10.37002,51.58754],[10.37879,51.57938],[10.379,51.56857],[10.37862,51.56271],[10.37413,51.55861],[10.36537,51.55589],[10.37218,51.55299],[10.36756,51.54866],[10.36766,51.54304],[10.34813,51.53217],[10.34228,51.5195],[10.31803,51.51398],[10.30882,51.51514],[10.29985,51.50495],[10.29967,51.4939],[10.29266,51.49252],[10.28443,51.49444],[10.27323,51.49139],[10.27276,51.48822],[10.24468,51.48374],[10.2437,51.47856],[10.23776,51.47746],[10.23317,51.47085],[10.22671,51.47381],[10.2244,51.47089],[10.22101,51.47191],[10.21695,51.47008],[10.21527,51.47715],[10.2182,51.47854],[10.21282,51.47866],[10.21437,51.48007],[10.20572,51.48724],[10.20198,51.48652],[10.19019,51.48066],[10.18388,51.47224],[10.17825,51.47002],[10.17913,51.46723],[10.18583,51.46508],[10.18601,51.46217],[10.1772,51.45744],[10.18019,51.45579],[10.17431,51.44626],[10.16762,51.44445],[10.15881,51.44675],[10.15582,51.44362],[10.15215,51.44714],[10.14,51.44261],[10.1411,51.43719],[10.15447,51.43153],[10.1504,51.42942],[10.14039,51.42972],[10.13175,51.43553],[10.13071,51.43359],[10.12111,51.43416],[10.11693,51.43023],[10.09084,51.43565],[10.08011,51.43456],[10.07958,51.42531],[10.07522,51.41952],[10.06911,51.41844],[10.06453,51.41982],[10.06562,51.425],[10.05969,51.42829],[10.05878,51.43489],[10.0468,51.43667],[10.05144,51.43032],[10.04284,51.42757],[10.03784,51.42],[10.00933,51.4206],[10.00761,51.411],[10.00078,51.40778],[10.00038,51.40366],[9.99402,51.40389],[9.9874,51.39792],[9.96594,51.39548],[9.95362,51.38906],[9.942,51.37843],[9.92834,51.3753],[9.92829,51.37236],[9.92546,51.37212],[9.92329,51.36804],[9.92547,51.35379],[9.93282,51.34604],[9.92994,51.33997],[9.94345,51.33451],[9.94412,51.32863],[9.94757,51.3264],[9.94904,51.31756],[9.93974,51.30696],[9.94716,51.30295],[9.96055,51.30477],[9.96985,51.30027],[9.97054,51.2947],[9.97642,51.2912],[9.97298,51.28435],[9.98345,51.28334],[9.99133,51.28656],[9.99726,51.28491],[10.00433,51.28698],[10.01035,51.28346],[10.02393,51.28203],[10.02999,51.27788],[10.04141,51.28039],[10.04929,51.27768],[10.05372,51.279],[10.05992,51.27587],[10.05745,51.26766],[10.04655,51.2645],[10.0471,51.2595],[10.05012,51.25872],[10.04697,51.25343],[10.04804,51.25205],[10.0543,51.25448],[10.06188,51.25256],[10.0676,51.2489],[10.06906,51.24376],[10.079,51.24278],[10.0708,51.23805],[10.06867,51.22656],[10.07643,51.22373],[10.09028,51.22667],[10.09351,51.22145],[10.10634,51.22161],[10.11317,51.21521],[10.12924,51.21914],[10.13626,51.21813],[10.1384,51.22014],[10.1454,51.21808],[10.14284,51.21722],[10.1438,51.21288],[10.14979,51.20619],[10.16844,51.21219],[10.18775,51.20423],[10.19703,51.19654],[10.19701,51.19206],[10.21125,51.19044],[10.21414,51.18704],[10.22019,51.18574],[10.2345,51.18752],[10.236,51.18477],[10.22985,51.17491],[10.20732,51.16492],[10.20776,51.15477],[10.20038,51.14993],[10.21069,51.14247],[10.20379,51.13566],[10.20575,51.12726],[10.21071,51.12596],[10.21072,51.12291],[10.20619,51.12211],[10.20935,51.11817],[10.19996,51.11297],[10.18945,51.11677],[10.18962,51.12198],[10.17921,51.12765],[10.17848,51.13076],[10.18524,51.13249],[10.1849,51.14112],[10.17745,51.14167],[10.17626,51.1473],[10.1681,51.15301],[10.15761,51.14801],[10.15261,51.14868],[10.1466,51.14455],[10.12573,51.14634],[10.12783,51.14376],[10.11832,51.13957],[10.12073,51.13693],[10.13082,51.13519],[10.13999,51.12471],[10.14623,51.12579],[10.14925,51.12036],[10.15379,51.11846],[10.1703,51.11894],[10.17463,51.11687],[10.17549,51.10691],[10.1721,51.10543],[10.1672,51.1081],[10.16042,51.10805],[10.1591,51.10523],[10.16568,51.0995],[10.15711,51.09632],[10.14469,51.08481],[10.14805,51.08371],[10.15104,51.07286],[10.15519,51.07042],[10.14426,51.066],[10.14702,51.0614],[10.1408,51.06041],[10.14059,51.05849],[10.14647,51.05507],[10.16022,51.05337],[10.17107,51.04918],[10.18467,51.04903],[10.18477,51.04569],[10.19885,51.04009],[10.20475,51.03479],[10.20293,51.03161],[10.21519,51.02642],[10.20856,51.01897],[10.19537,51.02094],[10.19262,51.01853],[10.19382,51.01599],[10.20121,51.0139],[10.2029,51.00811],[10.19695,51.00663],[10.19567,51.00206],[10.19223,51.00199],[10.19079,50.99907],[10.18127,50.99842],[10.17816,50.996],[10.17437,50.99857],[10.17104,50.99622],[10.16957,50.99852],[10.17328,51.00005],[10.16908,51.00193],[10.16584,50.99746],[10.14688,50.99382],[10.13156,50.9969],[10.12738,51.00148],[10.13308,51.00482],[10.12084,51.0117],[10.1083,51.00922],[10.10348,51.00337],[10.09427,51.00736],[10.07351,51.01137],[10.06567,51.00942],[10.05364,51.01315],[10.0364,51.01238],[10.02767,51.00646],[10.02828,51.00303],[10.0211,50.99389],[10.02382,50.98536],[10.01947,50.98071],[10.04095,50.96753],[10.03216,50.95964],[10.04204,50.95723],[10.04565,50.95032],[10.04305,50.94848],[10.04787,50.94612],[10.06119,50.94797],[10.06235,50.94378],[10.05362,50.93978],[10.02944,50.93811],[10.0249,50.94375],[10.02429,50.94108],[10.01658,50.93963],[10.01756,50.93713],[10.01356,50.93474],[10.00338,50.94063],[9.99929,50.93664],[9.99101,50.94357],[9.99156,50.9409],[9.98739,50.94171],[9.98209,50.93906],[9.97507,50.94342],[9.96831,50.94134],[9.95009,50.94225],[9.95656,50.93366],[9.94969,50.92651],[9.95714,50.9226],[9.96607,50.92875],[9.96356,50.93103],[9.96556,50.93358],[9.97219,50.93183],[9.992,50.93451],[9.98863,50.93314],[9.98189,50.91995],[9.96963,50.91349],[9.97146,50.90741],[9.97822,50.9053],[9.98449,50.90699],[9.98914,50.91322],[10.00366,50.92155],[10.01564,50.92062],[10.01623,50.91755],[10.02467,50.91447],[10.02485,50.9118],[10.03503,50.91002],[10.0407,50.90153],[10.05091,50.90009],[10.04195,50.89334],[10.04787,50.88885],[10.04973,50.89115],[10.05346,50.89007],[10.05246,50.89261],[10.05844,50.89018],[10.05624,50.8874],[10.0598,50.88539],[10.05709,50.88537],[10.05885,50.88279],[10.05598,50.87977],[10.02428,50.86723],[10.02189,50.86449],[10.01869,50.85567],[10.02193,50.84786],[10.03599,50.85386],[10.03862,50.85311],[10.03775,50.8453],[10.02681,50.84128],[10.02849,50.83581],[10.02305,50.83163],[10.00684,50.83768],[9.99802,50.82651],[9.99465,50.82576],[9.99188,50.82963],[9.98765,50.82826],[9.98385,50.82962],[9.98426,50.83189],[9.97682,50.83327],[9.96683,50.82666],[9.95225,50.82137],[9.95023,50.81518],[9.95642,50.81605],[9.95668,50.80962],[9.94357,50.7977],[9.94943,50.78823],[9.95513,50.78555],[9.94978,50.78038],[9.95409,50.77936],[9.95213,50.77329],[9.94332,50.77123],[9.94875,50.77869],[9.93715,50.7741],[9.92843,50.77659],[9.92553,50.77467],[9.92892,50.76963],[9.92013,50.75961],[9.92665,50.75656],[9.93961,50.75592],[9.93863,50.74368],[9.94137,50.74184],[9.93579,50.73401],[9.93788,50.73286],[9.93516,50.72412],[9.90889,50.70453],[9.91065,50.70069],[9.92396,50.69513],[9.91554,50.6937],[9.90622,50.68419],[9.89896,50.6824],[9.89468,50.68372],[9.88858,50.67687],[9.88127,50.67338],[9.87955,50.66645],[9.88422,50.65081],[9.87698,50.64174]],[[11.43939,51.19977],[11.43983,51.19976],[11.44027,51.19976],[11.44146,51.19976],[11.44202,51.19976],[11.44301,51.19932],[11.44661,51.19888],[11.4473,51.19648],[11.44735,51.19625],[11.44677,51.1945],[11.44538,51.19399],[11.44395,51.19736],[11.43967,51.19767],[11.43952,51.19879],[11.43939,51.19977]]]]}}]}
