{"type":"FeatureCollection","bbox":[9.87732,50.17175,15.04179,54.68488],"features":[{"type":"Feature","id":"berlin","bbox":[13.08833,52.33824,13.75959,52.67492],"properties":{"id":"berlin","name":"Berlin","sitz":"Berlin","einwohner":3685265,"flaecheKm2":891.12,"kreise":["Kreisfreie Stadt Berlin"],"quelle":"GeoPackage / Gesetzesentwurf"},"geometry":{"type":"MultiPolygon","coordinates":[[[[13.48006,52.67465],[13.47565,52.66628],[13.48822,52.67055],[13.48529,52.65913],[13.49083,52.65473],[13.51278,52.64556],[13.51887,52.64747],[13.5205,52.64525],[13.5231,52.64543],[13.5177,52.62964],[13.50582,52.62583],[13.50535,52.61956],[13.49675,52.60509],[13.499,52.60516],[13.50815,52.59218],[13.52243,52.59285],[13.54711,52.58788],[13.55986,52.58178],[13.56757,52.57374],[13.57556,52.57376],[13.57805,52.57104],[13.58154,52.57088],[13.58749,52.55527],[13.58539,52.54847],[13.63536,52.54163],[13.63194,52.53814],[13.62673,52.53775],[13.62591,52.53015],[13.6569,52.52987],[13.65857,52.52581],[13.64404,52.51934],[13.63332,52.51183],[13.62467,52.49518],[13.6308,52.49412],[13.61501,52.48083],[13.61354,52.47575],[13.6164,52.47489],[13.61152,52.47063],[13.61517,52.46976],[13.61713,52.47119],[13.62111,52.47041],[13.62103,52.46856],[13.62551,52.46836],[13.62581,52.47371],[13.6349,52.47579],[13.64061,52.47948],[13.64822,52.47878],[13.66,52.47412],[13.67066,52.47306],[13.6826,52.46618],[13.69683,52.46416],[13.69843,52.45508],[13.70444,52.45426],[13.70537,52.45577],[13.70405,52.46424],[13.69919,52.4682],[13.70132,52.46815],[13.71645,52.46219],[13.72911,52.4506],[13.75322,52.4476],[13.75411,52.44317],[13.75903,52.44258],[13.75959,52.43627],[13.7523,52.43708],[13.75422,52.44161],[13.75054,52.44146],[13.74406,52.43807],[13.74312,52.434],[13.73796,52.43414],[13.73946,52.43006],[13.74205,52.42966],[13.74138,52.42692],[13.73791,52.42687],[13.72951,52.41739],[13.73875,52.40732],[13.73517,52.406],[13.73454,52.40198],[13.72334,52.39859],[13.71644,52.39953],[13.69899,52.39016],[13.69777,52.39191],[13.69066,52.38557],[13.68671,52.38582],[13.68806,52.38291],[13.69863,52.38159],[13.69688,52.37755],[13.70051,52.37795],[13.7,52.37512],[13.69157,52.36771],[13.6876,52.36727],[13.68193,52.36957],[13.67108,52.36636],[13.66589,52.35839],[13.65698,52.35157],[13.65108,52.34267],[13.65172,52.33946],[13.6484,52.33824],[13.64265,52.34001],[13.63629,52.34704],[13.63864,52.36016],[13.64711,52.36688],[13.64681,52.37016],[13.6417,52.37095],[13.64336,52.37739],[13.63339,52.37628],[13.62795,52.38179],[13.60444,52.37421],[13.6063,52.37964],[13.59523,52.38682],[13.59276,52.39417],[13.56491,52.38829],[13.53566,52.38901],[13.53838,52.40068],[13.52826,52.3984],[13.52148,52.40147],[13.51517,52.40143],[13.47989,52.396],[13.46834,52.41943],[13.46232,52.42062],[13.41877,52.40992],[13.42759,52.38682],[13.42098,52.37625],[13.38852,52.37797],[13.38722,52.38858],[13.37045,52.38846],[13.37214,52.39382],[13.3592,52.39843],[13.34303,52.40767],[13.34325,52.41162],[13.31193,52.39919],[13.29613,52.41645],[13.27446,52.40514],[13.26742,52.40455],[13.25656,52.40656],[13.24984,52.40496],[13.2458,52.4208],[13.22229,52.42036],[13.19557,52.41509],[13.15935,52.40288],[13.15783,52.39636],[13.17136,52.39776],[13.17152,52.39583],[13.15889,52.39391],[13.14261,52.39654],[13.13225,52.3894],[13.13359,52.38692],[13.13099,52.38722],[13.12709,52.38928],[13.12746,52.39159],[13.13241,52.39142],[13.13812,52.39539],[13.13501,52.39716],[13.13639,52.39818],[13.1334,52.39944],[13.12488,52.39688],[13.11164,52.40422],[13.10793,52.40948],[13.1126,52.41002],[13.11157,52.41314],[13.10587,52.41257],[13.10323,52.41022],[13.10083,52.41249],[13.09722,52.41245],[13.09729,52.40938],[13.09064,52.41181],[13.08833,52.41961],[13.09551,52.42179],[13.0996,52.4253],[13.10462,52.42405],[13.11254,52.42922],[13.11199,52.43232],[13.12318,52.43936],[13.10922,52.45062],[13.11258,52.4592],[13.1108,52.46606],[13.11692,52.47245],[13.1178,52.47897],[13.12528,52.48022],[13.16646,52.51012],[13.14301,52.51968],[13.11739,52.517],[13.11973,52.53104],[13.13062,52.55635],[13.1363,52.55275],[13.14566,52.55291],[13.14596,52.56008],[13.15295,52.57278],[13.1496,52.58331],[13.13209,52.5797],[13.13043,52.58313],[13.1281,52.5831],[13.12899,52.58744],[13.13504,52.58718],[13.14399,52.58974],[13.1571,52.59761],[13.16426,52.5989],[13.20663,52.58674],[13.20737,52.58845],[13.21734,52.58746],[13.21782,52.59322],[13.20872,52.59864],[13.20161,52.60638],[13.20684,52.60906],[13.21698,52.62012],[13.22068,52.62818],[13.26427,52.62693],[13.26523,52.63442],[13.26216,52.64075],[13.28244,52.6413],[13.28288,52.66078],[13.30757,52.65931],[13.31003,52.65738],[13.30038,52.65347],[13.30926,52.64314],[13.30786,52.63762],[13.30311,52.63667],[13.30831,52.62969],[13.30242,52.62756],[13.31312,52.62838],[13.33648,52.62267],[13.34419,52.62342],[13.34461,52.62477],[13.3573,52.62317],[13.37599,52.62929],[13.37438,52.63152],[13.38868,52.63761],[13.39671,52.6483],[13.407,52.64242],[13.41283,52.64359],[13.42437,52.63563],[13.43378,52.63798],[13.4341,52.64429],[13.4399,52.64533],[13.44093,52.64912],[13.45455,52.65004],[13.45396,52.64863],[13.45985,52.6481],[13.47,52.65207],[13.47389,52.65661],[13.46233,52.65746],[13.45084,52.66272],[13.45951,52.66894],[13.46597,52.66715],[13.47539,52.67492],[13.48006,52.67465]]]]}},{"type":"Feature","id":"elbsachsen","bbox":[12.981,50.63364,14.40214,51.45417],"properties":{"id":"elbsachsen","name":"Elbsachsen","sitz":"Dresden","einwohner":1173765,"flaecheKm2":4352.85,"kreise":["Kreisfreie Stadt Dresden","Landkreis Freiberg","Landkreis Meißen","Landkreis Osterzgebirge","Landkreis Sächsische Schweiz"],"quelle":"GeoPackage / Gesetzesentwurf"},"geometry":{"type":"MultiPolygon","coordinates":[[[[13.34837,50.75192],[13.33042,50.74524],[13.31942,50.74401],[13.31961,50.74011],[13.31385,50.74301],[13.30624,50.74269],[13.30528,50.74509],[13.30101,50.74564],[13.28123,50.73893],[13.26945,50.74429],[13.26908,50.74937],[13.27319,50.7526],[13.27795,50.76325],[13.27011,50.76584],[13.25798,50.77345],[13.24846,50.77632],[13.24117,50.77081],[13.23576,50.77316],[13.23892,50.77407],[13.23334,50.77774],[13.22874,50.77705],[13.22651,50.77947],[13.21227,50.77809],[13.20854,50.78154],[13.19746,50.78094],[13.19631,50.78437],[13.18703,50.7828],[13.17005,50.78399],[13.1652,50.78314],[13.16481,50.77744],[13.15797,50.78003],[13.15114,50.77714],[13.14909,50.7738],[13.13955,50.76953],[13.13635,50.76972],[13.12739,50.77769],[13.12399,50.77829],[13.12509,50.77592],[13.11764,50.77802],[13.12028,50.78111],[13.11765,50.78523],[13.12115,50.78619],[13.11187,50.79229],[13.1093,50.7901],[13.09674,50.78849],[13.09626,50.78557],[13.09218,50.78271],[13.08781,50.78304],[13.08587,50.7806],[13.06955,50.79057],[13.06261,50.79983],[13.04877,50.80657],[13.05303,50.80715],[13.05418,50.81036],[13.05002,50.81098],[13.04884,50.8143],[13.03987,50.81846],[13.0498,50.83448],[13.04881,50.8413],[13.0362,50.84374],[13.03247,50.8481],[13.02082,50.84665],[13.01108,50.8494],[13.00751,50.85248],[12.99804,50.85066],[12.98687,50.85221],[12.98342,50.84669],[12.981,50.84789],[12.98404,50.85089],[12.9832,50.85503],[12.98745,50.85882],[12.98648,50.86481],[12.99354,50.86724],[12.99317,50.87123],[12.99849,50.87387],[12.98783,50.88228],[12.99198,50.88678],[12.99056,50.88812],[13.00711,50.88835],[13.01477,50.89116],[13.01944,50.89071],[13.02153,50.89253],[13.02346,50.8883],[13.03166,50.88473],[13.03385,50.87759],[13.03934,50.87607],[13.04229,50.87692],[13.04761,50.87387],[13.06364,50.87975],[13.08418,50.87452],[13.08476,50.87698],[13.0941,50.87423],[13.09753,50.87508],[13.09762,50.87869],[13.10755,50.87644],[13.11308,50.87728],[13.12235,50.87918],[13.12126,50.88412],[13.13408,50.89486],[13.13812,50.89346],[13.14916,50.89685],[13.16253,50.89673],[13.15983,50.9071],[13.16593,50.90591],[13.16635,50.91013],[13.17198,50.91018],[13.18203,50.9163],[13.19107,50.92802],[13.20346,50.9282],[13.20964,50.93201],[13.20207,50.93781],[13.19919,50.94316],[13.20464,50.94727],[13.20309,50.94896],[13.1985,50.94858],[13.20462,50.95442],[13.20065,50.957],[13.19992,50.96236],[13.20258,50.96347],[13.20133,50.96647],[13.2078,50.96964],[13.2045,50.97033],[13.20561,50.97316],[13.2133,50.97821],[13.21861,50.97937],[13.22066,50.98465],[13.22568,50.98709],[13.22291,50.99782],[13.21859,50.99715],[13.21665,51.00021],[13.22619,51.00291],[13.21921,51.00908],[13.22062,51.01151],[13.2289,51.01256],[13.23996,51.01764],[13.24222,51.02653],[13.23887,51.02876],[13.24022,51.02976],[13.2426,51.028],[13.25225,51.03552],[13.26062,51.03915],[13.25637,51.04548],[13.2609,51.04868],[13.26661,51.0493],[13.26642,51.05146],[13.25609,51.05261],[13.25462,51.05462],[13.246,51.05395],[13.24639,51.05823],[13.24249,51.05986],[13.24209,51.06449],[13.25577,51.06365],[13.25999,51.06849],[13.25455,51.07687],[13.25548,51.09017],[13.25833,51.08984],[13.2585,51.09193],[13.25528,51.09438],[13.25733,51.09577],[13.25406,51.09912],[13.25343,51.105],[13.25078,51.10467],[13.25122,51.11088],[13.24374,51.11167],[13.24145,51.11082],[13.24218,51.10726],[13.23163,51.10647],[13.22728,51.10244],[13.22719,51.11368],[13.2375,51.11533],[13.23766,51.11246],[13.24633,51.11408],[13.24642,51.11744],[13.25076,51.11833],[13.24873,51.12485],[13.2523,51.12521],[13.2475,51.13206],[13.24975,51.13325],[13.24947,51.13746],[13.25882,51.14039],[13.25879,51.1416],[13.25044,51.1414],[13.25203,51.14819],[13.25771,51.15038],[13.25694,51.15447],[13.25301,51.15469],[13.25384,51.16255],[13.24524,51.16322],[13.24334,51.16087],[13.23666,51.16606],[13.23627,51.16906],[13.22788,51.16962],[13.22916,51.17191],[13.22557,51.17285],[13.22506,51.17567],[13.21092,51.17574],[13.21147,51.1819],[13.21421,51.18263],[13.20842,51.20242],[13.20051,51.20381],[13.19251,51.21169],[13.20502,51.21318],[13.20514,51.21714],[13.20756,51.21744],[13.20205,51.22264],[13.20151,51.22938],[13.19871,51.23041],[13.20158,51.23285],[13.19795,51.236],[13.20697,51.2404],[13.20075,51.24644],[13.19556,51.24701],[13.19662,51.25022],[13.20071,51.25162],[13.19466,51.2558],[13.19407,51.26068],[13.19624,51.26105],[13.19686,51.25867],[13.20232,51.25924],[13.20333,51.26081],[13.2088,51.25992],[13.20871,51.26401],[13.21664,51.26918],[13.2068,51.27748],[13.20983,51.27818],[13.20769,51.2889],[13.2135,51.28853],[13.21442,51.29349],[13.20577,51.31161],[13.20871,51.31187],[13.2063,51.31293],[13.20242,51.32948],[13.21203,51.34335],[13.20536,51.34784],[13.19972,51.34901],[13.19865,51.35104],[13.2021,51.35108],[13.20433,51.35576],[13.19193,51.35853],[13.20296,51.36274],[13.20461,51.36608],[13.20831,51.36692],[13.20662,51.36918],[13.20296,51.36815],[13.19687,51.37314],[13.18289,51.3751],[13.18222,51.3777],[13.18359,51.38078],[13.18829,51.38233],[13.18628,51.38612],[13.19142,51.38871],[13.19063,51.39455],[13.19735,51.39633],[13.20133,51.39499],[13.19884,51.39924],[13.20333,51.40026],[13.20506,51.40479],[13.1999,51.41132],[13.2046,51.40934],[13.20782,51.40424],[13.21015,51.40474],[13.21355,51.39725],[13.21731,51.39506],[13.23773,51.39504],[13.24346,51.39319],[13.25065,51.39411],[13.25051,51.39273],[13.25607,51.39209],[13.26264,51.38831],[13.26372,51.38495],[13.26854,51.38479],[13.27004,51.3905],[13.26366,51.39099],[13.26377,51.39446],[13.25909,51.39533],[13.25998,51.4004],[13.28635,51.39929],[13.28667,51.41138],[13.309,51.41771],[13.31363,51.42318],[13.32834,51.42664],[13.32576,51.43365],[13.32032,51.4375],[13.33335,51.43744],[13.33795,51.42916],[13.3492,51.43334],[13.35709,51.43253],[13.35835,51.43397],[13.36968,51.42959],[13.37665,51.42461],[13.38251,51.42593],[13.38308,51.42806],[13.37294,51.4378],[13.38215,51.43605],[13.3876,51.44112],[13.38823,51.44781],[13.40105,51.45417],[13.40932,51.44977],[13.40563,51.44595],[13.41127,51.44275],[13.41219,51.43937],[13.41971,51.43884],[13.42177,51.43456],[13.42601,51.43403],[13.42815,51.43125],[13.42143,51.42151],[13.42851,51.42179],[13.43341,51.42762],[13.44606,51.42596],[13.44349,51.42877],[13.44591,51.43145],[13.45034,51.42283],[13.46063,51.42224],[13.46331,51.42626],[13.47379,51.41788],[13.46553,51.42177],[13.46328,51.41175],[13.49135,51.40768],[13.49439,51.40292],[13.50274,51.40471],[13.51279,51.40199],[13.52122,51.40206],[13.52486,51.38427],[13.52312,51.38103],[13.53777,51.38105],[13.54263,51.36932],[13.54614,51.36917],[13.55082,51.37925],[13.55627,51.37904],[13.56996,51.38567],[13.58985,51.38423],[13.58765,51.38183],[13.59201,51.37777],[13.59134,51.37514],[13.59576,51.37453],[13.59406,51.36936],[13.61668,51.36976],[13.61723,51.37106],[13.6321,51.36854],[13.64842,51.37007],[13.66145,51.36897],[13.6684,51.37613],[13.68276,51.36762],[13.69125,51.37401],[13.70624,51.36553],[13.71339,51.3635],[13.72735,51.36471],[13.73911,51.3612],[13.75316,51.36595],[13.75769,51.37149],[13.76897,51.3694],[13.76268,51.36541],[13.76325,51.35902],[13.76734,51.36062],[13.76774,51.36301],[13.77652,51.36199],[13.78253,51.36967],[13.80786,51.37287],[13.81897,51.3695],[13.82909,51.37581],[13.83531,51.37679],[13.83435,51.3712],[13.84964,51.36148],[13.84771,51.35942],[13.85046,51.3494],[13.8565,51.3409],[13.856,51.33706],[13.82593,51.34093],[13.82625,51.33267],[13.81697,51.32014],[13.81846,51.31956],[13.80355,51.309],[13.79739,51.30167],[13.80214,51.30078],[13.81726,51.28195],[13.80381,51.27979],[13.81275,51.27647],[13.80349,51.27235],[13.81877,51.2668],[13.82631,51.26708],[13.82669,51.26461],[13.82456,51.26174],[13.8214,51.26284],[13.80916,51.2577],[13.81443,51.24763],[13.81008,51.2468],[13.79869,51.2502],[13.79834,51.24768],[13.7967,51.24813],[13.79635,51.24584],[13.80055,51.24513],[13.79815,51.24225],[13.80035,51.23708],[13.80891,51.2374],[13.81244,51.2358],[13.81235,51.22984],[13.80208,51.23006],[13.80256,51.22667],[13.79527,51.22421],[13.78353,51.22799],[13.77996,51.21785],[13.76074,51.21542],[13.76563,51.21218],[13.78007,51.20994],[13.77861,51.20374],[13.78778,51.20098],[13.79048,51.2022],[13.79583,51.19731],[13.78973,51.1916],[13.78032,51.1913],[13.76953,51.18566],[13.76521,51.176],[13.7714,51.17463],[13.78051,51.16748],[13.77975,51.16592],[13.78879,51.1659],[13.79835,51.16863],[13.79779,51.16994],[13.80202,51.16824],[13.80511,51.15982],[13.81015,51.15954],[13.81151,51.15539],[13.81841,51.15415],[13.8312,51.14535],[13.83887,51.1463],[13.8434,51.15191],[13.84951,51.15291],[13.8604,51.15828],[13.86549,51.15559],[13.87386,51.15661],[13.87981,51.15397],[13.87852,51.15254],[13.88437,51.14958],[13.8842,51.14644],[13.88818,51.14569],[13.88927,51.14276],[13.88761,51.14059],[13.86967,51.13614],[13.87229,51.12787],[13.87938,51.12442],[13.88689,51.11405],[13.89406,51.11401],[13.89478,51.10979],[13.89906,51.10837],[13.89561,51.10408],[13.90298,51.09849],[13.9066,51.09886],[13.91095,51.09423],[13.91002,51.0889],[13.90597,51.0874],[13.90757,51.08449],[13.90213,51.08371],[13.89742,51.08555],[13.90136,51.08849],[13.89624,51.08751],[13.89205,51.08353],[13.8962,51.08241],[13.89721,51.07879],[13.88406,51.07255],[13.89229,51.07016],[13.91045,51.06853],[13.92009,51.06467],[13.91793,51.0633],[13.91966,51.06223],[13.92381,51.06257],[13.92289,51.05985],[13.94183,51.06261],[13.9432,51.06512],[13.93894,51.06524],[13.9368,51.06769],[13.94147,51.07252],[13.95313,51.07376],[13.95325,51.06908],[13.96057,51.06557],[13.95623,51.06585],[13.95794,51.06311],[13.96356,51.06305],[13.96767,51.06102],[13.9766,51.06204],[13.98182,51.0651],[13.98137,51.0688],[13.98667,51.06997],[13.99539,51.06899],[13.99331,51.06696],[14.00289,51.06537],[14.00441,51.06958],[14.00888,51.07072],[14.01743,51.06779],[14.024,51.06974],[14.02948,51.06732],[14.03688,51.06678],[14.04386,51.06928],[14.03963,51.07162],[14.04722,51.08123],[14.04745,51.08497],[14.05113,51.08625],[14.06381,51.07339],[14.07708,51.07444],[14.08065,51.07271],[14.08569,51.07625],[14.09488,51.07298],[14.10155,51.07259],[14.10599,51.0735],[14.111,51.07918],[14.11449,51.07841],[14.1268,51.08421],[14.12828,51.08774],[14.13284,51.08987],[14.1382,51.08479],[14.14038,51.08575],[14.13827,51.08276],[14.14349,51.07897],[14.14304,51.0745],[14.16202,51.06672],[14.17184,51.06779],[14.1644,51.06862],[14.16576,51.07157],[14.16987,51.07033],[14.1786,51.07133],[14.17548,51.07244],[14.17775,51.07324],[14.1712,51.0751],[14.18001,51.07543],[14.18129,51.08204],[14.18645,51.08759],[14.20287,51.085],[14.2048,51.08643],[14.23749,51.07744],[14.2355,51.07529],[14.24546,51.0745],[14.2512,51.0663],[14.25504,51.0647],[14.25312,51.06024],[14.26539,51.06298],[14.27965,51.07396],[14.29202,51.07236],[14.30162,51.06832],[14.32032,51.06785],[14.31664,51.06152],[14.30879,51.0616],[14.31239,51.05892],[14.31707,51.05933],[14.31787,51.0547],[14.30186,51.05505],[14.29219,51.04654],[14.28839,51.03912],[14.27379,51.03977],[14.27359,51.03778],[14.27981,51.03637],[14.28534,51.03221],[14.28632,51.02696],[14.27767,51.01884],[14.28197,51.01559],[14.28022,51.0141],[14.26516,51.00816],[14.26064,51.00883],[14.26224,51.00407],[14.2688,51.00004],[14.25854,50.99213],[14.25865,50.98754],[14.27613,50.98276],[14.28578,50.977],[14.2989,50.97922],[14.31141,50.98466],[14.32355,50.98536],[14.32973,50.9822],[14.32606,50.97782],[14.32842,50.97351],[14.32548,50.97217],[14.31296,50.97226],[14.30256,50.96533],[14.31691,50.96067],[14.31724,50.95792],[14.31075,50.95528],[14.31171,50.95376],[14.32537,50.94972],[14.3458,50.94857],[14.34932,50.94514],[14.35588,50.94465],[14.36107,50.94272],[14.36052,50.94145],[14.36948,50.94218],[14.36916,50.93949],[14.37318,50.93824],[14.38732,50.94181],[14.4007,50.93371],[14.39941,50.93076],[14.40214,50.92407],[14.3918,50.92083],[14.39415,50.91815],[14.38888,50.91887],[14.38971,50.91666],[14.38564,50.91649],[14.38861,50.90817],[14.38653,50.89884],[14.37529,50.89786],[14.37415,50.89623],[14.35838,50.89957],[14.35461,50.89841],[14.34927,50.90073],[14.35034,50.89568],[14.34821,50.89257],[14.31936,50.88874],[14.30485,50.88398],[14.28966,50.88589],[14.2822,50.89256],[14.27148,50.89511],[14.2675,50.8953],[14.25225,50.88792],[14.24414,50.88641],[14.23315,50.88752],[14.23627,50.88257],[14.23602,50.87645],[14.22329,50.85924],[14.2165,50.86023],[14.20103,50.85134],[14.16147,50.84754],[14.13287,50.834],[14.12688,50.83426],[14.11097,50.82967],[14.107,50.83031],[14.09934,50.82644],[14.08953,50.82585],[14.07905,50.81867],[14.07838,50.81242],[14.07243,50.81079],[14.06259,50.80992],[14.05768,50.81192],[14.04114,50.8108],[14.03405,50.80464],[14.02942,50.8043],[14.0229,50.80916],[14.01645,50.81111],[14.00346,50.81027],[14.00339,50.81435],[13.99031,50.82001],[13.98631,50.81653],[13.97088,50.81109],[13.95878,50.80969],[13.95378,50.80729],[13.95584,50.80059],[13.93918,50.78998],[13.91837,50.78912],[13.90398,50.79397],[13.90106,50.79343],[13.89642,50.78866],[13.89994,50.7848],[13.88753,50.77046],[13.88959,50.763],[13.90275,50.75291],[13.89819,50.74449],[13.88023,50.73781],[13.86816,50.74264],[13.86178,50.74291],[13.86157,50.73532],[13.85519,50.72711],[13.84397,50.72525],[13.83465,50.7269],[13.82707,50.72422],[13.81535,50.72777],[13.80733,50.73326],[13.79692,50.73441],[13.79088,50.73255],[13.79011,50.73504],[13.78481,50.73359],[13.77731,50.73636],[13.76898,50.73297],[13.75834,50.73581],[13.75075,50.72953],[13.7404,50.72717],[13.72818,50.73365],[13.71366,50.72512],[13.70822,50.72532],[13.71239,50.71966],[13.70647,50.71692],[13.68801,50.71961],[13.6815,50.72489],[13.66431,50.73193],[13.64263,50.72934],[13.63682,50.72539],[13.62504,50.72285],[13.62691,50.71592],[13.61113,50.71353],[13.60225,50.71006],[13.58933,50.71291],[13.55281,50.71395],[13.54522,50.71131],[13.53848,50.70601],[13.52524,50.70441],[13.52755,50.69902],[13.54043,50.68975],[13.54437,50.67745],[13.53849,50.67287],[13.54024,50.66801],[13.53062,50.66823],[13.51281,50.65371],[13.51698,50.64835],[13.52611,50.64942],[13.52395,50.63899],[13.50185,50.63364],[13.49905,50.63552],[13.4961,50.63434],[13.48099,50.64475],[13.48844,50.64655],[13.49418,50.65392],[13.48633,50.65577],[13.48458,50.64981],[13.47827,50.65023],[13.47637,50.65313],[13.46666,50.6552],[13.45798,50.66022],[13.45642,50.65737],[13.45392,50.65817],[13.45396,50.66122],[13.45105,50.66082],[13.44802,50.66451],[13.43674,50.66238],[13.4304,50.66496],[13.42953,50.66827],[13.43445,50.67315],[13.43436,50.67626],[13.4306,50.67457],[13.43039,50.67668],[13.42527,50.67881],[13.41579,50.67885],[13.41434,50.67985],[13.42177,50.68342],[13.41454,50.68905],[13.40631,50.68423],[13.39588,50.69876],[13.37068,50.7153],[13.37003,50.72133],[13.37282,50.72158],[13.36844,50.73539],[13.37472,50.73376],[13.37817,50.73473],[13.3701,50.74272],[13.36576,50.75155],[13.36422,50.75296],[13.34837,50.75192]]]]}},{"type":"Feature","id":"lausitz","bbox":[13.41095,50.81935,15.04179,52.38179],"properties":{"id":"lausitz","name":"Lausitz","sitz":"Cottbus/Chóśebuz","einwohner":902066,"flaecheKm2":9130.41,"kreise":["Kreisfreie Stadt Cottbus","Kreisfreie Stadt Görlitz","Kreisfreie Stadt Hoyerswerda","Landkreis Dahme-Spreewald","Landkreis Kamenz-Oberlausitz","Landkreis Niederschlesien","Landkreis Oberlausitz-Bautzen","Landkreis Oberspreewald-Lausitz","Landkreis Spree-Neiße"],"quelle":"GeoPackage / Gesetzesentwurf"},"geometry":{"type":"MultiPolygon","coordinates":[[[[14.35097,51.04272],[14.3451,51.03907],[14.33503,51.03969],[14.32642,51.04946],[14.31869,51.05363],[14.31707,51.05933],[14.31239,51.05892],[14.30879,51.0616],[14.31664,51.06152],[14.32032,51.06785],[14.30162,51.06832],[14.29202,51.07236],[14.27965,51.07396],[14.26539,51.06298],[14.25312,51.06024],[14.25504,51.0647],[14.2512,51.0663],[14.24546,51.0745],[14.2355,51.07529],[14.23749,51.07744],[14.2048,51.08643],[14.20287,51.085],[14.18645,51.08759],[14.18129,51.08204],[14.18001,51.07543],[14.1712,51.0751],[14.17775,51.07324],[14.17548,51.07244],[14.1786,51.07133],[14.16987,51.07033],[14.16576,51.07157],[14.1644,51.06862],[14.17184,51.06779],[14.16202,51.06672],[14.14304,51.0745],[14.14349,51.07897],[14.13827,51.08276],[14.14038,51.08575],[14.1382,51.08479],[14.13284,51.08987],[14.12828,51.08774],[14.1268,51.08421],[14.11449,51.07841],[14.111,51.07918],[14.10599,51.0735],[14.10155,51.07259],[14.09488,51.07298],[14.08569,51.07625],[14.08065,51.07271],[14.07708,51.07444],[14.06381,51.07339],[14.05113,51.08625],[14.04745,51.08497],[14.04722,51.08123],[14.03963,51.07162],[14.04386,51.06928],[14.03688,51.06678],[14.02948,51.06732],[14.024,51.06974],[14.01743,51.06779],[14.00888,51.07072],[14.00441,51.06958],[14.00289,51.06537],[13.99331,51.06696],[13.99539,51.06899],[13.98667,51.06997],[13.98137,51.0688],[13.98182,51.0651],[13.9766,51.06204],[13.96767,51.06102],[13.96356,51.06305],[13.95794,51.06311],[13.95623,51.06585],[13.96057,51.06557],[13.95325,51.06908],[13.95313,51.07376],[13.94987,51.07377],[13.94147,51.07252],[13.9368,51.06769],[13.93894,51.06524],[13.9432,51.06512],[13.94183,51.06261],[13.92289,51.05985],[13.92381,51.06257],[13.91966,51.06223],[13.91793,51.0633],[13.92009,51.06467],[13.91045,51.06853],[13.89229,51.07016],[13.88406,51.07255],[13.89721,51.07879],[13.8962,51.08241],[13.89205,51.08353],[13.89624,51.08751],[13.90136,51.08849],[13.89742,51.08555],[13.90213,51.08371],[13.90757,51.08449],[13.90597,51.0874],[13.91002,51.0889],[13.91095,51.09423],[13.9066,51.09886],[13.90298,51.09849],[13.89561,51.10408],[13.89906,51.10837],[13.89478,51.10979],[13.89406,51.11401],[13.88689,51.11405],[13.87938,51.12442],[13.87229,51.12787],[13.86967,51.13614],[13.88761,51.14059],[13.88927,51.14276],[13.88818,51.14569],[13.8842,51.14644],[13.88437,51.14958],[13.87852,51.15254],[13.87981,51.15397],[13.87386,51.15661],[13.86549,51.15559],[13.8604,51.15828],[13.84951,51.15291],[13.8434,51.15191],[13.83887,51.1463],[13.8312,51.14535],[13.81841,51.15415],[13.81151,51.15539],[13.81015,51.15954],[13.80511,51.15982],[13.80202,51.16824],[13.79779,51.16994],[13.79835,51.16863],[13.78879,51.1659],[13.77975,51.16592],[13.78051,51.16748],[13.7714,51.17463],[13.76521,51.176],[13.76953,51.18566],[13.78032,51.1913],[13.78973,51.1916],[13.79583,51.19731],[13.79048,51.2022],[13.78778,51.20098],[13.77861,51.20374],[13.78007,51.20994],[13.76563,51.21218],[13.76074,51.21542],[13.77996,51.21785],[13.78353,51.22799],[13.79527,51.22421],[13.80256,51.22667],[13.80208,51.23006],[13.81235,51.22984],[13.81244,51.2358],[13.80891,51.2374],[13.80035,51.23708],[13.79815,51.24225],[13.80055,51.24513],[13.79635,51.24584],[13.7967,51.24813],[13.79834,51.24768],[13.79869,51.2502],[13.81008,51.2468],[13.81443,51.24763],[13.80916,51.2577],[13.8214,51.26284],[13.82456,51.26174],[13.82669,51.26461],[13.82631,51.26708],[13.81877,51.2668],[13.80349,51.27235],[13.81275,51.27647],[13.80381,51.27979],[13.81726,51.28195],[13.80214,51.30078],[13.79739,51.30167],[13.80355,51.309],[13.81846,51.31956],[13.81697,51.32014],[13.82625,51.33267],[13.82593,51.34093],[13.856,51.33706],[13.8565,51.3409],[13.85046,51.3494],[13.84771,51.35942],[13.84964,51.36148],[13.83435,51.3712],[13.83531,51.37679],[13.82909,51.37581],[13.81897,51.3695],[13.80786,51.37287],[13.78253,51.36967],[13.77652,51.36199],[13.76774,51.36301],[13.76734,51.36062],[13.76325,51.35902],[13.76268,51.36541],[13.76897,51.3694],[13.75769,51.37149],[13.75316,51.36595],[13.73911,51.3612],[13.7476,51.36781],[13.74957,51.37929],[13.7437,51.38251],[13.73932,51.38841],[13.72555,51.39101],[13.71169,51.39908],[13.70958,51.40588],[13.72242,51.43243],[13.71914,51.43125],[13.71552,51.43762],[13.71944,51.43921],[13.71988,51.44428],[13.71476,51.45405],[13.7094,51.45948],[13.69611,51.46023],[13.69328,51.46223],[13.69275,51.47952],[13.69689,51.48036],[13.68044,51.48821],[13.66047,51.49365],[13.64168,51.49358],[13.64897,51.49704],[13.63935,51.49978],[13.63414,51.50438],[13.65818,51.50629],[13.65397,51.5289],[13.68161,51.52939],[13.68531,51.52865],[13.68331,51.5232],[13.70841,51.51893],[13.71978,51.52432],[13.72822,51.5259],[13.73198,51.52486],[13.73446,51.53261],[13.74062,51.53205],[13.74292,51.5343],[13.74052,51.54142],[13.74583,51.54589],[13.75141,51.54416],[13.74872,51.54241],[13.76197,51.53762],[13.76881,51.53283],[13.77794,51.5334],[13.79672,51.53759],[13.81508,51.54863],[13.84983,51.56303],[13.85808,51.56486],[13.86922,51.56423],[13.87548,51.56634],[13.88053,51.57689],[13.86635,51.591],[13.87147,51.59357],[13.87965,51.60289],[13.87766,51.6102],[13.89001,51.61956],[13.88649,51.64704],[13.87944,51.65234],[13.86763,51.65313],[13.86392,51.65937],[13.85659,51.66056],[13.84614,51.66637],[13.83618,51.668],[13.83348,51.67547],[13.83493,51.68263],[13.82628,51.69529],[13.80911,51.69521],[13.80867,51.70894],[13.81438,51.70907],[13.81433,51.71294],[13.81017,51.71282],[13.81125,51.71531],[13.80518,51.72041],[13.79809,51.73713],[13.78247,51.73495],[13.78286,51.75385],[13.77542,51.75976],[13.76512,51.75497],[13.75377,51.75415],[13.7292,51.7596],[13.71865,51.75056],[13.71076,51.74984],[13.69561,51.74118],[13.69756,51.73197],[13.69486,51.72704],[13.66455,51.73292],[13.66123,51.74736],[13.63219,51.74275],[13.62673,51.74276],[13.62324,51.7452],[13.61557,51.74227],[13.61118,51.74296],[13.60907,51.74092],[13.59757,51.74336],[13.60187,51.74813],[13.58761,51.74964],[13.57985,51.75314],[13.57888,51.75616],[13.54924,51.74597],[13.53825,51.75949],[13.52782,51.76216],[13.52221,51.77054],[13.52405,51.77461],[13.51833,51.77546],[13.52013,51.78182],[13.50914,51.78709],[13.50547,51.79253],[13.53377,51.79849],[13.55672,51.80948],[13.55885,51.80745],[13.56906,51.81074],[13.55542,51.82127],[13.5363,51.82519],[13.5475,51.83256],[13.55145,51.84053],[13.5472,51.84332],[13.54774,51.86302],[13.53911,51.86624],[13.54218,51.87859],[13.55284,51.87919],[13.55784,51.88639],[13.56615,51.89017],[13.5813,51.89154],[13.58065,51.89272],[13.57873,51.89571],[13.57016,51.89534],[13.54584,51.90565],[13.55124,51.92131],[13.51926,51.93017],[13.49146,51.92752],[13.48182,51.93291],[13.45487,51.92715],[13.43099,51.92486],[13.4121,51.93006],[13.41865,51.94134],[13.42065,51.951],[13.41987,51.96189],[13.41095,51.96422],[13.41484,51.97615],[13.43095,51.97704],[13.44653,51.97478],[13.45075,51.97135],[13.4534,51.97309],[13.45909,51.97293],[13.48366,51.96664],[13.49398,51.96587],[13.50274,51.96865],[13.51557,51.97668],[13.52595,51.9873],[13.54631,51.99005],[13.557,51.99402],[13.55647,51.99816],[13.5914,52.001],[13.59072,52.00468],[13.60445,52.00814],[13.62273,52.01047],[13.64563,52.01084],[13.64687,52.01395],[13.63493,52.01997],[13.63767,52.02502],[13.64108,52.02341],[13.63703,52.03496],[13.65295,52.04815],[13.64781,52.05692],[13.68226,52.05066],[13.67801,52.05389],[13.68448,52.05111],[13.68561,52.05399],[13.68939,52.05481],[13.68741,52.05325],[13.68986,52.0509],[13.70553,52.04289],[13.70472,52.03511],[13.70024,52.02946],[13.71232,52.02849],[13.71595,52.02992],[13.72008,52.02702],[13.72468,52.02799],[13.72326,52.0302],[13.75257,52.03425],[13.75204,52.03553],[13.75868,52.0377],[13.76073,52.03312],[13.76705,52.03428],[13.75924,52.03809],[13.76666,52.04204],[13.77039,52.05207],[13.76286,52.05734],[13.7663,52.05884],[13.77512,52.05093],[13.77242,52.05771],[13.77439,52.07219],[13.77699,52.07276],[13.77545,52.07671],[13.76789,52.07773],[13.76773,52.08112],[13.75227,52.09402],[13.73608,52.09843],[13.74015,52.10175],[13.73819,52.10269],[13.73993,52.10478],[13.75097,52.10984],[13.7573,52.10936],[13.76306,52.11603],[13.76405,52.11897],[13.7573,52.12839],[13.76313,52.14043],[13.75934,52.14806],[13.76476,52.15344],[13.7625,52.15864],[13.7688,52.17029],[13.7812,52.18045],[13.77412,52.18714],[13.77379,52.19058],[13.77713,52.19261],[13.81152,52.18812],[13.81198,52.1896],[13.81672,52.18936],[13.83014,52.18163],[13.83503,52.18537],[13.85161,52.18318],[13.85644,52.18941],[13.87907,52.18214],[13.89429,52.18429],[13.89087,52.17969],[13.88947,52.16961],[13.88149,52.16939],[13.87223,52.17159],[13.87211,52.1701],[13.86589,52.17039],[13.8602,52.17244],[13.85616,52.16438],[13.85012,52.1647],[13.85058,52.16054],[13.85728,52.15847],[13.86146,52.15082],[13.86683,52.1506],[13.86979,52.14653],[13.87562,52.14733],[13.86782,52.13617],[13.86426,52.13725],[13.85872,52.13117],[13.84591,52.13267],[13.84529,52.12172],[13.87119,52.11813],[13.87564,52.12035],[13.88906,52.12144],[13.88953,52.12333],[13.90788,52.12286],[13.90922,52.12825],[13.91677,52.12747],[13.91825,52.12447],[13.93074,52.1268],[13.92966,52.12878],[13.92448,52.12783],[13.91911,52.13051],[13.93343,52.1313],[13.93837,52.13775],[13.96813,52.13617],[13.96975,52.13212],[13.97165,52.13396],[13.9787,52.13206],[13.98266,52.12439],[13.99,52.11899],[13.9918,52.1204],[13.99859,52.11931],[13.99996,52.1158],[14.00233,52.11762],[14.007,52.11757],[14.00596,52.11511],[14.00988,52.11408],[14.00699,52.11212],[14.00963,52.10954],[14.02148,52.11224],[14.03354,52.11028],[14.04412,52.11485],[14.04284,52.1052],[14.05555,52.10549],[14.0611,52.10849],[14.06404,52.10169],[14.06709,52.10028],[14.08761,52.09687],[14.08948,52.09107],[14.09699,52.09177],[14.10107,52.08863],[14.11195,52.08721],[14.10953,52.0806],[14.11448,52.0752],[14.11404,52.072],[14.12505,52.06716],[14.12782,52.06106],[14.12671,52.0538],[14.13898,52.04877],[14.14377,52.05122],[14.14318,52.05272],[14.15963,52.05733],[14.19419,52.05773],[14.20407,52.07404],[14.20517,52.08676],[14.20983,52.08535],[14.21774,52.07823],[14.22251,52.07884],[14.22306,52.08289],[14.22733,52.08523],[14.23728,52.08433],[14.24755,52.08687],[14.24006,52.08334],[14.23379,52.08368],[14.2321,52.08154],[14.23018,52.08212],[14.23039,52.07957],[14.22253,52.07571],[14.22075,52.06865],[14.21563,52.06843],[14.21271,52.06574],[14.21828,52.06122],[14.214,52.05284],[14.21977,52.04186],[14.23013,52.04034],[14.23325,52.04219],[14.24171,52.03997],[14.24007,52.03499],[14.25339,52.03522],[14.25602,52.03292],[14.26649,52.03177],[14.27027,52.03233],[14.26971,52.03527],[14.28099,52.03706],[14.28661,52.03985],[14.29992,52.03647],[14.29572,52.04448],[14.30233,52.0478],[14.30497,52.05617],[14.31142,52.06081],[14.31995,52.06179],[14.33066,52.06858],[14.35512,52.07305],[14.37064,52.06771],[14.40093,52.05283],[14.40332,52.03137],[14.40547,52.02803],[14.415,52.02451],[14.43613,52.02441],[14.446,52.02636],[14.44858,52.03115],[14.44555,52.03995],[14.46451,52.04697],[14.48272,52.05774],[14.48573,52.05477],[14.47908,52.04595],[14.48271,52.03721],[14.49176,52.02997],[14.49176,52.01604],[14.50084,52.00761],[14.52344,52.01045],[14.55737,52.0053],[14.55772,52.00814],[14.56232,52.00885],[14.56589,52.01708],[14.56316,52.01975],[14.5779,52.02986],[14.5901,52.03421],[14.60135,52.03348],[14.61587,52.02852],[14.64969,52.02783],[14.6609,52.01734],[14.66602,52.01544],[14.66111,52.0108],[14.67474,52.0026],[14.68107,52.00172],[14.68186,52.00445],[14.69775,52.00998],[14.69886,52.01478],[14.70447,52.0145],[14.70892,52.01316],[14.69935,52.00695],[14.71243,51.99988],[14.71766,52.00079],[14.72131,51.99617],[14.7162,51.98243],[14.71105,51.97958],[14.70698,51.97957],[14.70471,51.97662],[14.70796,51.96453],[14.71394,51.95695],[14.71804,51.95592],[14.72121,51.95223],[14.71934,51.94195],[14.71249,51.93679],[14.70716,51.93588],[14.70337,51.93085],[14.70549,51.92355],[14.6996,51.91419],[14.69127,51.90806],[14.69426,51.90198],[14.68054,51.89513],[14.67447,51.89442],[14.67437,51.88956],[14.66312,51.89051],[14.66123,51.88661],[14.65457,51.88336],[14.65263,51.87436],[14.64678,51.87232],[14.64336,51.86687],[14.63464,51.86538],[14.62447,51.85823],[14.611,51.85701],[14.60714,51.85224],[14.61189,51.84505],[14.60962,51.84495],[14.60715,51.84808],[14.60414,51.84789],[14.6052,51.84041],[14.60242,51.83946],[14.59614,51.84221],[14.59016,51.83815],[14.59313,51.83065],[14.58962,51.82647],[14.59014,51.82101],[14.59715,51.81731],[14.60081,51.80918],[14.60671,51.80404],[14.61365,51.80405],[14.62278,51.80045],[14.63311,51.80136],[14.63606,51.79769],[14.64589,51.79509],[14.64908,51.78714],[14.65382,51.78357],[14.65474,51.76809],[14.65046,51.76208],[14.66414,51.7567],[14.65762,51.75354],[14.66003,51.74876],[14.65622,51.74131],[14.66204,51.73656],[14.66812,51.72583],[14.67772,51.72269],[14.68023,51.7175],[14.69092,51.70827],[14.70144,51.70477],[14.72895,51.68851],[14.73684,51.68823],[14.73946,51.68343],[14.73701,51.67943],[14.74677,51.67617],[14.75332,51.66413],[14.75755,51.6615],[14.75098,51.65226],[14.75589,51.64572],[14.7541,51.64081],[14.75613,51.63305],[14.75331,51.62801],[14.76323,51.61914],[14.76491,51.60704],[14.76103,51.60251],[14.75327,51.59924],[14.7514,51.59529],[14.74215,51.59301],[14.73242,51.58593],[14.72719,51.57536],[14.71124,51.56266],[14.71639,51.55519],[14.72359,51.55385],[14.72935,51.54974],[14.73144,51.54439],[14.72631,51.539],[14.72912,51.53144],[14.73672,51.52562],[14.74311,51.52526],[14.75182,51.5218],[14.76099,51.52323],[14.76527,51.519],[14.78769,51.51707],[14.79597,51.51787],[14.7987,51.5154],[14.8054,51.51419],[14.81178,51.50609],[14.81942,51.50764],[14.83241,51.5038],[14.83508,51.49941],[14.85164,51.48956],[14.86447,51.49047],[14.87163,51.48469],[14.88662,51.48794],[14.8978,51.48205],[14.90807,51.48398],[14.92235,51.48226],[14.92611,51.47348],[14.94909,51.47126],[14.95645,51.46337],[14.95586,51.45852],[14.96273,51.4532],[14.96685,51.44599],[14.97422,51.44167],[14.97007,51.43217],[14.96329,51.4342],[14.95863,51.43125],[14.96609,51.42677],[14.96418,51.42336],[14.96707,51.41732],[14.96447,51.41219],[14.95872,51.40975],[14.96784,51.40272],[14.96893,51.39773],[14.96273,51.39772],[14.95828,51.39534],[14.96353,51.39412],[14.96589,51.39136],[14.9647,51.38681],[14.9693,51.37908],[14.98374,51.37355],[14.97779,51.36964],[14.97717,51.36549],[14.96524,51.36108],[14.96738,51.35935],[14.97296,51.35974],[14.97622,51.35694],[14.97777,51.3417],[14.98615,51.32929],[14.99355,51.32826],[14.99314,51.32298],[15.00925,51.3163],[15.00665,51.31179],[15.01263,51.30858],[15.01201,51.30131],[15.02175,51.30062],[15.02922,51.2967],[15.02963,51.29465],[15.03348,51.29393],[15.03205,51.28726],[15.03532,51.28305],[15.03437,51.27744],[15.04179,51.27404],[15.04143,51.27208],[15.03676,51.27045],[15.03817,51.25848],[15.02518,51.25402],[15.02339,51.25071],[15.02638,51.24905],[15.02948,51.25142],[15.03762,51.2442],[15.03384,51.24106],[15.02833,51.24156],[15.02862,51.23705],[15.02351,51.23522],[15.02678,51.23369],[15.02554,51.23173],[15.0162,51.2276],[15.01688,51.21493],[15.00981,51.21345],[15.01306,51.20895],[15.0076,51.20451],[15.00765,51.19983],[15.01414,51.19827],[15.01438,51.19651],[15.00474,51.19088],[15.00878,51.18233],[15.00154,51.17238],[15.00504,51.16771],[14.99329,51.16283],[14.99423,51.15756],[15.00081,51.14995],[14.99588,51.14381],[14.99043,51.14215],[14.99537,51.13687],[14.99491,51.1239],[14.99777,51.12242],[14.98831,51.11631],[14.98148,51.11718],[14.9825,51.11313],[14.97826,51.10786],[14.98399,51.10226],[14.98393,51.09742],[14.98025,51.09605],[14.98401,51.09075],[14.97983,51.08979],[14.98012,51.08721],[14.97633,51.08701],[14.97928,51.07708],[14.96792,51.07142],[14.96801,51.06965],[14.97133,51.06953],[14.97131,51.06607],[14.96301,51.0579],[14.9644,51.04999],[14.95381,51.04668],[14.95172,51.04231],[14.94896,51.04283],[14.94822,51.03918],[14.95173,51.0378],[14.94644,51.03159],[14.94906,51.0306],[14.94564,51.02649],[14.94029,51.02609],[14.94243,51.02413],[14.93912,51.02348],[14.94011,51.02093],[14.93778,51.02212],[14.93521,51.02017],[14.93929,51.01702],[14.93798,51.01147],[14.92905,50.99798],[14.92612,50.99676],[14.92036,50.99785],[14.9172,50.9952],[14.91749,50.98997],[14.92029,50.98793],[14.91943,50.97534],[14.90308,50.97172],[14.90404,50.96749],[14.8996,50.96331],[14.90387,50.96122],[14.89762,50.95939],[14.89296,50.94958],[14.89655,50.94064],[14.89082,50.93524],[14.87686,50.93235],[14.86809,50.9179],[14.85163,50.91057],[14.84341,50.90066],[14.82043,50.88625],[14.81738,50.87958],[14.82475,50.86697],[14.82122,50.85937],[14.81025,50.85081],[14.80772,50.84642],[14.80066,50.82892],[14.80181,50.82486],[14.79288,50.81995],[14.7905,50.82408],[14.77926,50.81999],[14.76644,50.81935],[14.75873,50.82471],[14.74987,50.82432],[14.74495,50.82945],[14.7391,50.82897],[14.73434,50.82547],[14.72232,50.82208],[14.71638,50.82436],[14.71725,50.83056],[14.72007,50.83235],[14.70871,50.84089],[14.6902,50.838],[14.66479,50.84937],[14.64826,50.84872],[14.63248,50.85528],[14.61887,50.85771],[14.61873,50.86456],[14.62434,50.8687],[14.63623,50.89745],[14.6529,50.90549],[14.65022,50.93153],[14.63852,50.92995],[14.62812,50.92539],[14.61711,50.92554],[14.61261,50.9225],[14.60269,50.92132],[14.59326,50.91653],[14.58939,50.91704],[14.58321,50.91426],[14.56481,50.91835],[14.56066,50.92537],[14.57239,50.93795],[14.58068,50.94188],[14.58562,50.95216],[14.59607,50.96281],[14.59215,50.96676],[14.59674,50.96891],[14.60068,50.97952],[14.59851,50.98038],[14.59918,50.98711],[14.59506,50.98716],[14.58134,50.99354],[14.5787,51.00031],[14.56872,51.00433],[14.56453,51.01014],[14.56091,51.00699],[14.5347,51.00371],[14.53275,51.00563],[14.53506,51.00893],[14.53989,51.01038],[14.53215,51.01653],[14.49856,51.02206],[14.50115,51.03164],[14.50821,51.04315],[14.49979,51.04654],[14.49122,51.04353],[14.49423,51.03631],[14.49266,51.0234],[14.47437,51.0255],[14.47529,51.0295],[14.46545,51.03531],[14.45382,51.03589],[14.43542,51.02716],[14.43177,51.02341],[14.42179,51.01957],[14.41242,51.01877],[14.38991,51.02408],[14.38476,51.02696],[14.38257,51.03857],[14.37402,51.03861],[14.36199,51.04543],[14.35097,51.04272]]],[[[13.61723,52.36465],[13.61599,52.36604],[13.61349,52.36459],[13.60444,52.37421],[13.62795,52.38179],[13.63339,52.37628],[13.64336,52.37739],[13.6417,52.37095],[13.64681,52.37016],[13.64695,52.36873],[13.63426,52.37014],[13.62476,52.36896],[13.62686,52.36608],[13.61723,52.36465]]]]}},{"type":"Feature","id":"leipzig-mittelsachsen","bbox":[12.14765,50.86623,13.26661,51.68497],"properties":{"id":"leipzig-mittelsachsen","name":"Leipzig-Mittelsachsen","sitz":"Leipzig","einwohner":1242186,"flaecheKm2":5178.88,"kreise":["Kreisfreie Stadt Leipzig","Landkreis Delitzsch","Landkreis Döbeln-Mittweida","Landkreis Leipzig","Landkreis Muldental","Landkreis Torgau"],"quelle":"GeoPackage / Gesetzesentwurf"},"geometry":{"type":"MultiPolygon","coordinates":[[[[12.74746,50.88757],[12.74119,50.89506],[12.74244,50.90381],[12.73683,50.90699],[12.73212,50.90817],[12.72516,50.9029],[12.71843,50.90161],[12.70785,50.90238],[12.70814,50.90367],[12.70258,50.9053],[12.70482,50.90869],[12.69325,50.90311],[12.69224,50.90562],[12.68643,50.90695],[12.68367,50.90984],[12.67345,50.9108],[12.67897,50.91453],[12.67492,50.91355],[12.67503,50.91584],[12.6714,50.91668],[12.67131,50.9196],[12.66654,50.92286],[12.65287,50.92368],[12.64508,50.9262],[12.64166,50.92881],[12.64223,50.93317],[12.63763,50.9331],[12.63144,50.94015],[12.62436,50.93971],[12.62554,50.94223],[12.63011,50.9425],[12.62213,50.96343],[12.62129,50.97577],[12.61643,50.98528],[12.60731,50.99082],[12.60753,50.99673],[12.60169,50.99535],[12.60119,50.99273],[12.5916,50.99285],[12.59162,50.99133],[12.58102,50.98924],[12.57929,50.98514],[12.58381,50.98183],[12.5772,50.98419],[12.57278,50.99024],[12.55576,50.99749],[12.5509,50.99829],[12.53877,50.99638],[12.52835,50.99828],[12.52645,51.00149],[12.54018,51.00573],[12.53477,51.01563],[12.53664,51.01994],[12.53924,51.02041],[12.53885,51.02425],[12.53149,51.02543],[12.5189,51.02286],[12.51816,51.02735],[12.51437,51.02688],[12.51633,51.01822],[12.51284,51.01647],[12.50739,51.01728],[12.50933,51.02545],[12.51245,51.02642],[12.50289,51.0349],[12.50474,51.04489],[12.50193,51.05173],[12.50858,51.05306],[12.50446,51.06079],[12.49636,51.06625],[12.46947,51.06422],[12.46799,51.06784],[12.46291,51.0669],[12.45838,51.08455],[12.4531,51.08346],[12.45074,51.07731],[12.42098,51.07814],[12.4128,51.07582],[12.41045,51.07285],[12.39808,51.07852],[12.39296,51.08412],[12.38558,51.08349],[12.38472,51.08029],[12.37532,51.07711],[12.36103,51.0798],[12.35362,51.08461],[12.35658,51.09434],[12.33383,51.10344],[12.3316,51.10378],[12.32203,51.09753],[12.32345,51.09548],[12.32157,51.09462],[12.31146,51.09371],[12.30743,51.09451],[12.30483,51.09748],[12.28781,51.09077],[12.28355,51.09192],[12.28031,51.09589],[12.27864,51.09497],[12.27857,51.09928],[12.26277,51.10029],[12.26137,51.09795],[12.25308,51.09727],[12.25254,51.09959],[12.24394,51.10023],[12.24115,51.10289],[12.23036,51.10361],[12.22144,51.10978],[12.22382,51.11082],[12.22459,51.11932],[12.22237,51.11905],[12.22056,51.12304],[12.22389,51.12355],[12.22549,51.12037],[12.22907,51.12023],[12.23164,51.12374],[12.23483,51.12355],[12.23892,51.12624],[12.23739,51.1278],[12.24164,51.1307],[12.23014,51.1362],[12.19619,51.14191],[12.19719,51.15913],[12.20167,51.16139],[12.20626,51.1713],[12.21157,51.17236],[12.21213,51.17518],[12.20849,51.17623],[12.21232,51.17902],[12.21308,51.1835],[12.1934,51.18531],[12.17484,51.18133],[12.17374,51.19008],[12.18718,51.19146],[12.1856,51.19429],[12.1918,51.19573],[12.18959,51.20398],[12.20123,51.21344],[12.20474,51.2142],[12.20343,51.21672],[12.19811,51.2167],[12.19559,51.22362],[12.19208,51.23693],[12.19949,51.23842],[12.19888,51.23972],[12.19496,51.23877],[12.19315,51.2414],[12.18939,51.25762],[12.17374,51.25819],[12.17338,51.26605],[12.16624,51.26593],[12.17068,51.27474],[12.17226,51.28568],[12.16975,51.28569],[12.16895,51.29376],[12.1574,51.29228],[12.15533,51.30123],[12.15763,51.30208],[12.14765,51.31997],[12.16478,51.32084],[12.16683,51.32681],[12.19435,51.33057],[12.19026,51.35136],[12.19053,51.35393],[12.19552,51.3544],[12.19608,51.3604],[12.19192,51.36078],[12.19201,51.3623],[12.18609,51.36213],[12.18563,51.36596],[12.19364,51.36927],[12.19288,51.37148],[12.18176,51.36851],[12.18277,51.37452],[12.1895,51.37551],[12.18996,51.37945],[12.17774,51.37517],[12.17518,51.37589],[12.17772,51.37674],[12.17471,51.37941],[12.17744,51.38048],[12.17214,51.38416],[12.18483,51.38758],[12.17814,51.38915],[12.17486,51.4003],[12.17746,51.40097],[12.17775,51.40396],[12.17353,51.41026],[12.1832,51.41077],[12.18296,51.41411],[12.18656,51.41425],[12.18982,51.42085],[12.18586,51.42079],[12.18248,51.43238],[12.17103,51.43423],[12.16955,51.43031],[12.15721,51.43271],[12.15763,51.4443],[12.15422,51.44439],[12.15432,51.44604],[12.15839,51.44598],[12.15826,51.45124],[12.15314,51.45246],[12.15304,51.45754],[12.14867,51.45949],[12.14891,51.46311],[12.15315,51.46298],[12.1555,51.46501],[12.16299,51.46575],[12.16332,51.4674],[12.17552,51.46968],[12.17571,51.48222],[12.20308,51.48514],[12.201,51.49029],[12.20702,51.49206],[12.20486,51.49783],[12.20833,51.4981],[12.2079,51.50259],[12.19735,51.50286],[12.19635,51.50673],[12.1904,51.50777],[12.19384,51.5084],[12.19381,51.51866],[12.19116,51.52009],[12.19277,51.5313],[12.20194,51.53133],[12.20147,51.53457],[12.20717,51.53525],[12.20693,51.53968],[12.21022,51.53981],[12.21013,51.54192],[12.22217,51.54445],[12.21902,51.54651],[12.23135,51.54735],[12.23005,51.55283],[12.23605,51.55297],[12.2329,51.56113],[12.24321,51.56688],[12.2464,51.56635],[12.25048,51.55895],[12.25343,51.5606],[12.29318,51.56056],[12.29321,51.5649],[12.29688,51.5651],[12.29722,51.56667],[12.3012,51.56536],[12.31326,51.5685],[12.32056,51.57467],[12.31938,51.57758],[12.34091,51.57981],[12.34362,51.58258],[12.33641,51.58478],[12.3375,51.58641],[12.34803,51.584],[12.34837,51.58665],[12.36768,51.58309],[12.3689,51.58501],[12.37451,51.58452],[12.36649,51.58679],[12.36686,51.58801],[12.3816,51.58541],[12.39226,51.58563],[12.39178,51.58776],[12.39622,51.58705],[12.39714,51.58494],[12.41142,51.58201],[12.42542,51.58213],[12.42387,51.5881],[12.42733,51.5993],[12.43339,51.59762],[12.43682,51.59931],[12.43816,51.60247],[12.4334,51.60395],[12.43331,51.60583],[12.43839,51.60517],[12.44396,51.60987],[12.44806,51.6097],[12.45032,51.60652],[12.46058,51.60326],[12.47112,51.60519],[12.48637,51.60428],[12.48719,51.60101],[12.47714,51.59628],[12.48299,51.59318],[12.4901,51.5982],[12.49746,51.59656],[12.49766,51.60299],[12.49502,51.60413],[12.50354,51.60455],[12.50701,51.60846],[12.51576,51.60579],[12.53448,51.60609],[12.53747,51.60247],[12.54145,51.6025],[12.54464,51.60371],[12.54171,51.60744],[12.55998,51.60852],[12.56283,51.61376],[12.57027,51.61688],[12.5747,51.61543],[12.58026,51.62607],[12.58594,51.62549],[12.5864,51.62237],[12.59128,51.62249],[12.59186,51.61836],[12.59549,51.61838],[12.60453,51.62625],[12.62417,51.62798],[12.62923,51.62524],[12.62393,51.62182],[12.62236,51.61645],[12.61198,51.61426],[12.60833,51.6106],[12.62277,51.61564],[12.63711,51.61709],[12.64911,51.62045],[12.64873,51.62505],[12.65789,51.63032],[12.66585,51.6316],[12.66652,51.64223],[12.67702,51.64984],[12.67869,51.65624],[12.68668,51.66199],[12.6933,51.66243],[12.69938,51.66053],[12.70622,51.66237],[12.71684,51.66131],[12.73101,51.65633],[12.74016,51.65555],[12.74994,51.65006],[12.76009,51.64969],[12.76484,51.64829],[12.76461,51.64657],[12.77271,51.64751],[12.78221,51.65384],[12.79253,51.6655],[12.81774,51.6704],[12.82029,51.67294],[12.83181,51.67602],[12.82788,51.68225],[12.83207,51.68115],[12.8419,51.68222],[12.84386,51.68497],[12.85903,51.67619],[12.85678,51.6727],[12.85896,51.6722],[12.86047,51.67474],[12.86223,51.67378],[12.86087,51.66471],[12.86652,51.66396],[12.86386,51.66151],[12.86748,51.65651],[12.86579,51.65503],[12.87277,51.65828],[12.88039,51.65906],[12.88919,51.66688],[12.89552,51.66246],[12.89081,51.65397],[12.90017,51.64648],[12.9086,51.64653],[12.91341,51.64412],[12.91523,51.64846],[12.92811,51.64957],[12.93598,51.64578],[12.94216,51.63801],[12.95236,51.64359],[12.94953,51.64943],[12.95826,51.65128],[12.96315,51.64957],[12.96504,51.65144],[12.9715,51.65025],[12.96682,51.66566],[12.97942,51.6632],[12.98176,51.66487],[12.9772,51.66636],[12.9778,51.66825],[12.99629,51.66925],[12.99864,51.66714],[13.00143,51.66756],[13.00525,51.66186],[13.01157,51.66455],[13.01719,51.65963],[13.02047,51.65339],[13.01786,51.64435],[13.02347,51.6373],[13.05103,51.64768],[13.07741,51.62112],[13.07618,51.61966],[13.08066,51.61773],[13.0863,51.60814],[13.09384,51.60588],[13.09802,51.6081],[13.09692,51.60922],[13.10487,51.60968],[13.10338,51.61231],[13.09967,51.6115],[13.0971,51.61631],[13.10397,51.61647],[13.10675,51.61163],[13.11168,51.61284],[13.11044,51.61484],[13.11495,51.61575],[13.11486,51.61773],[13.12103,51.61889],[13.1345,51.60567],[13.14384,51.60046],[13.14378,51.59787],[13.15495,51.6002],[13.16177,51.59215],[13.15491,51.5894],[13.15321,51.58241],[13.14104,51.57117],[13.14672,51.56345],[13.15861,51.56426],[13.16083,51.55897],[13.18557,51.55808],[13.19006,51.53959],[13.20052,51.52604],[13.20796,51.52435],[13.20704,51.50494],[13.20205,51.50412],[13.20392,51.49878],[13.19677,51.49361],[13.20129,51.49172],[13.1969,51.4883],[13.19207,51.48805],[13.18907,51.49107],[13.1823,51.49196],[13.18705,51.48575],[13.18292,51.47134],[13.18972,51.4649],[13.20308,51.45873],[13.20312,51.45101],[13.19248,51.4417],[13.19184,51.43691],[13.18476,51.43851],[13.17508,51.43278],[13.17428,51.4294],[13.1752,51.42712],[13.18465,51.42379],[13.18837,51.42628],[13.18942,51.43426],[13.19339,51.43578],[13.19975,51.43323],[13.2037,51.42849],[13.20219,51.41638],[13.21015,51.40474],[13.20782,51.40424],[13.2046,51.40934],[13.1999,51.41132],[13.20506,51.40479],[13.20333,51.40026],[13.19884,51.39924],[13.20133,51.39499],[13.19735,51.39633],[13.19063,51.39455],[13.19142,51.38871],[13.18628,51.38612],[13.18829,51.38233],[13.18359,51.38078],[13.18222,51.3777],[13.18289,51.3751],[13.19687,51.37314],[13.20296,51.36815],[13.20662,51.36918],[13.20831,51.36692],[13.20461,51.36608],[13.20296,51.36274],[13.19193,51.35853],[13.20433,51.35576],[13.2021,51.35108],[13.19865,51.35104],[13.19972,51.34901],[13.20536,51.34784],[13.21203,51.34335],[13.20242,51.32948],[13.2063,51.31293],[13.20871,51.31187],[13.20577,51.31161],[13.21442,51.29349],[13.2135,51.28853],[13.20769,51.2889],[13.20983,51.27818],[13.2068,51.27748],[13.21664,51.26918],[13.20871,51.26401],[13.2088,51.25992],[13.20333,51.26081],[13.20232,51.25924],[13.19686,51.25867],[13.19624,51.26105],[13.19407,51.26068],[13.19466,51.2558],[13.20071,51.25162],[13.19662,51.25022],[13.19556,51.24701],[13.20075,51.24644],[13.20697,51.2404],[13.19795,51.236],[13.20158,51.23285],[13.19871,51.23041],[13.20151,51.22938],[13.20205,51.22264],[13.20756,51.21744],[13.20514,51.21714],[13.20502,51.21318],[13.19251,51.21169],[13.20051,51.20381],[13.20842,51.20242],[13.21421,51.18263],[13.21147,51.1819],[13.21092,51.17574],[13.22506,51.17567],[13.22557,51.17285],[13.22916,51.17191],[13.22788,51.16962],[13.23627,51.16906],[13.23666,51.16606],[13.24334,51.16087],[13.24524,51.16322],[13.25384,51.16255],[13.25301,51.15469],[13.25694,51.15447],[13.25771,51.15038],[13.25203,51.14819],[13.25044,51.1414],[13.25879,51.1416],[13.25882,51.14039],[13.24947,51.13746],[13.24975,51.13325],[13.2475,51.13206],[13.2523,51.12521],[13.24873,51.12485],[13.25076,51.11833],[13.24642,51.11744],[13.24633,51.11408],[13.23766,51.11246],[13.2375,51.11533],[13.22719,51.11368],[13.22728,51.10244],[13.23163,51.10647],[13.24218,51.10726],[13.24145,51.11082],[13.24374,51.11167],[13.25122,51.11088],[13.25078,51.10467],[13.25343,51.105],[13.25406,51.09912],[13.25733,51.09577],[13.25528,51.09438],[13.2585,51.09193],[13.25833,51.08984],[13.25548,51.09017],[13.25455,51.07687],[13.25999,51.06849],[13.25577,51.06365],[13.24209,51.06449],[13.24249,51.05986],[13.24639,51.05823],[13.246,51.05395],[13.25462,51.05462],[13.25609,51.05261],[13.26642,51.05146],[13.26661,51.0493],[13.2609,51.04868],[13.25637,51.04548],[13.26062,51.03915],[13.25225,51.03552],[13.2426,51.028],[13.24022,51.02976],[13.23887,51.02876],[13.24222,51.02653],[13.23996,51.01764],[13.2289,51.01256],[13.22062,51.01151],[13.21921,51.00908],[13.22619,51.00291],[13.21665,51.00021],[13.21859,50.99715],[13.22291,50.99782],[13.22568,50.98709],[13.22066,50.98465],[13.21861,50.97937],[13.2133,50.97821],[13.20561,50.97316],[13.2045,50.97033],[13.2078,50.96964],[13.20133,50.96647],[13.20258,50.96347],[13.19992,50.96236],[13.20065,50.957],[13.20462,50.95442],[13.1985,50.94858],[13.20309,50.94896],[13.20464,50.94727],[13.19919,50.94316],[13.20207,50.93781],[13.20964,50.93201],[13.20346,50.9282],[13.19107,50.92802],[13.18203,50.9163],[13.17198,50.91018],[13.16635,50.91013],[13.16593,50.90591],[13.15983,50.9071],[13.16253,50.89673],[13.14916,50.89685],[13.13812,50.89346],[13.13408,50.89486],[13.12126,50.88412],[13.12235,50.87918],[13.10755,50.87644],[13.09762,50.87869],[13.09753,50.87508],[13.0941,50.87423],[13.08476,50.87698],[13.08418,50.87452],[13.07929,50.87517],[13.06364,50.87975],[13.04761,50.87387],[13.04229,50.87692],[13.03934,50.87607],[13.03385,50.87759],[13.03166,50.88473],[13.02346,50.8883],[13.02153,50.89253],[13.01944,50.89071],[13.01477,50.89116],[13.00711,50.88835],[12.99056,50.88812],[12.98798,50.89467],[12.97863,50.89135],[12.97533,50.89481],[12.96774,50.89516],[12.96455,50.89261],[12.95324,50.89294],[12.95531,50.89033],[12.95176,50.8873],[12.94823,50.88712],[12.94702,50.89111],[12.94546,50.88956],[12.94097,50.89074],[12.93722,50.88873],[12.92697,50.88989],[12.92434,50.88658],[12.92102,50.88626],[12.91101,50.89133],[12.89739,50.89217],[12.89911,50.89404],[12.89483,50.89509],[12.89794,50.90199],[12.88824,50.90383],[12.87147,50.90036],[12.8691,50.90185],[12.86132,50.89828],[12.84871,50.89807],[12.83636,50.89133],[12.83789,50.88794],[12.83243,50.88806],[12.82755,50.88529],[12.82357,50.87678],[12.81925,50.8774],[12.80757,50.86831],[12.79966,50.86623],[12.79664,50.86675],[12.79318,50.87208],[12.78624,50.86897],[12.7841,50.8706],[12.77752,50.867],[12.77193,50.8705],[12.77677,50.87471],[12.76972,50.87676],[12.7742,50.88077],[12.76581,50.87854],[12.76279,50.88294],[12.75749,50.88366],[12.75214,50.88958],[12.74746,50.88757]]]]}},{"type":"Feature","id":"magdeburg-anhalt","bbox":[10.75532,51.53132,12.58026,52.94163],"properties":{"id":"magdeburg-anhalt","name":"Magdeburg-Anhalt","sitz":"Magdeburg","einwohner":989950,"flaecheKm2":9613.2,"kreise":["Kreisfreie Stadt Dessau-Roßlau","Kreisfreie Stadt Magdeburg","Landkreis Altmarkkreis Salzwedel","Landkreis Anhalt-Bitterfeld","Landkreis Börde","Landkreis Jerichower Land","Landkreis Salzlandkreis"],"quelle":"GeoPackage / Gesetzesentwurf"},"geometry":{"type":"MultiPolygon","coordinates":[[[[11.59745,51.70111],[11.58387,51.7005],[11.58507,51.69282],[11.58181,51.69416],[11.57736,51.69401],[11.57766,51.69229],[11.5669,51.69246],[11.56225,51.68837],[11.54661,51.68503],[11.53898,51.68612],[11.53696,51.68501],[11.5333,51.68779],[11.51856,51.68827],[11.5164,51.70456],[11.50981,51.71107],[11.50159,51.71248],[11.49776,51.71666],[11.48762,51.71546],[11.47282,51.71958],[11.47045,51.71738],[11.46326,51.71779],[11.46231,51.72213],[11.45635,51.723],[11.45241,51.7211],[11.45234,51.71744],[11.44879,51.71806],[11.44637,51.7128],[11.43068,51.71752],[11.43204,51.72159],[11.42131,51.72244],[11.42172,51.72386],[11.39777,51.73128],[11.40739,51.74297],[11.40259,51.7443],[11.40618,51.7454],[11.40887,51.75027],[11.40362,51.75138],[11.40294,51.7561],[11.39534,51.75816],[11.40394,51.76189],[11.39976,51.76228],[11.4002,51.76485],[11.3979,51.76503],[11.3995,51.76945],[11.37656,51.77465],[11.34666,51.77867],[11.34264,51.77227],[11.33669,51.77406],[11.33011,51.76065],[11.32469,51.75752],[11.31233,51.75978],[11.29732,51.75933],[11.29795,51.76152],[11.27787,51.7703],[11.27113,51.78509],[11.27357,51.79476],[11.2529,51.79982],[11.23963,51.80825],[11.25608,51.81374],[11.25401,51.81932],[11.26117,51.82875],[11.26365,51.8276],[11.26691,51.83457],[11.27472,51.83244],[11.27758,51.8298],[11.27912,51.83247],[11.28654,51.82924],[11.28899,51.83057],[11.29342,51.82918],[11.30327,51.83594],[11.30864,51.83543],[11.30945,51.83817],[11.31848,51.83716],[11.32027,51.84834],[11.32328,51.84913],[11.32661,51.84685],[11.33442,51.84665],[11.33849,51.85324],[11.33439,51.85565],[11.33118,51.8522],[11.32718,51.85465],[11.33113,51.85812],[11.32981,51.85983],[11.33781,51.86388],[11.33754,51.86619],[11.33443,51.86595],[11.33248,51.86882],[11.33648,51.87122],[11.33223,51.87515],[11.33711,51.87617],[11.33915,51.87399],[11.34452,51.87536],[11.33319,51.88553],[11.32804,51.88723],[11.3405,51.90071],[11.34006,51.90417],[11.33179,51.90604],[11.32544,51.90024],[11.31529,51.90411],[11.31138,51.89977],[11.29844,51.90459],[11.2979,51.90928],[11.29609,51.90701],[11.29779,51.90538],[11.28185,51.90556],[11.27398,51.90806],[11.27489,51.90518],[11.26912,51.90187],[11.25931,51.90307],[11.25924,51.89863],[11.27617,51.89746],[11.27761,51.89476],[11.27396,51.8929],[11.27197,51.89571],[11.26162,51.89341],[11.25695,51.89686],[11.25178,51.89727],[11.24993,51.90136],[11.22626,51.90873],[11.22239,51.91918],[11.21031,51.91737],[11.2084,51.92276],[11.19821,51.92622],[11.19498,51.92619],[11.19383,51.92437],[11.19079,51.92646],[11.18319,51.92069],[11.17975,51.92204],[11.18025,51.91938],[11.17498,51.91691],[11.16987,51.92027],[11.16059,51.93982],[11.16552,51.94417],[11.17194,51.94585],[11.18028,51.95595],[11.17361,51.95802],[11.1755,51.96555],[11.16824,51.96752],[11.15531,51.96581],[11.15317,51.96846],[11.15001,51.96858],[11.15171,51.9721],[11.15838,51.97476],[11.16246,51.97995],[11.15166,51.98493],[11.15287,52.00031],[11.11166,52.00024],[11.10954,52.00289],[11.10217,52.00268],[11.09338,52.0055],[11.09219,52.01186],[11.08449,52.01168],[11.08364,52.02679],[11.07454,52.02348],[11.06867,52.02481],[11.06701,52.02848],[11.07016,52.03785],[11.06204,52.0396],[11.06192,52.03678],[11.05754,52.0367],[11.02537,52.0399],[11.01272,52.0467],[10.98661,52.05169],[10.96832,52.05324],[10.96441,52.05664],[10.97305,52.07312],[10.97065,52.08626],[10.9671,52.08838],[10.95847,52.08798],[10.94067,52.09571],[10.94362,52.09923],[10.94216,52.10309],[10.96567,52.10712],[10.97688,52.10573],[11.00916,52.11993],[11.01747,52.12826],[11.02757,52.12936],[11.0283,52.13118],[11.03778,52.13407],[11.04414,52.13367],[11.04634,52.13694],[11.04504,52.14355],[11.06043,52.15347],[11.05462,52.16026],[11.06096,52.16482],[11.06034,52.17239],[11.03592,52.17173],[11.01924,52.17809],[11.01431,52.18191],[11.01317,52.18588],[11.01365,52.19956],[11.01769,52.19825],[11.02458,52.2011],[11.02139,52.20498],[11.02666,52.20823],[11.02431,52.20938],[11.02945,52.21145],[11.03446,52.21031],[11.04488,52.21506],[11.07718,52.21868],[11.07886,52.22465],[11.08624,52.22863],[11.07327,52.24324],[11.05891,52.24065],[11.05237,52.25374],[11.05631,52.25873],[11.05113,52.2628],[11.05217,52.26736],[11.04294,52.27201],[11.03617,52.27227],[11.02907,52.27012],[11.02008,52.28214],[11.0138,52.28665],[11.01251,52.29132],[11.02184,52.2966],[11.02958,52.29736],[11.03922,52.30167],[11.03559,52.30341],[11.03602,52.3104],[11.03336,52.31004],[11.02023,52.31912],[11.01162,52.32824],[11.00905,52.3285],[11.00887,52.32692],[11.00576,52.32893],[11.00108,52.32748],[10.99998,52.32971],[11.0048,52.33075],[11.00208,52.33659],[10.99025,52.33664],[10.99135,52.33533],[10.98791,52.33502],[10.98367,52.34169],[10.99255,52.34438],[10.99383,52.34202],[10.99625,52.34212],[11.00234,52.34475],[11.0048,52.34386],[11.00705,52.34568],[11.02298,52.34743],[11.0236,52.34423],[11.03037,52.34591],[11.03736,52.34474],[11.04037,52.34733],[11.04405,52.34688],[11.04394,52.34934],[11.05747,52.35033],[11.06161,52.35745],[11.06381,52.35415],[11.06868,52.35548],[11.067,52.36988],[11.07374,52.3717],[11.07448,52.3744],[11.06985,52.37452],[11.06881,52.37652],[11.06654,52.3732],[11.06083,52.38021],[11.0545,52.38139],[11.04675,52.38787],[11.039,52.38891],[11.04187,52.38638],[11.0363,52.38521],[11.03421,52.38857],[11.02295,52.39264],[11.01851,52.38849],[11.01516,52.38811],[11.0189,52.39217],[11.01648,52.39486],[11.0187,52.39704],[11.00558,52.40887],[10.99165,52.41333],[10.99463,52.41511],[10.98941,52.4203],[10.97331,52.43049],[10.96226,52.43474],[10.95639,52.44475],[10.9488,52.44859],[10.94782,52.45395],[10.93375,52.46095],[10.93458,52.47617],[10.94098,52.4766],[10.94356,52.49235],[10.94999,52.49561],[10.97484,52.50136],[10.98226,52.49696],[11.00878,52.49675],[10.95899,52.53555],[10.94234,52.55595],[10.94304,52.56049],[10.93758,52.5674],[10.94144,52.57187],[10.94169,52.57974],[10.94744,52.58255],[10.93982,52.58957],[10.95326,52.59287],[10.95952,52.59989],[10.97165,52.60333],[10.97563,52.60682],[10.97697,52.62414],[10.96425,52.62585],[10.94561,52.62021],[10.94385,52.61506],[10.9271,52.60923],[10.92139,52.60987],[10.92503,52.6146],[10.91505,52.61763],[10.9131,52.6241],[10.90438,52.62747],[10.89687,52.64271],[10.87903,52.656],[10.87776,52.66383],[10.85968,52.67459],[10.84609,52.69014],[10.83751,52.69581],[10.83313,52.70094],[10.83616,52.7077],[10.8297,52.71614],[10.82446,52.71797],[10.80343,52.71387],[10.7967,52.71433],[10.79328,52.72997],[10.78818,52.73317],[10.79167,52.7482],[10.78765,52.75297],[10.77621,52.75479],[10.77548,52.76236],[10.75532,52.78483],[10.76174,52.80273],[10.75686,52.81939],[10.76665,52.82619],[10.76399,52.83021],[10.77173,52.83395],[10.7647,52.84048],[10.76669,52.84219],[10.79615,52.84364],[10.80055,52.85029],[10.83477,52.84748],[10.84156,52.8522],[10.86037,52.85165],[10.85921,52.85334],[10.8661,52.85573],[10.87417,52.8527],[10.87684,52.84775],[10.89062,52.8459],[10.89567,52.85637],[10.91502,52.85318],[10.93963,52.85334],[10.95781,52.86777],[10.95772,52.8698],[10.9679,52.87572],[10.96808,52.87932],[10.97409,52.87743],[10.97881,52.87815],[10.98597,52.88246],[10.9901,52.88819],[10.98905,52.89905],[10.99356,52.90353],[10.99257,52.90646],[11.00049,52.91126],[11.01308,52.90989],[11.03547,52.91159],[11.03905,52.9134],[11.06587,52.90945],[11.07875,52.91296],[11.09868,52.91288],[11.09319,52.89947],[11.11315,52.89572],[11.1353,52.89765],[11.15467,52.90187],[11.15526,52.90621],[11.18269,52.90129],[11.22065,52.89767],[11.21917,52.89268],[11.23063,52.89135],[11.23576,52.88861],[11.23794,52.88061],[11.24113,52.87902],[11.26724,52.88014],[11.27657,52.88753],[11.29066,52.88913],[11.29421,52.88713],[11.29541,52.87491],[11.31425,52.87824],[11.33686,52.88636],[11.33718,52.88836],[11.34996,52.88888],[11.37469,52.90024],[11.38611,52.90234],[11.38478,52.90358],[11.39246,52.90168],[11.40658,52.9041],[11.42608,52.91992],[11.43289,52.91975],[11.45444,52.9334],[11.47006,52.93893],[11.49176,52.94163],[11.50503,52.94103],[11.51771,52.92824],[11.51908,52.93105],[11.53387,52.92512],[11.55032,52.92175],[11.55748,52.92762],[11.54435,52.93552],[11.56045,52.93595],[11.55978,52.93302],[11.56839,52.93031],[11.57192,52.9213],[11.57664,52.91679],[11.59355,52.90914],[11.60165,52.9028],[11.60817,52.90083],[11.62288,52.90184],[11.63692,52.89847],[11.62561,52.88492],[11.61692,52.88449],[11.6132,52.88194],[11.62435,52.87751],[11.62764,52.87339],[11.63214,52.86075],[11.62607,52.85597],[11.60643,52.85482],[11.59274,52.85667],[11.57559,52.85214],[11.57205,52.84782],[11.55383,52.85114],[11.53541,52.85225],[11.52755,52.8422],[11.51277,52.84035],[11.46882,52.84157],[11.47868,52.82542],[11.47881,52.81589],[11.48101,52.81463],[11.50288,52.81292],[11.53062,52.8147],[11.53841,52.80184],[11.54032,52.7984],[11.52879,52.79534],[11.51356,52.7869],[11.50453,52.78614],[11.50618,52.78146],[11.50837,52.78137],[11.50619,52.77323],[11.50881,52.76978],[11.52058,52.77091],[11.5282,52.76972],[11.54221,52.77269],[11.55352,52.76752],[11.56265,52.76623],[11.56227,52.76498],[11.55399,52.75601],[11.53923,52.7487],[11.5299,52.7473],[11.52253,52.74256],[11.52334,52.73463],[11.52101,52.73502],[11.5203,52.72564],[11.5233,52.72092],[11.5234,52.71282],[11.51625,52.70304],[11.48527,52.68781],[11.48353,52.69099],[11.47399,52.68741],[11.47849,52.68097],[11.47401,52.67344],[11.48062,52.67183],[11.48303,52.66932],[11.4908,52.65208],[11.47973,52.65123],[11.4606,52.64258],[11.45474,52.64424],[11.45692,52.63963],[11.45492,52.63824],[11.42108,52.63708],[11.42347,52.64258],[11.41544,52.63456],[11.39653,52.62235],[11.39832,52.61984],[11.41534,52.61848],[11.41371,52.61681],[11.4207,52.61081],[11.43785,52.61091],[11.4378,52.61567],[11.44139,52.6155],[11.44121,52.6124],[11.45225,52.61145],[11.45098,52.60693],[11.45719,52.60502],[11.45959,52.60668],[11.46407,52.60447],[11.46886,52.60539],[11.47201,52.60906],[11.48669,52.60687],[11.48693,52.60222],[11.49321,52.60345],[11.49244,52.60701],[11.50668,52.60809],[11.52314,52.6157],[11.53206,52.61492],[11.53819,52.61735],[11.56376,52.61379],[11.58844,52.61647],[11.58891,52.60566],[11.59132,52.6049],[11.58765,52.60374],[11.58919,52.6005],[11.58595,52.59941],[11.58124,52.60232],[11.57932,52.6015],[11.58715,52.59373],[11.58664,52.59177],[11.57963,52.59184],[11.5773,52.5894],[11.57849,52.58697],[11.58907,52.58523],[11.57898,52.5569],[11.57128,52.54724],[11.57419,52.5344],[11.56896,52.52467],[11.57584,52.5214],[11.59054,52.52006],[11.58608,52.49786],[11.59007,52.4881],[11.60516,52.49378],[11.58716,52.45869],[11.6431,52.46985],[11.63867,52.46458],[11.6626,52.46288],[11.67316,52.46408],[11.69098,52.45926],[11.70008,52.45916],[11.71678,52.42772],[11.72592,52.42973],[11.73296,52.42438],[11.72556,52.41427],[11.71793,52.41046],[11.71903,52.40781],[11.72267,52.40939],[11.74814,52.40302],[11.76707,52.40241],[11.77411,52.39956],[11.77954,52.40235],[11.78238,52.40023],[11.78568,52.40197],[11.78254,52.40432],[11.78946,52.41123],[11.78877,52.41346],[11.78206,52.41514],[11.77906,52.41292],[11.77428,52.41511],[11.77349,52.41818],[11.78198,52.42111],[11.78586,52.41944],[11.78316,52.4167],[11.79524,52.42153],[11.78948,52.41513],[11.80196,52.41066],[11.80775,52.41358],[11.81535,52.41339],[11.81719,52.41486],[11.84062,52.40097],[11.83504,52.38994],[11.83422,52.38166],[11.8181,52.37217],[11.82809,52.37203],[11.83064,52.36317],[11.84342,52.35467],[11.85453,52.3561],[11.85715,52.34737],[11.84503,52.34595],[11.85189,52.33158],[11.87659,52.34446],[11.90084,52.3542],[11.91221,52.37115],[11.93948,52.3745],[11.94082,52.37986],[11.92914,52.38682],[11.92899,52.39191],[11.93839,52.39601],[11.96324,52.40141],[11.97743,52.41971],[11.99259,52.43118],[11.9932,52.4486],[12.00124,52.45799],[12.00164,52.46243],[11.98704,52.47521],[11.98327,52.49661],[11.97391,52.50617],[11.96314,52.51236],[11.95997,52.51777],[11.96307,52.52378],[11.98016,52.53749],[11.98546,52.55056],[11.98572,52.56751],[11.98851,52.57574],[11.99867,52.57095],[11.99453,52.56725],[11.9985,52.55988],[11.99627,52.55499],[11.99911,52.54636],[11.99226,52.543],[11.99278,52.53642],[11.98817,52.53549],[11.98728,52.53197],[11.9935,52.52539],[11.9915,52.51899],[12.00982,52.52031],[12.01234,52.52316],[12.02061,52.5248],[12.03742,52.523],[12.04754,52.52684],[12.05102,52.52511],[12.06275,52.53493],[12.07737,52.53989],[12.08108,52.53505],[12.08853,52.5341],[12.10321,52.52436],[12.10303,52.51161],[12.1125,52.50657],[12.13727,52.50796],[12.14145,52.51375],[12.14498,52.50755],[12.15233,52.50353],[12.1624,52.50099],[12.17129,52.50618],[12.1847,52.49578],[12.19058,52.49887],[12.19681,52.49908],[12.20106,52.49724],[12.20719,52.49919],[12.2115,52.50313],[12.21746,52.50021],[12.22168,52.50067],[12.22776,52.50595],[12.224,52.51153],[12.23164,52.51623],[12.23105,52.52188],[12.23556,52.52378],[12.24498,52.52152],[12.24677,52.51886],[12.25441,52.51934],[12.25822,52.51789],[12.25992,52.50423],[12.27008,52.501],[12.26245,52.49547],[12.27001,52.49367],[12.27145,52.48748],[12.27844,52.48718],[12.2853,52.4926],[12.29437,52.49246],[12.29714,52.49614],[12.31069,52.49087],[12.32076,52.49551],[12.33038,52.49637],[12.32767,52.49141],[12.31587,52.49059],[12.30936,52.48626],[12.30873,52.47898],[12.31634,52.47514],[12.32363,52.47652],[12.32746,52.47949],[12.33078,52.47856],[12.32526,52.47209],[12.32512,52.46423],[12.31508,52.46046],[12.31668,52.45238],[12.30434,52.4505],[12.30325,52.44596],[12.30757,52.44431],[12.30229,52.43881],[12.30268,52.43449],[12.28925,52.43069],[12.29699,52.42378],[12.27447,52.41606],[12.27484,52.41227],[12.29234,52.40754],[12.2994,52.40911],[12.30233,52.40501],[12.30329,52.39755],[12.29537,52.39242],[12.29181,52.38614],[12.29427,52.38142],[12.30599,52.37743],[12.30065,52.37109],[12.28609,52.36888],[12.28381,52.36425],[12.29798,52.35328],[12.29775,52.3508],[12.30813,52.3447],[12.29006,52.323],[12.28438,52.32153],[12.28153,52.31842],[12.27298,52.30477],[12.26277,52.29507],[12.25108,52.27243],[12.2511,52.26423],[12.25467,52.26189],[12.24776,52.2553],[12.24465,52.24844],[12.26154,52.24609],[12.25801,52.24315],[12.27068,52.24172],[12.26978,52.24033],[12.27526,52.23627],[12.26424,52.23689],[12.26175,52.2361],[12.26453,52.23355],[12.28378,52.23451],[12.28862,52.22922],[12.2942,52.22967],[12.27883,52.21704],[12.26767,52.21451],[12.26026,52.21645],[12.24892,52.21174],[12.24525,52.20739],[12.25368,52.20565],[12.25095,52.20103],[12.2418,52.19428],[12.24829,52.18422],[12.24156,52.18198],[12.22859,52.18598],[12.21678,52.17007],[12.22047,52.16667],[12.234,52.16279],[12.2313,52.15495],[12.24532,52.13873],[12.26316,52.13276],[12.26511,52.13066],[12.27196,52.11005],[12.27672,52.10402],[12.29224,52.10138],[12.30014,52.09622],[12.31582,52.09237],[12.33311,52.06606],[12.34809,52.0593],[12.35978,52.0465],[12.37612,52.04512],[12.37382,52.02765],[12.37594,52.02261],[12.36899,52.02257],[12.36503,52.02773],[12.35454,52.02689],[12.33946,52.01901],[12.32173,51.9999],[12.30984,51.99613],[12.29454,51.99695],[12.27799,51.99482],[12.27862,51.99344],[12.26797,51.98922],[12.25546,51.98753],[12.25912,51.98253],[12.25468,51.98154],[12.25201,51.97707],[12.26247,51.97908],[12.26286,51.98067],[12.28013,51.97949],[12.28225,51.96414],[12.27879,51.96332],[12.27957,51.96042],[12.26958,51.95831],[12.28117,51.94667],[12.27937,51.94544],[12.28337,51.94353],[12.28614,51.94538],[12.29066,51.94354],[12.30069,51.94866],[12.30129,51.95164],[12.30611,51.9521],[12.31264,51.94934],[12.32059,51.93999],[12.308,51.93181],[12.31036,51.91464],[12.31983,51.91262],[12.31507,51.90706],[12.31925,51.90435],[12.31668,51.90208],[12.32049,51.89816],[12.32096,51.88815],[12.31895,51.8847],[12.31028,51.88572],[12.29538,51.88029],[12.29613,51.87711],[12.28441,51.86465],[12.28462,51.86127],[12.28985,51.85734],[12.29157,51.85877],[12.29352,51.85792],[12.29501,51.85594],[12.29153,51.85536],[12.29596,51.85306],[12.29652,51.85463],[12.29925,51.85402],[12.30741,51.84429],[12.31895,51.83883],[12.3179,51.83221],[12.32378,51.82464],[12.32139,51.81563],[12.31736,51.81645],[12.30673,51.8074],[12.30649,51.80387],[12.31987,51.79607],[12.31961,51.79335],[12.3411,51.78962],[12.34293,51.78634],[12.33833,51.77987],[12.34769,51.77078],[12.34256,51.75599],[12.34292,51.75291],[12.34894,51.7508],[12.3431,51.749],[12.35142,51.73605],[12.34537,51.73517],[12.34623,51.73389],[12.33591,51.73545],[12.33596,51.7294],[12.32805,51.72953],[12.32806,51.72679],[12.32391,51.72655],[12.32648,51.71767],[12.3486,51.71979],[12.35479,51.71422],[12.35473,51.71169],[12.36397,51.70707],[12.35423,51.70408],[12.34478,51.70363],[12.34939,51.6944],[12.35056,51.6845],[12.36082,51.6852],[12.36986,51.69085],[12.37161,51.69477],[12.38558,51.69816],[12.398,51.69416],[12.40406,51.69408],[12.41408,51.69567],[12.43447,51.70371],[12.44349,51.70316],[12.45993,51.70531],[12.47462,51.7028],[12.47145,51.69246],[12.47438,51.68229],[12.49513,51.68253],[12.49747,51.67069],[12.50847,51.66722],[12.51706,51.66049],[12.52963,51.66433],[12.54888,51.66402],[12.54966,51.6684],[12.57407,51.66743],[12.57197,51.64778],[12.56952,51.64278],[12.56649,51.64245],[12.5694,51.64168],[12.57045,51.63706],[12.55948,51.63805],[12.5615,51.63549],[12.57612,51.6302],[12.57495,51.62703],[12.58026,51.62607],[12.5747,51.61543],[12.57027,51.61688],[12.56283,51.61376],[12.55998,51.60852],[12.54171,51.60744],[12.54464,51.60371],[12.54145,51.6025],[12.53747,51.60247],[12.53448,51.60609],[12.51576,51.60579],[12.50701,51.60846],[12.50354,51.60455],[12.49502,51.60413],[12.49766,51.60299],[12.49746,51.59656],[12.4901,51.5982],[12.482,51.59314],[12.47714,51.59628],[12.48719,51.60101],[12.48637,51.60428],[12.47112,51.60519],[12.46058,51.60326],[12.45032,51.60652],[12.44806,51.6097],[12.44396,51.60987],[12.43839,51.60517],[12.43331,51.60583],[12.4334,51.60395],[12.43816,51.60247],[12.43682,51.59931],[12.43339,51.59762],[12.42733,51.5993],[12.42387,51.5881],[12.42542,51.58213],[12.41142,51.58201],[12.39714,51.58494],[12.39622,51.58705],[12.39178,51.58776],[12.39226,51.58563],[12.3816,51.58541],[12.36686,51.58801],[12.36649,51.58679],[12.37451,51.58452],[12.3689,51.58501],[12.36768,51.58309],[12.34837,51.58665],[12.34803,51.584],[12.3375,51.58641],[12.33641,51.58478],[12.34362,51.58258],[12.34091,51.57981],[12.31938,51.57758],[12.32056,51.57467],[12.31326,51.5685],[12.3012,51.56536],[12.29722,51.56667],[12.29688,51.5651],[12.29321,51.5649],[12.29318,51.56056],[12.25343,51.5606],[12.25048,51.55895],[12.2464,51.56635],[12.24321,51.56688],[12.2329,51.56113],[12.23605,51.55297],[12.23005,51.55283],[12.23135,51.54735],[12.21902,51.54651],[12.22217,51.54445],[12.21013,51.54192],[12.21022,51.53981],[12.20693,51.53968],[12.20717,51.53525],[12.20147,51.53457],[12.20194,51.53133],[12.19894,51.53132],[12.19804,51.53498],[12.1872,51.53495],[12.16927,51.54983],[12.16978,51.56232],[12.16665,51.56231],[12.16578,51.5647],[12.1643,51.58113],[12.1202,51.58009],[12.04628,51.58439],[12.04004,51.5898],[12.03162,51.59025],[12.03139,51.59522],[12.04598,51.59816],[12.04258,51.60415],[12.0441,51.61193],[12.05006,51.61137],[12.05057,51.61513],[12.035,51.6155],[12.03457,51.61896],[12.02687,51.62101],[12.02773,51.62844],[12.04243,51.6343],[12.03994,51.64373],[11.97934,51.64687],[11.96787,51.6435],[11.95546,51.64227],[11.93472,51.64671],[11.92498,51.64519],[11.91244,51.64842],[11.89416,51.6574],[11.88622,51.66245],[11.88588,51.66546],[11.88303,51.6647],[11.87336,51.66762],[11.86544,51.67539],[11.86088,51.67151],[11.85696,51.67345],[11.85585,51.6684],[11.85786,51.66778],[11.85315,51.66131],[11.85082,51.66141],[11.8494,51.65458],[11.85406,51.65456],[11.85444,51.65014],[11.83757,51.65033],[11.83645,51.65524],[11.82362,51.65836],[11.81707,51.65058],[11.81892,51.64904],[11.80864,51.6488],[11.79911,51.64266],[11.78565,51.64659],[11.78055,51.64588],[11.78032,51.64841],[11.77649,51.64841],[11.77618,51.64637],[11.76561,51.64757],[11.76206,51.65123],[11.75595,51.65114],[11.74496,51.64436],[11.74538,51.64111],[11.75241,51.63636],[11.75161,51.63328],[11.74536,51.62882],[11.71976,51.62904],[11.71848,51.63509],[11.71066,51.63696],[11.70865,51.64269],[11.6928,51.64902],[11.66227,51.65114],[11.63263,51.65659],[11.63305,51.65301],[11.62757,51.65286],[11.62724,51.65823],[11.62014,51.6614],[11.60447,51.66441],[11.60391,51.67299],[11.60828,51.67288],[11.60825,51.67657],[11.61262,51.67665],[11.61263,51.68641],[11.60462,51.70149],[11.5964,51.6996],[11.59745,51.70111]],[[11.81914,52.33698],[11.82214,52.34327],[11.81906,52.34762],[11.79932,52.35441],[11.79075,52.35245],[11.78715,52.34489],[11.79052,52.3413],[11.7923,52.34206],[11.80558,52.33732],[11.8053,52.33461],[11.81831,52.33421],[11.81914,52.33698]]]]}},{"type":"Feature","id":"mecklenburg-schwerin","bbox":[10.59427,53.1103,13.26514,54.39841],"properties":{"id":"mecklenburg-schwerin","name":"Mecklenburg-Schwerin","sitz":"Schwerin","einwohner":994000,"flaecheKm2":13445.59,"kreise":["Kreisfreie Stadt Rostock","Kreisfreie Stadt Schwerin","Kreisfreie Stadt Wismar","Landkreis Güstrow-Malchin","Landkreis Ludwigslust","Landkreis Müritz","Landkreis Nordwestmecklenburg","Landkreis Parchim","Landkreis Rostock"],"quelle":"GeoPackage / Gesetzesentwurf"},"geometry":{"type":"MultiPolygon","coordinates":[[[[11.1367,53.19184],[11.14499,53.19778],[11.13651,53.1994],[11.13849,53.2025],[11.11676,53.20417],[11.10263,53.21085],[11.08932,53.21464],[11.08706,53.21836],[11.08014,53.22052],[11.07404,53.22554],[11.07185,53.23021],[11.06226,53.23545],[11.05682,53.24599],[11.04713,53.2577],[11.03945,53.26245],[11.02757,53.27894],[11.02105,53.28143],[11.00946,53.28148],[11.00836,53.29176],[11.00297,53.29355],[11.0087,53.30064],[11.00226,53.3052],[11.00331,53.31082],[10.9985,53.31569],[10.99908,53.32102],[10.99567,53.32115],[10.99144,53.32597],[10.9885,53.3245],[10.98266,53.32754],[10.988,53.33343],[10.95936,53.33853],[10.95554,53.33346],[10.93401,53.33929],[10.93169,53.34083],[10.93374,53.34308],[10.92825,53.34812],[10.91936,53.34842],[10.90968,53.33769],[10.90504,53.33755],[10.89924,53.3342],[10.89471,53.33666],[10.89265,53.33431],[10.88032,53.33553],[10.88055,53.33023],[10.8885,53.32719],[10.88803,53.32438],[10.88053,53.3211],[10.87834,53.32331],[10.87261,53.32398],[10.87159,53.32628],[10.86604,53.32691],[10.8717,53.32159],[10.87024,53.31772],[10.86751,53.3161],[10.85341,53.31587],[10.85084,53.31428],[10.85079,53.31],[10.83972,53.30817],[10.83581,53.30497],[10.83059,53.30757],[10.82865,53.30691],[10.8262,53.31239],[10.79326,53.31557],[10.77159,53.32532],[10.76757,53.33046],[10.76289,53.329],[10.75965,53.32999],[10.75766,53.33261],[10.76308,53.33885],[10.75877,53.34029],[10.75561,53.33861],[10.75124,53.34079],[10.73809,53.34234],[10.72846,53.35667],[10.70312,53.36942],[10.69305,53.37042],[10.67681,53.36746],[10.6307,53.37077],[10.61329,53.36937],[10.59505,53.36393],[10.59427,53.36501],[10.5991,53.37783],[10.6169,53.38457],[10.61873,53.39708],[10.6214,53.39857],[10.61861,53.39881],[10.62097,53.40409],[10.61668,53.40509],[10.62014,53.42026],[10.61837,53.42537],[10.62271,53.42587],[10.62141,53.43048],[10.6254,53.43359],[10.6245,53.43911],[10.62934,53.44094],[10.62583,53.44336],[10.63332,53.45235],[10.63231,53.4548],[10.64714,53.45742],[10.65204,53.46148],[10.69297,53.45514],[10.70166,53.47826],[10.72074,53.47607],[10.72682,53.48135],[10.73124,53.47948],[10.75219,53.48433],[10.75601,53.48339],[10.76511,53.49107],[10.77778,53.49518],[10.78643,53.51046],[10.81064,53.51619],[10.82433,53.51374],[10.82461,53.51786],[10.81547,53.52016],[10.81452,53.52202],[10.82161,53.52401],[10.81842,53.52696],[10.81869,53.53392],[10.83191,53.54258],[10.82441,53.55627],[10.82677,53.56714],[10.82282,53.57492],[10.82686,53.57617],[10.833,53.57454],[10.83737,53.57578],[10.84219,53.57484],[10.85014,53.56527],[10.85595,53.56608],[10.86265,53.56461],[10.87222,53.56852],[10.88344,53.56914],[10.89483,53.57241],[10.9104,53.57176],[10.9238,53.58419],[10.92356,53.58925],[10.91747,53.59932],[10.92226,53.60228],[10.92956,53.62871],[10.94765,53.64244],[10.94497,53.64678],[10.95031,53.64544],[10.95283,53.64934],[10.9547,53.65858],[10.94916,53.65824],[10.94857,53.66135],[10.94516,53.65909],[10.93863,53.66582],[10.94188,53.66877],[10.9398,53.67313],[10.94426,53.67417],[10.94177,53.68454],[10.93712,53.6873],[10.9291,53.68651],[10.92726,53.68955],[10.91897,53.68916],[10.91848,53.69113],[10.92605,53.69205],[10.92214,53.69947],[10.91459,53.69935],[10.90529,53.70329],[10.88791,53.70566],[10.88078,53.70414],[10.88031,53.70233],[10.87322,53.70162],[10.86298,53.70394],[10.86189,53.70238],[10.85344,53.70202],[10.85094,53.70012],[10.85217,53.70584],[10.84601,53.70434],[10.84334,53.70786],[10.83957,53.70723],[10.82468,53.711],[10.81088,53.72007],[10.80648,53.72845],[10.80669,53.73023],[10.81009,53.73086],[10.80934,53.73528],[10.80592,53.73921],[10.77192,53.74942],[10.75803,53.74752],[10.75798,53.76359],[10.77026,53.77548],[10.76592,53.7799],[10.76909,53.78875],[10.77325,53.79239],[10.77235,53.79717],[10.76503,53.80323],[10.76691,53.80623],[10.76314,53.81055],[10.76159,53.8226],[10.75815,53.82794],[10.74804,53.834],[10.74944,53.84506],[10.75365,53.84857],[10.74771,53.85151],[10.75945,53.85826],[10.75977,53.86147],[10.76426,53.86381],[10.76511,53.86752],[10.77192,53.87374],[10.79942,53.87615],[10.80827,53.88301],[10.8073,53.88612],[10.81501,53.88838],[10.81893,53.89353],[10.82641,53.89304],[10.8357,53.8971],[10.83946,53.89549],[10.84721,53.89694],[10.8483,53.90511],[10.85553,53.90479],[10.85916,53.90941],[10.87472,53.91454],[10.87598,53.9191],[10.88257,53.9245],[10.8863,53.92484],[10.88946,53.92088],[10.89609,53.91793],[10.91129,53.91523],[10.9021,53.90629],[10.90243,53.9033],[10.91102,53.89795],[10.93679,53.90065],[10.94318,53.90432],[10.94989,53.90427],[10.95897,53.91026],[10.96295,53.91053],[10.95985,53.90941],[10.96706,53.9072],[10.96763,53.91063],[10.9616,53.9142],[10.94937,53.9129],[10.93933,53.91933],[10.92987,53.91828],[10.9246,53.92182],[10.91301,53.92404],[10.90295,53.92399],[10.89879,53.92228],[10.8951,53.92455],[10.89639,53.93597],[10.90946,53.94627],[10.90366,53.95682],[10.93351,53.96493],[10.97954,53.98679],[11.00469,53.99402],[11.02835,54.00327],[11.04739,54.0077],[11.07192,54.00963],[11.08959,54.01366],[11.14446,54.00964],[11.15678,54.01253],[11.1816,54.01479],[11.19136,54.00942],[11.19322,54.00038],[11.2003,53.9923],[11.2072,53.98838],[11.22812,53.98253],[11.24118,53.98241],[11.24813,53.98679],[11.25321,53.98766],[11.25972,53.98354],[11.25315,53.97368],[11.24589,53.97316],[11.24148,53.95415],[11.24555,53.94279],[11.25391,53.93715],[11.2732,53.93126],[11.28872,53.93157],[11.31483,53.94207],[11.32642,53.95689],[11.33446,53.95897],[11.33954,53.95604],[11.34953,53.94378],[11.36504,53.93514],[11.3886,53.93913],[11.40684,53.9352],[11.40116,53.92733],[11.40361,53.92149],[11.41635,53.91542],[11.4351,53.91024],[11.43616,53.90009],[11.45265,53.89929],[11.45554,53.90307],[11.4473,53.90491],[11.44542,53.91208],[11.45893,53.91704],[11.47285,53.92833],[11.47585,53.92902],[11.4786,53.9256],[11.48199,53.92829],[11.47776,53.9345],[11.48219,53.94701],[11.47978,53.96164],[11.4833,53.96745],[11.47811,53.96901],[11.47949,53.96455],[11.4744,53.96493],[11.47172,53.96322],[11.47016,53.96536],[11.4728,53.97083],[11.48308,53.97144],[11.48815,53.97554],[11.48792,53.96823],[11.49393,53.97084],[11.49131,53.97737],[11.4989,53.9818],[11.49982,53.98595],[11.49862,53.98857],[11.49471,53.98816],[11.49199,53.99002],[11.49051,53.99379],[11.49691,53.99522],[11.5089,54.01138],[11.53448,54.02048],[11.53409,54.02485],[11.52977,54.02711],[11.52864,54.02535],[11.51739,54.02603],[11.51853,54.03029],[11.52398,54.03374],[11.5291,54.03385],[11.53449,54.02725],[11.54619,54.02488],[11.56261,54.02823],[11.57373,54.03359],[11.58719,54.04729],[11.5823,54.06336],[11.59459,54.06736],[11.60735,54.06937],[11.61093,54.06831],[11.61378,54.07316],[11.62447,54.07678],[11.62624,54.09016],[11.61372,54.10252],[11.608,54.10392],[11.60399,54.10249],[11.59983,54.09956],[11.60228,54.09576],[11.58749,54.09314],[11.57924,54.08713],[11.57684,54.08083],[11.56353,54.07815],[11.56329,54.07684],[11.56914,54.07868],[11.55884,54.06978],[11.54826,54.06636],[11.54824,54.06351],[11.53873,54.05745],[11.54018,54.05624],[11.54174,54.05755],[11.54265,54.05547],[11.53247,54.04912],[11.53112,54.05236],[11.53699,54.05732],[11.53504,54.07342],[11.53197,54.07524],[11.52559,54.06823],[11.5254,54.07154],[11.55567,54.09431],[11.56784,54.09819],[11.58933,54.09953],[11.61456,54.11003],[11.68294,54.15327],[11.76139,54.1545],[11.79759,54.1468],[11.83366,54.14448],[11.84977,54.145],[11.88798,54.15103],[11.94686,54.16501],[11.96498,54.1667],[12.01136,54.17834],[12.02928,54.1765],[12.05825,54.17776],[12.07159,54.17933],[12.08677,54.18508],[12.09633,54.17026],[12.09579,54.16435],[12.09272,54.16396],[12.09103,54.15093],[12.08719,54.14618],[12.08026,54.14306],[12.08494,54.14332],[12.09093,54.13296],[12.08587,54.12324],[12.09067,54.11092],[12.09799,54.10228],[12.11207,54.09444],[12.12656,54.0925],[12.12377,54.09385],[12.13393,54.09286],[12.15135,54.09426],[12.15361,54.09155],[12.15142,54.08508],[12.15457,54.09079],[12.15355,54.09688],[12.13655,54.09792],[12.12584,54.09538],[12.11717,54.09762],[12.10159,54.10969],[12.09769,54.12087],[12.10052,54.12497],[12.09639,54.13664],[12.09702,54.1519],[12.10314,54.1541],[12.10293,54.15565],[12.10879,54.15652],[12.11019,54.15925],[12.11652,54.15947],[12.11907,54.15739],[12.13173,54.15906],[12.13361,54.15768],[12.13764,54.15978],[12.14272,54.15975],[12.14315,54.16128],[12.13741,54.1611],[12.13678,54.16276],[12.138,54.16809],[12.14302,54.17132],[12.14049,54.17311],[12.14318,54.17423],[12.14132,54.17534],[12.12841,54.17396],[12.12307,54.17769],[12.10798,54.17506],[12.10727,54.17086],[12.10099,54.16929],[12.09526,54.1813],[12.10119,54.17881],[12.10821,54.17844],[12.12901,54.18694],[12.1513,54.20387],[12.1749,54.22911],[12.19457,54.24186],[12.22338,54.25433],[12.30653,54.28215],[12.33491,54.29629],[12.36456,54.32445],[12.40593,54.37694],[12.43496,54.3909],[12.44403,54.39841],[12.44775,54.39783],[12.44985,54.39609],[12.44038,54.39094],[12.44283,54.38968],[12.44153,54.38823],[12.44981,54.38461],[12.4417,54.38246],[12.43548,54.38349],[12.43456,54.37648],[12.42029,54.37147],[12.41849,54.37223],[12.4147,54.36548],[12.41585,54.35682],[12.42031,54.35374],[12.42141,54.3435],[12.41629,54.33552],[12.40591,54.33723],[12.39883,54.34449],[12.3979,54.34289],[12.39082,54.34371],[12.38902,54.34081],[12.3845,54.34062],[12.3891,54.33522],[12.39667,54.3324],[12.39419,54.32695],[12.39603,54.3235],[12.39118,54.32129],[12.38782,54.31514],[12.38362,54.31404],[12.38566,54.31222],[12.38273,54.31009],[12.37628,54.30875],[12.36497,54.3103],[12.35832,54.30272],[12.36699,54.28853],[12.38246,54.27815],[12.37816,54.27241],[12.36607,54.26929],[12.36365,54.26583],[12.38046,54.26028],[12.39947,54.25058],[12.4184,54.24637],[12.43581,54.24482],[12.45967,54.24795],[12.46001,54.25058],[12.44999,54.25449],[12.41773,54.25869],[12.4096,54.26816],[12.40791,54.27717],[12.41758,54.289],[12.43455,54.29659],[12.4569,54.29914],[12.47757,54.30385],[12.47878,54.30249],[12.46801,54.29547],[12.47594,54.29105],[12.47983,54.28564],[12.48408,54.28419],[12.50688,54.28562],[12.5119,54.27842],[12.51592,54.27763],[12.51148,54.2762],[12.51113,54.27411],[12.52048,54.27563],[12.52043,54.27372],[12.53111,54.27142],[12.52906,54.26473],[12.51909,54.25646],[12.50155,54.25485],[12.48918,54.24271],[12.49688,54.24258],[12.49832,54.23945],[12.50299,54.23951],[12.50347,54.23729],[12.50721,54.23758],[12.5117,54.23392],[12.52524,54.23342],[12.52498,54.23077],[12.53197,54.23035],[12.53117,54.22684],[12.53682,54.22558],[12.53728,54.22305],[12.54203,54.22327],[12.54136,54.22083],[12.54774,54.22017],[12.54505,54.21876],[12.54494,54.21263],[12.54874,54.21456],[12.55124,54.21092],[12.55702,54.21326],[12.5511,54.20671],[12.55404,54.20702],[12.55412,54.20489],[12.55892,54.20363],[12.56281,54.20481],[12.56419,54.20227],[12.56173,54.20243],[12.56072,54.20038],[12.56353,54.19987],[12.56302,54.19719],[12.57195,54.19522],[12.57368,54.19141],[12.56735,54.18958],[12.57209,54.18852],[12.57169,54.18647],[12.56596,54.18406],[12.56914,54.18234],[12.57984,54.18249],[12.57772,54.18025],[12.58558,54.17689],[12.58699,54.16879],[12.59014,54.16794],[12.58354,54.16493],[12.58431,54.16246],[12.5893,54.16646],[12.59291,54.1618],[12.6007,54.15938],[12.60317,54.15455],[12.61009,54.15366],[12.62198,54.14779],[12.6229,54.14405],[12.63163,54.14187],[12.63378,54.14306],[12.63444,54.14049],[12.64174,54.13742],[12.65147,54.13612],[12.65372,54.1314],[12.66187,54.13019],[12.66739,54.12647],[12.67281,54.1256],[12.67673,54.11851],[12.69746,54.11863],[12.71899,54.08966],[12.73026,54.08694],[12.73517,54.08119],[12.74776,54.0765],[12.74135,54.07491],[12.74385,54.07228],[12.74208,54.06834],[12.74429,54.06752],[12.73229,54.06067],[12.74347,54.05864],[12.7448,54.05451],[12.74863,54.05349],[12.74498,54.05231],[12.74188,54.045],[12.74201,54.04148],[12.74602,54.03906],[12.7437,54.03657],[12.74796,54.03154],[12.75061,54.03215],[12.75619,54.02922],[12.75885,54.03016],[12.75954,54.02655],[12.76275,54.02627],[12.76662,54.02213],[12.7724,54.01967],[12.77529,54.02067],[12.78971,54.01275],[12.78862,54.01031],[12.80865,54.00494],[12.828,53.99689],[12.85679,53.97581],[12.88554,53.97294],[12.91156,53.96553],[12.91724,53.9602],[12.93936,53.95317],[12.94157,53.95071],[12.9393,53.94871],[12.94247,53.94836],[12.94469,53.9443],[12.95016,53.94543],[12.95025,53.94295],[12.95515,53.94538],[12.95634,53.94235],[12.94746,53.93732],[12.94584,53.92015],[12.95261,53.91947],[12.95622,53.90697],[12.95465,53.90496],[12.95823,53.8999],[12.98785,53.90327],[12.98555,53.90103],[12.98936,53.89385],[13.00098,53.8905],[12.99483,53.88337],[12.98833,53.88432],[12.98249,53.88092],[12.97522,53.88239],[12.96075,53.88025],[12.95849,53.87569],[12.95357,53.87615],[12.94539,53.87313],[12.93819,53.8753],[12.92789,53.87183],[12.90712,53.8755],[12.90393,53.87216],[12.8986,53.87296],[12.89162,53.87135],[12.88891,53.86938],[12.89019,53.86611],[12.88321,53.86384],[12.88059,53.86494],[12.88079,53.86158],[12.88968,53.85652],[12.88843,53.84646],[12.87799,53.84242],[12.8673,53.8337],[12.85106,53.82866],[12.85566,53.82768],[12.82524,53.80926],[12.82061,53.8089],[12.81996,53.80567],[12.82289,53.80339],[12.82074,53.79724],[12.8023,53.78074],[12.80132,53.77364],[12.79088,53.76908],[12.77802,53.76649],[12.78414,53.76661],[12.78542,53.76515],[12.78623,53.76646],[12.79101,53.7661],[12.78972,53.75516],[12.8021,53.7482],[12.801,53.74681],[12.80993,53.74042],[12.81255,53.73217],[12.81821,53.72758],[12.81811,53.72379],[12.83005,53.72113],[12.85372,53.72946],[12.85581,53.72044],[12.85244,53.70826],[12.8625,53.70533],[12.86397,53.70718],[12.87511,53.70617],[12.87224,53.70137],[12.88185,53.6969],[12.87861,53.69445],[12.87623,53.68301],[12.86067,53.66924],[12.86491,53.66505],[12.87817,53.65939],[12.88642,53.6637],[12.89007,53.66339],[12.89754,53.66932],[12.90312,53.67813],[12.92237,53.67327],[12.92491,53.67705],[12.93006,53.67506],[12.93549,53.68644],[12.94099,53.68377],[12.9496,53.68663],[12.95583,53.68445],[12.9606,53.68957],[12.97996,53.68601],[12.98106,53.6834],[12.99137,53.68158],[12.99412,53.67921],[13.0005,53.67876],[13.00293,53.6817],[13.00603,53.68089],[13.00158,53.67678],[13.00378,53.67609],[12.99888,53.67445],[13.00098,53.67225],[12.99397,53.67165],[12.99371,53.66829],[12.98821,53.66551],[12.99578,53.66321],[13.01215,53.66283],[13.02768,53.65609],[13.04254,53.65799],[13.05368,53.66209],[13.04254,53.66877],[13.04255,53.67253],[13.04717,53.67452],[13.07501,53.66861],[13.08471,53.66146],[13.08875,53.67011],[13.0858,53.6724],[13.09859,53.67733],[13.10578,53.67687],[13.10703,53.6744],[13.12911,53.67317],[13.13044,53.66995],[13.14129,53.67312],[13.141,53.66904],[13.14558,53.66794],[13.16218,53.67348],[13.18006,53.66151],[13.1856,53.66119],[13.1922,53.65818],[13.19303,53.66873],[13.21004,53.66513],[13.24699,53.6613],[13.26126,53.65505],[13.25916,53.65257],[13.26334,53.65184],[13.26514,53.64917],[13.26274,53.64928],[13.26183,53.64509],[13.25797,53.64366],[13.25624,53.64017],[13.25884,53.63822],[13.25572,53.63705],[13.25715,53.6343],[13.25305,53.63025],[13.25867,53.62675],[13.25124,53.62411],[13.25319,53.61989],[13.249,53.61691],[13.22808,53.61584],[13.21268,53.62074],[13.20453,53.60776],[13.20068,53.60823],[13.19863,53.60286],[13.19424,53.60093],[13.18243,53.60345],[13.17119,53.60349],[13.16072,53.59661],[13.15415,53.59466],[13.14969,53.59632],[13.13729,53.59435],[13.13466,53.58727],[13.12118,53.58299],[13.11247,53.5826],[13.10736,53.57928],[13.09303,53.57723],[13.0911,53.57411],[13.09757,53.56944],[13.09495,53.56883],[13.09228,53.56244],[13.08774,53.56072],[13.09379,53.55677],[13.09666,53.5579],[13.10667,53.55557],[13.11547,53.55681],[13.11816,53.55536],[13.12891,53.55578],[13.14087,53.55952],[13.14993,53.56551],[13.16153,53.55856],[13.15785,53.55716],[13.1569,53.55245],[13.14616,53.54765],[13.16111,53.53128],[13.16491,53.52379],[13.16179,53.52021],[13.16698,53.51504],[13.16625,53.51013],[13.17294,53.50202],[13.18548,53.49411],[13.17958,53.49462],[13.17109,53.49009],[13.16407,53.48901],[13.15828,53.48004],[13.1594,53.47764],[13.16231,53.47752],[13.1615,53.46874],[13.15009,53.46329],[13.13999,53.46157],[13.13219,53.46807],[13.13326,53.47376],[13.12437,53.47982],[13.12116,53.47845],[13.12422,53.46852],[13.11546,53.47262],[13.11468,53.47793],[13.10725,53.47411],[13.1026,53.47467],[13.09975,53.47321],[13.09841,53.46994],[13.10066,53.46779],[13.09763,53.46738],[13.08693,53.47396],[13.07185,53.46883],[13.06973,53.46525],[13.05381,53.46984],[13.0398,53.46714],[13.03557,53.46402],[13.0291,53.46673],[13.02489,53.46417],[13.01258,53.46665],[13.00557,53.46543],[13.00192,53.4671],[12.98907,53.46524],[12.97662,53.46579],[12.97364,53.463],[12.96415,53.4659],[12.95565,53.4654],[12.95279,53.46322],[12.94167,53.46269],[12.94021,53.45962],[12.94502,53.45809],[12.94047,53.45088],[12.90445,53.45681],[12.89839,53.46417],[12.88757,53.46722],[12.88304,53.46431],[12.87441,53.46413],[12.87672,53.45883],[12.87613,53.44484],[12.88575,53.4359],[12.86698,53.42335],[12.86753,53.41993],[12.84953,53.41666],[12.85016,53.41099],[12.8436,53.39099],[12.85741,53.38502],[12.85212,53.36054],[12.84932,53.36073],[12.84409,53.35648],[12.84208,53.36022],[12.83222,53.35655],[12.8321,53.35296],[12.82476,53.35124],[12.8215,53.34241],[12.81564,53.33632],[12.81022,53.33432],[12.8142,53.33254],[12.8116,53.31493],[12.81037,53.31053],[12.80365,53.30518],[12.7827,53.30437],[12.76633,53.30118],[12.76449,53.2869],[12.77598,53.28256],[12.77673,53.27998],[12.76038,53.27403],[12.75566,53.27055],[12.75867,53.26942],[12.75841,53.26687],[12.75417,53.26497],[12.75257,53.25212],[12.75698,53.25052],[12.76608,53.24146],[12.79438,53.23506],[12.80106,53.23554],[12.8036,53.21439],[12.8013,53.21095],[12.79667,53.21146],[12.797,53.20911],[12.80476,53.20866],[12.80986,53.21056],[12.81562,53.20931],[12.80748,53.20591],[12.81494,53.19947],[12.81487,53.19198],[12.81026,53.1954],[12.81293,53.19741],[12.80888,53.19765],[12.79909,53.19107],[12.79471,53.18987],[12.79385,53.19139],[12.79028,53.19123],[12.78492,53.18784],[12.78034,53.18759],[12.77793,53.18932],[12.76438,53.18893],[12.75915,53.195],[12.73949,53.1996],[12.74951,53.20633],[12.75806,53.22159],[12.75741,53.22435],[12.74688,53.22547],[12.74227,53.22305],[12.72274,53.22167],[12.71579,53.22452],[12.69581,53.22705],[12.68261,53.22646],[12.66618,53.23143],[12.66397,53.23495],[12.66944,53.23711],[12.66554,53.23862],[12.66624,53.24156],[12.67566,53.24772],[12.67382,53.24903],[12.66734,53.24867],[12.66569,53.25329],[12.65493,53.25525],[12.62842,53.25456],[12.62411,53.25176],[12.61728,53.2515],[12.60605,53.2444],[12.60118,53.24508],[12.59815,53.24853],[12.56632,53.25591],[12.54991,53.26198],[12.52977,53.26479],[12.5024,53.26217],[12.50279,53.25778],[12.49763,53.2552],[12.46709,53.25623],[12.44531,53.24993],[12.43158,53.26258],[12.43206,53.27081],[12.42801,53.27499],[12.40984,53.27968],[12.40043,53.27919],[12.39183,53.28506],[12.39823,53.29466],[12.39425,53.30181],[12.38125,53.30235],[12.37397,53.30586],[12.36331,53.30671],[12.343,53.31592],[12.33175,53.31801],[12.3251,53.3213],[12.31102,53.32322],[12.31077,53.32724],[12.2913,53.32868],[12.27956,53.32781],[12.27184,53.32406],[12.26021,53.32391],[12.25747,53.32502],[12.26001,53.32772],[12.24529,53.33301],[12.23643,53.34198],[12.22944,53.35816],[12.2216,53.35734],[12.21219,53.35316],[12.19112,53.35395],[12.18621,53.3507],[12.18685,53.34333],[12.16856,53.33912],[12.15651,53.34972],[12.15195,53.36151],[12.14126,53.35906],[12.13944,53.36142],[12.1392,53.35468],[12.13485,53.35151],[12.13469,53.34857],[12.10846,53.34994],[12.10917,53.34381],[12.09209,53.34486],[12.08208,53.3463],[12.07755,53.36939],[12.06574,53.36972],[12.06162,53.37142],[12.04528,53.37099],[12.05137,53.36687],[12.04806,53.36503],[12.04716,53.36095],[12.05152,53.36022],[12.05459,53.35406],[12.05269,53.35325],[12.05642,53.34966],[12.03871,53.34508],[12.02315,53.33683],[12.01461,53.33442],[12.02208,53.32129],[12.01851,53.31543],[12.02364,53.30414],[12.01853,53.29959],[12.00282,53.29964],[11.99707,53.29391],[11.9877,53.29566],[11.98647,53.29983],[11.97386,53.29916],[11.97345,53.29517],[11.96571,53.28523],[11.95622,53.2788],[11.95425,53.27381],[11.94806,53.27177],[11.94542,53.27434],[11.91837,53.2733],[11.9047,53.27459],[11.89873,53.27831],[11.8926,53.27898],[11.89274,53.27276],[11.88986,53.26905],[11.88482,53.26454],[11.87216,53.26029],[11.86686,53.25655],[11.86175,53.24822],[11.84866,53.2497],[11.84679,53.25146],[11.81667,53.25419],[11.80948,53.25261],[11.80045,53.25465],[11.79607,53.25335],[11.80357,53.24686],[11.81722,53.24525],[11.82961,53.23651],[11.83299,53.23204],[11.82873,53.23123],[11.82889,53.22866],[11.81834,53.22906],[11.81615,53.22719],[11.80847,53.22645],[11.80427,53.22746],[11.79448,53.22623],[11.7877,53.2287],[11.78357,53.22728],[11.76907,53.22749],[11.74836,53.21991],[11.72933,53.21715],[11.72753,53.23166],[11.71463,53.23051],[11.71363,53.23284],[11.70737,53.23424],[11.70852,53.2375],[11.70253,53.23994],[11.70002,53.24398],[11.69543,53.24438],[11.69095,53.24176],[11.67685,53.24201],[11.67333,53.24402],[11.66701,53.24422],[11.65362,53.23917],[11.6402,53.23865],[11.62924,53.24222],[11.6197,53.23768],[11.61685,53.2306],[11.59904,53.22498],[11.58896,53.21584],[11.57608,53.21203],[11.57071,53.21326],[11.56155,53.21242],[11.55159,53.20841],[11.56058,53.20267],[11.55671,53.19424],[11.55979,53.18741],[11.55782,53.18486],[11.56708,53.18249],[11.56255,53.17583],[11.56893,53.17048],[11.56936,53.16609],[11.56497,53.16421],[11.55587,53.15409],[11.55652,53.15042],[11.55008,53.15107],[11.55596,53.13878],[11.54694,53.13475],[11.54851,53.13082],[11.53637,53.12924],[11.53457,53.12532],[11.51005,53.12554],[11.50778,53.12269],[11.50222,53.12139],[11.50048,53.12642],[11.48408,53.12903],[11.47343,53.12725],[11.47371,53.13461],[11.46084,53.14023],[11.44833,53.13952],[11.43867,53.13669],[11.42176,53.14095],[11.4139,53.1367],[11.4047,53.13691],[11.39563,53.14],[11.3918,53.12965],[11.40057,53.11582],[11.39377,53.1103],[11.38679,53.11255],[11.3833,53.11095],[11.37275,53.11271],[11.37091,53.11156],[11.36899,53.11436],[11.36072,53.11622],[11.33662,53.11375],[11.33031,53.11544],[11.33179,53.11684],[11.3293,53.11793],[11.31724,53.12001],[11.31025,53.11623],[11.29042,53.1169],[11.28297,53.12144],[11.27541,53.12057],[11.26573,53.12198],[11.2457,53.13642],[11.22641,53.14328],[11.21264,53.14414],[11.19717,53.13617],[11.18657,53.13539],[11.17186,53.15664],[11.17941,53.15862],[11.18222,53.16243],[11.18908,53.16562],[11.19533,53.17674],[11.19411,53.18119],[11.17989,53.18668],[11.1367,53.19184]]],[[[11.42787,53.93971],[11.4268,53.93797],[11.42329,53.94251],[11.42991,53.94273],[11.42787,53.93971]]],[[[11.47502,53.96357],[11.4748,53.9639],[11.4751,53.96406],[11.4755,53.96401],[11.47587,53.96394],[11.47632,53.96398],[11.47661,53.96405],[11.47696,53.96398],[11.47744,53.96369],[11.4775,53.96338],[11.47723,53.96301],[11.47732,53.96263],[11.4776,53.96201],[11.47754,53.96167],[11.47715,53.96163],[11.47688,53.96191],[11.47644,53.96227],[11.47543,53.96327],[11.47502,53.96357]]],[[[11.46727,53.96756],[11.46794,53.96781],[11.46828,53.96793],[11.46893,53.96818],[11.46929,53.96835],[11.46945,53.96843],[11.47026,53.96853],[11.47065,53.96847],[11.47064,53.96818],[11.47041,53.96782],[11.46996,53.96748],[11.47001,53.96724],[11.47038,53.96689],[11.47032,53.96666],[11.46973,53.96646],[11.46934,53.96629],[11.46901,53.9661],[11.46874,53.96557],[11.4686,53.9651],[11.4684,53.96474],[11.46823,53.96451],[11.46796,53.96416],[11.46765,53.96395],[11.46725,53.96379],[11.46682,53.96371],[11.46642,53.96378],[11.46606,53.96398],[11.46588,53.96423],[11.46572,53.96451],[11.46582,53.96477],[11.46625,53.96515],[11.46642,53.96548],[11.46662,53.96599],[11.46664,53.96654],[11.46691,53.96705],[11.46727,53.96756]]],[[[11.49268,54.02241],[11.4963,54.01565],[11.49254,54.00296],[11.4885,53.99894],[11.48741,54.00347],[11.48278,54.00142],[11.48561,54.00697],[11.48355,54.00866],[11.4818,53.99945],[11.47825,53.99797],[11.48036,53.98183],[11.47205,53.97918],[11.46753,53.97338],[11.47195,53.97071],[11.46342,53.96984],[11.46386,53.96647],[11.45887,53.96232],[11.45496,53.9619],[11.45596,53.95753],[11.44683,53.95863],[11.44147,53.96462],[11.44195,53.97017],[11.44652,53.97573],[11.44615,53.99733],[11.43972,53.99532],[11.43883,53.99276],[11.42787,53.98581],[11.43034,53.98505],[11.42752,53.97556],[11.42962,53.96971],[11.4265,53.96717],[11.42845,53.96166],[11.4343,53.96525],[11.43177,53.96163],[11.42595,53.96076],[11.42053,53.96214],[11.4099,53.96887],[11.40215,53.96832],[11.39364,53.97465],[11.38843,53.97269],[11.38701,53.96782],[11.39076,53.96798],[11.39288,53.96614],[11.39662,53.9678],[11.40894,53.96796],[11.41114,53.96658],[11.40009,53.96405],[11.38709,53.96666],[11.37957,53.97314],[11.37572,53.98206],[11.37628,53.99255],[11.37418,53.99235],[11.3793,53.99793],[11.40402,54.0088],[11.44905,54.02193],[11.46929,54.02447],[11.49268,54.02241]]],[[[11.49665,54.02941],[11.49479,54.0242],[11.48648,54.02502],[11.49599,54.03149],[11.49893,54.03021],[11.49665,54.02941]]],[[[11.51187,54.0432],[11.51242,54.05593],[11.523,54.06849],[11.51519,54.0545],[11.51703,54.04843],[11.51505,54.038],[11.51187,54.0432]]],[[[12.10477,54.16665],[12.10538,54.16713],[12.10626,54.16741],[12.10714,54.16751],[12.10767,54.16742],[12.10805,54.16718],[12.10823,54.16678],[12.10805,54.16647],[12.10784,54.16626],[12.1073,54.16606],[12.10717,54.1657],[12.10735,54.16515],[12.10749,54.16472],[12.10792,54.16424],[12.10799,54.16384],[12.10773,54.16344],[12.10732,54.16318],[12.10671,54.16319],[12.10607,54.16343],[12.10535,54.1638],[12.10485,54.16447],[12.10458,54.16531],[12.10461,54.16626],[12.10477,54.16665]]],[[[12.10333,54.16826],[12.10357,54.1684],[12.10409,54.16846],[12.10455,54.1684],[12.10467,54.16827],[12.10463,54.16807],[12.10431,54.16782],[12.10408,54.16773],[12.10372,54.1676],[12.10271,54.16757],[12.10235,54.16764],[12.10218,54.16781],[12.10231,54.16797],[12.10259,54.16804],[12.10298,54.16817],[12.10333,54.16826]]]]}},{"type":"Feature","id":"mittelmark-flaming","bbox":[12.14181,51.3612,13.89001,52.81053],"properties":{"id":"mittelmark-flaming","name":"Mittelmark-Fläming","sitz":"Potsdam","einwohner":931262,"flaecheKm2":10035.09,"kreise":["Kreisfreie Stadt Brandenburg an der Havel","Kreisfreie Stadt Potsdam","Landkreis Elbe-Elster","Landkreis Fläming","Landkreis Havelland","Landkreis Potsdam-Mittelmark","Landkreis Wittenberg"],"quelle":"GeoPackage / Gesetzesentwurf"},"geometry":{"type":"MultiPolygon","coordinates":[[[[13.50552,51.40392],[13.49439,51.40292],[13.49135,51.40768],[13.46328,51.41175],[13.46553,51.42177],[13.47379,51.41788],[13.46331,51.42626],[13.46063,51.42224],[13.45034,51.42283],[13.44591,51.43145],[13.44349,51.42877],[13.44606,51.42596],[13.43341,51.42762],[13.42851,51.42179],[13.42143,51.42151],[13.42815,51.43125],[13.42601,51.43403],[13.42177,51.43456],[13.41971,51.43884],[13.41219,51.43937],[13.41127,51.44275],[13.40563,51.44595],[13.40932,51.44977],[13.40105,51.45417],[13.38823,51.44781],[13.3876,51.44112],[13.38215,51.43605],[13.37294,51.4378],[13.38308,51.42806],[13.38251,51.42593],[13.37665,51.42461],[13.36968,51.42959],[13.35835,51.43397],[13.35709,51.43253],[13.3492,51.43334],[13.33795,51.42916],[13.33335,51.43744],[13.32032,51.4375],[13.32576,51.43365],[13.32834,51.42664],[13.31363,51.42318],[13.309,51.41771],[13.28667,51.41138],[13.28635,51.39929],[13.25998,51.4004],[13.25909,51.39533],[13.26377,51.39446],[13.26366,51.39099],[13.27004,51.3905],[13.26854,51.38479],[13.26372,51.38495],[13.26264,51.38831],[13.25607,51.39209],[13.25051,51.39273],[13.25065,51.39411],[13.24346,51.39319],[13.23773,51.39504],[13.21503,51.39598],[13.20219,51.41638],[13.2037,51.42849],[13.19975,51.43323],[13.19339,51.43578],[13.18942,51.43426],[13.18837,51.42628],[13.18465,51.42379],[13.17431,51.42825],[13.17508,51.43278],[13.18476,51.43851],[13.19184,51.43691],[13.19248,51.4417],[13.20312,51.45101],[13.20308,51.45873],[13.18972,51.4649],[13.18292,51.47134],[13.18705,51.48575],[13.1823,51.49196],[13.18907,51.49107],[13.19207,51.48805],[13.1969,51.4883],[13.20129,51.49172],[13.19677,51.49361],[13.20392,51.49878],[13.20205,51.50412],[13.20704,51.50494],[13.20796,51.52435],[13.20052,51.52604],[13.19006,51.53959],[13.18557,51.55808],[13.16083,51.55897],[13.15861,51.56426],[13.14672,51.56345],[13.14317,51.56746],[13.14104,51.57117],[13.15321,51.58241],[13.15491,51.5894],[13.16177,51.59215],[13.15495,51.6002],[13.14378,51.59787],[13.14384,51.60046],[13.1345,51.60567],[13.12103,51.61889],[13.11486,51.61773],[13.11495,51.61575],[13.11044,51.61484],[13.11168,51.61284],[13.10675,51.61163],[13.10397,51.61647],[13.0971,51.61631],[13.09967,51.6115],[13.10338,51.61231],[13.10487,51.60968],[13.09692,51.60922],[13.09802,51.6081],[13.09384,51.60588],[13.0863,51.60814],[13.08066,51.61773],[13.07618,51.61966],[13.07741,51.62112],[13.05103,51.64768],[13.02347,51.6373],[13.01786,51.64435],[13.02047,51.65339],[13.01719,51.65963],[13.01157,51.66455],[13.00525,51.66186],[13.00143,51.66756],[12.99864,51.66714],[12.99629,51.66925],[12.9778,51.66825],[12.9772,51.66636],[12.98176,51.66487],[12.97942,51.6632],[12.96682,51.66566],[12.9715,51.65025],[12.96504,51.65144],[12.96315,51.64957],[12.95826,51.65128],[12.94953,51.64943],[12.95236,51.64359],[12.94216,51.63801],[12.93598,51.64578],[12.92811,51.64957],[12.91523,51.64846],[12.91341,51.64412],[12.9086,51.64653],[12.89752,51.64743],[12.89081,51.65397],[12.89517,51.66377],[12.88919,51.66688],[12.88039,51.65906],[12.87277,51.65828],[12.86579,51.65503],[12.86748,51.65651],[12.86386,51.66151],[12.86652,51.66396],[12.86087,51.66471],[12.86223,51.67378],[12.86047,51.67474],[12.85896,51.6722],[12.85678,51.6727],[12.85903,51.67619],[12.84386,51.68497],[12.8419,51.68222],[12.83207,51.68115],[12.82788,51.68225],[12.83181,51.67602],[12.82029,51.67294],[12.81774,51.6704],[12.79253,51.6655],[12.78221,51.65384],[12.77271,51.64751],[12.76461,51.64657],[12.76484,51.64829],[12.76009,51.64969],[12.74994,51.65006],[12.74016,51.65555],[12.73101,51.65633],[12.71684,51.66131],[12.70622,51.66237],[12.69814,51.66058],[12.68848,51.66251],[12.67869,51.65624],[12.67702,51.64984],[12.66652,51.64223],[12.66585,51.6316],[12.65789,51.63032],[12.64873,51.62505],[12.64911,51.62045],[12.63711,51.61709],[12.62277,51.61564],[12.60833,51.6106],[12.61198,51.61426],[12.62236,51.61645],[12.62393,51.62182],[12.62923,51.62524],[12.62417,51.62798],[12.60644,51.62682],[12.59935,51.62348],[12.59549,51.61838],[12.59186,51.61836],[12.59128,51.62249],[12.5864,51.62237],[12.58594,51.62549],[12.57495,51.62703],[12.57612,51.6302],[12.5615,51.63549],[12.55948,51.63805],[12.57045,51.63706],[12.5694,51.64168],[12.56649,51.64245],[12.56952,51.64278],[12.57197,51.64778],[12.57407,51.66743],[12.54966,51.6684],[12.54888,51.66402],[12.52963,51.66433],[12.51706,51.66049],[12.50847,51.66722],[12.49747,51.67069],[12.49513,51.68253],[12.47438,51.68229],[12.47145,51.69246],[12.47462,51.7028],[12.45993,51.70531],[12.44349,51.70316],[12.43447,51.70371],[12.41408,51.69567],[12.40406,51.69408],[12.398,51.69416],[12.38558,51.69816],[12.37161,51.69477],[12.36986,51.69085],[12.36082,51.6852],[12.35056,51.6845],[12.34939,51.6944],[12.34478,51.70363],[12.35423,51.70408],[12.36397,51.70707],[12.35473,51.71169],[12.35479,51.71422],[12.3486,51.71979],[12.32648,51.71767],[12.32391,51.72655],[12.32806,51.72679],[12.32805,51.72953],[12.33596,51.7294],[12.33591,51.73545],[12.34623,51.73389],[12.34537,51.73517],[12.35142,51.73605],[12.3431,51.749],[12.34894,51.7508],[12.34292,51.75291],[12.34256,51.75599],[12.34769,51.77078],[12.33833,51.77987],[12.34293,51.78634],[12.3411,51.78962],[12.31961,51.79335],[12.31987,51.79607],[12.30649,51.80387],[12.30673,51.8074],[12.31736,51.81645],[12.32139,51.81563],[12.32378,51.82464],[12.3179,51.83221],[12.31895,51.83883],[12.30741,51.84429],[12.29925,51.85402],[12.29652,51.85463],[12.29596,51.85306],[12.29153,51.85536],[12.29501,51.85594],[12.29352,51.85792],[12.29157,51.85877],[12.28985,51.85734],[12.28462,51.86127],[12.28441,51.86465],[12.29613,51.87711],[12.29538,51.88029],[12.31028,51.88572],[12.31895,51.8847],[12.32096,51.88815],[12.32049,51.89816],[12.31668,51.90208],[12.31925,51.90435],[12.31507,51.90706],[12.31983,51.91262],[12.31036,51.91464],[12.308,51.93181],[12.32059,51.93999],[12.31264,51.94934],[12.30611,51.9521],[12.30129,51.95164],[12.30069,51.94866],[12.29066,51.94354],[12.28614,51.94538],[12.28337,51.94353],[12.27937,51.94544],[12.28117,51.94667],[12.26958,51.95831],[12.27957,51.96042],[12.27879,51.96332],[12.28225,51.96414],[12.28013,51.97949],[12.26345,51.98072],[12.2568,51.97723],[12.25198,51.978],[12.25414,51.97823],[12.25468,51.98154],[12.25912,51.98253],[12.25546,51.98753],[12.26797,51.98922],[12.27862,51.99344],[12.27799,51.99482],[12.29454,51.99695],[12.30984,51.99613],[12.32173,51.9999],[12.33946,52.01901],[12.35454,52.02689],[12.36503,52.02773],[12.36899,52.02257],[12.37594,52.02261],[12.37382,52.02765],[12.37612,52.04512],[12.35978,52.0465],[12.34809,52.0593],[12.33311,52.06606],[12.31582,52.09237],[12.30014,52.09622],[12.29224,52.10138],[12.27672,52.10402],[12.27196,52.11005],[12.26511,52.13066],[12.26316,52.13276],[12.24532,52.13873],[12.2313,52.15495],[12.234,52.16279],[12.22047,52.16667],[12.21678,52.17007],[12.22859,52.18598],[12.24156,52.18198],[12.24829,52.18422],[12.2418,52.19428],[12.25095,52.20103],[12.25368,52.20565],[12.24525,52.20739],[12.24892,52.21174],[12.26026,52.21645],[12.26767,52.21451],[12.27883,52.21704],[12.2942,52.22967],[12.28862,52.22922],[12.28378,52.23451],[12.26453,52.23355],[12.26175,52.2361],[12.26424,52.23689],[12.27526,52.23627],[12.26978,52.24033],[12.27068,52.24172],[12.25801,52.24315],[12.26154,52.24609],[12.24465,52.24844],[12.24776,52.2553],[12.25467,52.26189],[12.2511,52.26423],[12.25108,52.27243],[12.26277,52.29507],[12.27298,52.30477],[12.28153,52.31842],[12.28438,52.32153],[12.29006,52.323],[12.30813,52.3447],[12.29775,52.3508],[12.29798,52.35328],[12.28381,52.36425],[12.28609,52.36888],[12.30065,52.37109],[12.30599,52.37743],[12.29427,52.38142],[12.29181,52.38614],[12.29537,52.39242],[12.30329,52.39755],[12.30233,52.40501],[12.2994,52.40911],[12.29234,52.40754],[12.27484,52.41227],[12.27447,52.41606],[12.29699,52.42378],[12.28925,52.43069],[12.30268,52.43449],[12.30229,52.43881],[12.30757,52.44431],[12.30325,52.44596],[12.30434,52.4505],[12.31668,52.45238],[12.31508,52.46046],[12.32512,52.46423],[12.32526,52.47209],[12.33078,52.47856],[12.32746,52.47949],[12.32363,52.47652],[12.31634,52.47514],[12.30873,52.47898],[12.30936,52.48626],[12.31587,52.49059],[12.32767,52.49141],[12.33038,52.49637],[12.32076,52.49551],[12.31069,52.49087],[12.29714,52.49614],[12.29437,52.49246],[12.2853,52.4926],[12.27844,52.48718],[12.27145,52.48748],[12.27001,52.49367],[12.26245,52.49547],[12.27008,52.501],[12.25992,52.50423],[12.25822,52.51789],[12.25441,52.51934],[12.24677,52.51886],[12.24498,52.52152],[12.23556,52.52378],[12.23105,52.52188],[12.23164,52.51623],[12.224,52.51153],[12.22776,52.50595],[12.22168,52.50067],[12.21746,52.50021],[12.2115,52.50313],[12.20397,52.49788],[12.19058,52.49887],[12.1847,52.49578],[12.17037,52.50697],[12.16729,52.51499],[12.17779,52.52389],[12.18547,52.52702],[12.18869,52.53242],[12.1796,52.53366],[12.17389,52.53869],[12.1582,52.53422],[12.15464,52.5297],[12.14181,52.52839],[12.14492,52.53328],[12.14349,52.53687],[12.14944,52.54055],[12.15931,52.56099],[12.18108,52.57518],[12.17673,52.5765],[12.17338,52.58225],[12.1734,52.5996],[12.17657,52.60647],[12.17029,52.6077],[12.17077,52.61233],[12.17557,52.61733],[12.16913,52.61675],[12.17197,52.62595],[12.20354,52.61875],[12.21265,52.6251],[12.23687,52.62888],[12.23085,52.62976],[12.231,52.63989],[12.23668,52.64098],[12.23789,52.64556],[12.23252,52.65361],[12.23551,52.65445],[12.23379,52.65967],[12.23794,52.6625],[12.23458,52.66436],[12.23545,52.66587],[12.2393,52.66582],[12.23935,52.67174],[12.23538,52.68036],[12.22681,52.6838],[12.23282,52.68691],[12.23288,52.68904],[12.22277,52.68845],[12.22088,52.69044],[12.21754,52.69982],[12.22419,52.70279],[12.21655,52.70846],[12.21049,52.70872],[12.20392,52.71335],[12.21018,52.71547],[12.20984,52.71762],[12.2048,52.71982],[12.19986,52.7172],[12.19755,52.71838],[12.20471,52.72497],[12.20277,52.72599],[12.20596,52.72651],[12.20129,52.729],[12.20936,52.73204],[12.20944,52.7352],[12.22055,52.73648],[12.22317,52.73975],[12.21842,52.74353],[12.22129,52.74522],[12.21945,52.75091],[12.21775,52.75258],[12.20916,52.75318],[12.20596,52.76091],[12.20838,52.76367],[12.21487,52.764],[12.21185,52.76602],[12.21313,52.77361],[12.22061,52.77371],[12.22351,52.7757],[12.22356,52.78705],[12.2208,52.78974],[12.23053,52.78981],[12.24389,52.78653],[12.25174,52.79233],[12.25061,52.79382],[12.25906,52.79482],[12.26404,52.80022],[12.26964,52.80089],[12.2823,52.7963],[12.29808,52.80085],[12.30625,52.79842],[12.32575,52.79751],[12.33564,52.79511],[12.33894,52.79665],[12.35995,52.79776],[12.37735,52.80536],[12.37842,52.80248],[12.39717,52.80262],[12.39987,52.79775],[12.39641,52.79327],[12.40691,52.78894],[12.40423,52.78527],[12.37873,52.77013],[12.38025,52.76853],[12.38609,52.76956],[12.38645,52.77136],[12.39368,52.77081],[12.39521,52.77215],[12.40194,52.76576],[12.40069,52.75625],[12.40688,52.75253],[12.41321,52.7522],[12.42357,52.7566],[12.43251,52.75567],[12.43836,52.75728],[12.44151,52.75528],[12.44676,52.75528],[12.44966,52.75735],[12.4608,52.7564],[12.46433,52.75832],[12.46672,52.75683],[12.48112,52.75842],[12.48779,52.76091],[12.49139,52.75772],[12.49571,52.75904],[12.51888,52.75287],[12.53834,52.75217],[12.54045,52.7536],[12.54612,52.75251],[12.55024,52.76303],[12.5408,52.76476],[12.54095,52.76605],[12.54626,52.7685],[12.54656,52.77139],[12.55243,52.77155],[12.54499,52.781],[12.53401,52.78108],[12.53358,52.79296],[12.54096,52.79205],[12.54132,52.80235],[12.55073,52.80107],[12.54825,52.81053],[12.58248,52.8083],[12.60191,52.80099],[12.60968,52.79425],[12.60949,52.79055],[12.64738,52.80146],[12.65116,52.79917],[12.646,52.79268],[12.65486,52.78905],[12.6567,52.79139],[12.66463,52.78413],[12.66981,52.78216],[12.66683,52.77763],[12.67653,52.7733],[12.67258,52.7696],[12.70486,52.75959],[12.71799,52.75855],[12.71717,52.75713],[12.72059,52.75599],[12.71605,52.74784],[12.7216,52.74592],[12.72229,52.74339],[12.71236,52.73776],[12.70777,52.72881],[12.71742,52.72882],[12.71622,52.72339],[12.72755,52.72249],[12.72924,52.71775],[12.73798,52.71223],[12.74051,52.70339],[12.76405,52.69748],[12.76233,52.69581],[12.83218,52.68308],[12.83312,52.68131],[12.8348,52.68214],[12.83169,52.68476],[12.82876,52.69476],[12.85481,52.70173],[12.85814,52.70479],[12.86803,52.70635],[12.87171,52.70916],[12.9237,52.71921],[12.92634,52.72053],[12.92404,52.72265],[12.92898,52.725],[12.9511,52.7231],[12.96338,52.72031],[12.96185,52.71699],[12.96386,52.71395],[12.97558,52.70971],[12.96941,52.70101],[12.98378,52.70141],[12.9956,52.69765],[12.99217,52.69163],[12.99747,52.69249],[13.0227,52.68909],[13.01736,52.67652],[13.0308,52.67829],[13.02821,52.67334],[13.02585,52.67325],[13.02706,52.6758],[13.02467,52.67595],[13.01356,52.67101],[13.0237,52.67176],[13.02453,52.67039],[13.04104,52.67036],[13.04518,52.66885],[13.07656,52.67792],[13.08726,52.67929],[13.0959,52.67744],[13.09005,52.67077],[13.09243,52.66798],[13.08979,52.66444],[13.09611,52.65968],[13.10403,52.64518],[13.11202,52.63797],[13.11153,52.63439],[13.11717,52.63477],[13.11893,52.63147],[13.12377,52.63219],[13.12731,52.63041],[13.13732,52.63189],[13.14727,52.62805],[13.14775,52.62948],[13.15644,52.62839],[13.16014,52.61651],[13.15193,52.61165],[13.14871,52.61365],[13.14797,52.60871],[13.15513,52.60654],[13.15348,52.60065],[13.15844,52.6028],[13.15885,52.60097],[13.16458,52.60157],[13.16426,52.5989],[13.1571,52.59761],[13.14399,52.58974],[13.13504,52.58718],[13.12899,52.58744],[13.1281,52.5831],[13.13043,52.58313],[13.13209,52.5797],[13.1496,52.58331],[13.15295,52.57278],[13.14596,52.56008],[13.14566,52.55291],[13.1363,52.55275],[13.13062,52.55635],[13.11973,52.53104],[13.11739,52.517],[13.14301,52.51968],[13.16646,52.51012],[13.12528,52.48022],[13.1178,52.47897],[13.11692,52.47245],[13.1108,52.46606],[13.11258,52.4592],[13.10922,52.45062],[13.12318,52.43936],[13.11199,52.43232],[13.11254,52.42922],[13.10462,52.42405],[13.0996,52.4253],[13.09551,52.42179],[13.08833,52.41961],[13.09034,52.4121],[13.09729,52.40938],[13.09722,52.41245],[13.10083,52.41249],[13.10323,52.41022],[13.10587,52.41257],[13.11157,52.41314],[13.1126,52.41002],[13.10793,52.40948],[13.11164,52.40422],[13.12488,52.39688],[13.1334,52.39944],[13.13639,52.39818],[13.13501,52.39716],[13.13812,52.39539],[13.13241,52.39142],[13.12746,52.39159],[13.12709,52.38928],[13.13359,52.38692],[13.13225,52.3894],[13.14261,52.39654],[13.15889,52.39391],[13.17152,52.39583],[13.17136,52.39776],[13.15783,52.39636],[13.15935,52.40288],[13.19557,52.41509],[13.22229,52.42036],[13.2458,52.4208],[13.24984,52.40496],[13.25656,52.40656],[13.26742,52.40455],[13.27446,52.40514],[13.29613,52.41645],[13.31278,52.39769],[13.30995,52.38936],[13.3052,52.38799],[13.30888,52.38688],[13.3062,52.38157],[13.29531,52.38058],[13.29026,52.36879],[13.275,52.35583],[13.25137,52.35016],[13.25399,52.34797],[13.25058,52.34439],[13.25265,52.34377],[13.25277,52.33863],[13.24929,52.33785],[13.2514,52.33151],[13.22258,52.32377],[13.20161,52.32902],[13.18734,52.32687],[13.18188,52.32395],[13.18317,52.32127],[13.17175,52.31918],[13.16834,52.31649],[13.16485,52.31781],[13.16162,52.31099],[13.17641,52.30195],[13.17165,52.29772],[13.16247,52.29916],[13.14896,52.29505],[13.1442,52.29893],[13.13807,52.29674],[13.13684,52.29535],[13.14052,52.29401],[13.14316,52.28967],[13.14799,52.2905],[13.15193,52.28914],[13.15669,52.28371],[13.15533,52.28111],[13.16307,52.27698],[13.15793,52.27446],[13.15492,52.26947],[13.14272,52.26453],[13.14027,52.26517],[13.1388,52.26299],[13.13501,52.26382],[13.1298,52.25785],[13.12519,52.25587],[13.11833,52.25731],[13.11643,52.25595],[13.11332,52.24787],[13.11026,52.24792],[13.10533,52.24343],[13.11273,52.23721],[13.1116,52.23041],[13.10153,52.22636],[13.09827,52.2196],[13.09986,52.21762],[13.09245,52.2151],[13.09409,52.2131],[13.09013,52.21119],[13.08253,52.19662],[13.10951,52.19259],[13.1206,52.19343],[13.12968,52.18982],[13.13102,52.19211],[13.14107,52.19365],[13.14229,52.19784],[13.14914,52.19812],[13.14902,52.20099],[13.17592,52.20323],[13.17372,52.20821],[13.19589,52.20157],[13.19191,52.19523],[13.18843,52.19408],[13.19328,52.18672],[13.19919,52.18534],[13.19989,52.17964],[13.20391,52.17491],[13.20161,52.1731],[13.2059,52.17147],[13.20101,52.16919],[13.19576,52.17049],[13.19223,52.16837],[13.19935,52.16672],[13.19215,52.16671],[13.1941,52.16148],[13.18658,52.16053],[13.18485,52.15757],[13.1878,52.15777],[13.18923,52.15565],[13.18871,52.15184],[13.1967,52.15289],[13.1912,52.15764],[13.19678,52.16179],[13.19632,52.1651],[13.20154,52.16589],[13.20828,52.17163],[13.20446,52.17328],[13.20981,52.17706],[13.21887,52.17708],[13.22195,52.15262],[13.23968,52.1522],[13.25785,52.15439],[13.26773,52.15144],[13.26948,52.15833],[13.26332,52.17008],[13.28932,52.17105],[13.31805,52.17634],[13.32109,52.17233],[13.31816,52.17133],[13.32331,52.16831],[13.3245,52.14979],[13.30329,52.12097],[13.2979,52.11738],[13.31602,52.10654],[13.31163,52.09935],[13.30542,52.09942],[13.30654,52.09035],[13.30188,52.09064],[13.30169,52.08936],[13.32851,52.08697],[13.35304,52.08969],[13.37537,52.089],[13.39604,52.09523],[13.42501,52.11068],[13.43356,52.11193],[13.45037,52.10982],[13.46188,52.11284],[13.49266,52.10848],[13.49541,52.09907],[13.50106,52.09228],[13.51406,52.09235],[13.54082,52.09722],[13.55616,52.0908],[13.57748,52.09037],[13.5966,52.08375],[13.60559,52.07797],[13.6288,52.07153],[13.63663,52.0667],[13.64781,52.05692],[13.65295,52.04815],[13.63703,52.03496],[13.64108,52.02341],[13.63767,52.02502],[13.63493,52.01997],[13.64687,52.01395],[13.64563,52.01084],[13.62273,52.01047],[13.60445,52.00814],[13.59072,52.00468],[13.5914,52.001],[13.55647,51.99816],[13.557,51.99402],[13.54631,51.99005],[13.52595,51.9873],[13.51557,51.97668],[13.50274,51.96865],[13.49398,51.96587],[13.48366,51.96664],[13.45909,51.97293],[13.4534,51.97309],[13.45075,51.97135],[13.44653,51.97478],[13.43095,51.97704],[13.41484,51.97615],[13.41095,51.96422],[13.41987,51.96189],[13.42065,51.951],[13.41865,51.94134],[13.4121,51.93006],[13.43099,51.92486],[13.45487,51.92715],[13.48182,51.93291],[13.49146,51.92752],[13.51926,51.93017],[13.55124,51.92131],[13.54584,51.90565],[13.57016,51.89534],[13.57873,51.89571],[13.5813,51.89154],[13.56615,51.89017],[13.55784,51.88639],[13.55284,51.87919],[13.54218,51.87859],[13.53911,51.86624],[13.54774,51.86302],[13.5472,51.84332],[13.55145,51.84053],[13.5475,51.83256],[13.5363,51.82519],[13.55542,51.82127],[13.56906,51.81074],[13.55885,51.80745],[13.55672,51.80948],[13.53377,51.79849],[13.50547,51.79253],[13.50914,51.78709],[13.52013,51.78182],[13.51833,51.77546],[13.52405,51.77461],[13.52221,51.77054],[13.52782,51.76216],[13.53825,51.75949],[13.54924,51.74597],[13.57888,51.75616],[13.57985,51.75314],[13.58761,51.74964],[13.60187,51.74813],[13.59757,51.74336],[13.60907,51.74092],[13.61118,51.74296],[13.61557,51.74227],[13.62324,51.7452],[13.62673,51.74276],[13.63219,51.74275],[13.66123,51.74736],[13.66455,51.73292],[13.69486,51.72704],[13.69756,51.73197],[13.69561,51.74118],[13.71076,51.74984],[13.71865,51.75056],[13.7292,51.7596],[13.75377,51.75415],[13.76512,51.75497],[13.77542,51.75976],[13.78286,51.75385],[13.78247,51.73495],[13.79809,51.73713],[13.80518,51.72041],[13.81125,51.71531],[13.81017,51.71282],[13.81433,51.71294],[13.81438,51.70907],[13.80867,51.70894],[13.80911,51.69521],[13.82628,51.69529],[13.83493,51.68263],[13.83348,51.67547],[13.83618,51.668],[13.84614,51.66637],[13.85659,51.66056],[13.86476,51.65902],[13.86763,51.65313],[13.87944,51.65234],[13.88662,51.64673],[13.89001,51.61956],[13.87766,51.6102],[13.87965,51.60289],[13.87147,51.59357],[13.86635,51.591],[13.88053,51.57689],[13.87548,51.56634],[13.86922,51.56423],[13.85808,51.56486],[13.84983,51.56303],[13.81508,51.54863],[13.79672,51.53759],[13.77794,51.5334],[13.76881,51.53283],[13.76197,51.53762],[13.74872,51.54241],[13.75141,51.54416],[13.74583,51.54589],[13.74052,51.54142],[13.74292,51.5343],[13.74062,51.53205],[13.73446,51.53261],[13.73198,51.52486],[13.72822,51.5259],[13.71978,51.52432],[13.70841,51.51893],[13.68331,51.5232],[13.68531,51.52865],[13.68161,51.52939],[13.65397,51.5289],[13.65818,51.50629],[13.63414,51.50438],[13.63935,51.49978],[13.64897,51.49704],[13.64168,51.49358],[13.66047,51.49365],[13.68044,51.48821],[13.69689,51.48036],[13.69275,51.47952],[13.69328,51.46223],[13.69611,51.46023],[13.7094,51.45948],[13.71476,51.45405],[13.71988,51.44428],[13.71944,51.43921],[13.71552,51.43762],[13.71914,51.43125],[13.72242,51.43243],[13.70958,51.40588],[13.71169,51.39908],[13.72555,51.39101],[13.73932,51.38841],[13.7437,51.38251],[13.74957,51.37929],[13.7476,51.36781],[13.73911,51.3612],[13.72735,51.36471],[13.71339,51.3635],[13.70624,51.36553],[13.69125,51.37401],[13.68276,51.36762],[13.6684,51.37613],[13.66145,51.36897],[13.64842,51.37007],[13.6321,51.36854],[13.61723,51.37106],[13.61668,51.36976],[13.59406,51.36936],[13.59576,51.37453],[13.59134,51.37514],[13.59201,51.37777],[13.58765,51.38183],[13.58985,51.38423],[13.56996,51.38567],[13.55627,51.37904],[13.55082,51.37925],[13.54614,51.36917],[13.54263,51.36932],[13.53777,51.38105],[13.52312,51.38103],[13.52486,51.38427],[13.52122,51.40206],[13.50552,51.40392]]]]}},{"type":"Feature","id":"nordmark","bbox":[11.26573,52.33158,13.796,53.75188],"properties":{"id":"nordmark","name":"Nordmark","sitz":"Neuruppin","einwohner":631368,"flaecheKm2":11095.69,"kreise":["Kreisfreie Stadt Neubrandenburg","Landkreis Mecklenburg-Strelitz","Landkreis Oberhavel","Landkreis Ostprignitz-Ruppin","Landkreis Prignitz","Landkreis Stendal"],"quelle":"GeoPackage / Gesetzesentwurf"},"geometry":{"type":"MultiPolygon","coordinates":[[[[11.80905,52.33485],[11.8053,52.33461],[11.80558,52.33732],[11.7923,52.34206],[11.79052,52.3413],[11.78721,52.34442],[11.78867,52.35052],[11.79505,52.35431],[11.80372,52.35341],[11.82027,52.34647],[11.82198,52.34111],[11.81831,52.33421],[11.80905,52.33485]]],[[[11.98736,52.47465],[11.99985,52.46466],[12.00214,52.46017],[11.9932,52.4486],[11.99259,52.43118],[11.97743,52.41971],[11.96324,52.40141],[11.93839,52.39601],[11.92899,52.39191],[11.92818,52.38808],[11.94022,52.38078],[11.94056,52.37533],[11.93497,52.37299],[11.92066,52.37296],[11.91221,52.37115],[11.90084,52.3542],[11.87659,52.34446],[11.85189,52.33158],[11.84503,52.34595],[11.85715,52.34737],[11.85453,52.3561],[11.84342,52.35467],[11.83064,52.36317],[11.82809,52.37203],[11.8181,52.37217],[11.83422,52.38166],[11.83504,52.38994],[11.84062,52.40097],[11.81719,52.41486],[11.81535,52.41339],[11.80775,52.41358],[11.80196,52.41066],[11.78948,52.41513],[11.79524,52.42153],[11.78316,52.4167],[11.78586,52.41944],[11.78198,52.42111],[11.77349,52.41818],[11.77428,52.41511],[11.77906,52.41292],[11.78206,52.41514],[11.78877,52.41346],[11.78946,52.41123],[11.78254,52.40432],[11.78568,52.40197],[11.78238,52.40023],[11.77954,52.40235],[11.77411,52.39956],[11.76707,52.40241],[11.74814,52.40302],[11.72267,52.40939],[11.71903,52.40781],[11.71793,52.41046],[11.72556,52.41427],[11.73296,52.42438],[11.72592,52.42973],[11.71678,52.42772],[11.70008,52.45916],[11.69098,52.45926],[11.67316,52.46408],[11.6626,52.46288],[11.63867,52.46458],[11.6431,52.46985],[11.58716,52.45869],[11.60516,52.49378],[11.59007,52.4881],[11.58608,52.49786],[11.59054,52.52006],[11.57584,52.5214],[11.56896,52.52467],[11.57419,52.5344],[11.57128,52.54724],[11.57898,52.5569],[11.58907,52.58523],[11.57849,52.58697],[11.5773,52.5894],[11.57963,52.59184],[11.58664,52.59177],[11.58715,52.59373],[11.57932,52.6015],[11.58124,52.60232],[11.58595,52.59941],[11.58919,52.6005],[11.58765,52.60374],[11.59132,52.6049],[11.58891,52.60566],[11.58844,52.61647],[11.56376,52.61379],[11.53819,52.61735],[11.53206,52.61492],[11.52314,52.6157],[11.50668,52.60809],[11.49244,52.60701],[11.49321,52.60345],[11.48693,52.60222],[11.48764,52.60571],[11.4831,52.60764],[11.4713,52.60912],[11.46886,52.60539],[11.46407,52.60447],[11.45959,52.60668],[11.45719,52.60502],[11.45098,52.60693],[11.45225,52.61145],[11.44121,52.6124],[11.44139,52.6155],[11.4378,52.61567],[11.43785,52.61091],[11.4207,52.61081],[11.41371,52.61681],[11.41534,52.61848],[11.39832,52.61984],[11.39653,52.62235],[11.41544,52.63456],[11.42347,52.64258],[11.42108,52.63708],[11.45492,52.63824],[11.45692,52.63963],[11.45474,52.64424],[11.4606,52.64258],[11.47973,52.65123],[11.4908,52.65208],[11.48303,52.66932],[11.48062,52.67183],[11.47401,52.67344],[11.47849,52.68097],[11.47399,52.68741],[11.48353,52.69099],[11.48527,52.68781],[11.51625,52.70304],[11.5234,52.71282],[11.5233,52.72092],[11.5203,52.72564],[11.52101,52.73502],[11.52334,52.73463],[11.52253,52.74256],[11.5299,52.7473],[11.53923,52.7487],[11.55399,52.75601],[11.56227,52.76498],[11.56265,52.76623],[11.55352,52.76752],[11.54221,52.77269],[11.5282,52.76972],[11.52058,52.77091],[11.50881,52.76978],[11.50619,52.77323],[11.50837,52.78137],[11.50618,52.78146],[11.50453,52.78614],[11.51356,52.7869],[11.52879,52.79534],[11.54032,52.7984],[11.53841,52.80184],[11.53062,52.8147],[11.50288,52.81292],[11.48101,52.81463],[11.47881,52.81589],[11.47868,52.82542],[11.46882,52.84157],[11.51277,52.84035],[11.52755,52.8422],[11.53541,52.85225],[11.55383,52.85114],[11.57205,52.84782],[11.57559,52.85214],[11.59274,52.85667],[11.60643,52.85482],[11.62607,52.85597],[11.63214,52.86075],[11.62764,52.87339],[11.62435,52.87751],[11.6132,52.88194],[11.61692,52.88449],[11.62561,52.88492],[11.63752,52.89781],[11.63423,52.89991],[11.62288,52.90184],[11.60817,52.90083],[11.60165,52.9028],[11.59355,52.90914],[11.57664,52.91679],[11.57192,52.9213],[11.56839,52.93031],[11.55978,52.93302],[11.56045,52.93595],[11.54435,52.93552],[11.55748,52.92762],[11.55032,52.92175],[11.53387,52.92512],[11.51908,52.93105],[11.51771,52.92824],[11.50648,52.93832],[11.49234,52.95966],[11.50643,52.99975],[11.51249,53.00744],[11.51906,53.00669],[11.52643,53.00826],[11.54338,52.99945],[11.55642,52.99867],[11.56044,53.0038],[11.55209,53.00473],[11.55925,53.01308],[11.56375,53.01284],[11.56913,53.01855],[11.59642,53.03278],[11.59778,53.03593],[11.58466,53.03531],[11.57023,53.03924],[11.5481,53.05239],[11.52378,53.04714],[11.5059,53.04904],[11.4936,53.05465],[11.46377,53.07442],[11.44838,53.07838],[11.40259,53.07237],[11.35758,53.05594],[11.34649,53.05418],[11.33887,53.0551],[11.3285,53.06084],[11.30977,53.07786],[11.28769,53.08676],[11.27316,53.09722],[11.26775,53.10419],[11.26841,53.11705],[11.26573,53.12198],[11.27541,53.12057],[11.28297,53.12144],[11.29042,53.1169],[11.3,53.11642],[11.31025,53.11623],[11.31724,53.12001],[11.32472,53.1193],[11.33662,53.11375],[11.36072,53.11622],[11.36899,53.11436],[11.37091,53.11156],[11.37275,53.11271],[11.3833,53.11095],[11.38679,53.11255],[11.39377,53.1103],[11.40057,53.11582],[11.3918,53.12965],[11.39563,53.14],[11.4047,53.13691],[11.4139,53.1367],[11.42176,53.14095],[11.43867,53.13669],[11.44833,53.13952],[11.46084,53.14023],[11.47371,53.13461],[11.47343,53.12725],[11.48408,53.12903],[11.50048,53.12642],[11.50222,53.12139],[11.50778,53.12269],[11.51005,53.12554],[11.53457,53.12532],[11.53637,53.12924],[11.54851,53.13082],[11.54694,53.13475],[11.55596,53.13878],[11.55008,53.15107],[11.55652,53.15042],[11.55587,53.15409],[11.56497,53.16421],[11.56936,53.16609],[11.56893,53.17048],[11.56255,53.17583],[11.56708,53.18249],[11.55782,53.18486],[11.55979,53.18741],[11.55671,53.19424],[11.56058,53.20267],[11.55159,53.20841],[11.56155,53.21242],[11.57071,53.21326],[11.57608,53.21203],[11.58896,53.21584],[11.59904,53.22498],[11.61685,53.2306],[11.6197,53.23768],[11.62924,53.24222],[11.6402,53.23865],[11.65362,53.23917],[11.66701,53.24422],[11.67333,53.24402],[11.67685,53.24201],[11.69095,53.24176],[11.69543,53.24438],[11.70002,53.24398],[11.70253,53.23994],[11.70852,53.2375],[11.70737,53.23424],[11.71363,53.23284],[11.71463,53.23051],[11.72753,53.23166],[11.72933,53.21715],[11.74836,53.21991],[11.76907,53.22749],[11.78357,53.22728],[11.7877,53.2287],[11.79448,53.22623],[11.80427,53.22746],[11.80847,53.22645],[11.81615,53.22719],[11.81834,53.22906],[11.82889,53.22866],[11.82873,53.23123],[11.83299,53.23204],[11.82961,53.23651],[11.81722,53.24525],[11.80357,53.24686],[11.79607,53.25335],[11.80045,53.25465],[11.80948,53.25261],[11.81667,53.25419],[11.84679,53.25146],[11.84866,53.2497],[11.86175,53.24822],[11.86686,53.25655],[11.87216,53.26029],[11.88482,53.26454],[11.88986,53.26905],[11.89274,53.27276],[11.8926,53.27898],[11.89873,53.27831],[11.9047,53.27459],[11.91837,53.2733],[11.94542,53.27434],[11.94806,53.27177],[11.95425,53.27381],[11.95622,53.2788],[11.96571,53.28523],[11.97345,53.29517],[11.97386,53.29916],[11.98647,53.29983],[11.9877,53.29566],[11.99707,53.29391],[12.00282,53.29964],[12.01853,53.29959],[12.02364,53.30414],[12.01851,53.31543],[12.02208,53.32129],[12.01461,53.33442],[12.02315,53.33683],[12.03871,53.34508],[12.05642,53.34966],[12.05269,53.35325],[12.05459,53.35406],[12.05152,53.36022],[12.04716,53.36095],[12.04806,53.36503],[12.05137,53.36687],[12.04528,53.37099],[12.06162,53.37142],[12.06574,53.36972],[12.07755,53.36939],[12.08208,53.3463],[12.09209,53.34486],[12.10917,53.34381],[12.10846,53.34994],[12.13469,53.34857],[12.13485,53.35151],[12.1392,53.35468],[12.13944,53.36142],[12.14126,53.35906],[12.15195,53.36151],[12.15651,53.34972],[12.16856,53.33912],[12.18685,53.34333],[12.18621,53.3507],[12.19112,53.35395],[12.21219,53.35316],[12.2216,53.35734],[12.22944,53.35816],[12.23643,53.34198],[12.24529,53.33301],[12.26001,53.32772],[12.25747,53.32502],[12.26021,53.32391],[12.27184,53.32406],[12.27956,53.32781],[12.2913,53.32868],[12.31077,53.32724],[12.31102,53.32322],[12.3251,53.3213],[12.33175,53.31801],[12.343,53.31592],[12.36331,53.30671],[12.37397,53.30586],[12.38125,53.30235],[12.39425,53.30181],[12.39823,53.29466],[12.39183,53.28506],[12.40043,53.27919],[12.40984,53.27968],[12.42801,53.27499],[12.43206,53.27081],[12.43158,53.26258],[12.44531,53.24993],[12.46709,53.25623],[12.49763,53.2552],[12.50279,53.25778],[12.5024,53.26217],[12.52977,53.26479],[12.54991,53.26198],[12.56632,53.25591],[12.59815,53.24853],[12.60118,53.24508],[12.60605,53.2444],[12.61728,53.2515],[12.62411,53.25176],[12.62842,53.25456],[12.66056,53.25441],[12.66569,53.25329],[12.66829,53.24816],[12.6724,53.24916],[12.67566,53.24772],[12.66624,53.24156],[12.66554,53.23862],[12.66944,53.23711],[12.66397,53.23495],[12.66618,53.23143],[12.67118,53.2295],[12.68261,53.22646],[12.69581,53.22705],[12.71579,53.22452],[12.72274,53.22167],[12.74227,53.22305],[12.74688,53.22547],[12.75741,53.22435],[12.75806,53.22159],[12.74951,53.20633],[12.73949,53.1996],[12.75915,53.195],[12.76438,53.18893],[12.77793,53.18932],[12.78034,53.18759],[12.78492,53.18784],[12.79028,53.19123],[12.79385,53.19139],[12.79471,53.18987],[12.79909,53.19107],[12.80888,53.19765],[12.81293,53.19741],[12.81026,53.1954],[12.81487,53.19198],[12.81494,53.19947],[12.80748,53.20591],[12.81562,53.20931],[12.80986,53.21056],[12.80476,53.20866],[12.797,53.20911],[12.79667,53.21146],[12.8013,53.21095],[12.8036,53.21439],[12.80106,53.23554],[12.79438,53.23506],[12.76442,53.24237],[12.75698,53.25052],[12.75257,53.25212],[12.75417,53.26497],[12.75841,53.26687],[12.75867,53.26942],[12.75566,53.27055],[12.76038,53.27403],[12.77673,53.27998],[12.77598,53.28256],[12.76449,53.2869],[12.76633,53.30118],[12.7827,53.30437],[12.80365,53.30518],[12.81037,53.31053],[12.8116,53.31493],[12.8142,53.33254],[12.81022,53.33432],[12.81564,53.33632],[12.8215,53.34241],[12.82476,53.35124],[12.8321,53.35296],[12.83222,53.35655],[12.84208,53.36022],[12.84409,53.35648],[12.84932,53.36073],[12.85212,53.36054],[12.85741,53.38502],[12.8436,53.39099],[12.85016,53.41099],[12.84953,53.41666],[12.86753,53.41993],[12.86698,53.42335],[12.88575,53.4359],[12.87613,53.44484],[12.87672,53.45883],[12.87441,53.46413],[12.88304,53.46431],[12.88757,53.46722],[12.89839,53.46417],[12.90445,53.45681],[12.94047,53.45088],[12.94502,53.45809],[12.94021,53.45962],[12.94167,53.46269],[12.95279,53.46322],[12.95565,53.4654],[12.96415,53.4659],[12.97364,53.463],[12.97662,53.46579],[12.98907,53.46524],[13.00192,53.4671],[13.00557,53.46543],[13.01258,53.46665],[13.02489,53.46417],[13.0291,53.46673],[13.03557,53.46402],[13.0398,53.46714],[13.05381,53.46984],[13.06973,53.46525],[13.07185,53.46883],[13.08693,53.47396],[13.09763,53.46738],[13.10066,53.46779],[13.09841,53.46994],[13.09975,53.47321],[13.1026,53.47467],[13.10725,53.47411],[13.11468,53.47793],[13.11546,53.47262],[13.12422,53.46852],[13.12116,53.47845],[13.12437,53.47982],[13.13326,53.47376],[13.13219,53.46807],[13.13999,53.46157],[13.15009,53.46329],[13.16086,53.46838],[13.16231,53.47752],[13.1594,53.47764],[13.15828,53.48004],[13.16407,53.48901],[13.17109,53.49009],[13.17958,53.49462],[13.18548,53.49411],[13.17294,53.50202],[13.16625,53.51013],[13.16698,53.51504],[13.16179,53.52021],[13.16491,53.52379],[13.16111,53.53128],[13.14616,53.54765],[13.1569,53.55245],[13.15785,53.55716],[13.16153,53.55856],[13.14993,53.56551],[13.14087,53.55952],[13.12891,53.55578],[13.11816,53.55536],[13.11547,53.55681],[13.10667,53.55557],[13.09666,53.5579],[13.09379,53.55677],[13.08774,53.56072],[13.09228,53.56244],[13.09495,53.56883],[13.09757,53.56944],[13.0911,53.57411],[13.09303,53.57723],[13.10736,53.57928],[13.11247,53.5826],[13.12118,53.58299],[13.13466,53.58727],[13.13729,53.59435],[13.14969,53.59632],[13.15415,53.59466],[13.16072,53.59661],[13.17119,53.60349],[13.18243,53.60345],[13.19424,53.60093],[13.19863,53.60286],[13.20068,53.60823],[13.20453,53.60776],[13.21268,53.62074],[13.22808,53.61584],[13.249,53.61691],[13.25239,53.61854],[13.25124,53.62411],[13.25867,53.62675],[13.25667,53.62937],[13.25303,53.62987],[13.25715,53.6343],[13.25572,53.63705],[13.25884,53.63822],[13.25655,53.64136],[13.26183,53.64509],[13.26274,53.64928],[13.26713,53.64958],[13.272,53.65318],[13.26833,53.66292],[13.27909,53.66328],[13.31814,53.67511],[13.34426,53.67977],[13.39218,53.69668],[13.41458,53.71023],[13.41773,53.72676],[13.43191,53.74857],[13.4312,53.75188],[13.4455,53.74794],[13.44551,53.75075],[13.45004,53.74911],[13.46527,53.74893],[13.47074,53.7463],[13.49359,53.74511],[13.50582,53.74189],[13.50945,53.73802],[13.51836,53.73454],[13.51621,53.73312],[13.52564,53.72686],[13.52662,53.72192],[13.52359,53.72137],[13.52301,53.71596],[13.53152,53.70679],[13.538,53.70062],[13.5492,53.69557],[13.64154,53.7041],[13.64628,53.70003],[13.65911,53.69767],[13.68109,53.69644],[13.69868,53.69903],[13.71908,53.69777],[13.74794,53.6883],[13.75474,53.69001],[13.75348,53.68657],[13.7582,53.68548],[13.796,53.68515],[13.79192,53.67912],[13.7644,53.67949],[13.75093,53.67232],[13.72298,53.66835],[13.71811,53.66377],[13.71572,53.66498],[13.70438,53.65884],[13.69427,53.65098],[13.71852,53.64078],[13.73458,53.63752],[13.73624,53.6298],[13.73006,53.62504],[13.74572,53.62741],[13.76046,53.62152],[13.76733,53.61546],[13.75414,53.61508],[13.75711,53.61247],[13.75502,53.61032],[13.74493,53.61093],[13.7349,53.60462],[13.73588,53.60208],[13.72787,53.60274],[13.70613,53.59188],[13.69864,53.59154],[13.70967,53.58386],[13.70946,53.57575],[13.72537,53.57173],[13.71787,53.56113],[13.72239,53.55824],[13.72425,53.54305],[13.7215,53.54095],[13.71431,53.54144],[13.70532,53.5361],[13.69881,53.53782],[13.67895,53.5357],[13.68103,53.52141],[13.6718,53.51697],[13.66889,53.51093],[13.6732,53.50885],[13.69381,53.50819],[13.69568,53.5026],[13.68736,53.49187],[13.68854,53.48872],[13.69252,53.48914],[13.71007,53.47906],[13.70299,53.47365],[13.68036,53.46524],[13.67349,53.46019],[13.66256,53.45774],[13.6543,53.4514],[13.65523,53.44757],[13.65129,53.44369],[13.6405,53.44724],[13.6339,53.43987],[13.63889,53.43806],[13.6373,53.43258],[13.62884,53.432],[13.63602,53.42352],[13.62522,53.4093],[13.61905,53.40895],[13.61761,53.41301],[13.61051,53.41376],[13.60653,53.41129],[13.59661,53.41046],[13.59348,53.40778],[13.58931,53.4097],[13.57362,53.40809],[13.56952,53.40533],[13.57013,53.40344],[13.56406,53.40076],[13.55789,53.40117],[13.55011,53.39908],[13.54964,53.39558],[13.54621,53.3942],[13.55659,53.39156],[13.55418,53.38307],[13.55021,53.38094],[13.5568,53.37964],[13.55637,53.37609],[13.54743,53.3719],[13.54342,53.36403],[13.526,53.36635],[13.51685,53.35209],[13.52526,53.35102],[13.52483,53.34307],[13.52048,53.34104],[13.51963,53.33797],[13.52299,53.33469],[13.52353,53.32008],[13.51011,53.31745],[13.50899,53.3219],[13.50284,53.32733],[13.50179,53.3247],[13.50727,53.31623],[13.49642,53.30663],[13.49733,53.30223],[13.48306,53.2912],[13.46128,53.28869],[13.4565,53.29305],[13.45619,53.29795],[13.44238,53.29807],[13.43821,53.29973],[13.43495,53.29472],[13.43873,53.29199],[13.43414,53.28994],[13.4424,53.28648],[13.43513,53.28278],[13.43151,53.28455],[13.42092,53.26964],[13.41548,53.26684],[13.41326,53.26302],[13.40768,53.26263],[13.40857,53.25837],[13.40434,53.25214],[13.40393,53.24598],[13.39691,53.24595],[13.38899,53.24274],[13.38653,53.24405],[13.38611,53.25048],[13.38221,53.2504],[13.37063,53.26176],[13.3686,53.27104],[13.36045,53.278],[13.3492,53.27826],[13.34036,53.27626],[13.341,53.27368],[13.33708,53.27343],[13.2978,53.28089],[13.28815,53.2752],[13.28442,53.27567],[13.28399,53.27272],[13.27941,53.27123],[13.27531,53.26506],[13.26375,53.26392],[13.25728,53.26145],[13.25271,53.26231],[13.2537,53.26007],[13.24786,53.25684],[13.24375,53.24869],[13.24585,53.24703],[13.24726,53.24888],[13.25124,53.24739],[13.24364,53.23947],[13.23965,53.23894],[13.24197,53.23714],[13.2414,53.2324],[13.24284,53.23628],[13.24635,53.23496],[13.2424,53.22942],[13.25167,53.21982],[13.24168,53.2129],[13.24672,53.20972],[13.2471,53.20595],[13.25653,53.20477],[13.26246,53.20646],[13.27428,53.20287],[13.27795,53.19614],[13.27234,53.19281],[13.2727,53.19087],[13.28925,53.19728],[13.28967,53.19427],[13.29341,53.19241],[13.28397,53.18667],[13.31356,53.17705],[13.29403,53.15876],[13.30331,53.1551],[13.28779,53.13998],[13.29228,53.14003],[13.29643,53.1428],[13.30221,53.1416],[13.29653,53.14126],[13.28756,53.13633],[13.29602,53.13512],[13.29337,53.13261],[13.29838,53.1308],[13.29763,53.12742],[13.3111,53.12126],[13.31505,53.11272],[13.32188,53.11115],[13.32355,53.10112],[13.33404,53.09695],[13.34968,53.09603],[13.352,53.09155],[13.35739,53.09107],[13.36243,53.08783],[13.36652,53.07932],[13.3711,53.07688],[13.36895,53.06928],[13.37563,53.06746],[13.3831,53.06809],[13.39147,53.05985],[13.41468,53.05632],[13.41547,53.05331],[13.4082,53.04837],[13.41095,53.04452],[13.4028,53.03151],[13.40676,53.02527],[13.41428,53.02361],[13.4335,53.02329],[13.44443,53.02962],[13.44577,53.02516],[13.45214,53.02185],[13.45691,53.01584],[13.4604,53.00844],[13.48591,53.00899],[13.48706,53.0021],[13.49703,53.00171],[13.49673,52.99716],[13.50088,52.99827],[13.49495,52.98992],[13.49115,52.98981],[13.4913,52.98717],[13.51242,52.98708],[13.51266,52.9888],[13.51748,52.98851],[13.51343,52.97491],[13.4835,52.96342],[13.47635,52.96679],[13.47322,52.96676],[13.47355,52.96452],[13.46375,52.96368],[13.45707,52.96578],[13.45284,52.96456],[13.44162,52.95952],[13.43649,52.95211],[13.40558,52.94153],[13.39783,52.93392],[13.39886,52.93006],[13.40103,52.92995],[13.40241,52.93411],[13.40544,52.9293],[13.42644,52.92939],[13.4258,52.93238],[13.42089,52.93136],[13.41391,52.93509],[13.41696,52.93704],[13.42521,52.93317],[13.43139,52.93741],[13.43657,52.93419],[13.42817,52.92797],[13.42904,52.92605],[13.41596,52.92574],[13.41054,52.9233],[13.40946,52.91129],[13.41195,52.9097],[13.41924,52.91145],[13.41816,52.90787],[13.42883,52.90367],[13.43405,52.90538],[13.43283,52.90701],[13.42836,52.90643],[13.4333,52.91682],[13.4338,52.91441],[13.44391,52.91005],[13.45401,52.91284],[13.44882,52.91346],[13.44569,52.9177],[13.45658,52.91959],[13.47281,52.91858],[13.47277,52.90649],[13.47684,52.90657],[13.47707,52.90285],[13.48655,52.9049],[13.48735,52.90164],[13.49066,52.90119],[13.48015,52.89866],[13.47964,52.89999],[13.47589,52.89945],[13.47727,52.89446],[13.46587,52.89184],[13.45987,52.88809],[13.46278,52.88742],[13.46145,52.88528],[13.50489,52.87607],[13.50778,52.87348],[13.49202,52.87291],[13.47471,52.87801],[13.46995,52.87051],[13.47681,52.85882],[13.485,52.85279],[13.49726,52.84982],[13.50868,52.8513],[13.52095,52.84847],[13.5054,52.83731],[13.49645,52.84147],[13.49413,52.83983],[13.49524,52.83484],[13.49913,52.8312],[13.50163,52.83209],[13.49136,52.81051],[13.47936,52.80879],[13.46823,52.8129],[13.46641,52.80957],[13.45331,52.80571],[13.42196,52.80417],[13.42251,52.79891],[13.42976,52.79286],[13.43066,52.78947],[13.40651,52.78051],[13.4048,52.77005],[13.41468,52.75119],[13.40807,52.75128],[13.39671,52.74464],[13.39921,52.74333],[13.40891,52.74501],[13.40569,52.7387],[13.42428,52.73449],[13.41305,52.7262],[13.40577,52.72578],[13.40779,52.7255],[13.40705,52.72203],[13.41875,52.72008],[13.41961,52.7114],[13.42205,52.70996],[13.42093,52.70845],[13.40444,52.70964],[13.40879,52.69703],[13.39641,52.68879],[13.40478,52.6884],[13.39803,52.68191],[13.40601,52.68133],[13.40538,52.67828],[13.39958,52.67661],[13.39655,52.67273],[13.40385,52.67435],[13.42283,52.66979],[13.4194,52.66655],[13.41369,52.66831],[13.41076,52.66407],[13.4068,52.66312],[13.40788,52.66041],[13.40034,52.65718],[13.40564,52.65132],[13.40038,52.64946],[13.40224,52.64798],[13.39473,52.64713],[13.38868,52.63761],[13.37438,52.63152],[13.37445,52.62842],[13.35793,52.62323],[13.34461,52.62477],[13.34419,52.62342],[13.33648,52.62267],[13.31312,52.62838],[13.30242,52.62756],[13.30831,52.62969],[13.30311,52.63667],[13.30786,52.63762],[13.30926,52.64314],[13.30038,52.65347],[13.31003,52.65738],[13.30757,52.65931],[13.28288,52.66078],[13.28244,52.6413],[13.26216,52.64075],[13.26523,52.63442],[13.26427,52.62693],[13.22068,52.62818],[13.21698,52.62012],[13.20684,52.60906],[13.20161,52.60638],[13.21863,52.59204],[13.21734,52.58746],[13.20737,52.58845],[13.20663,52.58674],[13.16592,52.59803],[13.16458,52.60157],[13.15885,52.60097],[13.15844,52.6028],[13.15348,52.60065],[13.15513,52.60654],[13.14797,52.60871],[13.14769,52.61285],[13.15193,52.61165],[13.16014,52.61651],[13.15644,52.62839],[13.14775,52.62948],[13.14727,52.62805],[13.13732,52.63189],[13.12731,52.63041],[13.12377,52.63219],[13.11893,52.63147],[13.11717,52.63477],[13.11153,52.63439],[13.11202,52.63797],[13.10403,52.64518],[13.09611,52.65968],[13.08979,52.66444],[13.09243,52.66798],[13.09005,52.67077],[13.0959,52.67744],[13.08726,52.67929],[13.07656,52.67792],[13.04518,52.66885],[13.04104,52.67036],[13.02453,52.67039],[13.0237,52.67176],[13.01356,52.67101],[13.02467,52.67595],[13.02706,52.6758],[13.02585,52.67325],[13.02821,52.67334],[13.0308,52.67829],[13.01736,52.67652],[13.0227,52.68909],[12.99747,52.69249],[12.99217,52.69163],[12.9956,52.69765],[12.98378,52.70141],[12.96941,52.70101],[12.97558,52.70971],[12.96386,52.71395],[12.96185,52.71699],[12.96338,52.72031],[12.9511,52.7231],[12.92898,52.725],[12.92404,52.72265],[12.92634,52.72053],[12.9237,52.71921],[12.87171,52.70916],[12.86803,52.70635],[12.85814,52.70479],[12.85481,52.70173],[12.82876,52.69476],[12.83169,52.68476],[12.8348,52.68214],[12.83312,52.68131],[12.83218,52.68308],[12.76602,52.69458],[12.76233,52.69581],[12.76405,52.69748],[12.74051,52.70339],[12.73798,52.71223],[12.72924,52.71775],[12.72755,52.72249],[12.71622,52.72339],[12.71742,52.72882],[12.70777,52.72881],[12.71236,52.73776],[12.72229,52.74339],[12.7216,52.74592],[12.71605,52.74784],[12.72059,52.75599],[12.71717,52.75713],[12.71799,52.75855],[12.70486,52.75959],[12.67258,52.7696],[12.67653,52.7733],[12.66683,52.77763],[12.66981,52.78216],[12.66463,52.78413],[12.6567,52.79139],[12.65486,52.78905],[12.646,52.79268],[12.65116,52.79917],[12.64738,52.80146],[12.60949,52.79055],[12.60968,52.79425],[12.60191,52.80099],[12.58248,52.8083],[12.54825,52.81053],[12.54879,52.80384],[12.55181,52.80296],[12.55073,52.80107],[12.54132,52.80235],[12.54096,52.79205],[12.53358,52.79296],[12.53278,52.7831],[12.53401,52.78108],[12.54499,52.781],[12.55243,52.77155],[12.54656,52.77139],[12.54626,52.7685],[12.54095,52.76605],[12.5408,52.76476],[12.55024,52.76303],[12.54612,52.75251],[12.51888,52.75287],[12.49571,52.75904],[12.49139,52.75772],[12.48779,52.76091],[12.48112,52.75842],[12.46672,52.75683],[12.46433,52.75832],[12.4608,52.7564],[12.44966,52.75735],[12.44676,52.75528],[12.44151,52.75528],[12.43836,52.75728],[12.43251,52.75567],[12.42357,52.7566],[12.41188,52.75191],[12.40615,52.75281],[12.40069,52.75625],[12.40194,52.76576],[12.39521,52.77215],[12.39368,52.77081],[12.38645,52.77136],[12.38609,52.76956],[12.38025,52.76853],[12.37873,52.77013],[12.40423,52.78527],[12.40691,52.78894],[12.39641,52.79327],[12.39987,52.79775],[12.39717,52.80262],[12.37842,52.80248],[12.37735,52.80536],[12.35995,52.79776],[12.33894,52.79665],[12.33564,52.79511],[12.32575,52.79751],[12.30625,52.79842],[12.29808,52.80085],[12.2823,52.7963],[12.26964,52.80089],[12.26404,52.80022],[12.25906,52.79482],[12.25061,52.79382],[12.25174,52.79233],[12.24389,52.78653],[12.23053,52.78981],[12.2208,52.78974],[12.22356,52.78705],[12.22351,52.7757],[12.22061,52.77371],[12.21313,52.77361],[12.21185,52.76602],[12.21487,52.764],[12.20907,52.76391],[12.20601,52.7614],[12.20916,52.75318],[12.21775,52.75258],[12.21987,52.75039],[12.22129,52.74522],[12.21842,52.74353],[12.22317,52.73975],[12.22055,52.73648],[12.20944,52.7352],[12.20936,52.73204],[12.20129,52.729],[12.20596,52.72651],[12.20277,52.72599],[12.20471,52.72497],[12.19755,52.71838],[12.19986,52.7172],[12.2048,52.71982],[12.20984,52.71762],[12.21018,52.71547],[12.20392,52.71335],[12.21049,52.70872],[12.21655,52.70846],[12.22419,52.70279],[12.21754,52.69982],[12.22088,52.69044],[12.22277,52.68845],[12.23288,52.68904],[12.23282,52.68691],[12.22681,52.6838],[12.23538,52.68036],[12.23935,52.67174],[12.2393,52.66582],[12.23545,52.66587],[12.23458,52.66436],[12.23794,52.6625],[12.23379,52.65967],[12.23551,52.65445],[12.23252,52.65361],[12.23789,52.64556],[12.23668,52.64098],[12.231,52.63989],[12.23085,52.62976],[12.23687,52.62888],[12.21265,52.6251],[12.20354,52.61875],[12.17197,52.62595],[12.16927,52.62109],[12.16913,52.61675],[12.17554,52.61779],[12.17026,52.61122],[12.17029,52.6077],[12.17657,52.60647],[12.1734,52.5996],[12.17338,52.58225],[12.17673,52.5765],[12.18108,52.57518],[12.15931,52.56099],[12.14944,52.54055],[12.14349,52.53687],[12.14492,52.53328],[12.14181,52.52839],[12.15464,52.5297],[12.1582,52.53422],[12.17389,52.53869],[12.1796,52.53366],[12.18869,52.53242],[12.18547,52.52702],[12.17779,52.52389],[12.16729,52.51499],[12.17129,52.50618],[12.1624,52.50099],[12.15233,52.50353],[12.14498,52.50755],[12.14145,52.51375],[12.13727,52.50796],[12.10957,52.50732],[12.10303,52.51161],[12.10321,52.52436],[12.08853,52.5341],[12.08108,52.53505],[12.07737,52.53989],[12.06275,52.53493],[12.05102,52.52511],[12.04754,52.52684],[12.03742,52.523],[12.02061,52.5248],[12.01234,52.52316],[12.00982,52.52031],[11.9915,52.51899],[11.9935,52.52539],[11.98728,52.53197],[11.98817,52.53549],[11.99278,52.53642],[11.99226,52.543],[11.99911,52.54636],[11.99627,52.55499],[11.9985,52.55988],[11.99453,52.56725],[11.99867,52.57095],[11.98851,52.57574],[11.98572,52.56751],[11.98546,52.55056],[11.98016,52.53749],[11.96307,52.52378],[11.95997,52.51777],[11.96314,52.51236],[11.97649,52.50411],[11.98501,52.49398],[11.98736,52.47465]]],[[[13.4071,52.93464],[13.40471,52.93532],[13.40638,52.93634],[13.405,52.93719],[13.40778,52.93881],[13.40896,52.93863],[13.4094,52.93817],[13.40853,52.93754],[13.4071,52.93464]]]]}},{"type":"Feature","id":"oderland-uckermark","bbox":[13.08253,51.99988,14.7591,53.61546],"properties":{"id":"oderland-uckermark","name":"Oderland-Uckermark","sitz":"Frankfurt (Oder)","einwohner":993520,"flaecheKm2":10553,"kreise":["Kreisfreie Stadt Eisenhüttenstadt","Kreisfreie Stadt Frankfurt (Oder)","Landkreis Barnim","Landkreis Märkisch-Oderland","Landkreis Oder-Spree","Landkreis Schwedt-Angermünde","Landkreis Teltow-Dahme","Landkreis Uckermark"],"quelle":"GeoPackage / Gesetzesentwurf"},"geometry":{"type":"MultiPolygon","coordinates":[[[[14.70006,52.20452],[14.68854,52.1989],[14.68518,52.19408],[14.6881,52.18927],[14.70121,52.18028],[14.70542,52.16963],[14.70309,52.16428],[14.67959,52.14493],[14.68421,52.12419],[14.68218,52.11469],[14.6878,52.10733],[14.70035,52.09812],[14.7243,52.09352],[14.74128,52.08523],[14.7591,52.06569],[14.75725,52.06067],[14.74524,52.05385],[14.74571,52.04654],[14.74978,52.04304],[14.74826,52.03183],[14.74037,52.02908],[14.74082,52.02282],[14.72671,52.01393],[14.72525,52.00823],[14.71484,52.00493],[14.71671,52.00118],[14.71243,51.99988],[14.69935,52.00695],[14.70892,52.01316],[14.70447,52.0145],[14.69886,52.01478],[14.69775,52.00998],[14.68186,52.00445],[14.68107,52.00172],[14.67474,52.0026],[14.66111,52.0108],[14.66602,52.01544],[14.6609,52.01734],[14.64969,52.02783],[14.61587,52.02852],[14.60135,52.03348],[14.5901,52.03421],[14.5779,52.02986],[14.56316,52.01975],[14.56589,52.01708],[14.56232,52.00885],[14.55772,52.00814],[14.55737,52.0053],[14.52344,52.01045],[14.50084,52.00761],[14.49176,52.01604],[14.49176,52.02997],[14.48271,52.03721],[14.47908,52.04595],[14.48573,52.05477],[14.48272,52.05774],[14.46451,52.04697],[14.44555,52.03995],[14.44858,52.03115],[14.446,52.02636],[14.43613,52.02441],[14.415,52.02451],[14.40547,52.02803],[14.40332,52.03137],[14.40093,52.05283],[14.37064,52.06771],[14.35512,52.07305],[14.33066,52.06858],[14.31995,52.06179],[14.31142,52.06081],[14.30497,52.05617],[14.30233,52.0478],[14.29572,52.04448],[14.29992,52.03647],[14.28661,52.03985],[14.28099,52.03706],[14.26971,52.03527],[14.27027,52.03233],[14.26649,52.03177],[14.25602,52.03292],[14.25339,52.03522],[14.24007,52.03499],[14.24171,52.03997],[14.23325,52.04219],[14.23013,52.04034],[14.21977,52.04186],[14.214,52.05284],[14.21828,52.06122],[14.21271,52.06574],[14.21563,52.06843],[14.22075,52.06865],[14.22253,52.07571],[14.23039,52.07957],[14.23018,52.08212],[14.2321,52.08154],[14.23379,52.08368],[14.24006,52.08334],[14.24755,52.08687],[14.23728,52.08433],[14.22733,52.08523],[14.22306,52.08289],[14.22251,52.07884],[14.21774,52.07823],[14.20983,52.08535],[14.20517,52.08676],[14.20407,52.07404],[14.19419,52.05773],[14.15963,52.05733],[14.14318,52.05272],[14.14377,52.05122],[14.13898,52.04877],[14.12671,52.0538],[14.12782,52.06106],[14.12505,52.06716],[14.11404,52.072],[14.11448,52.0752],[14.10953,52.0806],[14.11195,52.08721],[14.10107,52.08863],[14.09699,52.09177],[14.08948,52.09107],[14.08761,52.09687],[14.06709,52.10028],[14.06404,52.10169],[14.0611,52.10849],[14.05555,52.10549],[14.04284,52.1052],[14.04412,52.11485],[14.03354,52.11028],[14.02148,52.11224],[14.00963,52.10954],[14.00699,52.11212],[14.00988,52.11408],[14.00596,52.11511],[14.007,52.11757],[14.00233,52.11762],[13.99996,52.1158],[13.99859,52.11931],[13.9918,52.1204],[13.99,52.11899],[13.98266,52.12439],[13.9787,52.13206],[13.97165,52.13396],[13.96975,52.13212],[13.96813,52.13617],[13.93837,52.13775],[13.93343,52.1313],[13.91911,52.13051],[13.92448,52.12783],[13.92966,52.12878],[13.93074,52.1268],[13.91825,52.12447],[13.91677,52.12747],[13.90922,52.12825],[13.90788,52.12286],[13.88953,52.12333],[13.88906,52.12144],[13.87564,52.12035],[13.87119,52.11813],[13.84529,52.12172],[13.84591,52.13267],[13.85872,52.13117],[13.86426,52.13725],[13.86782,52.13617],[13.87562,52.14733],[13.86979,52.14653],[13.86683,52.1506],[13.86146,52.15082],[13.85728,52.15847],[13.85058,52.16054],[13.85012,52.1647],[13.85616,52.16438],[13.8602,52.17244],[13.86589,52.17039],[13.87211,52.1701],[13.87223,52.17159],[13.88149,52.16939],[13.88947,52.16961],[13.89087,52.17969],[13.89429,52.18429],[13.87907,52.18214],[13.85644,52.18941],[13.85161,52.18318],[13.83503,52.18537],[13.83014,52.18163],[13.81672,52.18936],[13.81198,52.1896],[13.81152,52.18812],[13.77713,52.19261],[13.77379,52.19058],[13.77412,52.18714],[13.7812,52.18045],[13.7688,52.17029],[13.7625,52.15864],[13.76476,52.15344],[13.75934,52.14806],[13.76313,52.14043],[13.7573,52.12839],[13.76405,52.11897],[13.76306,52.11603],[13.7573,52.10936],[13.75097,52.10984],[13.73993,52.10478],[13.73819,52.10269],[13.74015,52.10175],[13.73608,52.09843],[13.75227,52.09402],[13.76773,52.08112],[13.76789,52.07773],[13.77545,52.07671],[13.77699,52.07276],[13.77439,52.07219],[13.77242,52.05771],[13.77512,52.05093],[13.7663,52.05884],[13.76286,52.05734],[13.77039,52.05207],[13.76666,52.04204],[13.75924,52.03809],[13.76705,52.03428],[13.76073,52.03312],[13.75868,52.0377],[13.75204,52.03553],[13.75257,52.03425],[13.72326,52.0302],[13.72468,52.02799],[13.72008,52.02702],[13.71595,52.02992],[13.71232,52.02849],[13.70024,52.02946],[13.70472,52.03511],[13.70553,52.04289],[13.68986,52.0509],[13.68741,52.05325],[13.68939,52.05481],[13.68561,52.05399],[13.68448,52.05111],[13.67801,52.05389],[13.68226,52.05066],[13.64781,52.05692],[13.6288,52.07153],[13.60559,52.07797],[13.5966,52.08375],[13.57748,52.09037],[13.55616,52.0908],[13.54082,52.09722],[13.51406,52.09235],[13.50106,52.09228],[13.49541,52.09907],[13.49266,52.10848],[13.47528,52.11148],[13.46188,52.11284],[13.45037,52.10982],[13.43356,52.11193],[13.42501,52.11068],[13.39604,52.09523],[13.37537,52.089],[13.35304,52.08969],[13.32851,52.08697],[13.30169,52.08936],[13.30188,52.09064],[13.30654,52.09035],[13.30542,52.09942],[13.31163,52.09935],[13.31602,52.10654],[13.2979,52.11738],[13.30329,52.12097],[13.3245,52.14979],[13.32331,52.16831],[13.31816,52.17133],[13.32109,52.17233],[13.31805,52.17634],[13.28932,52.17105],[13.26332,52.17008],[13.26948,52.15833],[13.26773,52.15144],[13.25785,52.15439],[13.23968,52.1522],[13.22195,52.15262],[13.21887,52.17708],[13.20981,52.17706],[13.20446,52.17328],[13.20828,52.17163],[13.20154,52.16589],[13.19632,52.1651],[13.19678,52.16179],[13.1912,52.15764],[13.1967,52.15289],[13.18871,52.15184],[13.18923,52.15565],[13.1878,52.15777],[13.18485,52.15757],[13.18658,52.16053],[13.1941,52.16148],[13.19215,52.16671],[13.19935,52.16672],[13.19223,52.16837],[13.19576,52.17049],[13.20101,52.16919],[13.2059,52.17147],[13.20161,52.1731],[13.20391,52.17491],[13.19989,52.17964],[13.19919,52.18534],[13.19328,52.18672],[13.18843,52.19408],[13.19191,52.19523],[13.19589,52.20157],[13.17372,52.20821],[13.17592,52.20323],[13.14902,52.20099],[13.14914,52.19812],[13.14229,52.19784],[13.14107,52.19365],[13.13102,52.19211],[13.12968,52.18982],[13.1206,52.19343],[13.10951,52.19259],[13.08253,52.19662],[13.09013,52.21119],[13.09409,52.2131],[13.09245,52.2151],[13.09986,52.21762],[13.09827,52.2196],[13.10153,52.22636],[13.1116,52.23041],[13.11273,52.23721],[13.10533,52.24343],[13.11026,52.24792],[13.11332,52.24787],[13.11643,52.25595],[13.11833,52.25731],[13.12519,52.25587],[13.1298,52.25785],[13.13501,52.26382],[13.1388,52.26299],[13.14027,52.26517],[13.14272,52.26453],[13.15492,52.26947],[13.15793,52.27446],[13.16307,52.27698],[13.15533,52.28111],[13.15669,52.28371],[13.15193,52.28914],[13.14799,52.2905],[13.14316,52.28967],[13.14052,52.29401],[13.13684,52.29535],[13.13807,52.29674],[13.1442,52.29893],[13.14896,52.29505],[13.16247,52.29916],[13.17165,52.29772],[13.17641,52.30195],[13.16162,52.31099],[13.16485,52.31781],[13.16834,52.31649],[13.17175,52.31918],[13.18317,52.32127],[13.18188,52.32395],[13.18734,52.32687],[13.20161,52.32902],[13.22258,52.32377],[13.2514,52.33151],[13.24929,52.33785],[13.25277,52.33863],[13.25265,52.34377],[13.25058,52.34439],[13.25399,52.34797],[13.25137,52.35016],[13.275,52.35583],[13.29026,52.36879],[13.29531,52.38058],[13.3062,52.38157],[13.30888,52.38688],[13.3052,52.38799],[13.30995,52.38936],[13.31193,52.39919],[13.34325,52.41162],[13.34303,52.40767],[13.3592,52.39843],[13.37214,52.39382],[13.37045,52.38846],[13.38722,52.38858],[13.38852,52.37797],[13.42098,52.37625],[13.42759,52.38682],[13.41877,52.40992],[13.46232,52.42062],[13.46834,52.41943],[13.47989,52.396],[13.51517,52.40143],[13.52148,52.40147],[13.52826,52.3984],[13.53838,52.40068],[13.53566,52.38901],[13.56491,52.38829],[13.59276,52.39417],[13.59523,52.38682],[13.6063,52.37964],[13.60444,52.37421],[13.61349,52.36459],[13.61599,52.36604],[13.61723,52.36465],[13.62686,52.36608],[13.62476,52.36896],[13.63426,52.37014],[13.64695,52.36873],[13.64683,52.3661],[13.63864,52.36016],[13.63629,52.34704],[13.64265,52.34001],[13.6484,52.33824],[13.65172,52.33946],[13.65108,52.34267],[13.65698,52.35157],[13.66589,52.35839],[13.67108,52.36636],[13.68193,52.36957],[13.6876,52.36727],[13.69157,52.36771],[13.7,52.37512],[13.70051,52.37795],[13.69688,52.37755],[13.69863,52.38159],[13.68806,52.38291],[13.68671,52.38582],[13.69066,52.38557],[13.69777,52.39191],[13.69899,52.39016],[13.71644,52.39953],[13.72334,52.39859],[13.73454,52.40198],[13.73517,52.406],[13.73875,52.40732],[13.72951,52.41739],[13.73791,52.42687],[13.74138,52.42692],[13.74205,52.42966],[13.73946,52.43006],[13.73796,52.43414],[13.74312,52.434],[13.74406,52.43807],[13.75054,52.44146],[13.75422,52.44161],[13.7523,52.43708],[13.75959,52.43627],[13.75903,52.44258],[13.75411,52.44317],[13.75322,52.4476],[13.72911,52.4506],[13.71645,52.46219],[13.70132,52.46815],[13.69919,52.4682],[13.70405,52.46424],[13.70444,52.45426],[13.69843,52.45508],[13.69683,52.46416],[13.6826,52.46618],[13.67066,52.47306],[13.66,52.47412],[13.64822,52.47878],[13.64061,52.47948],[13.6349,52.47579],[13.62581,52.47371],[13.62551,52.46836],[13.62103,52.46856],[13.62111,52.47041],[13.61713,52.47119],[13.61517,52.46976],[13.61152,52.47063],[13.6164,52.47489],[13.61354,52.47575],[13.61501,52.48083],[13.6308,52.49412],[13.62467,52.49518],[13.63332,52.51183],[13.64404,52.51934],[13.65857,52.52581],[13.6569,52.52987],[13.62591,52.53015],[13.62673,52.53775],[13.63194,52.53814],[13.63536,52.54163],[13.58539,52.54847],[13.58749,52.55527],[13.58154,52.57088],[13.57805,52.57104],[13.57556,52.57376],[13.56757,52.57374],[13.55986,52.58178],[13.54711,52.58788],[13.52243,52.59285],[13.50815,52.59218],[13.499,52.60516],[13.49675,52.60509],[13.50535,52.61956],[13.50582,52.62583],[13.5177,52.62964],[13.5231,52.64543],[13.5205,52.64525],[13.51887,52.64747],[13.51278,52.64556],[13.49083,52.65473],[13.48529,52.65913],[13.48822,52.67055],[13.47565,52.66628],[13.47937,52.67538],[13.47708,52.67391],[13.47539,52.67492],[13.46597,52.66715],[13.45951,52.66894],[13.45084,52.66272],[13.46233,52.65746],[13.47389,52.65661],[13.47355,52.65404],[13.45985,52.6481],[13.45396,52.64863],[13.45455,52.65004],[13.44093,52.64912],[13.4399,52.64533],[13.4341,52.64429],[13.43268,52.63751],[13.42437,52.63563],[13.41283,52.64359],[13.407,52.64242],[13.39854,52.64819],[13.40224,52.64798],[13.40038,52.64946],[13.40564,52.65132],[13.39986,52.6564],[13.40788,52.66041],[13.4068,52.66312],[13.41076,52.66407],[13.41369,52.66831],[13.4194,52.66655],[13.42283,52.66979],[13.40385,52.67435],[13.39655,52.67273],[13.39958,52.67661],[13.40538,52.67828],[13.40601,52.68133],[13.39803,52.68191],[13.40478,52.6884],[13.39641,52.68879],[13.40879,52.69703],[13.40444,52.70964],[13.42093,52.70845],[13.42205,52.70996],[13.41961,52.7114],[13.41875,52.72008],[13.40705,52.72203],[13.40779,52.7255],[13.40577,52.72578],[13.41305,52.7262],[13.42428,52.73449],[13.40569,52.7387],[13.40891,52.74501],[13.39921,52.74333],[13.39671,52.74464],[13.40807,52.75128],[13.41468,52.75119],[13.4048,52.77005],[13.40651,52.78051],[13.43066,52.78947],[13.42976,52.79286],[13.42251,52.79891],[13.42196,52.80417],[13.45331,52.80571],[13.46641,52.80957],[13.46823,52.8129],[13.47936,52.80879],[13.49136,52.81051],[13.50163,52.83209],[13.49913,52.8312],[13.49524,52.83484],[13.49413,52.83983],[13.49645,52.84147],[13.5054,52.83731],[13.52095,52.84847],[13.50868,52.8513],[13.49726,52.84982],[13.485,52.85279],[13.47681,52.85882],[13.46995,52.87051],[13.47471,52.87801],[13.49202,52.87291],[13.50778,52.87348],[13.50489,52.87607],[13.46145,52.88528],[13.46278,52.88742],[13.45987,52.88809],[13.46587,52.89184],[13.47727,52.89446],[13.47589,52.89945],[13.47964,52.89999],[13.48015,52.89866],[13.49066,52.90119],[13.48735,52.90164],[13.48655,52.9049],[13.47707,52.90285],[13.47684,52.90657],[13.47277,52.90649],[13.47281,52.91858],[13.45658,52.91959],[13.44569,52.9177],[13.44882,52.91346],[13.45401,52.91284],[13.44391,52.91005],[13.4338,52.91441],[13.4333,52.91682],[13.42836,52.90643],[13.43283,52.90701],[13.43405,52.90538],[13.42883,52.90367],[13.41816,52.90787],[13.41924,52.91145],[13.41195,52.9097],[13.40946,52.91129],[13.41054,52.9233],[13.41596,52.92574],[13.42904,52.92605],[13.42817,52.92797],[13.43657,52.93419],[13.43139,52.93741],[13.42521,52.93317],[13.41696,52.93704],[13.41391,52.93509],[13.42089,52.93136],[13.4258,52.93238],[13.42644,52.92939],[13.40544,52.9293],[13.40241,52.93411],[13.40103,52.92995],[13.39886,52.93006],[13.39783,52.93392],[13.40558,52.94153],[13.43649,52.95211],[13.44162,52.95952],[13.45284,52.96456],[13.45707,52.96578],[13.46375,52.96368],[13.47355,52.96452],[13.47322,52.96676],[13.47635,52.96679],[13.4835,52.96342],[13.51343,52.97491],[13.51748,52.98851],[13.51266,52.9888],[13.51242,52.98708],[13.4913,52.98717],[13.49115,52.98981],[13.49495,52.98992],[13.50088,52.99827],[13.49673,52.99716],[13.49703,53.00171],[13.48706,53.0021],[13.48591,53.00899],[13.4604,53.00844],[13.45691,53.01584],[13.45214,53.02185],[13.44577,53.02516],[13.44443,53.02962],[13.4335,53.02329],[13.41428,53.02361],[13.40676,53.02527],[13.4028,53.03151],[13.41095,53.04452],[13.4082,53.04837],[13.41547,53.05331],[13.41468,53.05632],[13.39147,53.05985],[13.3831,53.06809],[13.37563,53.06746],[13.36895,53.06928],[13.3711,53.07688],[13.36652,53.07932],[13.36243,53.08783],[13.35739,53.09107],[13.352,53.09155],[13.34968,53.09603],[13.33404,53.09695],[13.32355,53.10112],[13.32188,53.11115],[13.31505,53.11272],[13.3111,53.12126],[13.29763,53.12742],[13.29838,53.1308],[13.29337,53.13261],[13.29602,53.13512],[13.28756,53.13633],[13.29653,53.14126],[13.30221,53.1416],[13.29643,53.1428],[13.29228,53.14003],[13.28779,53.13998],[13.30331,53.1551],[13.29403,53.15876],[13.31356,53.17705],[13.28397,53.18667],[13.29341,53.19241],[13.28967,53.19427],[13.28925,53.19728],[13.2727,53.19087],[13.27234,53.19281],[13.27795,53.19614],[13.27428,53.20287],[13.26246,53.20646],[13.25653,53.20477],[13.2471,53.20595],[13.24672,53.20972],[13.24168,53.2129],[13.25167,53.21982],[13.2424,53.22942],[13.24635,53.23496],[13.24284,53.23628],[13.2414,53.2324],[13.24197,53.23714],[13.23965,53.23894],[13.24364,53.23947],[13.25124,53.24739],[13.24726,53.24888],[13.24585,53.24703],[13.24375,53.24869],[13.24786,53.25684],[13.2537,53.26007],[13.25271,53.26231],[13.25728,53.26145],[13.26375,53.26392],[13.27531,53.26506],[13.27941,53.27123],[13.28399,53.27272],[13.28442,53.27567],[13.28815,53.2752],[13.2978,53.28089],[13.33708,53.27343],[13.341,53.27368],[13.34036,53.27626],[13.3492,53.27826],[13.36045,53.278],[13.3686,53.27104],[13.37063,53.26176],[13.38221,53.2504],[13.38611,53.25048],[13.38561,53.24608],[13.38899,53.24274],[13.39691,53.24595],[13.40517,53.24642],[13.40336,53.2492],[13.40857,53.25837],[13.40768,53.26263],[13.41326,53.26302],[13.41548,53.26684],[13.42092,53.26964],[13.43151,53.28455],[13.43513,53.28278],[13.4424,53.28648],[13.43414,53.28994],[13.43873,53.29199],[13.43495,53.29472],[13.43821,53.29973],[13.44238,53.29807],[13.45619,53.29795],[13.4565,53.29305],[13.46128,53.28869],[13.48564,53.29205],[13.49733,53.30223],[13.49879,53.30974],[13.50727,53.31623],[13.50179,53.3247],[13.50284,53.32733],[13.50899,53.3219],[13.51011,53.31745],[13.52353,53.32008],[13.52299,53.33469],[13.51963,53.33797],[13.52048,53.34104],[13.52483,53.34307],[13.52526,53.35102],[13.51685,53.35209],[13.526,53.36635],[13.54342,53.36403],[13.54743,53.3719],[13.55637,53.37609],[13.5568,53.37964],[13.55021,53.38094],[13.55418,53.38307],[13.55659,53.39156],[13.54621,53.3942],[13.54964,53.39558],[13.55011,53.39908],[13.55789,53.40117],[13.56406,53.40076],[13.57013,53.40344],[13.56952,53.40533],[13.57362,53.40809],[13.58931,53.4097],[13.59348,53.40778],[13.59661,53.41046],[13.60653,53.41129],[13.61051,53.41376],[13.61761,53.41301],[13.61905,53.40895],[13.62522,53.4093],[13.63602,53.42352],[13.62884,53.432],[13.6373,53.43258],[13.63889,53.43806],[13.6339,53.43987],[13.6405,53.44724],[13.65129,53.44369],[13.65523,53.44757],[13.6543,53.4514],[13.66256,53.45774],[13.67349,53.46019],[13.68036,53.46524],[13.70299,53.47365],[13.71007,53.47906],[13.69252,53.48914],[13.68854,53.48872],[13.68736,53.49187],[13.69568,53.5026],[13.69381,53.50819],[13.6732,53.50885],[13.66889,53.51093],[13.6718,53.51697],[13.68103,53.52141],[13.67895,53.5357],[13.69881,53.53782],[13.70532,53.5361],[13.71431,53.54144],[13.7215,53.54095],[13.72425,53.54305],[13.72239,53.55824],[13.71787,53.56113],[13.72537,53.57173],[13.70946,53.57575],[13.70967,53.58386],[13.69864,53.59154],[13.70613,53.59188],[13.72787,53.60274],[13.73588,53.60208],[13.7349,53.60462],[13.74493,53.61093],[13.75502,53.61032],[13.75711,53.61247],[13.75414,53.61508],[13.76733,53.61546],[13.76753,53.6085],[13.77476,53.60111],[13.77603,53.59655],[13.78685,53.59585],[13.79581,53.59218],[13.80354,53.59608],[13.81866,53.59043],[13.81865,53.58643],[13.80439,53.57299],[13.78811,53.56563],[13.78601,53.56244],[13.7921,53.55934],[13.80057,53.55825],[13.79846,53.54569],[13.82388,53.52114],[13.82173,53.51811],[13.8484,53.51431],[13.87927,53.50414],[13.87392,53.49059],[13.87623,53.48701],[13.88459,53.48534],[13.87559,53.47347],[13.91821,53.456],[13.91751,53.44653],[13.90629,53.44388],[13.91214,53.43842],[13.91139,53.43654],[13.90289,53.43203],[13.90755,53.42624],[13.91637,53.42227],[13.94649,53.43081],[13.96208,53.4299],[14.00122,53.43499],[14.00659,53.43041],[14.0456,53.42943],[14.05058,53.41399],[14.05661,53.41252],[14.0712,53.41499],[14.08222,53.41091],[14.08229,53.41558],[14.09392,53.42212],[14.10543,53.42243],[14.12184,53.44171],[14.13401,53.43904],[14.13676,53.441],[14.17696,53.42287],[14.20591,53.42303],[14.22466,53.43425],[14.23299,53.42815],[14.23771,53.42734],[14.24179,53.42244],[14.23736,53.41469],[14.24314,53.39232],[14.23106,53.36809],[14.22341,53.35856],[14.20523,53.34229],[14.18402,53.32763],[14.13881,53.30233],[14.10965,53.28264],[14.10357,53.27486],[14.09882,53.26167],[14.12479,53.26023],[14.14252,53.26544],[14.16024,53.26781],[14.17598,53.26207],[14.18644,53.26056],[14.20016,53.26177],[14.21106,53.25481],[14.22467,53.25674],[14.25218,53.25721],[14.26605,53.25959],[14.26219,53.2766],[14.30185,53.28622],[14.30167,53.28914],[14.31302,53.30203],[14.31657,53.31234],[14.34866,53.30997],[14.35025,53.31376],[14.36193,53.31521],[14.36164,53.31756],[14.37664,53.31628],[14.38154,53.32389],[14.39537,53.32888],[14.41238,53.32959],[14.4155,53.3243],[14.40677,53.30871],[14.41499,53.30187],[14.42122,53.27614],[14.4453,53.27445],[14.45027,53.26056],[14.43597,53.24959],[14.43081,53.23913],[14.42121,53.23427],[14.4085,53.2232],[14.40522,53.21023],[14.39932,53.20681],[14.38518,53.20486],[14.37727,53.20175],[14.37458,53.18782],[14.36626,53.17199],[14.37111,53.15729],[14.38774,53.14303],[14.38325,53.13697],[14.37902,53.1129],[14.37017,53.1046],[14.37122,53.09456],[14.36616,53.07937],[14.35865,53.07199],[14.3542,53.06101],[14.34543,53.05171],[14.33799,53.04658],[14.32339,53.04165],[14.31233,53.03552],[14.29162,53.02001],[14.26855,53.00995],[14.25896,53.00298],[14.2356,52.99319],[14.20686,52.98754],[14.18951,52.97975],[14.17047,52.97464],[14.16223,52.96527],[14.14366,52.96137],[14.13885,52.95178],[14.14412,52.9449],[14.14265,52.93325],[14.1502,52.91628],[14.15231,52.90064],[14.1616,52.88809],[14.15771,52.87475],[14.12985,52.85272],[14.12299,52.84403],[14.12293,52.83766],[14.13009,52.82832],[14.14326,52.82385],[14.2064,52.81934],[14.21749,52.81687],[14.23008,52.80503],[14.24088,52.80015],[14.25368,52.7891],[14.27881,52.77445],[14.30499,52.76551],[14.32168,52.76264],[14.3389,52.75471],[14.35104,52.75151],[14.36087,52.74061],[14.3735,52.73666],[14.38372,52.72561],[14.4049,52.71139],[14.41349,52.70084],[14.42399,52.69617],[14.43302,52.68147],[14.45004,52.67839],[14.45775,52.67393],[14.46103,52.66496],[14.4651,52.66133],[14.50968,52.64161],[14.5275,52.63716],[14.55499,52.62619],[14.56732,52.62369],[14.58159,52.61563],[14.59616,52.61066],[14.60823,52.59957],[14.61371,52.58661],[14.63805,52.57444],[14.63979,52.57023],[14.63729,52.56629],[14.61571,52.55421],[14.61336,52.54401],[14.60647,52.53744],[14.60392,52.53134],[14.61274,52.51039],[14.63168,52.50181],[14.63537,52.49637],[14.63454,52.49234],[14.62653,52.48382],[14.61339,52.47717],[14.60879,52.46387],[14.58618,52.44876],[14.57924,52.44175],[14.5594,52.43896],[14.54953,52.43362],[14.54421,52.42598],[14.54664,52.41285],[14.53606,52.40138],[14.53436,52.39501],[14.55212,52.37405],[14.55213,52.35373],[14.5625,52.33982],[14.56103,52.32861],[14.5762,52.32148],[14.57823,52.31317],[14.58492,52.30646],[14.58425,52.30243],[14.57475,52.29556],[14.57563,52.28883],[14.58754,52.2835],[14.59159,52.27589],[14.59648,52.27293],[14.61712,52.27147],[14.64135,52.26366],[14.65914,52.26232],[14.69021,52.25664],[14.69896,52.25214],[14.70521,52.24275],[14.71638,52.23406],[14.70839,52.21175],[14.70006,52.20452]],[[13.4071,52.93464],[13.40853,52.93754],[13.4094,52.93817],[13.40896,52.93863],[13.40778,52.93881],[13.405,52.93719],[13.40638,52.93634],[13.40471,52.93532],[13.4071,52.93464]]]]}},{"type":"Feature","id":"saale-harz","bbox":[10.47058,51.19967,12.20833,52.05971],"properties":{"id":"saale-harz","name":"Saale-Harz","sitz":"Halle (Saale)","einwohner":900054,"flaecheKm2":6959.2,"kreise":["Kreisfreie Stadt Halle (Saale)","Landkreis Artern","Landkreis Harz","Landkreis Mansfeld-Südharz","Landkreis Nordhausen","Landkreis Saalekreis","Landkreis Sondershausen"],"quelle":"GeoPackage / Gesetzesentwurf"},"geometry":{"type":"MultiPolygon","coordinates":[[[[10.78226,51.21247],[10.77711,51.21532],[10.77734,51.21318],[10.77335,51.21338],[10.77241,51.21053],[10.76941,51.21053],[10.76994,51.20693],[10.7595,51.20436],[10.76055,51.21075],[10.75845,51.21107],[10.76258,51.21812],[10.75869,51.22195],[10.74622,51.22144],[10.74596,51.21781],[10.74183,51.21582],[10.73401,51.21665],[10.73327,51.21204],[10.70907,51.21669],[10.71156,51.2198],[10.70594,51.22155],[10.70092,51.22626],[10.70292,51.2328],[10.69509,51.24122],[10.69288,51.25321],[10.68528,51.25665],[10.68272,51.26916],[10.67672,51.27944],[10.65757,51.28414],[10.65526,51.28667],[10.6542,51.28481],[10.64405,51.28634],[10.6414,51.28968],[10.63439,51.2888],[10.63106,51.29972],[10.62254,51.30321],[10.62415,51.30684],[10.6136,51.31323],[10.6135,51.31619],[10.6094,51.31851],[10.60421,51.31991],[10.59477,51.31863],[10.57016,51.32435],[10.56878,51.32656],[10.56163,51.32635],[10.55975,51.31938],[10.55454,51.3183],[10.55261,51.31417],[10.54626,51.31315],[10.54606,51.31514],[10.54357,51.31505],[10.54338,51.31278],[10.53592,51.3117],[10.52829,51.30506],[10.5244,51.30495],[10.49615,51.31131],[10.49928,51.32122],[10.50708,51.32486],[10.50791,51.32784],[10.49823,51.32836],[10.49797,51.33656],[10.50066,51.33798],[10.49288,51.33843],[10.48357,51.3433],[10.48445,51.34689],[10.51292,51.35704],[10.52248,51.36511],[10.52317,51.36974],[10.50746,51.37979],[10.50404,51.39119],[10.50115,51.3932],[10.49431,51.39057],[10.49363,51.39745],[10.49695,51.39915],[10.49745,51.40262],[10.49535,51.40204],[10.49498,51.4113],[10.48059,51.41413],[10.4805,51.41674],[10.48584,51.4162],[10.48726,51.42241],[10.50355,51.41771],[10.49806,51.42261],[10.49806,51.42429],[10.50226,51.42358],[10.5022,51.42633],[10.48794,51.42766],[10.48971,51.43011],[10.5,51.43017],[10.50738,51.43388],[10.51975,51.43677],[10.51961,51.43908],[10.50947,51.44743],[10.5085,51.45246],[10.50102,51.45365],[10.49973,51.45768],[10.50881,51.46058],[10.50634,51.46212],[10.50533,51.46847],[10.50848,51.4698],[10.50615,51.47261],[10.50821,51.47922],[10.51413,51.47902],[10.51794,51.48229],[10.51765,51.48693],[10.52232,51.49164],[10.51277,51.49569],[10.51741,51.49574],[10.51862,51.50119],[10.52679,51.50639],[10.5253,51.51042],[10.5291,51.51879],[10.53975,51.5208],[10.53542,51.52327],[10.51223,51.52539],[10.51011,51.53256],[10.51644,51.53493],[10.51483,51.53893],[10.50786,51.53693],[10.50925,51.54066],[10.48288,51.54614],[10.47307,51.55129],[10.47402,51.55267],[10.48303,51.55351],[10.48554,51.55616],[10.48723,51.56324],[10.49255,51.56833],[10.48748,51.57291],[10.48855,51.57478],[10.4957,51.57279],[10.50349,51.56239],[10.50606,51.56347],[10.50784,51.56168],[10.51031,51.55622],[10.51897,51.55376],[10.53405,51.55936],[10.54546,51.55573],[10.56027,51.55707],[10.56999,51.56334],[10.57649,51.56268],[10.57737,51.56596],[10.58442,51.56591],[10.58425,51.56739],[10.58791,51.56759],[10.59933,51.57846],[10.60426,51.57958],[10.61204,51.57923],[10.62164,51.57577],[10.62795,51.57206],[10.6266,51.56776],[10.63303,51.56586],[10.63653,51.56223],[10.64552,51.56278],[10.64477,51.56002],[10.65173,51.55878],[10.65256,51.56021],[10.6568,51.5583],[10.66074,51.56075],[10.65838,51.56666],[10.66631,51.5781],[10.65912,51.58006],[10.65836,51.5819],[10.63867,51.58412],[10.63308,51.59845],[10.63517,51.60598],[10.6335,51.6079],[10.649,51.60651],[10.6393,51.61561],[10.63821,51.61944],[10.64207,51.62257],[10.65676,51.62436],[10.66715,51.62837],[10.68248,51.62892],[10.67584,51.63321],[10.67728,51.63838],[10.69869,51.63948],[10.70137,51.64219],[10.69601,51.64299],[10.6917,51.6465],[10.68288,51.66062],[10.67051,51.66691],[10.6663,51.6796],[10.66736,51.68481],[10.66306,51.69121],[10.66755,51.69668],[10.67262,51.69697],[10.66831,51.70991],[10.65656,51.71811],[10.64934,51.71855],[10.64202,51.72529],[10.64287,51.73028],[10.63447,51.73535],[10.63171,51.73953],[10.63127,51.75147],[10.6261,51.75902],[10.60595,51.76244],[10.5912,51.76899],[10.58152,51.78001],[10.58044,51.78275],[10.58509,51.78763],[10.58392,51.79882],[10.5742,51.81087],[10.57784,51.81577],[10.57874,51.82865],[10.58843,51.83579],[10.58527,51.84007],[10.57697,51.84299],[10.5791,51.84826],[10.58447,51.85306],[10.60262,51.85455],[10.60572,51.86076],[10.61598,51.86747],[10.61603,51.86965],[10.63233,51.87216],[10.64932,51.8891],[10.64821,51.90824],[10.63816,51.91597],[10.61331,51.92152],[10.61811,51.93148],[10.61355,51.93582],[10.61326,51.93947],[10.62114,51.94339],[10.62248,51.94754],[10.63317,51.94868],[10.63492,51.95075],[10.64755,51.95362],[10.6513,51.95756],[10.6417,51.96263],[10.63538,51.95907],[10.61994,51.95768],[10.61962,51.96694],[10.60624,51.96867],[10.60623,51.97729],[10.59606,51.975],[10.58569,51.97623],[10.58678,51.98273],[10.56123,52.00407],[10.57474,52.00636],[10.57297,52.01045],[10.5916,52.01134],[10.59228,52.0142],[10.5966,52.01437],[10.5958,52.01008],[10.60048,52.00974],[10.60019,52.00717],[10.6119,52.01005],[10.61359,52.00852],[10.61894,52.00974],[10.62091,52.00811],[10.62602,52.0082],[10.62144,52.01033],[10.63897,52.01533],[10.64222,52.02292],[10.65549,52.02469],[10.65686,52.02852],[10.65438,52.03315],[10.65174,52.03279],[10.64789,52.04172],[10.70394,52.04994],[10.75735,52.04826],[10.76024,52.04611],[10.7739,52.05],[10.78214,52.05046],[10.80149,52.048],[10.82871,52.04775],[10.85504,52.0509],[10.87651,52.05896],[10.93596,52.05971],[10.96296,52.05753],[10.96906,52.05298],[10.98661,52.05169],[11.01272,52.0467],[11.02537,52.0399],[11.05754,52.0367],[11.06192,52.03678],[11.06204,52.0396],[11.07016,52.03785],[11.06701,52.02848],[11.06867,52.02481],[11.07454,52.02348],[11.08364,52.02679],[11.08449,52.01168],[11.09219,52.01186],[11.09338,52.0055],[11.10217,52.00268],[11.10954,52.00289],[11.11166,52.00024],[11.15287,52.00031],[11.15166,51.98493],[11.16246,51.97995],[11.15838,51.97476],[11.15171,51.9721],[11.15001,51.96858],[11.15317,51.96846],[11.15531,51.96581],[11.16824,51.96752],[11.1755,51.96555],[11.17361,51.95802],[11.18028,51.95595],[11.17194,51.94585],[11.16552,51.94417],[11.16059,51.93982],[11.16987,51.92027],[11.17498,51.91691],[11.18025,51.91938],[11.17975,51.92204],[11.18319,51.92069],[11.19079,51.92646],[11.19383,51.92437],[11.19498,51.92619],[11.19821,51.92622],[11.2084,51.92276],[11.21031,51.91737],[11.22239,51.91918],[11.22626,51.90873],[11.24993,51.90136],[11.25178,51.89727],[11.25695,51.89686],[11.26162,51.89341],[11.27197,51.89571],[11.27396,51.8929],[11.27761,51.89476],[11.27617,51.89746],[11.25924,51.89863],[11.25931,51.90307],[11.26912,51.90187],[11.27489,51.90518],[11.27398,51.90806],[11.28185,51.90556],[11.29779,51.90538],[11.29609,51.90701],[11.2979,51.90928],[11.29844,51.90459],[11.31138,51.89977],[11.31529,51.90411],[11.32544,51.90024],[11.32635,51.90281],[11.33265,51.90625],[11.34054,51.90361],[11.3405,51.90071],[11.32804,51.88723],[11.33319,51.88553],[11.34452,51.87536],[11.33915,51.87399],[11.33711,51.87617],[11.33223,51.87515],[11.33648,51.87122],[11.33248,51.86882],[11.33443,51.86595],[11.33754,51.86619],[11.33781,51.86388],[11.32981,51.85983],[11.33113,51.85812],[11.32718,51.85465],[11.33118,51.8522],[11.33439,51.85565],[11.33849,51.85324],[11.33442,51.84665],[11.32661,51.84685],[11.32328,51.84913],[11.32027,51.84834],[11.31848,51.83716],[11.30945,51.83817],[11.30864,51.83543],[11.30327,51.83594],[11.29342,51.82918],[11.28899,51.83057],[11.28654,51.82924],[11.27912,51.83247],[11.27758,51.8298],[11.27472,51.83244],[11.26691,51.83457],[11.26365,51.8276],[11.26117,51.82875],[11.25401,51.81932],[11.25608,51.81374],[11.23963,51.80825],[11.2529,51.79982],[11.27357,51.79476],[11.27113,51.78509],[11.27716,51.77083],[11.29795,51.76152],[11.29732,51.75933],[11.31233,51.75978],[11.32603,51.7579],[11.33397,51.76638],[11.33669,51.77406],[11.34264,51.77227],[11.34666,51.77867],[11.37656,51.77465],[11.3995,51.76945],[11.3979,51.76503],[11.4002,51.76485],[11.39976,51.76228],[11.40394,51.76189],[11.39534,51.75816],[11.40294,51.7561],[11.40362,51.75138],[11.40887,51.75027],[11.40618,51.7454],[11.40259,51.7443],[11.40739,51.74297],[11.39777,51.73128],[11.42172,51.72386],[11.42131,51.72244],[11.43204,51.72159],[11.43068,51.71752],[11.44637,51.7128],[11.44879,51.71806],[11.45234,51.71744],[11.45241,51.7211],[11.45635,51.723],[11.46231,51.72213],[11.46326,51.71779],[11.47045,51.71738],[11.47282,51.71958],[11.48762,51.71546],[11.49776,51.71666],[11.50159,51.71248],[11.50981,51.71107],[11.5164,51.70456],[11.51856,51.68827],[11.5333,51.68779],[11.53696,51.68501],[11.53898,51.68612],[11.54661,51.68503],[11.56225,51.68837],[11.5669,51.69246],[11.57766,51.69229],[11.57736,51.69401],[11.58181,51.69416],[11.58507,51.69282],[11.58387,51.7005],[11.59745,51.70111],[11.5964,51.6996],[11.60462,51.70149],[11.61206,51.68806],[11.61289,51.6817],[11.61262,51.67665],[11.60825,51.67657],[11.60828,51.67288],[11.60391,51.67299],[11.60447,51.66441],[11.62014,51.6614],[11.62724,51.65823],[11.62757,51.65286],[11.63305,51.65301],[11.63263,51.65659],[11.66227,51.65114],[11.6928,51.64902],[11.70865,51.64269],[11.71066,51.63696],[11.71848,51.63509],[11.71976,51.62904],[11.74536,51.62882],[11.75161,51.63328],[11.75241,51.63636],[11.74538,51.64111],[11.74496,51.64436],[11.75595,51.65114],[11.76206,51.65123],[11.76561,51.64757],[11.77618,51.64637],[11.77649,51.64841],[11.78032,51.64841],[11.78055,51.64588],[11.78565,51.64659],[11.79911,51.64266],[11.80864,51.6488],[11.81892,51.64904],[11.81707,51.65058],[11.82362,51.65836],[11.83645,51.65524],[11.83757,51.65033],[11.85444,51.65014],[11.85406,51.65456],[11.8494,51.65458],[11.85082,51.66141],[11.85315,51.66131],[11.85786,51.66778],[11.85585,51.6684],[11.85696,51.67345],[11.86088,51.67151],[11.86544,51.67539],[11.87336,51.66762],[11.88303,51.6647],[11.88588,51.66546],[11.88622,51.66245],[11.89416,51.6574],[11.91244,51.64842],[11.92498,51.64519],[11.93472,51.64671],[11.95546,51.64227],[11.96787,51.6435],[11.97934,51.64687],[12.03994,51.64373],[12.04243,51.6343],[12.02773,51.62844],[12.02687,51.62101],[12.03457,51.61896],[12.035,51.6155],[12.05057,51.61513],[12.05006,51.61137],[12.0441,51.61193],[12.04258,51.60415],[12.04598,51.59816],[12.03139,51.59522],[12.03162,51.59025],[12.04004,51.5898],[12.04628,51.58439],[12.1202,51.58009],[12.1643,51.58113],[12.16578,51.5647],[12.16665,51.56231],[12.16978,51.56232],[12.16927,51.54983],[12.1872,51.53495],[12.19804,51.53498],[12.19894,51.53132],[12.19277,51.5313],[12.19116,51.52009],[12.19381,51.51866],[12.19384,51.5084],[12.1904,51.50777],[12.19635,51.50673],[12.19735,51.50286],[12.2079,51.50259],[12.20833,51.4981],[12.20486,51.49783],[12.20702,51.49206],[12.201,51.49029],[12.20308,51.48514],[12.17571,51.48222],[12.17552,51.46968],[12.16332,51.4674],[12.16299,51.46575],[12.1555,51.46501],[12.15315,51.46298],[12.14891,51.46311],[12.14867,51.45949],[12.15304,51.45754],[12.15314,51.45246],[12.15826,51.45124],[12.15839,51.44598],[12.15432,51.44604],[12.15422,51.44439],[12.15763,51.4443],[12.15721,51.43271],[12.16955,51.43031],[12.17103,51.43423],[12.18248,51.43238],[12.18586,51.42079],[12.18982,51.42085],[12.18656,51.41425],[12.18296,51.41411],[12.1832,51.41077],[12.17353,51.41026],[12.17775,51.40396],[12.17746,51.40097],[12.17486,51.4003],[12.17814,51.38915],[12.18483,51.38758],[12.17214,51.38416],[12.17744,51.38048],[12.17471,51.37941],[12.17772,51.37674],[12.17518,51.37589],[12.17774,51.37517],[12.18996,51.37945],[12.1895,51.37551],[12.18277,51.37452],[12.18176,51.36851],[12.19288,51.37148],[12.19364,51.36927],[12.18563,51.36596],[12.18609,51.36213],[12.19201,51.3623],[12.19192,51.36078],[12.19608,51.3604],[12.19552,51.3544],[12.19053,51.35393],[12.19026,51.35136],[12.19435,51.33057],[12.16683,51.32681],[12.16478,51.32084],[12.14765,51.31997],[12.15763,51.30208],[12.15533,51.30123],[12.1574,51.29228],[12.16895,51.29376],[12.16975,51.28569],[12.17226,51.28568],[12.1709,51.27551],[12.14764,51.27884],[12.14626,51.27518],[12.14066,51.27508],[12.14478,51.27019],[12.11362,51.26832],[12.11246,51.26097],[12.09399,51.26062],[12.07667,51.25747],[12.0751,51.24806],[12.06631,51.25021],[12.06574,51.2523],[12.05159,51.25391],[12.05395,51.25913],[12.04618,51.26154],[12.04574,51.2631],[12.05654,51.26664],[12.0601,51.26958],[12.0532,51.27148],[12.05287,51.27546],[12.04767,51.27753],[12.05666,51.28467],[12.06183,51.28549],[12.06201,51.28738],[12.05822,51.28883],[12.05461,51.28622],[12.03779,51.28559],[12.00361,51.27676],[11.99892,51.28202],[11.98865,51.28094],[11.98992,51.27793],[11.98429,51.27694],[11.98458,51.27396],[11.97009,51.27513],[11.96888,51.26963],[11.94293,51.27139],[11.92562,51.27018],[11.92925,51.25503],[11.92722,51.25432],[11.92768,51.24608],[11.92331,51.24088],[11.92353,51.23637],[11.91278,51.23616],[11.91153,51.23374],[11.89925,51.23335],[11.89892,51.23565],[11.89345,51.2355],[11.89305,51.23839],[11.88926,51.23846],[11.88569,51.24424],[11.87282,51.24292],[11.85892,51.23923],[11.85903,51.23656],[11.85033,51.23537],[11.84607,51.23713],[11.83656,51.24816],[11.8242,51.23837],[11.82286,51.24699],[11.81939,51.24908],[11.80949,51.24495],[11.80885,51.24641],[11.80107,51.24704],[11.80015,51.25051],[11.79419,51.2474],[11.78772,51.24764],[11.78565,51.25321],[11.7905,51.25623],[11.78537,51.25898],[11.78804,51.2682],[11.78265,51.27036],[11.77761,51.26999],[11.77038,51.2751],[11.76737,51.27389],[11.76427,51.28106],[11.75966,51.28398],[11.71052,51.27134],[11.69924,51.2663],[11.68864,51.27446],[11.68817,51.277],[11.67741,51.27641],[11.6748,51.27979],[11.66982,51.28088],[11.66966,51.28768],[11.67513,51.28927],[11.67443,51.29122],[11.67191,51.29229],[11.66679,51.29069],[11.66648,51.28609],[11.66289,51.28355],[11.65828,51.29009],[11.65374,51.29212],[11.65094,51.29088],[11.64849,51.29565],[11.63986,51.29228],[11.64177,51.30101],[11.63965,51.30023],[11.63781,51.30321],[11.6293,51.30604],[11.6349,51.31422],[11.62317,51.32003],[11.62094,51.31574],[11.6148,51.32038],[11.61308,51.31615],[11.60585,51.31585],[11.59729,51.30258],[11.58743,51.30607],[11.58138,51.30571],[11.58144,51.30102],[11.57747,51.30088],[11.56737,51.29549],[11.57213,51.29015],[11.56715,51.28721],[11.56394,51.27878],[11.55147,51.27532],[11.54238,51.27854],[11.53916,51.28217],[11.53026,51.28347],[11.5271,51.28654],[11.52135,51.28462],[11.52228,51.28137],[11.51843,51.27633],[11.51519,51.276],[11.51406,51.27803],[11.50599,51.27789],[11.49876,51.28048],[11.47302,51.29647],[11.47386,51.29457],[11.46779,51.28839],[11.46248,51.29051],[11.45988,51.29405],[11.45233,51.27999],[11.45611,51.2772],[11.44678,51.27112],[11.44174,51.27331],[11.43703,51.26865],[11.44128,51.26696],[11.43952,51.26338],[11.43245,51.25651],[11.42181,51.25324],[11.41835,51.24761],[11.41997,51.24636],[11.40157,51.23627],[11.3978,51.23674],[11.40061,51.24291],[11.38753,51.24407],[11.38537,51.24589],[11.38954,51.24785],[11.39146,51.25246],[11.38486,51.25135],[11.38194,51.25218],[11.38033,51.25573],[11.37378,51.25464],[11.36236,51.25733],[11.35794,51.2564],[11.35748,51.25458],[11.35121,51.25813],[11.3596,51.26216],[11.35934,51.2675],[11.3515,51.26755],[11.35242,51.27267],[11.34659,51.2739],[11.33653,51.27213],[11.33388,51.2743],[11.33064,51.27353],[11.32464,51.2797],[11.32628,51.28187],[11.3389,51.28618],[11.33266,51.28968],[11.32659,51.28856],[11.32166,51.29201],[11.31341,51.28926],[11.30698,51.28421],[11.31403,51.27692],[11.3135,51.27369],[11.30564,51.27318],[11.30562,51.27175],[11.31188,51.27088],[11.31204,51.26934],[11.31744,51.27056],[11.31996,51.27345],[11.32199,51.27318],[11.32079,51.27065],[11.32757,51.27112],[11.32506,51.26658],[11.32662,51.26346],[11.31418,51.2512],[11.30681,51.24867],[11.30248,51.24402],[11.28989,51.24604],[11.27801,51.2518],[11.27936,51.25329],[11.26775,51.25781],[11.26469,51.26124],[11.26008,51.2615],[11.25555,51.26448],[11.25212,51.26091],[11.25527,51.25709],[11.24904,51.25627],[11.25147,51.25482],[11.24212,51.24713],[11.24207,51.24406],[11.23264,51.24652],[11.22567,51.23927],[11.22098,51.23968],[11.2198,51.23452],[11.21728,51.23458],[11.2122,51.23571],[11.21385,51.24066],[11.18639,51.2465],[11.18362,51.24573],[11.18434,51.24824],[11.16756,51.25166],[11.16867,51.25261],[11.16316,51.25433],[11.1628,51.25612],[11.13564,51.24079],[11.12755,51.23875],[11.12502,51.23668],[11.1274,51.23409],[11.12504,51.22701],[11.10498,51.22052],[11.10156,51.22429],[11.09445,51.24502],[11.06269,51.24282],[11.06192,51.24466],[11.05777,51.24446],[11.05163,51.24764],[11.03932,51.24377],[11.00821,51.24397],[11.01018,51.23248],[11.00479,51.23333],[11.00134,51.22098],[10.9914,51.22241],[10.99019,51.21781],[10.98785,51.21818],[10.98957,51.22253],[10.98055,51.22189],[10.97518,51.21626],[10.97208,51.19982],[10.96902,51.19967],[10.96169,51.20574],[10.94142,51.20382],[10.93613,51.20546],[10.8953,51.20591],[10.89498,51.2177],[10.87642,51.21704],[10.87533,51.21951],[10.86908,51.21917],[10.86882,51.22051],[10.85425,51.21569],[10.8539,51.22041],[10.85097,51.21899],[10.83385,51.22115],[10.8356,51.22258],[10.81563,51.22244],[10.78472,51.21781],[10.78578,51.21387],[10.78224,51.21382],[10.78226,51.21247]]],[[[10.47842,51.4144],[10.47058,51.41515],[10.47161,51.41717],[10.47804,51.41862],[10.47842,51.4144]]]]}},{"type":"Feature","id":"saale-pleisse","bbox":[10.93924,50.26776,12.65412,51.32038],"properties":{"id":"saale-pleisse","name":"Saale-Pleiße","sitz":"Jena","einwohner":995613,"flaecheKm2":6984.94,"kreise":["Kreisfreie Stadt Gera","Kreisfreie Stadt Jena","Kreisfreie Stadt Weimar","Landkreis Altenburger Land","Landkreis Burgenlandkreis","Landkreis Greiz","Landkreis Saale-Holzland-Kreis","Landkreis Saale-Orla-Kreis","Landkreis Saalfeld-Rudolstadt","Landkreis Sonneberg","Landkreis Weimarer Land"],"quelle":"GeoPackage / Gesetzesentwurf"},"geometry":{"type":"MultiPolygon","coordinates":[[[[11.24775,50.45109],[11.24709,50.44892],[11.2632,50.44289],[11.26772,50.43316],[11.2668,50.42256],[11.26884,50.41918],[11.25806,50.40004],[11.27087,50.3942],[11.26459,50.39135],[11.26433,50.38704],[11.27219,50.38542],[11.27608,50.38092],[11.28088,50.37145],[11.27914,50.36764],[11.28425,50.36031],[11.2778,50.35566],[11.26244,50.3524],[11.26264,50.35119],[11.26623,50.352],[11.2771,50.33596],[11.26133,50.33791],[11.2625,50.32538],[11.25647,50.32227],[11.26144,50.31901],[11.27034,50.30675],[11.2605,50.30009],[11.25199,50.29926],[11.2539,50.29784],[11.25182,50.29346],[11.25908,50.29004],[11.26024,50.28709],[11.25741,50.28424],[11.25978,50.27495],[11.25052,50.26831],[11.24755,50.26776],[11.23558,50.27531],[11.22434,50.27732],[11.22056,50.28077],[11.21445,50.28093],[11.21608,50.28418],[11.2117,50.28454],[11.19785,50.29186],[11.19007,50.28145],[11.19153,50.27744],[11.18939,50.27482],[11.19134,50.27407],[11.18714,50.26956],[11.17549,50.26983],[11.17397,50.27128],[11.18371,50.2809],[11.17731,50.2811],[11.17184,50.28355],[11.1655,50.28234],[11.15848,50.2892],[11.15377,50.28354],[11.15148,50.28599],[11.14592,50.28496],[11.14156,50.28919],[11.1432,50.29338],[11.13973,50.29296],[11.13766,50.29972],[11.13316,50.30018],[11.13175,50.30809],[11.13846,50.31643],[11.15818,50.32378],[11.1592,50.33039],[11.13611,50.34967],[11.13911,50.35351],[11.12668,50.35618],[11.12169,50.349],[11.1168,50.34933],[11.11405,50.35253],[11.11929,50.35929],[11.1153,50.36701],[11.10003,50.36749],[11.08974,50.36589],[11.08195,50.3539],[11.08575,50.35203],[11.07357,50.35365],[11.06412,50.34921],[11.04299,50.34472],[11.04115,50.34667],[11.03686,50.34521],[11.03241,50.3515],[11.0435,50.35223],[11.0317,50.35513],[11.03623,50.35869],[11.03342,50.36136],[11.01789,50.3612],[11.00804,50.3652],[10.99349,50.36547],[10.99205,50.36031],[10.99415,50.35347],[10.99783,50.35389],[10.99952,50.35197],[10.99637,50.34672],[10.99295,50.34903],[10.98578,50.34732],[10.96162,50.36772],[10.95666,50.36848],[10.96273,50.37192],[10.9633,50.37591],[10.96179,50.37759],[10.95968,50.37531],[10.94844,50.38175],[10.94995,50.38347],[10.94572,50.38647],[10.9577,50.39091],[10.95941,50.40051],[10.95374,50.4021],[10.95527,50.40496],[10.95257,50.40635],[10.9469,50.40607],[10.94132,50.40953],[10.93924,50.41458],[10.94292,50.41633],[10.94665,50.41508],[10.95152,50.41747],[10.95948,50.41649],[10.96161,50.4213],[10.96868,50.42258],[10.96896,50.4249],[10.9778,50.43039],[10.99172,50.43545],[11.00428,50.44547],[11.00282,50.44693],[11.00971,50.44812],[11.03343,50.46306],[11.03655,50.46159],[11.03933,50.46367],[11.03955,50.47403],[11.02455,50.47514],[11.01534,50.48009],[11.00717,50.47721],[11.00008,50.47857],[10.99172,50.47773],[10.98812,50.47988],[10.986,50.49062],[10.98806,50.49483],[10.98494,50.49675],[10.97681,50.49667],[10.97541,50.50007],[10.97724,50.5029],[11.00072,50.51517],[11.00094,50.5186],[10.9948,50.5203],[10.99261,50.52862],[10.98611,50.52865],[10.98898,50.53567],[10.97419,50.53497],[10.97402,50.53689],[10.9678,50.53964],[10.96632,50.54991],[10.96865,50.55275],[10.98327,50.54716],[10.98841,50.54737],[11.01287,50.55785],[11.01515,50.55455],[11.02198,50.55337],[11.02425,50.55103],[11.03649,50.55296],[11.04034,50.55014],[11.04872,50.55056],[11.04583,50.55442],[11.0487,50.55356],[11.05094,50.55756],[11.07003,50.56524],[11.06905,50.56985],[11.0753,50.5783],[11.07263,50.58058],[11.0765,50.58136],[11.07296,50.58814],[11.08111,50.59303],[11.07855,50.59744],[11.08833,50.60353],[11.08935,50.60671],[11.08668,50.61061],[11.07732,50.61444],[11.07559,50.6182],[11.06497,50.62174],[11.06223,50.62688],[11.05781,50.62809],[11.06221,50.62974],[11.06506,50.63729],[11.06009,50.64018],[11.06116,50.64788],[11.05767,50.64976],[11.06635,50.65748],[11.06363,50.66134],[11.06551,50.66531],[11.06205,50.66679],[11.05942,50.6648],[11.05555,50.66562],[11.05532,50.66796],[11.05663,50.67213],[11.06301,50.6751],[11.05343,50.6756],[11.04283,50.67948],[11.03068,50.67229],[11.02894,50.66845],[11.02437,50.66885],[11.02343,50.67731],[11.01467,50.68303],[11.01594,50.68421],[11.0207,50.68339],[11.01123,50.68788],[11.01376,50.69027],[11.02247,50.68892],[11.02358,50.68669],[11.02762,50.68669],[11.02828,50.68526],[11.03301,50.68635],[11.03356,50.69097],[11.05128,50.68641],[11.05712,50.6869],[11.05799,50.69532],[11.0516,50.70267],[11.05288,50.70811],[11.05844,50.70746],[11.0672,50.70946],[11.06633,50.71084],[11.06132,50.71069],[11.06056,50.71467],[11.0706,50.7197],[11.07481,50.717],[11.07095,50.7035],[11.072,50.69473],[11.07754,50.69408],[11.08524,50.69699],[11.09487,50.69802],[11.09158,50.71181],[11.09479,50.71493],[11.09846,50.71514],[11.09662,50.71989],[11.09983,50.71916],[11.0967,50.72733],[11.09847,50.72953],[11.1103,50.73278],[11.13747,50.72543],[11.13379,50.7202],[11.13674,50.71903],[11.13962,50.72065],[11.13652,50.72072],[11.13959,50.72537],[11.14369,50.72899],[11.15038,50.73076],[11.15092,50.73304],[11.15469,50.72966],[11.16761,50.73035],[11.16772,50.72869],[11.17067,50.72871],[11.188,50.73419],[11.18989,50.74271],[11.18715,50.74815],[11.18778,50.75397],[11.19058,50.75521],[11.18819,50.75472],[11.18272,50.7637],[11.17832,50.76396],[11.17461,50.77194],[11.17892,50.77212],[11.17897,50.77483],[11.18351,50.7769],[11.18813,50.78351],[11.1849,50.78515],[11.19425,50.79105],[11.19211,50.79277],[11.19803,50.79468],[11.20779,50.79228],[11.20856,50.79583],[11.19952,50.79809],[11.19267,50.7968],[11.18947,50.79944],[11.19319,50.80189],[11.22393,50.80003],[11.2241,50.80393],[11.20627,50.80595],[11.20825,50.80849],[11.20065,50.80713],[11.20074,50.80947],[11.19806,50.80903],[11.19571,50.81139],[11.19661,50.81713],[11.18092,50.81859],[11.17853,50.8146],[11.17781,50.8202],[11.16583,50.82203],[11.16865,50.82331],[11.1661,50.8249],[11.1663,50.82916],[11.15624,50.8291],[11.15473,50.83246],[11.16313,50.83796],[11.15784,50.83961],[11.15591,50.84479],[11.17769,50.85278],[11.17584,50.85879],[11.16635,50.85798],[11.16381,50.86361],[11.15945,50.86407],[11.16415,50.87234],[11.13197,50.8746],[11.12458,50.88788],[11.12912,50.88921],[11.13473,50.89769],[11.12852,50.90331],[11.11402,50.89733],[11.11554,50.90159],[11.10597,50.92666],[11.11182,50.92996],[11.11943,50.92526],[11.12013,50.92762],[11.13299,50.92806],[11.1373,50.92982],[11.14156,50.92601],[11.15362,50.92482],[11.14671,50.93973],[11.14387,50.94033],[11.14189,50.94568],[11.13577,50.949],[11.13457,50.96287],[11.13705,50.96339],[11.13381,50.97013],[11.1361,50.9735],[11.15589,50.97735],[11.15476,50.98027],[11.16508,50.9807],[11.17208,50.98654],[11.17162,50.98837],[11.17529,50.98881],[11.16648,51.00277],[11.16359,51.00251],[11.164,51.00955],[11.17117,51.00912],[11.1736,51.01831],[11.17047,51.01847],[11.17459,51.02557],[11.18395,51.02292],[11.20082,51.02599],[11.20123,51.02983],[11.20478,51.03056],[11.20797,51.02722],[11.21776,51.03059],[11.2173,51.03263],[11.20622,51.03491],[11.20821,51.04366],[11.20481,51.04392],[11.19854,51.05192],[11.19756,51.0566],[11.20175,51.06543],[11.1962,51.06678],[11.19213,51.07944],[11.19462,51.08693],[11.19326,51.09438],[11.19691,51.10436],[11.22771,51.10485],[11.22792,51.10306],[11.2519,51.10649],[11.2572,51.10118],[11.27267,51.1012],[11.27633,51.10338],[11.28169,51.10352],[11.28635,51.10085],[11.31032,51.10012],[11.31271,51.09775],[11.32066,51.09886],[11.33585,51.09752],[11.37206,51.10172],[11.37944,51.10055],[11.38186,51.09707],[11.39099,51.09865],[11.3924,51.09595],[11.40474,51.0996],[11.40584,51.1075],[11.40811,51.10728],[11.40879,51.10936],[11.41306,51.1091],[11.41641,51.10389],[11.42911,51.10323],[11.4275,51.09162],[11.43418,51.08961],[11.45674,51.09691],[11.48015,51.09988],[11.47949,51.10483],[11.48461,51.10544],[11.48391,51.10786],[11.47893,51.10732],[11.46336,51.11276],[11.46545,51.12738],[11.46259,51.12687],[11.46283,51.13022],[11.45988,51.13016],[11.45865,51.13756],[11.451,51.14667],[11.47193,51.14818],[11.47928,51.15878],[11.47256,51.16092],[11.47495,51.16583],[11.48526,51.16559],[11.48555,51.16802],[11.47082,51.16984],[11.4714,51.17687],[11.4701,51.18031],[11.46724,51.18045],[11.47032,51.18386],[11.46857,51.19265],[11.45584,51.19538],[11.4524,51.19248],[11.44902,51.19627],[11.44772,51.20366],[11.44505,51.20449],[11.44605,51.20814],[11.43095,51.21248],[11.41511,51.20818],[11.40533,51.2074],[11.40807,51.20369],[11.40589,51.2027],[11.40114,51.20361],[11.40194,51.20615],[11.39936,51.20637],[11.39142,51.20353],[11.38798,51.20887],[11.39106,51.21057],[11.38982,51.21752],[11.36483,51.22136],[11.3691,51.23061],[11.37645,51.23407],[11.3782,51.23766],[11.37638,51.2394],[11.38419,51.24548],[11.40061,51.24291],[11.3978,51.23674],[11.40157,51.23627],[11.41997,51.24636],[11.41835,51.24761],[11.42181,51.25324],[11.42578,51.2556],[11.42929,51.25468],[11.43952,51.26338],[11.44128,51.26696],[11.43703,51.26865],[11.44174,51.27331],[11.44678,51.27112],[11.45611,51.2772],[11.45233,51.27999],[11.45988,51.29405],[11.46248,51.29051],[11.46779,51.28839],[11.47386,51.29457],[11.47302,51.29647],[11.49876,51.28048],[11.50599,51.27789],[11.51406,51.27803],[11.51519,51.276],[11.51843,51.27633],[11.52228,51.28137],[11.52135,51.28462],[11.5271,51.28654],[11.53026,51.28347],[11.53916,51.28217],[11.54238,51.27854],[11.55147,51.27532],[11.56394,51.27878],[11.56715,51.28721],[11.57213,51.29015],[11.56737,51.29549],[11.57747,51.30088],[11.58144,51.30102],[11.58138,51.30571],[11.58743,51.30607],[11.59729,51.30258],[11.60585,51.31585],[11.61308,51.31615],[11.6148,51.32038],[11.62094,51.31574],[11.62317,51.32003],[11.6349,51.31422],[11.6293,51.30604],[11.63781,51.30321],[11.63965,51.30023],[11.64177,51.30101],[11.63986,51.29228],[11.64849,51.29565],[11.65094,51.29088],[11.65374,51.29212],[11.65828,51.29009],[11.66289,51.28355],[11.66648,51.28609],[11.66679,51.29069],[11.67191,51.29229],[11.67443,51.29122],[11.67513,51.28927],[11.66966,51.28768],[11.66982,51.28088],[11.6748,51.27979],[11.67741,51.27641],[11.68817,51.277],[11.68864,51.27446],[11.69924,51.2663],[11.71052,51.27134],[11.75966,51.28398],[11.76427,51.28106],[11.76737,51.27389],[11.77038,51.2751],[11.77761,51.26999],[11.78265,51.27036],[11.78804,51.2682],[11.78537,51.25898],[11.7905,51.25623],[11.78565,51.25321],[11.78772,51.24764],[11.79419,51.2474],[11.80015,51.25051],[11.80107,51.24704],[11.80885,51.24641],[11.80949,51.24495],[11.81939,51.24908],[11.82286,51.24699],[11.8242,51.23837],[11.83656,51.24816],[11.84607,51.23713],[11.85033,51.23537],[11.85903,51.23656],[11.85892,51.23923],[11.87282,51.24292],[11.88569,51.24424],[11.88926,51.23846],[11.89305,51.23839],[11.89345,51.2355],[11.89892,51.23565],[11.89925,51.23335],[11.91153,51.23374],[11.91278,51.23616],[11.92353,51.23637],[11.92331,51.24088],[11.92768,51.24608],[11.92722,51.25432],[11.92925,51.25503],[11.92562,51.27018],[11.94293,51.27139],[11.96888,51.26963],[11.97009,51.27513],[11.98458,51.27396],[11.98429,51.27694],[11.98992,51.27793],[11.98865,51.28094],[11.99892,51.28202],[12.00361,51.27676],[12.03779,51.28559],[12.05461,51.28622],[12.05822,51.28883],[12.06201,51.28738],[12.06183,51.28549],[12.05666,51.28467],[12.04767,51.27753],[12.05287,51.27546],[12.0532,51.27148],[12.0601,51.26958],[12.05654,51.26664],[12.04574,51.2631],[12.04618,51.26154],[12.05395,51.25913],[12.05159,51.25391],[12.06574,51.2523],[12.06631,51.25021],[12.0751,51.24806],[12.07667,51.25747],[12.09399,51.26062],[12.11246,51.26097],[12.11362,51.26832],[12.14478,51.27019],[12.14066,51.27508],[12.14626,51.27518],[12.14764,51.27884],[12.16806,51.27642],[12.17068,51.27474],[12.16557,51.26804],[12.16624,51.26593],[12.17338,51.26605],[12.17374,51.25819],[12.18939,51.25762],[12.19315,51.2414],[12.19496,51.23877],[12.19888,51.23972],[12.19949,51.23842],[12.19208,51.23693],[12.19559,51.22362],[12.19811,51.2167],[12.20343,51.21672],[12.20474,51.2142],[12.20123,51.21344],[12.18959,51.20398],[12.1918,51.19573],[12.1856,51.19429],[12.18718,51.19146],[12.17374,51.19008],[12.17484,51.18133],[12.1934,51.18531],[12.21308,51.1835],[12.21232,51.17902],[12.20849,51.17623],[12.21213,51.17518],[12.21157,51.17236],[12.20626,51.1713],[12.20167,51.16139],[12.19719,51.15913],[12.19619,51.14191],[12.23014,51.1362],[12.24164,51.1307],[12.23739,51.1278],[12.23892,51.12624],[12.23483,51.12355],[12.23164,51.12374],[12.22907,51.12023],[12.22549,51.12037],[12.22389,51.12355],[12.22056,51.12304],[12.22237,51.11905],[12.22459,51.11932],[12.22382,51.11082],[12.22144,51.10978],[12.23036,51.10361],[12.24115,51.10289],[12.24394,51.10023],[12.25254,51.09959],[12.25308,51.09727],[12.26137,51.09795],[12.26277,51.10029],[12.27857,51.09928],[12.27864,51.09497],[12.28031,51.09589],[12.28355,51.09192],[12.28781,51.09077],[12.30483,51.09748],[12.30743,51.09451],[12.31146,51.09371],[12.32157,51.09462],[12.32345,51.09548],[12.32203,51.09753],[12.3316,51.10378],[12.33383,51.10344],[12.35658,51.09434],[12.35362,51.08461],[12.36103,51.0798],[12.37532,51.07711],[12.38472,51.08029],[12.38558,51.08349],[12.39296,51.08412],[12.39808,51.07852],[12.41045,51.07285],[12.4128,51.07582],[12.42098,51.07814],[12.45074,51.07731],[12.4531,51.08346],[12.45838,51.08455],[12.46291,51.0669],[12.46799,51.06784],[12.46947,51.06422],[12.49636,51.06625],[12.50446,51.06079],[12.50858,51.05306],[12.50193,51.05173],[12.50474,51.04489],[12.50289,51.0349],[12.51245,51.02642],[12.50933,51.02545],[12.50739,51.01728],[12.51284,51.01647],[12.51633,51.01822],[12.51437,51.02688],[12.51816,51.02735],[12.5189,51.02286],[12.53149,51.02543],[12.53885,51.02425],[12.53924,51.02041],[12.53664,51.01994],[12.53477,51.01563],[12.54018,51.00573],[12.52645,51.00149],[12.52835,50.99828],[12.53877,50.99638],[12.5509,50.99829],[12.55576,50.99749],[12.57278,50.99024],[12.5772,50.98419],[12.58381,50.98183],[12.57929,50.98514],[12.58102,50.98924],[12.59162,50.99133],[12.5916,50.99285],[12.60119,50.99273],[12.60169,50.99535],[12.60753,50.99673],[12.60731,50.99082],[12.61643,50.98528],[12.62129,50.97577],[12.62213,50.96343],[12.63011,50.9425],[12.62554,50.94223],[12.62436,50.93971],[12.63144,50.94015],[12.63763,50.9331],[12.64223,50.93317],[12.64166,50.92881],[12.65287,50.92368],[12.65412,50.91906],[12.64688,50.91636],[12.64127,50.91142],[12.64012,50.90307],[12.62542,50.90575],[12.62357,50.90887],[12.62006,50.90938],[12.6148,50.90481],[12.6062,50.90584],[12.59202,50.90267],[12.58474,50.90402],[12.57343,50.90108],[12.5693,50.90405],[12.56594,50.9026],[12.56023,50.90614],[12.55282,50.90554],[12.53819,50.90069],[12.52526,50.90266],[12.52132,50.9076],[12.50786,50.90373],[12.51303,50.89611],[12.51112,50.8941],[12.48667,50.8939],[12.48024,50.89051],[12.48219,50.88868],[12.45925,50.88045],[12.4642,50.87339],[12.46112,50.87178],[12.46403,50.87013],[12.44836,50.86745],[12.44932,50.86576],[12.44415,50.86258],[12.44825,50.85617],[12.44113,50.84939],[12.4425,50.84403],[12.43745,50.84242],[12.42933,50.84416],[12.42021,50.83959],[12.41159,50.84738],[12.41806,50.85541],[12.41299,50.85687],[12.40728,50.85698],[12.40612,50.85052],[12.40295,50.84923],[12.39251,50.84903],[12.3868,50.85063],[12.37703,50.84905],[12.37839,50.85371],[12.37413,50.85325],[12.37486,50.84883],[12.36489,50.84654],[12.36231,50.8423],[12.34832,50.83753],[12.34758,50.82363],[12.33302,50.82204],[12.33388,50.82042],[12.32064,50.82163],[12.31571,50.81945],[12.30695,50.81876],[12.29858,50.8299],[12.29591,50.82833],[12.29835,50.82095],[12.30236,50.8172],[12.29978,50.81555],[12.29567,50.8169],[12.29271,50.82381],[12.28972,50.82397],[12.29113,50.82211],[12.28574,50.82031],[12.28607,50.81187],[12.27986,50.8097],[12.27808,50.80962],[12.27698,50.81786],[12.27266,50.81639],[12.27504,50.81364],[12.26857,50.81232],[12.26734,50.81436],[12.25976,50.81145],[12.2505,50.81854],[12.25094,50.81501],[12.24284,50.80906],[12.25348,50.79951],[12.25018,50.7991],[12.25485,50.79506],[12.25315,50.78883],[12.26757,50.78733],[12.28764,50.78964],[12.28795,50.78359],[12.29016,50.78343],[12.28405,50.77347],[12.26392,50.76046],[12.24461,50.76478],[12.24069,50.76724],[12.23382,50.75984],[12.22869,50.75745],[12.2267,50.74159],[12.23024,50.74351],[12.22698,50.73822],[12.23144,50.73821],[12.235,50.73327],[12.23791,50.73303],[12.26476,50.73755],[12.2687,50.73084],[12.27343,50.7282],[12.25338,50.7157],[12.26095,50.70555],[12.2649,50.7037],[12.26596,50.7011],[12.26199,50.70039],[12.26276,50.69528],[12.27476,50.68612],[12.27811,50.68778],[12.28363,50.68501],[12.29689,50.68654],[12.29939,50.68377],[12.30854,50.68261],[12.31481,50.68524],[12.3189,50.684],[12.32205,50.68143],[12.31423,50.66959],[12.31772,50.66336],[12.30354,50.66226],[12.30312,50.65705],[12.29889,50.65168],[12.28962,50.64788],[12.2845,50.64827],[12.28232,50.64657],[12.27969,50.64778],[12.28132,50.64455],[12.26807,50.64481],[12.26429,50.64339],[12.26552,50.63079],[12.24464,50.6333],[12.24051,50.62942],[12.23281,50.62707],[12.23083,50.63263],[12.22645,50.62984],[12.21676,50.63146],[12.21724,50.63374],[12.20755,50.6366],[12.20754,50.63994],[12.1982,50.64131],[12.19969,50.63293],[12.18819,50.62312],[12.19212,50.61933],[12.19075,50.61442],[12.18277,50.61211],[12.17472,50.61451],[12.17814,50.61865],[12.17351,50.6213],[12.17597,50.62451],[12.17021,50.62756],[12.17044,50.62923],[12.16524,50.62793],[12.16329,50.63002],[12.15364,50.6305],[12.14989,50.6288],[12.15017,50.62704],[12.14643,50.62598],[12.14571,50.62143],[12.15083,50.6156],[12.14523,50.60974],[12.14722,50.6061],[12.13342,50.60096],[12.12656,50.60067],[12.1149,50.59698],[12.11015,50.58872],[12.12472,50.58442],[12.13265,50.58774],[12.12637,50.584],[12.13519,50.58213],[12.14019,50.58266],[12.14483,50.58574],[12.1516,50.58345],[12.15609,50.58558],[12.16067,50.58005],[12.15602,50.57349],[12.12765,50.57413],[12.12279,50.56754],[12.11577,50.56695],[12.10557,50.57339],[12.10152,50.57894],[12.08359,50.57857],[12.07812,50.57659],[12.07914,50.56926],[12.07467,50.56683],[12.07697,50.55926],[12.07269,50.55512],[12.06549,50.55582],[12.06032,50.55217],[12.05738,50.55312],[12.05207,50.55096],[12.04922,50.55322],[12.04122,50.55354],[12.03027,50.5494],[12.03365,50.55321],[12.02835,50.55386],[12.0322,50.555],[12.03099,50.55778],[12.02551,50.56012],[12.01754,50.56784],[12.03563,50.58137],[12.03111,50.5819],[12.03107,50.58423],[12.03614,50.59395],[12.03129,50.59821],[12.0284,50.59697],[12.02097,50.59855],[12.00548,50.61202],[12.00476,50.61382],[12.01244,50.6207],[12.02212,50.62554],[12.0104,50.63546],[12.00089,50.63322],[12.00338,50.63019],[11.99872,50.62714],[11.97927,50.62141],[11.98878,50.61073],[11.96773,50.60013],[11.96231,50.60096],[11.95997,50.60445],[11.95714,50.599],[11.94414,50.59128],[11.93549,50.60395],[11.92582,50.60661],[11.91926,50.60313],[11.92322,50.5972],[11.9216,50.59291],[11.90828,50.5859],[11.90427,50.58739],[11.9082,50.59],[11.90781,50.59414],[11.90088,50.59313],[11.90304,50.59485],[11.89103,50.5973],[11.8843,50.59489],[11.87983,50.59563],[11.87383,50.59258],[11.87483,50.59148],[11.86868,50.59099],[11.86832,50.58918],[11.86554,50.58931],[11.8679,50.58742],[11.86505,50.58439],[11.8607,50.58877],[11.857,50.58632],[11.85221,50.58791],[11.85081,50.58458],[11.8439,50.58225],[11.83417,50.58405],[11.83376,50.58561],[11.82186,50.58268],[11.82273,50.58575],[11.81776,50.58852],[11.81477,50.58814],[11.81275,50.59139],[11.80696,50.59062],[11.79877,50.58567],[11.79777,50.58232],[11.76985,50.57209],[11.77006,50.56742],[11.75942,50.57308],[11.75997,50.58639],[11.76244,50.58945],[11.75955,50.59276],[11.75575,50.59289],[11.75272,50.60021],[11.74528,50.60136],[11.73885,50.60017],[11.73239,50.60217],[11.72153,50.59969],[11.71902,50.59746],[11.72061,50.5953],[11.71616,50.59753],[11.71105,50.59465],[11.70752,50.59645],[11.7011,50.5934],[11.70136,50.58782],[11.69764,50.58179],[11.69401,50.58272],[11.69067,50.57963],[11.68689,50.58434],[11.6857,50.57965],[11.68182,50.5801],[11.67901,50.57846],[11.69377,50.56836],[11.69858,50.56968],[11.70223,50.57431],[11.70713,50.57394],[11.70907,50.57191],[11.70686,50.56703],[11.6998,50.56149],[11.68104,50.55728],[11.68356,50.55296],[11.68083,50.54886],[11.68294,50.54617],[11.67599,50.54262],[11.68103,50.53357],[11.68668,50.53161],[11.68804,50.52461],[11.69219,50.5242],[11.67901,50.51848],[11.66396,50.51887],[11.65737,50.51326],[11.64865,50.51182],[11.64112,50.51408],[11.63664,50.51003],[11.62371,50.50987],[11.62619,50.51427],[11.62312,50.51638],[11.62704,50.5186],[11.62658,50.52067],[11.62421,50.5194],[11.61949,50.52325],[11.6119,50.51708],[11.61139,50.51264],[11.61656,50.50928],[11.61219,50.50729],[11.61208,50.49901],[11.60261,50.49205],[11.59812,50.49248],[11.58274,50.48756],[11.57533,50.47993],[11.57726,50.47851],[11.58262,50.47972],[11.5875,50.47708],[11.59192,50.47273],[11.59208,50.46873],[11.56496,50.45606],[11.55957,50.45716],[11.55386,50.45392],[11.55936,50.45088],[11.55562,50.44458],[11.57539,50.4346],[11.56351,50.42751],[11.55969,50.4285],[11.55821,50.42559],[11.54862,50.4216],[11.55422,50.41412],[11.55722,50.41464],[11.55598,50.41105],[11.56074,50.40681],[11.55021,50.40362],[11.55091,50.40089],[11.56643,50.39065],[11.56522,50.38764],[11.55786,50.38339],[11.55253,50.38264],[11.54708,50.38431],[11.53507,50.38116],[11.52701,50.376],[11.51985,50.37427],[11.51891,50.39567],[11.50586,50.39651],[11.50302,50.39965],[11.4956,50.39954],[11.48985,50.39677],[11.47874,50.40122],[11.4793,50.40721],[11.48572,50.41144],[11.48812,50.41584],[11.48055,50.42547],[11.48157,50.43162],[11.47511,50.43353],[11.47484,50.43167],[11.46315,50.43218],[11.45966,50.42864],[11.44619,50.4244],[11.44344,50.42082],[11.44477,50.42511],[11.45125,50.43103],[11.44054,50.43862],[11.42063,50.44337],[11.41934,50.45424],[11.4236,50.46226],[11.4155,50.46785],[11.42048,50.47426],[11.41809,50.48186],[11.42647,50.48454],[11.42147,50.48638],[11.42249,50.48903],[11.41881,50.49346],[11.41951,50.49466],[11.43603,50.49218],[11.441,50.50067],[11.43481,50.50395],[11.43298,50.50836],[11.42461,50.51588],[11.40528,50.51618],[11.39638,50.51785],[11.39309,50.52055],[11.38762,50.51565],[11.3794,50.52086],[11.36979,50.52324],[11.35776,50.51987],[11.34376,50.52069],[11.34699,50.51161],[11.33625,50.50961],[11.32533,50.51025],[11.32136,50.50857],[11.32491,50.49839],[11.32314,50.49116],[11.31887,50.48902],[11.30094,50.48841],[11.3017,50.48502],[11.29617,50.48237],[11.2975,50.48134],[11.29098,50.47526],[11.28911,50.48557],[11.27802,50.48336],[11.2788,50.48125],[11.27236,50.48268],[11.26643,50.4791],[11.25729,50.48182],[11.24772,50.47841],[11.24513,50.4708],[11.25245,50.46323],[11.25489,50.45642],[11.24775,50.45109]]],[[[11.44202,51.19976],[11.44661,51.19888],[11.44538,51.19399],[11.44395,51.19736],[11.43967,51.19767],[11.43939,51.19977],[11.44202,51.19976]]]]}},{"type":"Feature","id":"thuringer-wald-eichsfeld","bbox":[9.87732,50.20482,11.48555,51.59231],"properties":{"id":"thuringer-wald-eichsfeld","name":"Thüringer Wald-Eichsfeld","sitz":"Erfurt","einwohner":1093308,"flaecheKm2":8378.43,"kreise":["Kreisfreie Stadt Eisenach","Kreisfreie Stadt Erfurt","Kreisfreie Stadt Gotha","Landkreis Eichsfeld","Landkreis Gotha","Landkreis Hildburghausen","Landkreis Ilm-Kreis","Landkreis Schmalkalden-Meiningen","Landkreis Sömmerda","Landkreis Suhl","Landkreis Unstrut-Hainich-Kreis","Landkreis Wartburgkreis"],"quelle":"GeoPackage / Gesetzesentwurf"},"geometry":{"type":"MultiPolygon","coordinates":[[[[10.04977,50.51838],[10.04134,50.51647],[10.04248,50.52187],[10.03918,50.52441],[10.03833,50.529],[10.0479,50.53945],[10.04722,50.54552],[10.05692,50.55468],[10.06183,50.55669],[10.05247,50.56111],[10.04636,50.57125],[10.04626,50.58148],[10.04981,50.58472],[10.0488,50.59862],[10.04027,50.60451],[10.03719,50.61293],[10.04777,50.61946],[10.04547,50.62122],[10.0575,50.62612],[10.06722,50.62415],[10.07226,50.61963],[10.08105,50.62002],[10.08296,50.63371],[10.07858,50.63469],[10.06999,50.65588],[10.05763,50.66483],[10.05403,50.67116],[10.04893,50.67393],[10.03135,50.67555],[10.02141,50.67304],[10.00199,50.6766],[9.98954,50.67459],[9.97708,50.66836],[9.97468,50.66869],[9.9736,50.66595],[9.9693,50.66753],[9.96303,50.66654],[9.96069,50.66844],[9.95798,50.66648],[9.95148,50.66593],[9.94758,50.6623],[9.95088,50.66032],[9.94971,50.65587],[9.9689,50.64126],[9.96025,50.63551],[9.96072,50.62948],[9.94593,50.62683],[9.9297,50.62902],[9.9221,50.63451],[9.91611,50.63662],[9.91038,50.63635],[9.90611,50.64038],[9.88611,50.63394],[9.87855,50.63478],[9.87732,50.63872],[9.87797,50.64432],[9.88422,50.65081],[9.87955,50.66645],[9.88278,50.67249],[9.88127,50.67338],[9.88858,50.67687],[9.89468,50.68372],[9.89896,50.6824],[9.90622,50.68419],[9.91266,50.68831],[9.91208,50.69081],[9.91554,50.6937],[9.92396,50.69513],[9.91065,50.70069],[9.90889,50.70453],[9.91184,50.7087],[9.93516,50.72412],[9.93788,50.73286],[9.93579,50.73401],[9.9415,50.73914],[9.94137,50.74184],[9.93863,50.74368],[9.93961,50.75592],[9.9338,50.75754],[9.92665,50.75656],[9.92013,50.75961],[9.92892,50.76963],[9.92553,50.77467],[9.92843,50.77659],[9.93087,50.77713],[9.93715,50.7741],[9.93821,50.77565],[9.9417,50.77523],[9.94543,50.77893],[9.94875,50.77869],[9.94332,50.77123],[9.95213,50.77329],[9.95409,50.77936],[9.94978,50.78038],[9.95513,50.78555],[9.94943,50.78823],[9.94357,50.7977],[9.95668,50.80962],[9.95472,50.81097],[9.95744,50.81236],[9.95642,50.81605],[9.95023,50.81518],[9.95225,50.82137],[9.96683,50.82666],[9.97682,50.83327],[9.98426,50.83189],[9.98385,50.82962],[9.98765,50.82826],[9.99149,50.82825],[9.99188,50.82963],[9.99465,50.82576],[9.99802,50.82651],[10.00195,50.8289],[10.00684,50.83768],[10.00986,50.83525],[10.02305,50.83163],[10.02849,50.83581],[10.02681,50.84128],[10.03446,50.84272],[10.03399,50.84469],[10.03775,50.8453],[10.03588,50.84731],[10.03862,50.85311],[10.03599,50.85386],[10.02193,50.84786],[10.01869,50.85567],[10.02189,50.86449],[10.02428,50.86723],[10.03318,50.86941],[10.03903,50.87376],[10.05598,50.87977],[10.05885,50.88279],[10.05709,50.88537],[10.0598,50.88539],[10.05624,50.8874],[10.05844,50.89018],[10.05246,50.89261],[10.05346,50.89007],[10.04973,50.89115],[10.04787,50.88885],[10.04195,50.89334],[10.04677,50.89527],[10.04723,50.89781],[10.05103,50.89843],[10.05091,50.90009],[10.0407,50.90153],[10.03503,50.91002],[10.02485,50.9118],[10.02467,50.91447],[10.01623,50.91755],[10.01564,50.92062],[10.00366,50.92155],[9.98914,50.91322],[9.98449,50.90699],[9.97822,50.9053],[9.97146,50.90741],[9.96844,50.91094],[9.96963,50.91349],[9.98035,50.92059],[9.98189,50.91995],[9.98863,50.93314],[9.992,50.93451],[9.97219,50.93183],[9.96556,50.93358],[9.96356,50.93103],[9.96607,50.92875],[9.95714,50.9226],[9.94969,50.92651],[9.95333,50.92772],[9.95656,50.93366],[9.95009,50.94225],[9.96372,50.94276],[9.96831,50.94134],[9.97507,50.94342],[9.98209,50.93906],[9.98739,50.94171],[9.99156,50.9409],[9.99101,50.94357],[9.99929,50.93664],[10.00338,50.94063],[10.01356,50.93474],[10.01756,50.93713],[10.01658,50.93963],[10.02429,50.94108],[10.0249,50.94375],[10.0273,50.94342],[10.02944,50.93811],[10.05362,50.93978],[10.06235,50.94378],[10.06387,50.94543],[10.06119,50.94797],[10.04787,50.94612],[10.04804,50.94746],[10.04305,50.94848],[10.04565,50.95032],[10.04204,50.95723],[10.03216,50.95964],[10.04095,50.96753],[10.03345,50.97141],[10.03192,50.9742],[10.02426,50.9762],[10.01947,50.98071],[10.02382,50.98536],[10.0211,50.99389],[10.02828,51.00303],[10.02767,51.00646],[10.0364,51.01238],[10.05364,51.01315],[10.06567,51.00942],[10.07351,51.01137],[10.09427,51.00736],[10.10348,51.00337],[10.1083,51.00922],[10.12084,51.0117],[10.13308,51.00482],[10.12738,51.00148],[10.13156,50.9969],[10.14688,50.99382],[10.16584,50.99746],[10.16908,51.00193],[10.17328,51.00005],[10.16957,50.99852],[10.17104,50.99622],[10.17437,50.99857],[10.17816,50.996],[10.18127,50.99842],[10.19079,50.99907],[10.19223,51.00199],[10.19567,51.00206],[10.19695,51.00663],[10.2029,51.00811],[10.20121,51.0139],[10.19382,51.01599],[10.19262,51.01853],[10.19537,51.02094],[10.20312,51.01863],[10.20421,51.02019],[10.20856,51.01897],[10.21519,51.02642],[10.20293,51.03161],[10.20475,51.03479],[10.19885,51.04009],[10.18477,51.04569],[10.18467,51.04903],[10.17107,51.04918],[10.16022,51.05337],[10.14647,51.05507],[10.14059,51.05849],[10.1408,51.06041],[10.14702,51.0614],[10.14426,51.066],[10.15519,51.07042],[10.15104,51.07286],[10.15127,51.07797],[10.14676,51.08208],[10.14805,51.08371],[10.14469,51.08481],[10.15592,51.09325],[10.15711,51.09632],[10.16568,51.0995],[10.16397,51.10315],[10.1591,51.10523],[10.16042,51.10805],[10.1672,51.1081],[10.1721,51.10543],[10.17549,51.10691],[10.17326,51.11132],[10.17463,51.11687],[10.1703,51.11894],[10.15379,51.11846],[10.14925,51.12036],[10.14623,51.12579],[10.13999,51.12471],[10.13972,51.12762],[10.13082,51.13519],[10.12073,51.13693],[10.11832,51.13957],[10.12783,51.14376],[10.12573,51.14634],[10.1466,51.14455],[10.15261,51.14868],[10.15761,51.14801],[10.1681,51.15301],[10.17626,51.1473],[10.17745,51.14167],[10.1849,51.14112],[10.18524,51.13249],[10.17848,51.13076],[10.17921,51.12765],[10.18962,51.12198],[10.18945,51.11677],[10.19996,51.11297],[10.20935,51.11817],[10.20619,51.12211],[10.21072,51.12291],[10.21071,51.12596],[10.20575,51.12726],[10.20379,51.13566],[10.21069,51.14247],[10.20038,51.14993],[10.20776,51.15477],[10.20732,51.16492],[10.22985,51.17491],[10.236,51.18477],[10.2345,51.18752],[10.23048,51.18813],[10.22019,51.18574],[10.21414,51.18704],[10.21125,51.19044],[10.19701,51.19206],[10.19703,51.19654],[10.18775,51.20423],[10.16844,51.21219],[10.16414,51.21205],[10.16057,51.20827],[10.14979,51.20619],[10.1438,51.21288],[10.14284,51.21722],[10.1454,51.21808],[10.1384,51.22014],[10.13626,51.21813],[10.12924,51.21914],[10.11317,51.21521],[10.11113,51.21948],[10.10634,51.22161],[10.09351,51.22145],[10.09028,51.22667],[10.08096,51.22395],[10.07238,51.22478],[10.06709,51.22779],[10.06763,51.23062],[10.07278,51.24041],[10.079,51.24278],[10.06906,51.24376],[10.06649,51.24564],[10.06908,51.2467],[10.0676,51.2489],[10.06188,51.25256],[10.0543,51.25448],[10.0507,51.25458],[10.04804,51.25205],[10.04697,51.25343],[10.05012,51.25872],[10.0471,51.2595],[10.04655,51.2645],[10.05253,51.26755],[10.05469,51.26633],[10.05745,51.26766],[10.05992,51.27587],[10.05372,51.279],[10.04929,51.27768],[10.04141,51.28039],[10.02999,51.27788],[10.02393,51.28203],[10.01035,51.28346],[10.00433,51.28698],[9.99726,51.28491],[9.99133,51.28656],[9.98345,51.28334],[9.97298,51.28435],[9.97642,51.2912],[9.97054,51.2947],[9.96985,51.30027],[9.96055,51.30477],[9.94716,51.30295],[9.93974,51.30696],[9.94904,51.31756],[9.94757,51.3264],[9.94412,51.32863],[9.94345,51.33451],[9.92994,51.33997],[9.93282,51.34604],[9.93003,51.35137],[9.92547,51.35379],[9.92329,51.36804],[9.92546,51.37212],[9.92829,51.37236],[9.92834,51.3753],[9.942,51.37843],[9.95362,51.38906],[9.96594,51.39548],[9.9874,51.39792],[9.99402,51.40389],[10.00038,51.40366],[10.00078,51.40778],[10.00558,51.40842],[10.00761,51.411],[10.00933,51.4206],[10.02415,51.41895],[10.03784,51.42],[10.04229,51.42354],[10.04284,51.42757],[10.05144,51.43032],[10.0468,51.43667],[10.05878,51.43489],[10.06102,51.43246],[10.05969,51.42829],[10.06562,51.425],[10.06453,51.41982],[10.06911,51.41844],[10.07522,51.41952],[10.07958,51.42531],[10.08011,51.43456],[10.09084,51.43565],[10.11693,51.43023],[10.12111,51.43416],[10.13071,51.43359],[10.13175,51.43553],[10.14039,51.42972],[10.15294,51.43026],[10.15447,51.43153],[10.14046,51.43774],[10.13976,51.43932],[10.14252,51.43974],[10.14,51.44261],[10.15215,51.44714],[10.15582,51.44362],[10.15881,51.44675],[10.16762,51.44445],[10.17431,51.44626],[10.18019,51.45579],[10.1772,51.45744],[10.18601,51.46217],[10.18583,51.46508],[10.17913,51.46723],[10.17825,51.47002],[10.18388,51.47224],[10.19019,51.48066],[10.20198,51.48652],[10.20572,51.48724],[10.21437,51.48007],[10.21282,51.47866],[10.2182,51.47854],[10.21527,51.47715],[10.21695,51.47008],[10.22101,51.47191],[10.2244,51.47089],[10.22671,51.47381],[10.22974,51.47159],[10.23588,51.47143],[10.23776,51.47746],[10.2437,51.47856],[10.24468,51.48374],[10.27276,51.48822],[10.27323,51.49139],[10.28443,51.49444],[10.29266,51.49252],[10.29967,51.4939],[10.30145,51.49593],[10.2991,51.49861],[10.29985,51.50495],[10.30882,51.51514],[10.31505,51.5156],[10.31803,51.51398],[10.34228,51.5195],[10.34353,51.52668],[10.34772,51.52927],[10.34813,51.53217],[10.36766,51.54304],[10.36756,51.54866],[10.37218,51.55299],[10.36537,51.55589],[10.37413,51.55861],[10.37862,51.56271],[10.37879,51.57938],[10.37002,51.58754],[10.37733,51.58871],[10.39026,51.58605],[10.39781,51.58768],[10.4063,51.5865],[10.42576,51.59207],[10.43204,51.59231],[10.44438,51.58966],[10.45097,51.58403],[10.45847,51.58412],[10.46291,51.58212],[10.46704,51.58338],[10.48855,51.57478],[10.48748,51.57291],[10.49255,51.56833],[10.48723,51.56324],[10.48554,51.55616],[10.48303,51.55351],[10.47402,51.55267],[10.47307,51.55129],[10.48288,51.54614],[10.50925,51.54066],[10.50786,51.53693],[10.51483,51.53893],[10.51644,51.53493],[10.51011,51.53256],[10.51223,51.52539],[10.53542,51.52327],[10.53975,51.5208],[10.5291,51.51879],[10.5253,51.51042],[10.52679,51.50639],[10.51862,51.50119],[10.51741,51.49574],[10.51277,51.49569],[10.52232,51.49164],[10.51765,51.48693],[10.51794,51.48229],[10.51413,51.47902],[10.50821,51.47922],[10.50615,51.47261],[10.50848,51.4698],[10.50533,51.46847],[10.50634,51.46212],[10.50881,51.46058],[10.49973,51.45768],[10.50102,51.45365],[10.5085,51.45246],[10.50947,51.44743],[10.51961,51.43908],[10.51975,51.43677],[10.50738,51.43388],[10.5,51.43017],[10.48971,51.43011],[10.48794,51.42766],[10.5022,51.42633],[10.50226,51.42358],[10.49806,51.42429],[10.49806,51.42261],[10.50355,51.41771],[10.48726,51.42241],[10.48584,51.4162],[10.4805,51.41674],[10.48059,51.41413],[10.49498,51.4113],[10.49535,51.40204],[10.49745,51.40262],[10.49695,51.39915],[10.49363,51.39745],[10.49431,51.39057],[10.50115,51.3932],[10.50404,51.39119],[10.50746,51.37979],[10.52317,51.36974],[10.52248,51.36511],[10.51292,51.35704],[10.48358,51.34629],[10.48357,51.3433],[10.48882,51.34018],[10.49628,51.33756],[10.50066,51.33798],[10.49797,51.33656],[10.49823,51.32836],[10.50791,51.32784],[10.50708,51.32486],[10.49928,51.32122],[10.49615,51.31131],[10.52829,51.30506],[10.53592,51.3117],[10.54338,51.31278],[10.54357,51.31505],[10.54606,51.31514],[10.54626,51.31315],[10.55261,51.31417],[10.55454,51.3183],[10.55975,51.31938],[10.56163,51.32635],[10.56878,51.32656],[10.57016,51.32435],[10.59477,51.31863],[10.60421,51.31991],[10.6094,51.31851],[10.6135,51.31619],[10.6136,51.31323],[10.62415,51.30684],[10.62254,51.30321],[10.63106,51.29972],[10.63439,51.2888],[10.6414,51.28968],[10.64405,51.28634],[10.6542,51.28481],[10.65526,51.28667],[10.65757,51.28414],[10.67672,51.27944],[10.68272,51.26916],[10.68528,51.25665],[10.69288,51.25321],[10.69509,51.24122],[10.70292,51.2328],[10.70092,51.22626],[10.70594,51.22155],[10.71156,51.2198],[10.70907,51.21669],[10.73327,51.21204],[10.73401,51.21665],[10.74183,51.21582],[10.74596,51.21781],[10.74622,51.22144],[10.75869,51.22195],[10.76258,51.21812],[10.75845,51.21107],[10.76055,51.21075],[10.7595,51.20436],[10.76994,51.20693],[10.76941,51.21053],[10.77241,51.21053],[10.77335,51.21338],[10.77734,51.21318],[10.77711,51.21532],[10.78226,51.21247],[10.78224,51.21382],[10.78578,51.21387],[10.78472,51.21781],[10.79812,51.2206],[10.8356,51.22258],[10.83385,51.22115],[10.85097,51.21899],[10.8539,51.22041],[10.85425,51.21569],[10.86882,51.22051],[10.86908,51.21917],[10.87533,51.21951],[10.87642,51.21704],[10.89498,51.2177],[10.8953,51.20591],[10.93613,51.20546],[10.94142,51.20382],[10.96169,51.20574],[10.96902,51.19967],[10.97208,51.19982],[10.97518,51.21626],[10.98055,51.22189],[10.98957,51.22253],[10.98785,51.21818],[10.99019,51.21781],[10.9914,51.22241],[11.00134,51.22098],[11.00479,51.23333],[11.01018,51.23248],[11.00821,51.24397],[11.03932,51.24377],[11.05163,51.24764],[11.05777,51.24446],[11.06192,51.24466],[11.06269,51.24282],[11.09445,51.24502],[11.10156,51.22429],[11.10498,51.22052],[11.12504,51.22701],[11.1274,51.23409],[11.12502,51.23668],[11.12755,51.23875],[11.13564,51.24079],[11.1628,51.25612],[11.16316,51.25433],[11.16867,51.25261],[11.16756,51.25166],[11.18434,51.24824],[11.18362,51.24573],[11.18639,51.2465],[11.21385,51.24066],[11.2122,51.23571],[11.21728,51.23458],[11.2198,51.23452],[11.22098,51.23968],[11.22567,51.23927],[11.23264,51.24652],[11.24207,51.24406],[11.24212,51.24713],[11.25147,51.25482],[11.24904,51.25627],[11.25527,51.25709],[11.25212,51.26091],[11.25555,51.26448],[11.26008,51.2615],[11.26469,51.26124],[11.26775,51.25781],[11.27936,51.25329],[11.27801,51.2518],[11.28989,51.24604],[11.30248,51.24402],[11.30681,51.24867],[11.31418,51.2512],[11.32662,51.26346],[11.32506,51.26658],[11.32757,51.27112],[11.32079,51.27065],[11.32199,51.27318],[11.31996,51.27345],[11.31744,51.27056],[11.31204,51.26934],[11.31188,51.27088],[11.30562,51.27175],[11.30564,51.27318],[11.3135,51.27369],[11.31403,51.27692],[11.30698,51.28421],[11.31341,51.28926],[11.32166,51.29201],[11.32659,51.28856],[11.33266,51.28968],[11.3389,51.28618],[11.32628,51.28187],[11.32464,51.2797],[11.33064,51.27353],[11.33388,51.2743],[11.33653,51.27213],[11.34659,51.2739],[11.35242,51.27267],[11.3515,51.26755],[11.35934,51.2675],[11.3596,51.26216],[11.35121,51.25813],[11.35748,51.25458],[11.35794,51.2564],[11.36236,51.25733],[11.37378,51.25464],[11.38033,51.25573],[11.38194,51.25218],[11.38486,51.25135],[11.39146,51.25246],[11.38884,51.24714],[11.37638,51.2394],[11.3782,51.23766],[11.37645,51.23407],[11.3691,51.23061],[11.36483,51.22136],[11.38982,51.21752],[11.39106,51.21057],[11.38798,51.20887],[11.39142,51.20353],[11.39936,51.20637],[11.40194,51.20615],[11.40114,51.20361],[11.40589,51.2027],[11.40807,51.20369],[11.40533,51.2074],[11.41511,51.20818],[11.43095,51.21248],[11.44605,51.20814],[11.44505,51.20449],[11.44772,51.20366],[11.44902,51.19627],[11.4524,51.19248],[11.45584,51.19538],[11.46857,51.19265],[11.47032,51.18386],[11.46724,51.18045],[11.4701,51.18031],[11.4714,51.17687],[11.47082,51.16984],[11.48555,51.16802],[11.48526,51.16559],[11.47495,51.16583],[11.47256,51.16092],[11.47928,51.15878],[11.47193,51.14818],[11.451,51.14667],[11.45865,51.13756],[11.45988,51.13016],[11.46283,51.13022],[11.46259,51.12687],[11.46545,51.12738],[11.46336,51.11276],[11.47893,51.10732],[11.48391,51.10786],[11.48461,51.10544],[11.47949,51.10483],[11.48015,51.09988],[11.45674,51.09691],[11.43418,51.08961],[11.4275,51.09162],[11.42911,51.10323],[11.41641,51.10389],[11.41306,51.1091],[11.40879,51.10936],[11.40811,51.10728],[11.40584,51.1075],[11.40474,51.0996],[11.3924,51.09595],[11.39099,51.09865],[11.38186,51.09707],[11.37944,51.10055],[11.37206,51.10172],[11.33585,51.09752],[11.32066,51.09886],[11.31271,51.09775],[11.31032,51.10012],[11.28635,51.10085],[11.28169,51.10352],[11.27633,51.10338],[11.27267,51.1012],[11.2572,51.10118],[11.2519,51.10649],[11.22792,51.10306],[11.22771,51.10485],[11.19691,51.10436],[11.19326,51.09438],[11.19462,51.08693],[11.19213,51.07944],[11.1962,51.06678],[11.20175,51.06543],[11.19756,51.0566],[11.19854,51.05192],[11.20481,51.04392],[11.20821,51.04366],[11.20622,51.03491],[11.2173,51.03263],[11.21776,51.03059],[11.20797,51.02722],[11.20478,51.03056],[11.20123,51.02983],[11.20082,51.02599],[11.18395,51.02292],[11.17459,51.02557],[11.17047,51.01847],[11.1736,51.01831],[11.17117,51.00912],[11.164,51.00955],[11.16359,51.00251],[11.16648,51.00277],[11.17529,50.98881],[11.17162,50.98837],[11.17208,50.98654],[11.16508,50.9807],[11.15476,50.98027],[11.15589,50.97735],[11.1361,50.9735],[11.13381,50.97013],[11.13705,50.96339],[11.13457,50.96287],[11.13577,50.949],[11.14189,50.94568],[11.14387,50.94033],[11.14671,50.93973],[11.15362,50.92482],[11.14156,50.92601],[11.1373,50.92982],[11.13299,50.92806],[11.12013,50.92762],[11.11943,50.92526],[11.11182,50.92996],[11.10597,50.92666],[11.11554,50.90159],[11.11402,50.89733],[11.12852,50.90331],[11.13473,50.89769],[11.12912,50.88921],[11.12458,50.88788],[11.13197,50.8746],[11.16415,50.87234],[11.15945,50.86407],[11.16381,50.86361],[11.16635,50.85798],[11.17584,50.85879],[11.17769,50.85278],[11.15591,50.84479],[11.15784,50.83961],[11.16313,50.83796],[11.15473,50.83246],[11.15624,50.8291],[11.1663,50.82916],[11.1661,50.8249],[11.16865,50.82331],[11.16583,50.82203],[11.17781,50.8202],[11.17853,50.8146],[11.18092,50.81859],[11.19661,50.81713],[11.19571,50.81139],[11.19806,50.80903],[11.20074,50.80947],[11.20065,50.80713],[11.20825,50.80849],[11.20627,50.80595],[11.2241,50.80393],[11.22393,50.80003],[11.19319,50.80189],[11.18947,50.79944],[11.19267,50.7968],[11.19952,50.79809],[11.20856,50.79583],[11.20779,50.79228],[11.19803,50.79468],[11.19211,50.79277],[11.19425,50.79105],[11.1849,50.78515],[11.18813,50.78351],[11.18351,50.7769],[11.17897,50.77483],[11.17892,50.77212],[11.17461,50.77194],[11.17832,50.76396],[11.18272,50.7637],[11.18819,50.75472],[11.19058,50.75521],[11.18778,50.75397],[11.18715,50.74815],[11.18989,50.74271],[11.188,50.73419],[11.17067,50.72871],[11.16772,50.72869],[11.16761,50.73035],[11.15469,50.72966],[11.15092,50.73304],[11.15038,50.73076],[11.14369,50.72899],[11.13959,50.72537],[11.13652,50.72072],[11.13962,50.72065],[11.13674,50.71903],[11.13379,50.7202],[11.13747,50.72543],[11.1103,50.73278],[11.09847,50.72953],[11.0967,50.72733],[11.09983,50.71916],[11.09662,50.71989],[11.09846,50.71514],[11.09479,50.71493],[11.09158,50.71181],[11.09487,50.69802],[11.08524,50.69699],[11.07754,50.69408],[11.072,50.69473],[11.07095,50.7035],[11.07481,50.717],[11.0706,50.7197],[11.06056,50.71467],[11.06132,50.71069],[11.06633,50.71084],[11.0672,50.70946],[11.05844,50.70746],[11.05288,50.70811],[11.0516,50.70267],[11.05799,50.69532],[11.05712,50.6869],[11.05128,50.68641],[11.03356,50.69097],[11.03301,50.68635],[11.02828,50.68526],[11.02762,50.68669],[11.02358,50.68669],[11.02247,50.68892],[11.01376,50.69027],[11.01123,50.68788],[11.0207,50.68339],[11.01594,50.68421],[11.01467,50.68303],[11.02343,50.67731],[11.02437,50.66885],[11.02894,50.66845],[11.03068,50.67229],[11.04283,50.67948],[11.05343,50.6756],[11.06301,50.6751],[11.05663,50.67213],[11.05532,50.66796],[11.05555,50.66562],[11.05942,50.6648],[11.06205,50.66679],[11.06551,50.66531],[11.06363,50.66134],[11.06635,50.65748],[11.05767,50.64976],[11.06116,50.64788],[11.06009,50.64018],[11.06506,50.63729],[11.06221,50.62974],[11.05781,50.62809],[11.06223,50.62688],[11.06497,50.62174],[11.07559,50.6182],[11.07732,50.61444],[11.08668,50.61061],[11.08935,50.60671],[11.08833,50.60353],[11.07855,50.59744],[11.08111,50.59303],[11.07296,50.58814],[11.0765,50.58136],[11.07263,50.58058],[11.0753,50.5783],[11.06905,50.56985],[11.07003,50.56524],[11.05094,50.55756],[11.0487,50.55356],[11.04583,50.55442],[11.04872,50.55056],[11.04034,50.55014],[11.03649,50.55296],[11.02425,50.55103],[11.02198,50.55337],[11.01515,50.55455],[11.01287,50.55785],[10.98841,50.54737],[10.98327,50.54716],[10.96865,50.55275],[10.96632,50.54991],[10.9678,50.53964],[10.97402,50.53689],[10.97419,50.53497],[10.98898,50.53567],[10.98611,50.52865],[10.99261,50.52862],[10.9948,50.5203],[11.00094,50.5186],[11.00072,50.51517],[10.97724,50.5029],[10.97541,50.50007],[10.97681,50.49667],[10.98494,50.49675],[10.98806,50.49483],[10.986,50.49062],[10.98812,50.47988],[10.99172,50.47773],[11.00008,50.47857],[11.00717,50.47721],[11.01534,50.48009],[11.02455,50.47514],[11.03955,50.47403],[11.0392,50.46241],[11.03655,50.46159],[11.03343,50.46306],[11.00971,50.44812],[11.00282,50.44693],[11.00428,50.44547],[10.99172,50.43545],[10.9778,50.43039],[10.96896,50.4249],[10.96868,50.42258],[10.96161,50.4213],[10.95948,50.41649],[10.95152,50.41747],[10.94665,50.41508],[10.94292,50.41633],[10.93924,50.41458],[10.94132,50.40953],[10.9469,50.40607],[10.95257,50.40635],[10.95527,50.40496],[10.95374,50.4021],[10.95941,50.40051],[10.9577,50.39091],[10.94572,50.38647],[10.93763,50.39191],[10.93283,50.39243],[10.91142,50.38572],[10.90942,50.38719],[10.89885,50.38471],[10.89312,50.38032],[10.88487,50.3885],[10.88719,50.39257],[10.87798,50.39323],[10.87624,50.39653],[10.87275,50.39679],[10.86774,50.39427],[10.86628,50.38928],[10.86184,50.38767],[10.83044,50.39262],[10.81997,50.38489],[10.8168,50.38602],[10.81089,50.38412],[10.80425,50.37911],[10.79016,50.38223],[10.78588,50.38538],[10.77377,50.37197],[10.76685,50.37046],[10.76588,50.37178],[10.76294,50.36972],[10.76474,50.36911],[10.7623,50.36825],[10.76051,50.36242],[10.75451,50.35817],[10.74942,50.35795],[10.73872,50.36287],[10.71527,50.36359],[10.71793,50.35554],[10.71246,50.35464],[10.7143,50.34635],[10.72019,50.34956],[10.72887,50.34794],[10.72697,50.34697],[10.72815,50.33812],[10.7196,50.33317],[10.715,50.33303],[10.7154,50.32118],[10.7218,50.31802],[10.72731,50.31863],[10.73693,50.31415],[10.74185,50.31591],[10.75246,50.30656],[10.75947,50.3038],[10.76252,50.29837],[10.77073,50.29267],[10.77539,50.29469],[10.78698,50.29394],[10.79421,50.29538],[10.79704,50.29275],[10.80255,50.29198],[10.80438,50.28864],[10.80171,50.28333],[10.80392,50.27975],[10.8107,50.27968],[10.81147,50.27773],[10.81452,50.27887],[10.81986,50.27714],[10.82633,50.27795],[10.83593,50.27306],[10.84225,50.27552],[10.84636,50.27509],[10.8454,50.2695],[10.85128,50.2648],[10.85219,50.25337],[10.84467,50.24316],[10.83606,50.24195],[10.83346,50.2387],[10.82405,50.23753],[10.80727,50.2402],[10.80677,50.24435],[10.80056,50.25144],[10.79291,50.25024],[10.78184,50.25128],[10.78437,50.24851],[10.76963,50.24084],[10.75357,50.24207],[10.74613,50.24378],[10.7482,50.24783],[10.73217,50.25184],[10.7265,50.24756],[10.72981,50.24488],[10.72624,50.24089],[10.73122,50.21265],[10.7244,50.2061],[10.71665,50.20482],[10.70897,50.21028],[10.70275,50.21055],[10.70003,50.21251],[10.69575,50.2118],[10.68764,50.21908],[10.68671,50.22591],[10.67173,50.22141],[10.66367,50.22154],[10.65748,50.22368],[10.66229,50.22665],[10.65896,50.23071],[10.63766,50.22327],[10.61205,50.22414],[10.60435,50.23972],[10.59711,50.24617],[10.60351,50.24572],[10.61131,50.24907],[10.61139,50.25122],[10.60834,50.25106],[10.6064,50.25328],[10.60501,50.25905],[10.59783,50.26262],[10.60303,50.26999],[10.6073,50.27126],[10.60643,50.27233],[10.59348,50.26955],[10.59104,50.27178],[10.59328,50.27797],[10.60155,50.28267],[10.59817,50.28419],[10.59753,50.28919],[10.60189,50.29011],[10.60532,50.29354],[10.59635,50.30667],[10.59236,50.30808],[10.59469,50.31331],[10.59232,50.31718],[10.59543,50.31946],[10.60055,50.33369],[10.5834,50.33239],[10.57469,50.33669],[10.56179,50.3371],[10.55229,50.34452],[10.54976,50.34927],[10.55486,50.35466],[10.54441,50.36451],[10.53731,50.36268],[10.53499,50.36568],[10.53101,50.36511],[10.53038,50.36097],[10.52672,50.36145],[10.52363,50.35476],[10.51841,50.35421],[10.51462,50.3499],[10.51248,50.35981],[10.50707,50.35794],[10.50589,50.35401],[10.50328,50.35318],[10.49904,50.35771],[10.49241,50.35506],[10.48922,50.36154],[10.48599,50.36305],[10.49285,50.36215],[10.49194,50.36412],[10.49568,50.36723],[10.49444,50.36944],[10.49056,50.36879],[10.48728,50.37528],[10.47348,50.37251],[10.46709,50.37759],[10.46366,50.37601],[10.4585,50.38319],[10.45959,50.38773],[10.45713,50.38784],[10.45303,50.39292],[10.45556,50.39641],[10.45326,50.40146],[10.4495,50.40305],[10.43798,50.40118],[10.4379,50.39548],[10.42374,50.39253],[10.41997,50.39425],[10.41445,50.39372],[10.41396,50.39525],[10.40611,50.39368],[10.40596,50.3954],[10.3965,50.39693],[10.39449,50.39365],[10.38448,50.40285],[10.38392,50.40862],[10.39006,50.40994],[10.38944,50.41144],[10.39442,50.41368],[10.39486,50.41766],[10.40094,50.41903],[10.40004,50.42212],[10.40455,50.42312],[10.40383,50.42478],[10.40285,50.42623],[10.39283,50.42694],[10.39246,50.43034],[10.379,50.42992],[10.3785,50.43249],[10.37071,50.43176],[10.37238,50.43714],[10.38133,50.43885],[10.37625,50.44066],[10.36727,50.43877],[10.36756,50.44155],[10.3611,50.44557],[10.36303,50.44755],[10.36025,50.44853],[10.35673,50.45519],[10.35226,50.45643],[10.34819,50.46256],[10.33615,50.4659],[10.34141,50.483],[10.33267,50.48709],[10.33058,50.49428],[10.31789,50.49248],[10.3089,50.49391],[10.30657,50.49208],[10.29161,50.49634],[10.2746,50.50587],[10.26769,50.50419],[10.25622,50.51281],[10.25139,50.51118],[10.24431,50.51279],[10.24367,50.51502],[10.24074,50.51253],[10.23083,50.5118],[10.23185,50.51322],[10.22579,50.51872],[10.23197,50.53109],[10.22483,50.53038],[10.22164,50.53872],[10.20833,50.54063],[10.20418,50.54605],[10.20387,50.5547],[10.19904,50.55364],[10.1926,50.55482],[10.17789,50.55168],[10.17544,50.54292],[10.15957,50.54979],[10.15287,50.5493],[10.15027,50.55189],[10.14769,50.54978],[10.14942,50.54878],[10.14686,50.54315],[10.14037,50.54285],[10.12071,50.55586],[10.12726,50.55953],[10.11941,50.56422],[10.10709,50.56373],[10.09946,50.55821],[10.09851,50.55216],[10.09404,50.5536],[10.09427,50.54849],[10.08984,50.54481],[10.07627,50.54089],[10.07005,50.53542],[10.06849,50.52994],[10.07274,50.52902],[10.07183,50.52767],[10.06652,50.52897],[10.04977,50.51838]],[[10.47161,51.41717],[10.47058,51.41515],[10.47842,51.4144],[10.47804,51.41862],[10.47161,51.41717]],[[11.43939,51.19977],[11.43967,51.19767],[11.44395,51.19736],[11.44677,51.1945],[11.44661,51.19888],[11.43939,51.19977]]]]}},{"type":"Feature","id":"vogtland-erzgebirge","bbox":[11.54862,50.17175,13.50152,50.92368],"properties":{"id":"vogtland-erzgebirge","name":"Vogtland-Erzgebirge","sitz":"Chemnitz","einwohner":1118622,"flaecheKm2":4853.48,"kreise":["Kreisfreie Stadt Chemnitz","Kreisfreie Stadt Plauen","Kreisfreie Stadt Zwickau","Landkreis Annaberg-Stollberg","Landkreis Vogtlandkreis","Landkreis Westerzgebirge","Landkreis Zwickau"],"quelle":"GeoPackage / Gesetzesentwurf"},"geometry":{"type":"MultiPolygon","coordinates":[[[[12.16551,50.32175],[12.14682,50.3218],[12.1305,50.31889],[12.12469,50.3154],[12.11497,50.31623],[12.11548,50.32047],[12.10961,50.32048],[12.10647,50.32253],[12.1009,50.31803],[12.09798,50.32303],[12.09408,50.32511],[12.09035,50.32425],[12.09134,50.33261],[12.08614,50.33188],[12.0876,50.33018],[12.08251,50.33016],[12.07989,50.32683],[12.06422,50.33304],[12.06162,50.32893],[12.05587,50.33165],[12.05777,50.32627],[12.05185,50.33091],[12.04644,50.33115],[12.04906,50.32855],[12.04908,50.32559],[12.04685,50.325],[12.04585,50.32993],[12.03891,50.33658],[12.03721,50.33578],[12.04183,50.33097],[12.03216,50.33007],[12.0295,50.3365],[12.03088,50.33931],[12.02764,50.34093],[12.02165,50.33942],[12.01941,50.34041],[12.01464,50.34361],[12.01478,50.34756],[12.00824,50.3457],[11.99725,50.34689],[11.99697,50.35402],[11.98817,50.35062],[11.98228,50.34988],[11.97717,50.35148],[11.98255,50.35667],[11.98068,50.3616],[11.97651,50.36194],[11.97956,50.3648],[11.98477,50.3647],[11.97896,50.36949],[11.98469,50.37541],[11.9786,50.38],[11.98394,50.38871],[11.98066,50.38783],[11.97823,50.39136],[11.9747,50.39054],[11.96457,50.39993],[11.96025,50.39542],[11.95723,50.39708],[11.94938,50.39481],[11.94807,50.40038],[11.95437,50.40707],[11.94416,50.41158],[11.94565,50.41628],[11.93915,50.41839],[11.93332,50.42396],[11.92978,50.42117],[11.91914,50.42478],[11.90583,50.41969],[11.90612,50.4172],[11.88542,50.41585],[11.86816,50.40487],[11.86658,50.40097],[11.85748,50.39941],[11.85235,50.40166],[11.83612,50.39541],[11.83493,50.39338],[11.83194,50.3948],[11.82349,50.38967],[11.81936,50.39106],[11.8184,50.39357],[11.82791,50.40014],[11.8255,50.40442],[11.81738,50.40059],[11.79735,50.41732],[11.79331,50.41834],[11.7872,50.41526],[11.78025,50.41875],[11.7742,50.41533],[11.7726,50.41153],[11.75603,50.4158],[11.75117,50.41476],[11.76301,50.40706],[11.76209,50.40543],[11.75612,50.40559],[11.74405,50.4105],[11.72712,50.40044],[11.71833,50.40006],[11.71472,50.39664],[11.70826,50.40394],[11.69789,50.40007],[11.69434,50.39579],[11.6839,50.39289],[11.67353,50.39439],[11.64949,50.39224],[11.62723,50.3886],[11.6246,50.38687],[11.61874,50.38839],[11.60581,50.39812],[11.59326,50.40267],[11.5814,50.399],[11.57212,50.39988],[11.56757,50.39569],[11.56643,50.39065],[11.55091,50.40089],[11.55021,50.40362],[11.56074,50.40681],[11.55598,50.41105],[11.55722,50.41464],[11.55422,50.41412],[11.54862,50.4216],[11.55821,50.42559],[11.55969,50.4285],[11.56351,50.42751],[11.57539,50.4346],[11.55562,50.44458],[11.55936,50.45088],[11.55386,50.45392],[11.55452,50.4554],[11.55957,50.45716],[11.56496,50.45606],[11.59208,50.46873],[11.59192,50.47273],[11.5875,50.47708],[11.58262,50.47972],[11.57726,50.47851],[11.57533,50.47993],[11.58274,50.48756],[11.59812,50.49248],[11.60261,50.49205],[11.61208,50.49901],[11.61219,50.50729],[11.61656,50.50928],[11.61139,50.51264],[11.61113,50.51609],[11.61949,50.52325],[11.62421,50.5194],[11.62658,50.52067],[11.62704,50.5186],[11.62312,50.51638],[11.62619,50.51427],[11.62371,50.50987],[11.62985,50.50972],[11.6375,50.51026],[11.64112,50.51408],[11.64865,50.51182],[11.65737,50.51326],[11.66396,50.51887],[11.67901,50.51848],[11.69219,50.5242],[11.68804,50.52461],[11.68668,50.53161],[11.68103,50.53357],[11.67599,50.54262],[11.68294,50.54617],[11.68083,50.54886],[11.68356,50.55296],[11.68104,50.55728],[11.6998,50.56149],[11.70686,50.56703],[11.70907,50.57191],[11.70713,50.57394],[11.70223,50.57431],[11.69858,50.56968],[11.69377,50.56836],[11.67901,50.57846],[11.68182,50.5801],[11.6857,50.57965],[11.68689,50.58434],[11.69067,50.57963],[11.69401,50.58272],[11.69764,50.58179],[11.70136,50.58782],[11.7011,50.5934],[11.70401,50.59509],[11.70752,50.59645],[11.71105,50.59465],[11.71616,50.59753],[11.72061,50.5953],[11.71902,50.59746],[11.72153,50.59969],[11.73239,50.60217],[11.73885,50.60017],[11.74528,50.60136],[11.75272,50.60021],[11.75575,50.59289],[11.75955,50.59276],[11.76244,50.58945],[11.75997,50.58639],[11.75942,50.57308],[11.77006,50.56742],[11.76985,50.57209],[11.79777,50.58232],[11.79877,50.58567],[11.80696,50.59062],[11.81275,50.59139],[11.81477,50.58814],[11.81776,50.58852],[11.82273,50.58575],[11.82186,50.58268],[11.83376,50.58561],[11.83417,50.58405],[11.8439,50.58225],[11.85081,50.58458],[11.85221,50.58791],[11.857,50.58632],[11.8607,50.58877],[11.86505,50.58439],[11.8679,50.58742],[11.86554,50.58931],[11.86832,50.58918],[11.86868,50.59099],[11.87483,50.59148],[11.87383,50.59258],[11.87983,50.59563],[11.8843,50.59489],[11.89103,50.5973],[11.90304,50.59485],[11.90088,50.59313],[11.90781,50.59414],[11.9082,50.59],[11.90427,50.58739],[11.90828,50.5859],[11.9216,50.59291],[11.92322,50.5972],[11.91926,50.60313],[11.92582,50.60661],[11.93549,50.60395],[11.94414,50.59128],[11.95714,50.599],[11.95997,50.60445],[11.96231,50.60096],[11.96773,50.60013],[11.98878,50.61073],[11.97927,50.62141],[11.99872,50.62714],[12.00338,50.63019],[12.00089,50.63322],[12.0104,50.63546],[12.02212,50.62554],[12.01244,50.6207],[12.00476,50.61382],[12.00548,50.61202],[12.02097,50.59855],[12.0284,50.59697],[12.03129,50.59821],[12.03614,50.59395],[12.03107,50.58423],[12.03111,50.5819],[12.03563,50.58137],[12.01754,50.56784],[12.02551,50.56012],[12.03099,50.55778],[12.0322,50.555],[12.02835,50.55386],[12.03365,50.55321],[12.03027,50.5494],[12.04122,50.55354],[12.04922,50.55322],[12.05207,50.55096],[12.05738,50.55312],[12.06032,50.55217],[12.06549,50.55582],[12.07269,50.55512],[12.07697,50.55926],[12.07467,50.56683],[12.07914,50.56926],[12.07812,50.57659],[12.08359,50.57857],[12.10152,50.57894],[12.10557,50.57339],[12.11577,50.56695],[12.12279,50.56754],[12.12765,50.57413],[12.15602,50.57349],[12.16067,50.58005],[12.15609,50.58558],[12.1516,50.58345],[12.14483,50.58574],[12.14019,50.58266],[12.13519,50.58213],[12.12637,50.584],[12.13265,50.58774],[12.12472,50.58442],[12.11015,50.58872],[12.1149,50.59698],[12.12656,50.60067],[12.13342,50.60096],[12.14722,50.6061],[12.14523,50.60974],[12.15083,50.6156],[12.14571,50.62143],[12.14643,50.62598],[12.15017,50.62704],[12.14989,50.6288],[12.15364,50.6305],[12.16329,50.63002],[12.16524,50.62793],[12.17044,50.62923],[12.17021,50.62756],[12.17597,50.62451],[12.17351,50.6213],[12.17814,50.61865],[12.17472,50.61451],[12.18277,50.61211],[12.19075,50.61442],[12.19212,50.61933],[12.18819,50.62312],[12.19969,50.63293],[12.1982,50.64131],[12.20754,50.63994],[12.20755,50.6366],[12.21724,50.63374],[12.21676,50.63146],[12.22645,50.62984],[12.23083,50.63263],[12.23281,50.62707],[12.24051,50.62942],[12.24464,50.6333],[12.26552,50.63079],[12.26429,50.64339],[12.26807,50.64481],[12.28132,50.64455],[12.27969,50.64778],[12.28232,50.64657],[12.2845,50.64827],[12.28962,50.64788],[12.29889,50.65168],[12.30312,50.65705],[12.30354,50.66226],[12.31772,50.66336],[12.31423,50.66959],[12.32205,50.68143],[12.3189,50.684],[12.31481,50.68524],[12.30854,50.68261],[12.29939,50.68377],[12.29689,50.68654],[12.28363,50.68501],[12.27811,50.68778],[12.27476,50.68612],[12.26276,50.69528],[12.26199,50.70039],[12.26596,50.7011],[12.2649,50.7037],[12.26095,50.70555],[12.25338,50.7157],[12.27343,50.7282],[12.2687,50.73084],[12.26476,50.73755],[12.23791,50.73303],[12.235,50.73327],[12.23144,50.73821],[12.22698,50.73822],[12.23024,50.74351],[12.2267,50.74159],[12.22869,50.75745],[12.23382,50.75984],[12.24069,50.76724],[12.24461,50.76478],[12.26392,50.76046],[12.28405,50.77347],[12.29016,50.78343],[12.28795,50.78359],[12.28764,50.78964],[12.26757,50.78733],[12.25315,50.78883],[12.25485,50.79506],[12.25018,50.7991],[12.25348,50.79951],[12.24284,50.80906],[12.25094,50.81501],[12.2505,50.81854],[12.25976,50.81145],[12.26734,50.81436],[12.26857,50.81232],[12.27504,50.81364],[12.27266,50.81639],[12.27698,50.81786],[12.27808,50.80962],[12.27986,50.8097],[12.28607,50.81187],[12.28574,50.82031],[12.29113,50.82211],[12.28972,50.82397],[12.29271,50.82381],[12.29567,50.8169],[12.29978,50.81555],[12.30236,50.8172],[12.29835,50.82095],[12.29591,50.82833],[12.29858,50.8299],[12.30695,50.81876],[12.31571,50.81945],[12.32064,50.82163],[12.33388,50.82042],[12.33302,50.82204],[12.34758,50.82363],[12.34832,50.83753],[12.36231,50.8423],[12.36489,50.84654],[12.37486,50.84883],[12.37413,50.85325],[12.37839,50.85371],[12.37703,50.84905],[12.3868,50.85063],[12.39251,50.84903],[12.40295,50.84923],[12.40612,50.85052],[12.40728,50.85698],[12.41299,50.85687],[12.41806,50.85541],[12.41159,50.84738],[12.42021,50.83959],[12.42933,50.84416],[12.43745,50.84242],[12.4425,50.84403],[12.44113,50.84939],[12.44825,50.85617],[12.44415,50.86258],[12.44932,50.86576],[12.44836,50.86745],[12.46403,50.87013],[12.46112,50.87178],[12.4642,50.87339],[12.45925,50.88045],[12.48219,50.88868],[12.48024,50.89051],[12.48667,50.8939],[12.51112,50.8941],[12.51303,50.89611],[12.50786,50.90373],[12.52132,50.9076],[12.52526,50.90266],[12.53819,50.90069],[12.55282,50.90554],[12.56023,50.90614],[12.56594,50.9026],[12.5693,50.90405],[12.57343,50.90108],[12.58474,50.90402],[12.59202,50.90267],[12.6062,50.90584],[12.6148,50.90481],[12.62006,50.90938],[12.62357,50.90887],[12.62542,50.90575],[12.64012,50.90307],[12.64127,50.91142],[12.64688,50.91636],[12.65412,50.91906],[12.65287,50.92368],[12.66654,50.92286],[12.67131,50.9196],[12.6714,50.91668],[12.67503,50.91584],[12.67492,50.91355],[12.67897,50.91453],[12.67345,50.9108],[12.68367,50.90984],[12.69449,50.90279],[12.69592,50.9057],[12.70482,50.90869],[12.70258,50.9053],[12.70814,50.90367],[12.70785,50.90238],[12.71843,50.90161],[12.72516,50.9029],[12.73212,50.90817],[12.73683,50.90699],[12.74244,50.90381],[12.74119,50.89506],[12.74746,50.88757],[12.75214,50.88958],[12.75749,50.88366],[12.76279,50.88294],[12.76581,50.87854],[12.7742,50.88077],[12.76972,50.87676],[12.77677,50.87471],[12.77193,50.8705],[12.77752,50.867],[12.7841,50.8706],[12.78624,50.86897],[12.79318,50.87208],[12.79664,50.86675],[12.79966,50.86623],[12.80757,50.86831],[12.81925,50.8774],[12.82357,50.87678],[12.82755,50.88529],[12.83243,50.88806],[12.83789,50.88794],[12.83636,50.89133],[12.84722,50.89736],[12.86132,50.89828],[12.8691,50.90185],[12.87147,50.90036],[12.88824,50.90383],[12.8975,50.90221],[12.8985,50.89983],[12.89483,50.89509],[12.89911,50.89404],[12.89739,50.89217],[12.91101,50.89133],[12.92102,50.88626],[12.92434,50.88658],[12.92697,50.88989],[12.93722,50.88873],[12.94097,50.89074],[12.94546,50.88956],[12.94702,50.89111],[12.94823,50.88712],[12.95176,50.8873],[12.95531,50.89033],[12.95324,50.89294],[12.96455,50.89261],[12.96774,50.89516],[12.97533,50.89481],[12.97863,50.89135],[12.98798,50.89467],[12.99198,50.88678],[12.98783,50.88228],[12.99849,50.87387],[12.99317,50.87123],[12.99354,50.86724],[12.98648,50.86481],[12.98745,50.85882],[12.9832,50.85503],[12.98404,50.85089],[12.981,50.84789],[12.98342,50.84669],[12.98687,50.85221],[12.99804,50.85066],[13.00751,50.85248],[13.01108,50.8494],[13.02082,50.84665],[13.03247,50.8481],[13.0362,50.84374],[13.04881,50.8413],[13.0498,50.83448],[13.03987,50.81846],[13.04884,50.8143],[13.05002,50.81098],[13.05418,50.81036],[13.05303,50.80715],[13.04877,50.80657],[13.06261,50.79983],[13.06955,50.79057],[13.08587,50.7806],[13.08781,50.78304],[13.09218,50.78271],[13.09626,50.78557],[13.09674,50.78849],[13.1093,50.7901],[13.11187,50.79229],[13.12115,50.78619],[13.11765,50.78523],[13.12028,50.78111],[13.11764,50.77802],[13.12509,50.77592],[13.12399,50.77829],[13.12739,50.77769],[13.13635,50.76972],[13.13955,50.76953],[13.14909,50.7738],[13.15114,50.77714],[13.15797,50.78003],[13.16481,50.77744],[13.1652,50.78314],[13.17005,50.78399],[13.18703,50.7828],[13.19631,50.78437],[13.19746,50.78094],[13.20854,50.78154],[13.21227,50.77809],[13.22651,50.77947],[13.22874,50.77705],[13.23334,50.77774],[13.23892,50.77407],[13.23576,50.77316],[13.24117,50.77081],[13.24846,50.77632],[13.25798,50.77345],[13.27011,50.76584],[13.27795,50.76325],[13.27319,50.7526],[13.26908,50.74937],[13.26945,50.74429],[13.28123,50.73893],[13.30101,50.74564],[13.30528,50.74509],[13.30624,50.74269],[13.31385,50.74301],[13.31961,50.74011],[13.31942,50.74401],[13.33042,50.74524],[13.34837,50.75192],[13.36422,50.75296],[13.3701,50.74272],[13.37817,50.73473],[13.37472,50.73376],[13.36844,50.73539],[13.37282,50.72158],[13.37003,50.72133],[13.37068,50.7153],[13.39588,50.69876],[13.40631,50.68423],[13.41454,50.68905],[13.42177,50.68342],[13.41434,50.67985],[13.41579,50.67885],[13.42527,50.67881],[13.43039,50.67668],[13.4306,50.67457],[13.43436,50.67626],[13.43445,50.67315],[13.42953,50.66827],[13.4304,50.66496],[13.43674,50.66238],[13.44802,50.66451],[13.45105,50.66082],[13.45396,50.66122],[13.45392,50.65817],[13.45642,50.65737],[13.45798,50.66022],[13.46666,50.6552],[13.47637,50.65313],[13.47827,50.65023],[13.48458,50.64981],[13.48633,50.65577],[13.49418,50.65392],[13.48844,50.64655],[13.48099,50.64475],[13.48589,50.63987],[13.49124,50.63872],[13.4961,50.63434],[13.49905,50.63552],[13.50152,50.63279],[13.49636,50.63088],[13.49358,50.62396],[13.47753,50.61543],[13.47713,50.61261],[13.46668,50.60587],[13.46477,50.60189],[13.4511,50.60593],[13.44109,50.61113],[13.42889,50.61076],[13.42515,50.61277],[13.42547,50.61645],[13.41531,50.61633],[13.41238,50.61841],[13.41332,50.62193],[13.40722,50.62822],[13.40538,50.63458],[13.39266,50.64175],[13.39211,50.64632],[13.38543,50.64668],[13.38236,50.64498],[13.37254,50.6506],[13.37467,50.6325],[13.3777,50.62768],[13.36988,50.62457],[13.36666,50.61844],[13.36042,50.61925],[13.35884,50.61629],[13.35183,50.61409],[13.33745,50.61253],[13.33865,50.6109],[13.33455,50.60691],[13.32473,50.60804],[13.32587,50.60461],[13.3194,50.60217],[13.32241,50.59706],[13.32368,50.58165],[13.30151,50.5789],[13.29091,50.57502],[13.28392,50.58508],[13.28452,50.5876],[13.27877,50.59299],[13.26046,50.5922],[13.25633,50.59518],[13.25191,50.59482],[13.24774,50.591],[13.2475,50.58707],[13.24005,50.58479],[13.23739,50.58008],[13.23363,50.57913],[13.23551,50.57037],[13.22286,50.5629],[13.22355,50.55829],[13.22845,50.55548],[13.22908,50.54974],[13.22209,50.54622],[13.22187,50.54197],[13.20961,50.53005],[13.20734,50.52157],[13.19469,50.51526],[13.19701,50.50536],[13.19527,50.50326],[13.17811,50.50288],[13.17109,50.506],[13.15412,50.50851],[13.14362,50.50581],[13.13674,50.50642],[13.13864,50.51176],[13.13267,50.51828],[13.11986,50.51393],[13.10147,50.50292],[13.08535,50.50027],[13.056,50.50126],[13.05079,50.50733],[13.04281,50.51138],[13.03882,50.50958],[13.03175,50.50973],[13.03244,50.50097],[13.02254,50.48692],[13.02017,50.47543],[13.01965,50.46075],[13.02386,50.45408],[13.01987,50.44673],[12.99598,50.43378],[12.98345,50.41972],[12.9653,50.41493],[12.9419,50.41149],[12.94049,50.40771],[12.94378,50.40601],[12.94745,50.4072],[12.94797,50.40428],[12.93731,50.40633],[12.93641,50.41164],[12.91239,50.42373],[12.90296,50.42283],[12.8947,50.42975],[12.84905,50.44764],[12.83753,50.45413],[12.81938,50.4598],[12.81714,50.4501],[12.80665,50.44389],[12.81112,50.43582],[12.81062,50.43106],[12.79493,50.44945],[12.73461,50.4322],[12.7298,50.42167],[12.70761,50.40783],[12.70917,50.4021],[12.70706,50.39732],[12.69659,50.40106],[12.69571,50.40376],[12.68153,50.40984],[12.67312,50.41688],[12.66227,50.41217],[12.64917,50.41075],[12.62668,50.41631],[12.61695,50.41561],[12.60019,50.40581],[12.59294,50.40754],[12.58035,50.40725],[12.57485,50.40324],[12.55844,50.3994],[12.55063,50.39906],[12.54603,50.40089],[12.54293,50.39832],[12.53394,50.39974],[12.52894,50.39702],[12.51205,50.39726],[12.50875,50.39101],[12.48653,50.37084],[12.48753,50.36295],[12.4925,50.35627],[12.48931,50.34982],[12.48158,50.34701],[12.46943,50.35499],[12.4418,50.34116],[12.43553,50.33322],[12.43715,50.32756],[12.4312,50.32272],[12.42564,50.32435],[12.42148,50.32252],[12.41654,50.32448],[12.40343,50.32395],[12.39802,50.32115],[12.40075,50.31583],[12.39837,50.3079],[12.40304,50.30072],[12.40057,50.29521],[12.39426,50.2896],[12.3816,50.28885],[12.37086,50.28527],[12.3595,50.27348],[12.36113,50.26977],[12.35212,50.26175],[12.35011,50.25353],[12.3593,50.24232],[12.35684,50.24277],[12.35114,50.23925],[12.35516,50.23766],[12.34904,50.2365],[12.34171,50.24067],[12.33108,50.24271],[12.33243,50.23845],[12.3279,50.23466],[12.33269,50.23426],[12.32905,50.22533],[12.33496,50.22155],[12.33451,50.21688],[12.32652,50.21865],[12.32793,50.21243],[12.32305,50.20745],[12.32601,50.2019],[12.33214,50.20063],[12.33822,50.19248],[12.33601,50.18849],[12.32932,50.18604],[12.32783,50.18257],[12.32366,50.18204],[12.32751,50.17964],[12.32765,50.17598],[12.33753,50.17338],[12.33455,50.17175],[12.31925,50.17192],[12.3035,50.17527],[12.29494,50.17468],[12.2898,50.17693],[12.29193,50.1784],[12.29023,50.18505],[12.28624,50.18548],[12.28472,50.18987],[12.2822,50.18851],[12.27743,50.19171],[12.27467,50.19669],[12.28847,50.20398],[12.28513,50.20603],[12.28868,50.21045],[12.28182,50.2082],[12.28287,50.21367],[12.29388,50.22127],[12.27932,50.22248],[12.2794,50.22462],[12.28633,50.22548],[12.27458,50.23329],[12.2669,50.23192],[12.26277,50.23368],[12.26588,50.23443],[12.25512,50.23673],[12.25113,50.24197],[12.23963,50.24617],[12.24155,50.25088],[12.24591,50.25097],[12.2496,50.25429],[12.24567,50.25641],[12.24754,50.25779],[12.25501,50.25125],[12.25941,50.25231],[12.26604,50.25021],[12.26602,50.2587],[12.26144,50.26126],[12.2537,50.27109],[12.24783,50.27028],[12.24704,50.26826],[12.23006,50.27121],[12.21323,50.2702],[12.20146,50.27278],[12.20232,50.28775],[12.19562,50.29317],[12.19823,50.30518],[12.20134,50.30895],[12.19828,50.30735],[12.18679,50.31168],[12.18258,50.31762],[12.18496,50.3192],[12.18445,50.32232],[12.16551,50.32175]]]]}},{"type":"Feature","id":"vorpommern","bbox":[12.43426,53.25481,14.41238,54.68488],"properties":{"id":"vorpommern","name":"Vorpommern","sitz":"Greifswald","einwohner":442926,"flaecheKm2":7574.53,"kreise":["Kreisfreie Stadt Greifswald","Kreisfreie Stadt Stralsund","Landkreis Mittelvorpommern","Landkreis Nordvorpommern","Landkreis Rügen","Landkreis Südvorpommern"],"quelle":"GeoPackage / Gesetzesentwurf"},"geometry":{"type":"MultiPolygon","coordinates":[[[[12.6167,54.14995],[12.61009,54.15366],[12.60317,54.15455],[12.6007,54.15938],[12.59291,54.1618],[12.5893,54.16646],[12.58431,54.16246],[12.58354,54.16493],[12.59014,54.16794],[12.58699,54.16879],[12.58583,54.17654],[12.57772,54.18025],[12.57984,54.18249],[12.56914,54.18234],[12.56604,54.18392],[12.57065,54.18482],[12.57225,54.18764],[12.56743,54.19033],[12.57393,54.19229],[12.57125,54.19564],[12.56302,54.19719],[12.56353,54.19987],[12.56072,54.20038],[12.56173,54.20243],[12.56419,54.20227],[12.56281,54.20481],[12.55892,54.20363],[12.55412,54.20489],[12.55404,54.20702],[12.5511,54.20671],[12.55702,54.21326],[12.55124,54.21092],[12.54874,54.21456],[12.54494,54.21263],[12.54505,54.21876],[12.54774,54.22017],[12.54136,54.22083],[12.54203,54.22327],[12.53728,54.22305],[12.53682,54.22558],[12.53117,54.22684],[12.53197,54.23035],[12.52498,54.23077],[12.52524,54.23342],[12.5117,54.23392],[12.50721,54.23758],[12.50347,54.23729],[12.50299,54.23951],[12.49832,54.23945],[12.49688,54.24258],[12.48918,54.24271],[12.50155,54.25485],[12.51909,54.25646],[12.52906,54.26473],[12.53111,54.27142],[12.52043,54.27372],[12.52048,54.27563],[12.51113,54.27411],[12.51148,54.2762],[12.51592,54.27763],[12.5119,54.27842],[12.50688,54.28562],[12.48408,54.28419],[12.47983,54.28564],[12.47594,54.29105],[12.46801,54.29547],[12.47878,54.30249],[12.47648,54.30749],[12.47935,54.3078],[12.47955,54.31226],[12.4716,54.32216],[12.47309,54.32961],[12.49558,54.33047],[12.49968,54.33124],[12.4994,54.33353],[12.50183,54.33268],[12.51486,54.33546],[12.52108,54.3334],[12.52627,54.33393],[12.5357,54.33843],[12.53989,54.34346],[12.53932,54.34517],[12.53547,54.34501],[12.53989,54.35036],[12.5389,54.35249],[12.55329,54.35614],[12.55258,54.35955],[12.53569,54.36256],[12.53433,54.36518],[12.55468,54.37251],[12.55376,54.37959],[12.55588,54.37567],[12.56651,54.37158],[12.57411,54.37115],[12.5817,54.37338],[12.57615,54.36666],[12.57466,54.3586],[12.57847,54.35659],[12.5858,54.35623],[12.59457,54.35812],[12.59882,54.36181],[12.60066,54.36915],[12.59685,54.37181],[12.60149,54.37055],[12.62221,54.37221],[12.6291,54.37676],[12.65532,54.38361],[12.66123,54.38661],[12.66252,54.3899],[12.66711,54.38877],[12.67137,54.39095],[12.67144,54.39517],[12.66022,54.39858],[12.66232,54.40239],[12.65849,54.40306],[12.65906,54.40453],[12.66746,54.40442],[12.66853,54.40813],[12.67209,54.40613],[12.67269,54.40826],[12.68526,54.40645],[12.70583,54.41191],[12.71121,54.41016],[12.71461,54.40397],[12.71256,54.40212],[12.70272,54.40272],[12.68881,54.40028],[12.68563,54.39366],[12.69348,54.38608],[12.6882,54.38168],[12.68162,54.3809],[12.67644,54.37058],[12.68294,54.37142],[12.68841,54.36813],[12.68642,54.37315],[12.68259,54.37441],[12.69649,54.38514],[12.70009,54.39848],[12.71485,54.39896],[12.71361,54.38663],[12.71969,54.3778],[12.71957,54.37176],[12.72548,54.37253],[12.73715,54.36957],[12.73539,54.37264],[12.74098,54.37289],[12.74406,54.38406],[12.75365,54.37499],[12.75451,54.37101],[12.7689,54.37161],[12.7748,54.38881],[12.77709,54.39142],[12.78291,54.39158],[12.78354,54.39519],[12.78649,54.39644],[12.785,54.37947],[12.79571,54.3778],[12.80401,54.3704],[12.80712,54.36243],[12.80522,54.362],[12.80787,54.36165],[12.80906,54.35799],[12.8072,54.34884],[12.81022,54.34369],[12.81753,54.35096],[12.82347,54.35207],[12.84631,54.35108],[12.85298,54.35329],[12.86554,54.36233],[12.87809,54.365],[12.88342,54.36962],[12.88528,54.38445],[12.8962,54.39374],[12.89772,54.40167],[12.91269,54.40635],[12.92637,54.41396],[12.95381,54.41659],[12.95893,54.42311],[12.96692,54.42264],[12.98945,54.42588],[12.99545,54.42802],[13.00145,54.43703],[13.01578,54.43939],[13.02801,54.43692],[13.03427,54.43169],[13.03414,54.42422],[13.02478,54.42212],[13.0225,54.41291],[13.02022,54.41236],[13.02567,54.39651],[13.03861,54.39024],[13.04846,54.38013],[13.06302,54.38063],[13.0729,54.38305],[13.08258,54.37943],[13.0922,54.36899],[13.09365,54.36438],[13.08517,54.35988],[13.07583,54.3458],[13.07943,54.33559],[13.08652,54.32703],[13.08754,54.32006],[13.0954,54.31856],[13.09492,54.31698],[13.09922,54.31758],[13.10141,54.31254],[13.11195,54.30566],[13.10932,54.29792],[13.1041,54.29253],[13.10597,54.29218],[13.10331,54.29002],[13.10364,54.28344],[13.1128,54.27724],[13.13283,54.269],[13.15325,54.26874],[13.1666,54.27894],[13.16836,54.27594],[13.17696,54.2715],[13.17665,54.26649],[13.16153,54.26792],[13.15188,54.26156],[13.1461,54.26035],[13.14192,54.25735],[13.14324,54.25339],[13.16195,54.25978],[13.16256,54.26411],[13.16718,54.26623],[13.17268,54.26309],[13.18534,54.26634],[13.18977,54.26322],[13.19023,54.25893],[13.20232,54.25742],[13.21064,54.25102],[13.21622,54.24982],[13.21648,54.24781],[13.21048,54.24466],[13.21567,54.24121],[13.22829,54.23971],[13.2597,54.24111],[13.28379,54.23629],[13.28871,54.23333],[13.29123,54.23403],[13.29071,54.23109],[13.29722,54.22503],[13.30634,54.20432],[13.31896,54.19482],[13.32661,54.18382],[13.34161,54.18241],[13.34747,54.18011],[13.33666,54.177],[13.34066,54.17383],[13.33525,54.17395],[13.3297,54.16736],[13.31639,54.16013],[13.32173,54.16003],[13.33727,54.1675],[13.347,54.16529],[13.34993,54.16776],[13.35602,54.16791],[13.35744,54.17022],[13.36286,54.17055],[13.379,54.17711],[13.38981,54.17438],[13.39381,54.17089],[13.40605,54.16924],[13.40876,54.16677],[13.40778,54.16259],[13.39648,54.16022],[13.38865,54.15467],[13.38029,54.15207],[13.38327,54.14316],[13.3897,54.14269],[13.39894,54.14615],[13.4052,54.15127],[13.40538,54.15435],[13.41083,54.15619],[13.40674,54.14704],[13.41209,54.14635],[13.43017,54.13555],[13.43997,54.12302],[13.43919,54.11227],[13.4477,54.10563],[13.44582,54.10489],[13.4481,54.10184],[13.45788,54.09726],[13.456,54.09213],[13.4615,54.08912],[13.4894,54.08385],[13.50144,54.08558],[13.49979,54.09064],[13.4869,54.10068],[13.48374,54.11042],[13.47917,54.11239],[13.47631,54.11761],[13.49255,54.12521],[13.52915,54.13106],[13.55972,54.13046],[13.60556,54.13656],[13.62785,54.14095],[13.64887,54.15186],[13.6593,54.14511],[13.66165,54.14628],[13.64929,54.15303],[13.67844,54.16296],[13.69579,54.17177],[13.7037,54.17168],[13.71182,54.16876],[13.7183,54.16323],[13.71072,54.15993],[13.69562,54.15794],[13.69739,54.14892],[13.71869,54.14458],[13.72858,54.13979],[13.7307,54.13795],[13.72751,54.1382],[13.73357,54.13495],[13.73175,54.13683],[13.73914,54.13669],[13.74907,54.13978],[13.75157,54.13479],[13.74731,54.1346],[13.76246,54.12791],[13.75312,54.12266],[13.75461,54.12012],[13.76554,54.11933],[13.77012,54.11375],[13.78013,54.10799],[13.78592,54.10658],[13.79172,54.10738],[13.79698,54.1053],[13.80399,54.09715],[13.79337,54.08552],[13.79534,54.07755],[13.78949,54.07093],[13.79017,54.06441],[13.78721,54.06328],[13.78504,54.06557],[13.77381,54.0598],[13.78538,54.05085],[13.78265,54.04754],[13.7614,54.03565],[13.74432,54.03263],[13.7436,54.02872],[13.75033,54.0262],[13.75787,54.02797],[13.76041,54.0154],[13.77417,54.00964],[13.79554,53.99581],[13.81088,53.9953],[13.8209,53.9886],[13.83382,53.98443],[13.83945,53.97674],[13.85385,53.96463],[13.85263,53.95276],[13.8566,53.9501],[13.86576,53.94988],[13.86979,53.95239],[13.88132,53.9498],[13.88457,53.94443],[13.89415,53.94269],[13.89866,53.93564],[13.90825,53.93045],[13.91411,53.92186],[13.9104,53.91532],[13.90329,53.911],[13.88737,53.91016],[13.86475,53.90046],[13.85131,53.88833],[13.84722,53.87795],[13.83374,53.87898],[13.82488,53.87724],[13.82199,53.87193],[13.82469,53.8647],[13.8063,53.85914],[13.81001,53.85801],[13.80822,53.8548],[13.81312,53.85484],[13.81614,53.85294],[13.81441,53.84603],[13.82167,53.84696],[13.81571,53.84368],[13.81873,53.8419],[13.83099,53.8441],[13.84981,53.84313],[13.86777,53.83543],[13.8723,53.8312],[13.87099,53.82669],[13.87439,53.8201],[13.88228,53.81798],[13.89896,53.80354],[13.9079,53.8021],[13.91595,53.80635],[13.92222,53.79766],[13.93339,53.79716],[13.93693,53.79115],[13.96591,53.77663],[13.96877,53.77255],[13.97132,53.77234],[13.97091,53.77418],[13.97421,53.77168],[13.982,53.77125],[13.99889,53.76647],[14.0052,53.76712],[14.03237,53.75745],[14.03843,53.75699],[14.03883,53.75491],[14.04627,53.75458],[14.04906,53.75281],[14.05811,53.75343],[14.05976,53.75532],[14.07826,53.74627],[14.09261,53.74315],[14.09808,53.74415],[14.0967,53.7421],[14.10273,53.73978],[14.1159,53.73973],[14.12444,53.73722],[14.12625,53.73874],[14.14045,53.73899],[14.14653,53.74207],[14.14742,53.74047],[14.166,53.74203],[14.17421,53.73554],[14.1812,53.73523],[14.21014,53.74745],[14.2259,53.75934],[14.23312,53.76165],[14.25312,53.75707],[14.26592,53.74906],[14.26617,53.74451],[14.27166,53.73926],[14.26578,53.73548],[14.26568,53.73035],[14.25886,53.7282],[14.25122,53.71949],[14.23058,53.71133],[14.21862,53.70901],[14.21481,53.70314],[14.21979,53.69903],[14.24538,53.69369],[14.25397,53.69394],[14.26001,53.69756],[14.26728,53.69851],[14.27255,53.68936],[14.28368,53.6825],[14.28111,53.67295],[14.27078,53.66658],[14.272,53.66361],[14.279,53.66308],[14.28464,53.6588],[14.28385,53.63444],[14.31111,53.61845],[14.31695,53.61807],[14.31183,53.57941],[14.31396,53.56523],[14.30256,53.5534],[14.30728,53.55134],[14.30577,53.54392],[14.31585,53.53693],[14.31936,53.52983],[14.31575,53.52515],[14.32688,53.50381],[14.35065,53.49601],[14.35416,53.48857],[14.35803,53.45731],[14.37128,53.45644],[14.36862,53.43261],[14.37328,53.40895],[14.38923,53.38783],[14.39479,53.37572],[14.39032,53.35371],[14.40548,53.34709],[14.41238,53.32959],[14.39537,53.32888],[14.38154,53.32389],[14.37664,53.31628],[14.36164,53.31756],[14.36193,53.31521],[14.35025,53.31376],[14.34866,53.30997],[14.31657,53.31234],[14.31302,53.30203],[14.30167,53.28914],[14.30185,53.28622],[14.26219,53.2766],[14.26605,53.25959],[14.25218,53.25721],[14.22467,53.25674],[14.21106,53.25481],[14.20016,53.26177],[14.18644,53.26056],[14.17598,53.26207],[14.16024,53.26781],[14.14252,53.26544],[14.12479,53.26023],[14.09882,53.26167],[14.10357,53.27486],[14.10965,53.28264],[14.13881,53.30233],[14.18402,53.32763],[14.20523,53.34229],[14.22341,53.35856],[14.2425,53.38932],[14.24327,53.39876],[14.23736,53.41469],[14.24179,53.42244],[14.23736,53.42766],[14.23299,53.42815],[14.22466,53.43425],[14.20591,53.42303],[14.17696,53.42287],[14.13676,53.441],[14.13401,53.43904],[14.12184,53.44171],[14.10543,53.42243],[14.09392,53.42212],[14.08229,53.41558],[14.08222,53.41091],[14.0712,53.41499],[14.05661,53.41252],[14.05058,53.41399],[14.0456,53.42943],[14.00659,53.43041],[14.00122,53.43499],[13.96208,53.4299],[13.94649,53.43081],[13.92436,53.42554],[13.91805,53.42181],[13.90755,53.42624],[13.90289,53.43203],[13.91036,53.43538],[13.91214,53.43842],[13.90629,53.44388],[13.91751,53.44653],[13.91841,53.45561],[13.87559,53.47347],[13.88459,53.48534],[13.87623,53.48701],[13.87392,53.49059],[13.87927,53.50414],[13.8484,53.51431],[13.82173,53.51811],[13.82388,53.52114],[13.79846,53.54569],[13.80057,53.55825],[13.7921,53.55934],[13.78601,53.56244],[13.78811,53.56563],[13.80439,53.57299],[13.81865,53.58643],[13.81866,53.59043],[13.80354,53.59608],[13.79581,53.59218],[13.78685,53.59585],[13.77603,53.59655],[13.77476,53.60111],[13.76753,53.6085],[13.76733,53.61546],[13.76046,53.62152],[13.74572,53.62741],[13.73006,53.62504],[13.73624,53.6298],[13.73458,53.63752],[13.71852,53.64078],[13.69427,53.65098],[13.70438,53.65884],[13.71572,53.66498],[13.71811,53.66377],[13.72298,53.66835],[13.75093,53.67232],[13.7644,53.67949],[13.79192,53.67912],[13.796,53.68515],[13.7582,53.68548],[13.75348,53.68657],[13.75474,53.69001],[13.74794,53.6883],[13.71908,53.69777],[13.69868,53.69903],[13.68109,53.69644],[13.65911,53.69767],[13.64628,53.70003],[13.64154,53.7041],[13.5492,53.69557],[13.538,53.70062],[13.53152,53.70679],[13.52301,53.71596],[13.52359,53.72137],[13.52662,53.72192],[13.52564,53.72686],[13.51621,53.73312],[13.51836,53.73454],[13.50945,53.73802],[13.50582,53.74189],[13.49359,53.74511],[13.47074,53.7463],[13.46527,53.74893],[13.45004,53.74911],[13.44551,53.75075],[13.4455,53.74794],[13.4312,53.75188],[13.43191,53.74857],[13.41773,53.72676],[13.41776,53.71853],[13.41297,53.70876],[13.38423,53.69306],[13.34852,53.68101],[13.31814,53.67511],[13.27909,53.66328],[13.26833,53.66292],[13.272,53.65318],[13.26643,53.64929],[13.26334,53.65184],[13.26066,53.65131],[13.26126,53.65505],[13.25379,53.65729],[13.25298,53.65987],[13.23191,53.66391],[13.21004,53.66513],[13.19303,53.66873],[13.1922,53.65818],[13.1856,53.66119],[13.18006,53.66151],[13.16218,53.67348],[13.14558,53.66794],[13.141,53.66904],[13.14129,53.67312],[13.13044,53.66995],[13.12911,53.67317],[13.10703,53.6744],[13.10656,53.6766],[13.10115,53.67728],[13.0858,53.6724],[13.08875,53.67011],[13.08471,53.66146],[13.07501,53.66861],[13.04717,53.67452],[13.04255,53.67253],[13.04254,53.66877],[13.05368,53.66209],[13.04254,53.65799],[13.02768,53.65609],[13.01215,53.66283],[12.99578,53.66321],[12.98821,53.66551],[12.99371,53.66829],[12.99397,53.67165],[13.00098,53.67225],[12.99888,53.67445],[13.00378,53.67609],[13.00158,53.67678],[13.00603,53.68089],[13.00293,53.6817],[13.0005,53.67876],[12.99412,53.67921],[12.99137,53.68158],[12.98106,53.6834],[12.97996,53.68601],[12.9606,53.68957],[12.95583,53.68445],[12.9496,53.68663],[12.94099,53.68377],[12.93549,53.68644],[12.93006,53.67506],[12.92491,53.67705],[12.92237,53.67327],[12.90312,53.67813],[12.89754,53.66932],[12.89007,53.66339],[12.88642,53.6637],[12.8762,53.65917],[12.86067,53.66924],[12.87623,53.68301],[12.87861,53.69445],[12.88185,53.6969],[12.87224,53.70137],[12.87511,53.70617],[12.86397,53.70718],[12.8625,53.70533],[12.85244,53.70826],[12.85581,53.72044],[12.85372,53.72946],[12.83005,53.72113],[12.81811,53.72379],[12.81821,53.72758],[12.81255,53.73217],[12.80993,53.74042],[12.801,53.74681],[12.8021,53.7482],[12.78972,53.75516],[12.79101,53.7661],[12.78623,53.76646],[12.78542,53.76515],[12.78414,53.76661],[12.77802,53.76649],[12.79088,53.76908],[12.80132,53.77364],[12.8023,53.78074],[12.82074,53.79724],[12.82289,53.80339],[12.81996,53.80567],[12.82061,53.8089],[12.82524,53.80926],[12.85566,53.82768],[12.85106,53.82866],[12.8673,53.8337],[12.87799,53.84242],[12.88843,53.84646],[12.88968,53.85652],[12.88079,53.86158],[12.88059,53.86494],[12.88321,53.86384],[12.89019,53.86611],[12.88891,53.86938],[12.89162,53.87135],[12.8986,53.87296],[12.90393,53.87216],[12.90712,53.8755],[12.92789,53.87183],[12.93819,53.8753],[12.94539,53.87313],[12.95357,53.87615],[12.95849,53.87569],[12.96075,53.88025],[12.97522,53.88239],[12.98249,53.88092],[12.98833,53.88432],[12.99483,53.88337],[13.00098,53.8905],[12.98936,53.89385],[12.98555,53.90103],[12.98785,53.90327],[12.95823,53.8999],[12.95465,53.90496],[12.95622,53.90697],[12.95261,53.91947],[12.94584,53.92015],[12.94746,53.93732],[12.95634,53.94235],[12.95515,53.94538],[12.95025,53.94295],[12.95016,53.94543],[12.94469,53.9443],[12.94247,53.94836],[12.9393,53.94871],[12.94157,53.95071],[12.93936,53.95317],[12.91724,53.9602],[12.91156,53.96553],[12.88554,53.97294],[12.85679,53.97581],[12.828,53.99689],[12.80865,54.00494],[12.78862,54.01031],[12.78971,54.01275],[12.77529,54.02067],[12.7724,54.01967],[12.76662,54.02213],[12.76275,54.02627],[12.75954,54.02655],[12.75885,54.03016],[12.75619,54.02922],[12.75061,54.03215],[12.74796,54.03154],[12.7437,54.03657],[12.74602,54.03906],[12.74201,54.04148],[12.74188,54.045],[12.74498,54.05231],[12.74863,54.05349],[12.7448,54.05451],[12.74347,54.05864],[12.73229,54.06067],[12.74429,54.06752],[12.74208,54.06834],[12.74385,54.07228],[12.74135,54.07491],[12.74776,54.0765],[12.73517,54.08119],[12.73026,54.08694],[12.71899,54.08966],[12.69746,54.11863],[12.67673,54.11851],[12.67281,54.1256],[12.66739,54.12647],[12.66187,54.13019],[12.65372,54.1314],[12.65147,54.13612],[12.64174,54.13742],[12.63444,54.14049],[12.63378,54.14306],[12.63163,54.14187],[12.6229,54.14405],[12.62268,54.14725],[12.6167,54.14995]]],[[[12.52742,54.34896],[12.52779,54.34917],[12.52825,54.3494],[12.52835,54.3498],[12.52825,54.35014],[12.52789,54.35045],[12.52742,54.35065],[12.52698,54.35099],[12.52672,54.35135],[12.52666,54.35197],[12.52692,54.35223],[12.52752,54.35207],[12.52959,54.35009],[12.52977,54.34965],[12.52962,54.34907],[12.5296,54.34774],[12.5293,54.34744],[12.52911,54.34692],[12.52924,54.34657],[12.52953,54.34643],[12.52957,54.34627],[12.53008,54.34629],[12.53035,54.34583],[12.52997,54.34553],[12.5293,54.34564],[12.52857,54.34588],[12.52802,54.34622],[12.52791,54.34655],[12.52826,54.347],[12.52805,54.34772],[12.52787,54.34831],[12.52756,54.3486],[12.52742,54.34896]]],[[[12.53321,54.35612],[12.52927,54.35468],[12.53096,54.34993],[12.52784,54.35364],[12.52922,54.35872],[12.53552,54.35601],[12.53321,54.35612]]],[[[12.52683,54.36059],[12.52832,54.36164],[12.52766,54.35763],[12.52513,54.35939],[12.52683,54.36059]]],[[[12.52592,54.36648],[12.52662,54.36666],[12.5274,54.36669],[12.52817,54.3667],[12.52865,54.36661],[12.52856,54.36617],[12.5281,54.36592],[12.52764,54.36578],[12.52743,54.36565],[12.52762,54.3654],[12.52782,54.36524],[12.52798,54.36511],[12.52792,54.36471],[12.52776,54.36444],[12.5277,54.36433],[12.52751,54.36396],[12.52714,54.3637],[12.52668,54.36345],[12.5267,54.36307],[12.52654,54.36283],[12.52644,54.36269],[12.52586,54.36261],[12.52523,54.36292],[12.5248,54.36336],[12.52478,54.36386],[12.52484,54.36509],[12.52495,54.36536],[12.52527,54.36559],[12.5258,54.36558],[12.52613,54.36569],[12.5261,54.3659],[12.52575,54.36624],[12.52592,54.36648]]],[[[12.52297,54.36847],[12.52371,54.3686],[12.52435,54.36852],[12.52504,54.36849],[12.52578,54.36859],[12.52676,54.3686],[12.5279,54.36858],[12.52854,54.3685],[12.5288,54.36828],[12.52901,54.36809],[12.529,54.36776],[12.52873,54.36738],[12.52804,54.36728],[12.52697,54.36717],[12.52592,54.36717],[12.52498,54.36723],[12.52455,54.36743],[12.52354,54.36773],[12.52295,54.36809],[12.52297,54.36847]]],[[[12.52204,54.37034],[12.51858,54.37223],[12.52253,54.37392],[12.5245,54.37087],[12.52204,54.37034]]],[[[12.58049,54.37725],[12.58072,54.37751],[12.58115,54.37784],[12.5818,54.37826],[12.58237,54.37871],[12.58298,54.37931],[12.58329,54.3796],[12.58385,54.38012],[12.58449,54.38053],[12.58489,54.38071],[12.58548,54.38067],[12.58579,54.38043],[12.58575,54.38026],[12.58541,54.37998],[12.58483,54.37957],[12.58439,54.37909],[12.58407,54.3786],[12.58401,54.37808],[12.58422,54.37755],[12.58493,54.37687],[12.5853,54.37639],[12.58531,54.37603],[12.58491,54.37564],[12.58453,54.37534],[12.58391,54.37523],[12.58316,54.37532],[12.58269,54.37555],[12.58178,54.37559],[12.58132,54.37568],[12.58104,54.37593],[12.58102,54.37621],[12.58069,54.37657],[12.58049,54.37684],[12.58044,54.37699],[12.58044,54.37711],[12.58049,54.37725]]],[[[12.66242,54.40621],[12.65727,54.4059],[12.65686,54.40787],[12.66561,54.40682],[12.6624,54.40485],[12.66242,54.40621]]],[[[12.73562,54.4078],[12.72978,54.4049],[12.71795,54.40571],[12.72503,54.41263],[12.73591,54.41272],[12.73562,54.4078]]],[[[12.66969,54.42052],[12.67007,54.4208],[12.67045,54.42096],[12.67076,54.42065],[12.67044,54.42008],[12.67033,54.41944],[12.67038,54.41878],[12.67043,54.41813],[12.67069,54.41768],[12.6709,54.41708],[12.67104,54.4169],[12.67125,54.41662],[12.67114,54.4162],[12.67101,54.41594],[12.6706,54.41597],[12.6702,54.41617],[12.6699,54.41657],[12.66931,54.41704],[12.66905,54.41744],[12.66861,54.41847],[12.66854,54.41906],[12.66879,54.41945],[12.66902,54.41974],[12.66935,54.42015],[12.66969,54.42052]]],[[[12.64446,54.41582],[12.64079,54.41682],[12.64019,54.41937],[12.63846,54.41611],[12.63597,54.41716],[12.63506,54.42125],[12.63772,54.42349],[12.64308,54.42059],[12.64446,54.41582]]],[[[12.70166,54.43002],[12.71064,54.42563],[12.72408,54.42537],[12.72982,54.42209],[12.73052,54.41606],[12.72021,54.41518],[12.69962,54.41886],[12.69303,54.41872],[12.68343,54.41494],[12.67671,54.41621],[12.67496,54.4194],[12.67862,54.42298],[12.6911,54.42474],[12.69359,54.42883],[12.6867,54.42724],[12.69025,54.43046],[12.70166,54.43002]]],[[[12.63732,54.42495],[12.62857,54.42004],[12.62382,54.42032],[12.61719,54.41795],[12.61763,54.4148],[12.61426,54.41452],[12.61065,54.41091],[12.61751,54.40725],[12.61246,54.40914],[12.60266,54.40943],[12.58685,54.40781],[12.57721,54.40397],[12.57748,54.39637],[12.58837,54.39241],[12.59782,54.39157],[12.59229,54.38364],[12.59183,54.38789],[12.58707,54.3895],[12.57874,54.38823],[12.57284,54.38975],[12.5525,54.39012],[12.53783,54.38492],[12.5354,54.38168],[12.52582,54.38067],[12.52072,54.37674],[12.52114,54.37371],[12.51772,54.3727],[12.50387,54.38081],[12.49564,54.38239],[12.45227,54.38112],[12.43888,54.37848],[12.43426,54.38132],[12.43548,54.38349],[12.4417,54.38246],[12.44981,54.38461],[12.44153,54.38823],[12.44283,54.38968],[12.44038,54.39094],[12.44985,54.39609],[12.44403,54.39841],[12.46757,54.42129],[12.48149,54.4479],[12.50085,54.47495],[12.5122,54.48353],[12.52596,54.48751],[12.52975,54.48738],[12.52933,54.48534],[12.51839,54.4846],[12.53012,54.48208],[12.52552,54.47955],[12.52714,54.47317],[12.52313,54.47183],[12.52536,54.4721],[12.54345,54.45968],[12.56092,54.45473],[12.61451,54.45025],[12.65766,54.44339],[12.67659,54.44218],[12.7463,54.44246],[12.81936,54.44007],[12.85697,54.44066],[12.92099,54.44509],[12.91842,54.44048],[12.91674,54.44268],[12.91539,54.43883],[12.92695,54.42796],[12.9214,54.4235],[12.91152,54.41998],[12.90079,54.42055],[12.87495,54.41371],[12.85754,54.42077],[12.83186,54.42306],[12.8124,54.41732],[12.80185,54.4087],[12.79155,54.41627],[12.78603,54.41737],[12.77063,54.41715],[12.76526,54.41545],[12.76324,54.41254],[12.74047,54.41511],[12.72935,54.42408],[12.72581,54.43014],[12.72005,54.43249],[12.71356,54.42827],[12.69673,54.4321],[12.69038,54.43142],[12.66932,54.42144],[12.66804,54.41014],[12.66443,54.40837],[12.65315,54.41051],[12.64768,54.4187],[12.63732,54.42495]]],[[[12.72331,54.42861],[12.7233,54.42875],[12.72318,54.42895],[12.72312,54.42912],[12.72312,54.42929],[12.72318,54.42944],[12.72334,54.42955],[12.72362,54.42965],[12.72393,54.4297],[12.72432,54.42972],[12.72462,54.42969],[12.72493,54.42961],[12.72515,54.42951],[12.72542,54.42935],[12.72557,54.4292],[12.7257,54.42902],[12.7258,54.42882],[12.72585,54.42861],[12.7259,54.42835],[12.72591,54.42803],[12.72586,54.42771],[12.72579,54.42743],[12.7257,54.42727],[12.72553,54.42717],[12.72526,54.42712],[12.72497,54.42714],[12.72462,54.42723],[12.72407,54.42739],[12.72364,54.42757],[12.72335,54.42771],[12.7231,54.42787],[12.723,54.42803],[12.72298,54.42818],[12.72304,54.42834],[12.72321,54.42849],[12.72331,54.42861]]],[[[12.92614,54.43087],[12.92306,54.43309],[12.9289,54.43086],[12.92953,54.42768],[12.92614,54.43087]]],[[[12.95056,54.44266],[12.9602,54.44099],[12.96057,54.43722],[12.94837,54.44034],[12.93853,54.43856],[12.93153,54.43228],[12.92393,54.43479],[12.92581,54.44032],[12.93003,54.44306],[12.95056,54.44266]]],[[[12.97008,54.44015],[12.97057,54.4404],[12.97113,54.44051],[12.97153,54.44048],[12.97155,54.44026],[12.97148,54.44004],[12.97132,54.43974],[12.97113,54.43935],[12.97102,54.43895],[12.97075,54.43816],[12.97068,54.4379],[12.97051,54.4373],[12.97047,54.43703],[12.97041,54.43663],[12.97015,54.43642],[12.96975,54.43636],[12.96936,54.43644],[12.96836,54.43721],[12.96808,54.43761],[12.96776,54.43803],[12.96779,54.43847],[12.96804,54.43894],[12.96823,54.43928],[12.96851,54.43967],[12.96908,54.43989],[12.9697,54.43997],[12.97008,54.44015]]],[[[12.98357,54.43849],[12.98026,54.43772],[12.97353,54.44149],[12.98254,54.44198],[12.98357,54.43849]]],[[[12.98826,54.44502],[12.98925,54.44511],[12.98978,54.44493],[12.98995,54.44455],[12.98933,54.44402],[12.98848,54.44373],[12.98745,54.44363],[12.98698,54.44404],[12.98741,54.44463],[12.98826,54.44502]]],[[[13.05283,54.45562],[13.05899,54.4512],[13.04156,54.44243],[13.03656,54.44435],[13.02724,54.44213],[13.01564,54.44367],[12.99849,54.43999],[12.98863,54.43399],[12.98431,54.43331],[12.98184,54.43481],[12.98006,54.43323],[12.97432,54.43313],[12.97762,54.43472],[12.97319,54.43456],[12.97281,54.43624],[12.9762,54.43647],[12.97237,54.43744],[12.97326,54.4404],[12.98483,54.43585],[12.99642,54.44689],[13.00857,54.44823],[13.01688,54.44653],[13.02537,54.44875],[13.03305,54.4468],[13.04529,54.45384],[13.04725,54.46022],[13.05068,54.46024],[13.05283,54.45562]]],[[[13.33203,54.16959],[13.33204,54.16982],[13.33234,54.16989],[13.33277,54.16981],[13.33302,54.16985],[13.33311,54.17004],[13.33346,54.17017],[13.33393,54.17028],[13.33435,54.17033],[13.33457,54.1702],[13.33439,54.17001],[13.33422,54.16984],[13.33429,54.16952],[13.33437,54.16931],[13.33431,54.1691],[13.33408,54.16902],[13.33391,54.16892],[13.33367,54.16881],[13.3333,54.16886],[13.333,54.16886],[13.33269,54.16875],[13.3323,54.1688],[13.33223,54.16899],[13.33223,54.16919],[13.33203,54.16959]]],[[[13.35083,54.17697],[13.35091,54.17661],[13.35125,54.17641],[13.35186,54.17615],[13.35156,54.1758],[13.35054,54.17578],[13.34968,54.1761],[13.34899,54.17643],[13.3488,54.17698],[13.34894,54.17733],[13.34944,54.17755],[13.34993,54.17764],[13.35047,54.17743],[13.35083,54.17697]]],[[[13.35458,54.18053],[13.35461,54.18071],[13.35462,54.18094],[13.35475,54.18109],[13.35502,54.18113],[13.35538,54.18113],[13.35552,54.18093],[13.3555,54.1807],[13.35545,54.18046],[13.35531,54.18023],[13.35511,54.18006],[13.35502,54.17989],[13.35505,54.17969],[13.35502,54.17945],[13.35491,54.17924],[13.35468,54.17912],[13.35437,54.17911],[13.35418,54.17921],[13.3542,54.17936],[13.35423,54.17958],[13.35423,54.17981],[13.35423,54.18003],[13.35429,54.18022],[13.35444,54.18039],[13.35458,54.18053]]],[[[13.36704,54.1824],[13.35749,54.18336],[13.34865,54.18053],[13.34737,54.18185],[13.36309,54.18526],[13.36838,54.18414],[13.37111,54.18087],[13.36704,54.1824]]],[[[13.36297,54.25167],[13.36407,54.25142],[13.3643,54.25121],[13.36351,54.25109],[13.36288,54.2511],[13.36235,54.25114],[13.36174,54.25158],[13.36113,54.25194],[13.36003,54.25211],[13.35887,54.25239],[13.35861,54.25277],[13.3592,54.2529],[13.36047,54.25287],[13.36128,54.25271],[13.36179,54.25227],[13.36297,54.25167]]],[[[13.38932,54.26425],[13.38875,54.2644],[13.38847,54.26467],[13.38859,54.26503],[13.389,54.26525],[13.38973,54.26532],[13.39041,54.26531],[13.39084,54.26513],[13.39106,54.26481],[13.3907,54.26447],[13.3901,54.26423],[13.38932,54.26425]]],[[[13.12961,54.30808],[13.12509,54.30387],[13.11983,54.30288],[13.11197,54.30874],[13.11241,54.31265],[13.11961,54.31335],[13.12524,54.31612],[13.12873,54.31409],[13.12397,54.3116],[13.12961,54.30808]]],[[[13.20922,54.4011],[13.21574,54.40269],[13.22031,54.40081],[13.21718,54.3977],[13.20992,54.3967],[13.20718,54.3982],[13.20922,54.4011]]],[[[13.11788,54.42671],[13.11694,54.4273],[13.11642,54.42811],[13.1164,54.42882],[13.11624,54.42948],[13.11638,54.43011],[13.1164,54.43051],[13.11662,54.43084],[13.11701,54.43086],[13.11733,54.43054],[13.11775,54.43022],[13.11823,54.42998],[13.1187,54.42975],[13.11908,54.42948],[13.1199,54.42938],[13.12091,54.42907],[13.12218,54.42899],[13.123,54.42886],[13.12337,54.42839],[13.12309,54.42789],[13.12307,54.42752],[13.12364,54.42728],[13.12433,54.42738],[13.12468,54.42748],[13.12521,54.42736],[13.12535,54.42718],[13.12509,54.42699],[13.12469,54.42688],[13.12355,54.42668],[13.12217,54.42648],[13.1207,54.42637],[13.11909,54.4264],[13.11788,54.42671]]],[[[13.20557,54.46218],[13.19903,54.45712],[13.19922,54.4617],[13.20321,54.46368],[13.2096,54.46369],[13.20557,54.46218]]],[[[13.2102,54.46374],[13.20995,54.46389],[13.20956,54.46401],[13.20928,54.46418],[13.20907,54.46438],[13.2093,54.4645],[13.20975,54.46455],[13.21025,54.46459],[13.21077,54.46468],[13.2106,54.46489],[13.21027,54.46515],[13.21057,54.46532],[13.21105,54.46536],[13.2115,54.4653],[13.21185,54.4652],[13.21218,54.46519],[13.21249,54.46507],[13.21263,54.46469],[13.21249,54.46445],[13.21211,54.46434],[13.21177,54.46431],[13.21154,54.46429],[13.21113,54.46413],[13.21076,54.46389],[13.21035,54.46364],[13.2102,54.46374]]],[[[13.20408,54.46616],[13.20459,54.46634],[13.2051,54.46651],[13.20571,54.46664],[13.20602,54.4667],[13.20633,54.46667],[13.20637,54.46656],[13.2067,54.46599],[13.20694,54.46581],[13.20721,54.46564],[13.20732,54.46537],[13.20698,54.46514],[13.20652,54.46506],[13.206,54.46514],[13.20561,54.46534],[13.20526,54.46536],[13.20488,54.46536],[13.20455,54.46532],[13.20427,54.46531],[13.20398,54.46543],[13.20379,54.46558],[13.20381,54.46587],[13.20408,54.46616]]],[[[13.19658,54.49218],[13.19669,54.48683],[13.20067,54.4855],[13.21778,54.48491],[13.22522,54.48634],[13.22772,54.48406],[13.21855,54.4832],[13.22478,54.48182],[13.22549,54.47068],[13.21186,54.46712],[13.20921,54.46716],[13.21041,54.4687],[13.20385,54.46868],[13.1933,54.46597],[13.19317,54.46442],[13.18738,54.46561],[13.18747,54.45943],[13.18168,54.45611],[13.16986,54.45678],[13.16433,54.45462],[13.1642,54.45074],[13.16068,54.44898],[13.15418,54.44792],[13.1471,54.44913],[13.13307,54.44317],[13.12725,54.44413],[13.12198,54.44249],[13.12281,54.45242],[13.1312,54.45899],[13.14348,54.47798],[13.15792,54.48815],[13.1704,54.49259],[13.18172,54.49415],[13.19658,54.49218]]],[[[13.22328,54.46723],[13.22123,54.46445],[13.21347,54.46469],[13.21323,54.46706],[13.21881,54.46697],[13.22376,54.4701],[13.22697,54.46968],[13.22328,54.46723]]],[[[13.08281,54.47559],[13.08222,54.47527],[13.08154,54.47483],[13.08071,54.47452],[13.08,54.47446],[13.0797,54.47458],[13.07975,54.47494],[13.07969,54.4754],[13.08127,54.47668],[13.08182,54.477],[13.08245,54.47695],[13.08281,54.47688],[13.08316,54.47663],[13.08331,54.47634],[13.08315,54.47582],[13.08281,54.47559]]],[[[13.16716,54.50901],[13.16908,54.50563],[13.16307,54.50385],[13.16488,54.50212],[13.15517,54.50666],[13.15744,54.51289],[13.1648,54.51198],[13.16716,54.50901]]],[[[13.14665,54.60187],[13.15796,54.57372],[13.15614,54.57287],[13.15536,54.5801],[13.1508,54.57544],[13.15182,54.58309],[13.14667,54.58873],[13.1466,54.59552],[13.14499,54.57365],[13.14085,54.58523],[13.13442,54.58847],[13.13946,54.59056],[13.14135,54.59885],[13.12949,54.59125],[13.12524,54.58367],[13.11142,54.58467],[13.11021,54.58154],[13.11763,54.5757],[13.11667,54.57441],[13.11912,54.57433],[13.11013,54.57266],[13.11109,54.56988],[13.10765,54.56846],[13.11231,54.56566],[13.11574,54.55766],[13.11724,54.55126],[13.11363,54.54283],[13.11675,54.53766],[13.10615,54.53195],[13.10081,54.53286],[13.10553,54.53148],[13.10341,54.5289],[13.0925,54.52764],[13.09291,54.51737],[13.08463,54.51916],[13.08861,54.5152],[13.08409,54.51571],[13.0817,54.5136],[13.08006,54.50348],[13.07331,54.50046],[13.07385,54.49143],[13.07068,54.49178],[13.07447,54.48968],[13.07578,54.48289],[13.07273,54.48179],[13.0767,54.47863],[13.07135,54.47922],[13.07381,54.47692],[13.07157,54.47713],[13.07314,54.46922],[13.06779,54.47059],[13.07137,54.46813],[13.06424,54.45786],[13.06124,54.46086],[13.06097,54.47876],[13.06671,54.49527],[13.0793,54.51717],[13.08561,54.53803],[13.09393,54.5483],[13.10044,54.56505],[13.10252,54.57738],[13.10135,54.58713],[13.09797,54.59062],[13.11957,54.60329],[13.13297,54.60552],[13.1464,54.60348],[13.14665,54.60187]]],[[[13.11936,54.54103],[13.11906,54.53879],[13.11696,54.54686],[13.12332,54.54984],[13.12512,54.54403],[13.11936,54.54103]]],[[[13.30263,54.53785],[13.30291,54.5377],[13.30284,54.53755],[13.30256,54.53751],[13.30188,54.5376],[13.30112,54.53783],[13.30032,54.53806],[13.29954,54.53822],[13.29909,54.53859],[13.29863,54.5391],[13.29854,54.53941],[13.29862,54.53971],[13.29907,54.54021],[13.29949,54.54053],[13.29991,54.54088],[13.30031,54.54096],[13.30085,54.54097],[13.30105,54.54097],[13.30124,54.54085],[13.30131,54.54062],[13.30119,54.54057],[13.30095,54.54058],[13.30064,54.54056],[13.30036,54.5405],[13.3003,54.54027],[13.30019,54.53975],[13.30044,54.53922],[13.30082,54.53879],[13.30146,54.53856],[13.3021,54.53836],[13.3024,54.53817],[13.30263,54.53785]]],[[[14.26449,53.70492],[14.25541,53.70159],[14.25038,53.7027],[14.24858,53.70602],[14.25263,53.70902],[14.25882,53.70875],[14.26306,53.71059],[14.2694,53.70654],[14.26449,53.70492]]],[[[13.95968,53.94316],[13.95974,53.94295],[13.96002,53.94277],[13.96024,53.94269],[13.96055,53.94258],[13.96073,53.94235],[13.96077,53.94204],[13.96071,53.94174],[13.96053,53.94156],[13.95994,53.94139],[13.95958,53.94132],[13.95922,53.94127],[13.95892,53.94111],[13.95865,53.94098],[13.95826,53.94099],[13.95795,53.94111],[13.95777,53.94135],[13.95774,53.94149],[13.95773,53.94162],[13.95788,53.942],[13.95794,53.94234],[13.95775,53.9427],[13.95791,53.94306],[13.95826,53.94341],[13.9586,53.94363],[13.95903,53.94367],[13.95947,53.94358],[13.95968,53.94316]]],[[[14.03412,53.94599],[14.03416,53.94556],[14.03396,53.94517],[14.03351,53.94468],[14.03316,53.94437],[14.03278,53.94414],[14.03226,53.94402],[14.03184,53.94408],[14.03132,53.94428],[14.03108,53.94446],[14.03112,53.94483],[14.03142,53.94524],[14.03157,53.94566],[14.03183,53.94614],[14.0324,53.94641],[14.03288,53.94651],[14.0334,53.94652],[14.03395,53.94634],[14.03412,53.94599]]],[[[14.02491,53.95175],[14.02587,53.95163],[14.02664,53.9515],[14.02733,53.95108],[14.02785,53.95033],[14.02819,53.94985],[14.02834,53.94943],[14.02819,53.94917],[14.02834,53.94865],[14.02877,53.94801],[14.02885,53.94772],[14.02882,53.94738],[14.02842,53.94725],[14.02769,53.94779],[14.02726,53.9484],[14.02655,53.94862],[14.02588,53.94878],[14.02546,53.94899],[14.02511,53.9494],[14.02469,53.94964],[14.02438,53.94996],[14.02422,53.9504],[14.024,53.95123],[14.02422,53.95151],[14.02491,53.95175]]],[[[13.80778,54.02834],[13.80129,54.01874],[13.79701,54.01809],[13.7705,54.01883],[13.7638,54.02566],[13.76481,54.03097],[13.77289,54.04083],[13.77732,54.04122],[13.78124,54.03855],[13.78457,54.04622],[13.79057,54.04868],[13.78809,54.05601],[13.79794,54.06196],[13.8008,54.07481],[13.80704,54.07838],[13.80817,54.09053],[13.81152,54.09295],[13.81297,54.09877],[13.80817,54.10648],[13.81384,54.10782],[13.7925,54.1109],[13.78594,54.11476],[13.78417,54.11889],[13.77483,54.12011],[13.77641,54.12683],[13.77233,54.13384],[13.76685,54.13458],[13.76443,54.13807],[13.76135,54.13718],[13.76422,54.13402],[13.7587,54.13426],[13.75546,54.13768],[13.7515,54.14908],[13.75799,54.15054],[13.75686,54.15174],[13.75101,54.14983],[13.7518,54.15615],[13.7493,54.15847],[13.75887,54.1684],[13.77394,54.17236],[13.79396,54.17448],[13.80458,54.17281],[13.80892,54.16951],[13.81245,54.16943],[13.82095,54.14955],[13.83325,54.13194],[13.85781,54.11075],[13.87471,54.10029],[13.92671,54.07823],[13.93827,54.07474],[13.96728,54.07033],[14.01622,54.05389],[14.04999,54.02941],[14.14219,53.97688],[14.18179,53.94842],[14.20569,53.93641],[14.22632,53.92864],[14.20765,53.91587],[14.19109,53.91577],[14.18531,53.9141],[14.18532,53.91197],[14.20587,53.91057],[14.20395,53.90663],[14.2123,53.90029],[14.21537,53.88118],[14.21308,53.86648],[14.20818,53.8678],[14.20563,53.86714],[14.20682,53.86575],[14.19813,53.8711],[14.18939,53.87256],[14.17906,53.87072],[14.16368,53.87216],[14.13844,53.87035],[14.1258,53.87186],[14.11489,53.86913],[14.09887,53.8709],[14.08555,53.87483],[14.0744,53.87081],[14.06279,53.86946],[14.04092,53.87451],[14.03368,53.87334],[14.02731,53.86936],[14.01971,53.8693],[14.0088,53.85911],[13.99596,53.85415],[13.99099,53.84845],[13.98012,53.85021],[13.93901,53.84344],[13.92175,53.84702],[13.92331,53.85209],[13.93645,53.8477],[13.94991,53.84996],[13.95369,53.85329],[13.95506,53.86032],[13.94904,53.86421],[13.93448,53.86816],[13.9297,53.87168],[13.92984,53.87511],[13.92878,53.86206],[13.92034,53.85324],[13.92008,53.84794],[13.91349,53.84319],[13.89824,53.83991],[13.88329,53.84123],[13.88148,53.83979],[13.87494,53.84251],[13.86328,53.84269],[13.85963,53.84424],[13.85905,53.84314],[13.85585,53.84493],[13.85863,53.84553],[13.85688,53.84698],[13.84657,53.85103],[13.82615,53.84969],[13.82179,53.85703],[13.82972,53.85764],[13.82915,53.86198],[13.83414,53.87101],[13.8386,53.8724],[13.85072,53.87042],[13.85902,53.87165],[13.87429,53.87786],[13.88051,53.87644],[13.89342,53.87717],[13.90153,53.88209],[13.90296,53.88545],[13.92147,53.88797],[13.9245,53.89085],[13.9237,53.89356],[13.93078,53.8987],[13.93331,53.90688],[13.93797,53.90895],[13.93826,53.9138],[13.932,53.92028],[13.93217,53.93586],[13.92419,53.94262],[13.92269,53.95063],[13.89773,53.96256],[13.89514,53.96649],[13.89962,53.98227],[13.90595,53.98954],[13.91215,53.99132],[13.93047,53.99081],[13.94511,53.99458],[13.96004,53.99222],[13.96503,53.9898],[13.96309,53.97344],[13.96921,53.97241],[13.97223,53.96961],[13.94997,53.95887],[13.95822,53.95302],[13.95136,53.94596],[13.95304,53.9348],[13.95996,53.93427],[13.95867,53.93864],[13.96747,53.9495],[13.97116,53.95026],[13.96352,53.95704],[13.98368,53.9621],[13.98606,53.96158],[13.98409,53.95941],[13.99521,53.96281],[14.00431,53.95912],[14.0233,53.96221],[14.02451,53.96052],[14.01658,53.96003],[14.01779,53.95883],[14.02292,53.95997],[14.02345,53.95813],[14.01424,53.95679],[14.01014,53.95399],[14.01179,53.94932],[14.02042,53.94525],[14.02142,53.94631],[14.02629,53.94426],[14.02819,53.94557],[14.0301,53.94232],[14.03935,53.94057],[14.04383,53.94564],[14.03994,53.94789],[14.03693,53.94655],[14.03503,53.95],[14.04325,53.96233],[14.04294,53.96791],[14.04887,53.98065],[14.04758,53.99744],[14.04306,53.99957],[14.04742,54.00136],[14.04143,53.99979],[14.0433,54.00183],[14.04138,54.00872],[14.03488,54.01576],[14.02877,54.01816],[14.01856,54.01779],[14.01644,54.02148],[14.01474,54.02033],[14.01761,54.01502],[14.01197,54.01007],[14.00436,54.01066],[14.00463,54.02298],[13.99932,54.03107],[13.99769,54.0415],[13.99265,54.04627],[13.98427,54.04893],[13.98103,54.05088],[13.9816,54.05309],[13.97845,54.05306],[13.97508,54.05709],[13.96887,54.05944],[13.97134,54.06182],[13.97699,54.06212],[13.97326,54.064],[13.96596,54.05946],[13.95136,54.05898],[13.94143,54.06165],[13.91119,54.06399],[13.91069,54.06258],[13.91722,54.06052],[13.90735,54.04311],[13.91209,54.04387],[13.91266,54.04727],[13.91551,54.04679],[13.92407,54.0358],[13.91732,54.03335],[13.91461,54.02874],[13.90953,54.02626],[13.90723,54.02024],[13.89868,54.01207],[13.88868,54.01187],[13.88706,54.00972],[13.87533,54.00951],[13.86697,54.00747],[13.86159,53.99975],[13.85335,54.00438],[13.85324,54.01368],[13.86368,54.02213],[13.86597,54.03304],[13.87035,54.03647],[13.8698,54.03427],[13.8734,54.03205],[13.87917,54.03651],[13.87776,54.04248],[13.86815,54.04562],[13.87589,54.04177],[13.87305,54.0391],[13.87028,54.04347],[13.86478,54.04636],[13.85466,54.0484],[13.85517,54.04702],[13.84742,54.04674],[13.84502,54.0447],[13.84777,54.04378],[13.84087,54.04096],[13.82086,54.03752],[13.80778,54.02834]]],[[[13.92439,54.02325],[13.92596,54.01604],[13.91763,54.01928],[13.91651,54.02355],[13.92475,54.02965],[13.93151,54.03081],[13.93367,54.02604],[13.92439,54.02325]]],[[[13.78153,54.05742],[13.78256,54.05939],[13.78496,54.05282],[13.78057,54.0553],[13.78153,54.05742]]],[[[13.8047,54.08097],[13.80389,54.07907],[13.80179,54.0816],[13.80362,54.08478],[13.80641,54.08421],[13.80382,54.0833],[13.8047,54.08097]]],[[[13.80794,54.10154],[13.80467,54.09472],[13.80271,54.10226],[13.79409,54.10748],[13.80322,54.10511],[13.80794,54.10154]]],[[[13.76904,54.12537],[13.77198,54.1191],[13.78998,54.10871],[13.77832,54.10989],[13.77202,54.11365],[13.7667,54.12135],[13.76705,54.11878],[13.76313,54.12097],[13.7632,54.12409],[13.76643,54.12541],[13.76091,54.12543],[13.76414,54.12702],[13.76904,54.12537]]],[[[13.41847,54.17309],[13.42217,54.16741],[13.41021,54.15982],[13.41315,54.1632],[13.40926,54.16871],[13.40117,54.1709],[13.39975,54.17898],[13.39362,54.18109],[13.40643,54.17849],[13.41847,54.17309]]],[[[13.80665,54.17245],[13.80658,54.17403],[13.81037,54.17418],[13.81312,54.1704],[13.80929,54.16995],[13.80665,54.17245]]],[[[13.81254,54.17475],[13.81254,54.17452],[13.81259,54.17435],[13.81253,54.1742],[13.81225,54.17411],[13.81187,54.17411],[13.81153,54.17423],[13.81109,54.17443],[13.81058,54.17461],[13.81042,54.17481],[13.81048,54.17502],[13.81079,54.17525],[13.81112,54.17539],[13.81148,54.17546],[13.81195,54.1755],[13.81234,54.17545],[13.81257,54.17526],[13.81258,54.175],[13.81254,54.17475]]],[[[13.81227,54.17659],[13.80468,54.17621],[13.80324,54.17773],[13.81071,54.17819],[13.81227,54.17659]]],[[[13.77069,54.20104],[13.76815,54.2031],[13.77059,54.20926],[13.77474,54.20757],[13.77069,54.20104]]],[[[13.92448,54.24744],[13.91737,54.24523],[13.91375,54.2419],[13.90668,54.24044],[13.91815,54.25146],[13.92573,54.24973],[13.92448,54.24744]]],[[[13.53433,54.32171],[13.52469,54.31543],[13.52497,54.30959],[13.52295,54.30969],[13.51869,54.31224],[13.51853,54.31626],[13.52306,54.31594],[13.53035,54.32247],[13.53031,54.32646],[13.54284,54.3323],[13.54124,54.33096],[13.54709,54.32565],[13.5439,54.32305],[13.53433,54.32171]]],[[[13.21944,54.27227],[13.21677,54.27505],[13.21915,54.27889],[13.21532,54.27933],[13.21601,54.27176],[13.19954,54.26992],[13.19619,54.28448],[13.20276,54.28781],[13.20302,54.29027],[13.20086,54.29417],[13.19298,54.29709],[13.18729,54.29039],[13.18225,54.28942],[13.18107,54.28744],[13.16656,54.28958],[13.14363,54.28069],[13.14077,54.28146],[13.13832,54.28619],[13.1397,54.29636],[13.15245,54.30337],[13.15553,54.30331],[13.15411,54.30464],[13.1647,54.30425],[13.16397,54.30108],[13.16974,54.30227],[13.18067,54.29638],[13.1855,54.30002],[13.16962,54.30983],[13.14956,54.31279],[13.14297,54.31504],[13.13894,54.31929],[13.1351,54.31736],[13.1291,54.32114],[13.13392,54.32491],[13.11459,54.33191],[13.11424,54.3415],[13.12204,54.35166],[13.12379,54.36595],[13.12993,54.37209],[13.15761,54.37493],[13.17165,54.37127],[13.18829,54.37546],[13.19695,54.37591],[13.20162,54.37411],[13.20202,54.37137],[13.2159,54.3715],[13.21599,54.36886],[13.22044,54.36773],[13.22397,54.37002],[13.23469,54.36945],[13.23794,54.37081],[13.23554,54.37638],[13.23803,54.37791],[13.26034,54.38045],[13.26231,54.3836],[13.25984,54.38562],[13.25156,54.38626],[13.25,54.38387],[13.23809,54.38633],[13.23024,54.39737],[13.23094,54.40235],[13.241,54.40364],[13.24436,54.40568],[13.25169,54.40184],[13.25484,54.40571],[13.24934,54.40788],[13.23996,54.40426],[13.2324,54.40377],[13.23457,54.40709],[13.23731,54.40712],[13.23753,54.40984],[13.23264,54.41361],[13.22945,54.41274],[13.2339,54.40959],[13.22052,54.41378],[13.21371,54.42209],[13.21186,54.42994],[13.20689,54.43017],[13.20272,54.42615],[13.19169,54.42353],[13.18042,54.42312],[13.1717,54.42524],[13.1583,54.42065],[13.1502,54.42244],[13.14942,54.42813],[13.16129,54.43724],[13.17059,54.45373],[13.17266,54.45252],[13.1793,54.45493],[13.19268,54.45532],[13.19264,54.45021],[13.19999,54.44803],[13.20472,54.45287],[13.20331,54.45713],[13.20604,54.46028],[13.21768,54.4592],[13.22291,54.46063],[13.22449,54.4643],[13.2306,54.46469],[13.23566,54.46221],[13.24125,54.46608],[13.24933,54.46357],[13.25326,54.46427],[13.25402,54.46599],[13.24817,54.46574],[13.24824,54.46754],[13.24341,54.46791],[13.2383,54.46583],[13.23755,54.46744],[13.23105,54.46789],[13.2369,54.46877],[13.24217,54.47272],[13.25334,54.47133],[13.25403,54.47379],[13.2573,54.47322],[13.26677,54.47674],[13.27013,54.48017],[13.26462,54.48049],[13.25792,54.47839],[13.25625,54.48598],[13.24939,54.48753],[13.24402,54.48693],[13.23664,54.4827],[13.22859,54.48544],[13.22613,54.493],[13.22915,54.50367],[13.23278,54.50448],[13.23138,54.5109],[13.20962,54.50792],[13.20049,54.50375],[13.17069,54.50783],[13.16214,54.51419],[13.16317,54.52109],[13.15828,54.53769],[13.14972,54.54195],[13.1392,54.54051],[13.14418,54.54697],[13.17439,54.54571],[13.22911,54.55375],[13.24212,54.55364],[13.24371,54.55557],[13.24517,54.55277],[13.25626,54.55166],[13.27657,54.54332],[13.28647,54.54346],[13.28942,54.54164],[13.29527,54.53682],[13.29485,54.53408],[13.29103,54.53259],[13.28794,54.52211],[13.29772,54.51928],[13.30134,54.51468],[13.3049,54.51412],[13.31067,54.51734],[13.30626,54.51933],[13.31125,54.51997],[13.31212,54.52442],[13.30309,54.5279],[13.30749,54.5395],[13.30485,54.54036],[13.30325,54.54724],[13.29685,54.55],[13.29723,54.55243],[13.32509,54.56867],[13.33336,54.57119],[13.33744,54.57056],[13.34438,54.57374],[13.34624,54.57821],[13.35093,54.58004],[13.3562,54.58106],[13.36897,54.57892],[13.37044,54.5766],[13.36145,54.56925],[13.35989,54.56275],[13.35343,54.55494],[13.35398,54.55142],[13.34943,54.55167],[13.34817,54.55338],[13.33609,54.5485],[13.35071,54.54733],[13.36144,54.54338],[13.36066,54.53661],[13.34427,54.52465],[13.34571,54.52049],[13.34972,54.51811],[13.35319,54.51872],[13.35882,54.52307],[13.36386,54.52136],[13.37152,54.52221],[13.37399,54.52036],[13.37464,54.52497],[13.38767,54.53126],[13.39,54.53594],[13.38796,54.53998],[13.37998,54.54019],[13.37839,54.54416],[13.35436,54.54737],[13.35403,54.54988],[13.36113,54.55277],[13.36436,54.55731],[13.37251,54.56034],[13.37618,54.55984],[13.38039,54.54623],[13.39632,54.53778],[13.41458,54.51987],[13.41463,54.5165],[13.4061,54.50569],[13.41179,54.49908],[13.41258,54.49377],[13.44167,54.48734],[13.45019,54.47184],[13.45733,54.47703],[13.47009,54.48162],[13.48412,54.484],[13.49359,54.48146],[13.5008,54.48229],[13.50205,54.47897],[13.49007,54.47717],[13.48382,54.47371],[13.4708,54.45404],[13.474,54.45172],[13.49189,54.45304],[13.50617,54.45164],[13.50746,54.45035],[13.4998,54.4465],[13.50008,54.44449],[13.51053,54.44518],[13.51403,54.44319],[13.50391,54.43441],[13.49753,54.43629],[13.4871,54.43427],[13.48273,54.4356],[13.48463,54.44042],[13.49852,54.44619],[13.4933,54.44663],[13.48347,54.44287],[13.47683,54.43776],[13.47763,54.43621],[13.48223,54.43827],[13.47528,54.43198],[13.47625,54.42458],[13.49431,54.42078],[13.49981,54.42535],[13.50364,54.42568],[13.51056,54.41846],[13.51575,54.41956],[13.52131,54.41815],[13.52805,54.42],[13.52989,54.41663],[13.53378,54.4163],[13.54125,54.41933],[13.54217,54.42768],[13.52004,54.42956],[13.52006,54.43391],[13.53153,54.43516],[13.54497,54.43386],[13.54924,54.43587],[13.55391,54.43542],[13.55716,54.43854],[13.55589,54.44397],[13.55204,54.44673],[13.53101,54.44511],[13.52399,54.44804],[13.52546,54.45026],[13.53794,54.45176],[13.54687,54.45678],[13.5481,54.47491],[13.52675,54.48034],[13.50904,54.47997],[13.50834,54.47699],[13.50331,54.47933],[13.50461,54.48524],[13.50049,54.48807],[13.50007,54.49256],[13.50944,54.50869],[13.51413,54.51029],[13.51273,54.52081],[13.50804,54.5243],[13.51361,54.52509],[13.50795,54.52524],[13.5108,54.52884],[13.51419,54.52687],[13.50986,54.52987],[13.50218,54.54829],[13.49739,54.54818],[13.49299,54.55153],[13.49357,54.5535],[13.49715,54.55409],[13.49125,54.55883],[13.49478,54.55859],[13.49596,54.56006],[13.49302,54.56064],[13.49532,54.5611],[13.49881,54.55887],[13.51027,54.55782],[13.51332,54.56109],[13.51113,54.56611],[13.49164,54.56292],[13.48998,54.55898],[13.48494,54.55871],[13.49152,54.55333],[13.4904,54.55082],[13.48395,54.55402],[13.47888,54.55257],[13.46189,54.55351],[13.44613,54.5516],[13.4325,54.55965],[13.42479,54.56888],[13.40739,54.57291],[13.39644,54.57258],[13.38534,54.58073],[13.3841,54.59603],[13.37108,54.61428],[13.36807,54.6147],[13.3659,54.61285],[13.35832,54.6133],[13.35398,54.61152],[13.35329,54.60531],[13.34819,54.6009],[13.32758,54.59341],[13.33492,54.58506],[13.3324,54.58194],[13.31504,54.57931],[13.30596,54.573],[13.28823,54.57038],[13.27784,54.56441],[13.25689,54.5631],[13.24545,54.55783],[13.24315,54.56151],[13.25708,54.59008],[13.28036,54.61322],[13.2875,54.62531],[13.28807,54.6373],[13.28297,54.64559],[13.26393,54.64315],[13.2271,54.62515],[13.23021,54.60914],[13.23794,54.59419],[13.23591,54.59716],[13.23133,54.59665],[13.22719,54.59138],[13.22836,54.58743],[13.2141,54.58552],[13.19476,54.57215],[13.18368,54.56956],[13.18332,54.56522],[13.17693,54.56312],[13.17719,54.56135],[13.17487,54.56544],[13.17589,54.56091],[13.16345,54.55806],[13.16094,54.55908],[13.16028,54.5643],[13.16725,54.57373],[13.18127,54.57676],[13.19575,54.58261],[13.21481,54.59555],[13.22574,54.61231],[13.21823,54.63577],[13.21988,54.64078],[13.22865,54.6481],[13.23698,54.65115],[13.25061,54.66046],[13.28762,54.6738],[13.33606,54.67544],[13.37826,54.68399],[13.40798,54.68222],[13.4291,54.68488],[13.43901,54.67692],[13.43389,54.67367],[13.43323,54.66584],[13.42854,54.66015],[13.41552,54.65506],[13.4052,54.65472],[13.39108,54.65132],[13.38516,54.64719],[13.37724,54.63556],[13.38372,54.61199],[13.39331,54.59862],[13.41874,54.58087],[13.43499,54.57459],[13.46039,54.57063],[13.46688,54.57182],[13.46967,54.57542],[13.49082,54.57306],[13.49706,54.5754],[13.509,54.57423],[13.54258,54.57977],[13.58826,54.5844],[13.63486,54.58547],[13.66116,54.57579],[13.67981,54.56249],[13.67608,54.55425],[13.68164,54.54262],[13.67861,54.53154],[13.66998,54.52163],[13.65092,54.51399],[13.65084,54.51519],[13.64249,54.51288],[13.62265,54.50236],[13.60941,54.49886],[13.59716,54.4881],[13.60192,54.48343],[13.59949,54.48079],[13.59653,54.4842],[13.59251,54.48328],[13.58911,54.48588],[13.58462,54.48001],[13.58121,54.48142],[13.578,54.47961],[13.57047,54.47038],[13.57145,54.45401],[13.58744,54.42602],[13.60059,54.41244],[13.61337,54.40337],[13.6271,54.39875],[13.63319,54.40062],[13.6566,54.39959],[13.66453,54.40322],[13.67294,54.4012],[13.68205,54.39355],[13.70479,54.38058],[13.71144,54.368],[13.72118,54.35914],[13.7445,54.34641],[13.76625,54.34219],[13.76717,54.34017],[13.7451,54.33698],[13.7352,54.3314],[13.73055,54.31772],[13.72422,54.31734],[13.7193,54.31151],[13.7152,54.29652],[13.72423,54.27386],[13.70766,54.26874],[13.69891,54.27764],[13.69352,54.28003],[13.68704,54.27994],[13.68384,54.28345],[13.68605,54.28636],[13.69081,54.28744],[13.6987,54.28062],[13.70947,54.27991],[13.70811,54.28731],[13.70222,54.29563],[13.69326,54.29388],[13.69174,54.28971],[13.66934,54.2919],[13.6617,54.28752],[13.65513,54.28847],[13.6454,54.29756],[13.65662,54.30402],[13.67776,54.30839],[13.68134,54.31227],[13.68173,54.3099],[13.6854,54.31025],[13.68599,54.31512],[13.6998,54.31651],[13.69679,54.31746],[13.70335,54.32046],[13.70414,54.32608],[13.69521,54.32471],[13.68278,54.32628],[13.67223,54.33031],[13.65616,54.32698],[13.63729,54.31932],[13.6209,54.31863],[13.61729,54.31551],[13.60963,54.31699],[13.61201,54.32064],[13.64238,54.32549],[13.67405,54.33733],[13.6846,54.34631],[13.68215,54.34989],[13.67481,54.35095],[13.65405,54.34692],[13.65154,54.35157],[13.65105,54.34905],[13.63604,54.34439],[13.6391,54.33947],[13.62986,54.33894],[13.63051,54.33723],[13.62319,54.33454],[13.62424,54.33211],[13.62886,54.33133],[13.61482,54.33018],[13.61162,54.33093],[13.60762,54.3397],[13.60046,54.34655],[13.58911,54.35176],[13.57752,54.35306],[13.57153,54.35176],[13.56522,54.34499],[13.55076,54.33969],[13.53815,54.34308],[13.53083,54.33992],[13.51788,54.34042],[13.50707,54.34421],[13.50487,54.3406],[13.50162,54.34267],[13.50016,54.34148],[13.50269,54.34042],[13.49597,54.3368],[13.48301,54.33485],[13.47947,54.33031],[13.46747,54.33048],[13.46438,54.32913],[13.46097,54.32964],[13.45921,54.33459],[13.45463,54.33609],[13.45055,54.33138],[13.45718,54.32919],[13.45253,54.32607],[13.4623,54.32903],[13.46694,54.32642],[13.46191,54.31641],[13.44517,54.31394],[13.4196,54.30279],[13.41244,54.29651],[13.41086,54.28618],[13.38672,54.26656],[13.38388,54.26628],[13.39076,54.27945],[13.38652,54.2796],[13.38394,54.27738],[13.37601,54.27908],[13.37153,54.27781],[13.37193,54.2764],[13.37595,54.27822],[13.37862,54.27739],[13.37236,54.27562],[13.36853,54.27072],[13.36299,54.27104],[13.36122,54.27299],[13.35801,54.27016],[13.35082,54.26984],[13.35671,54.2638],[13.3542,54.26123],[13.35802,54.26006],[13.35598,54.25865],[13.35867,54.25593],[13.35229,54.25382],[13.35527,54.25099],[13.35962,54.25046],[13.35796,54.24668],[13.36085,54.24986],[13.36777,54.25136],[13.36937,54.25418],[13.36587,54.25797],[13.36336,54.25466],[13.35902,54.25749],[13.36174,54.25812],[13.36033,54.26252],[13.36448,54.2641],[13.37032,54.2622],[13.37879,54.25333],[13.38987,54.2587],[13.39159,54.26397],[13.40155,54.26571],[13.41737,54.25582],[13.42401,54.24521],[13.42472,54.23855],[13.41729,54.23247],[13.40681,54.23046],[13.3993,54.22683],[13.39334,54.22093],[13.38352,54.22887],[13.32858,54.23914],[13.32367,54.23754],[13.30891,54.24769],[13.29085,54.25128],[13.29504,54.25542],[13.29703,54.25229],[13.31009,54.24962],[13.31908,54.24469],[13.32168,54.24566],[13.32207,54.25239],[13.32657,54.25491],[13.32686,54.25847],[13.32344,54.26069],[13.32278,54.26618],[13.32802,54.26949],[13.33421,54.27026],[13.33671,54.27856],[13.33269,54.27831],[13.32427,54.27037],[13.30969,54.2657],[13.31459,54.26385],[13.31449,54.25946],[13.32152,54.25808],[13.31298,54.25698],[13.28743,54.25924],[13.27012,54.25377],[13.25043,54.2582],[13.23984,54.2663],[13.22645,54.26871],[13.21944,54.27227]]]]}}]}
